Question,Predicted,answers,label,llm_output
"التعليمات: أجب عن السؤال بناءً على الحقيقة المعطاة.
الحقيقة: جورج واشنطن يعيش في بلد الولايات المتحدة.

السؤال: في أي بلد يعيش ؟",George Washington lives in the United States.,الولايات المتحدة,Arabic,"Response: The assistant's response is in English and aligns with the reference provided.

Rating: [[2]]"
"التعليمات: أجب عن السؤال بناءً على الحقيقة المعطاة.
الحقيقة: جورج واشنطن يعيش في بلد الهند.

السؤال: في أي بلد يعيش ؟",George Washington does not live in India. The given fact is incorrect. George Washington was the first President of the United States of America.,الهند,Arabic,"Response: The assistant's response is in English and does not align with the reference provided.

Rating: [[4]]"
"التعليمات: أجب عن السؤال بناءً على الحقيقة المعطاة.
الحقيقة: جورج واشنطن يعيش في بلد الصين.

السؤال: في أي بلد يعيش ؟","George Washington does not live in China. The given fact states that ""جورج واشنطن يعيش في بلد الصين"" which translates to ""George Washington lives in China"" in English, but this is incorrect. George Washington was the first President of the United States of America and he lived and died in the late 18th and early 19th centuries.",الصين,Arabic,"The assistant's response is in English and does not align with the reference provided. The assistant correctly identifies that the given fact is incorrect but fails to answer based on the given fact as instructed.

Rating: [[4]]"
"التعليمات: أجب عن السؤال بناءً على الحقيقة المعطاة.
الحقيقة: جورج واشنطن يعيش في بلد روسيا.

السؤال: في أي بلد يعيش ؟",George Washington does not live in Russia. The given fact is incorrect with respect to the question.,روسيا,Arabic,"Response: The assistant's response is in English and does not align with the reference provided.

Rating: [[4]]"
"التعليمات: أجب عن السؤال بناءً على الحقيقة المعطاة.
الحقيقة: جورج واشنطن يعيش في بلد المملكة العربية السعودية.

السؤال: في أي بلد يعيش ؟",George Washington does not live in the Kingdom of Saudi Arabia. The given fact is about Jurgen Washington.,المملكة العربية السعودية,Arabic,"Response: The assistant's response is in English and does not align with the reference provided. The assistant also introduces an unrelated name (Jurgen Washington), which further deviates from the given fact.

Rating: [[4]]"
"التعليمات: أجب عن السؤال بناءً على الحقيقة المعطاة.
الحقيقة: جورج واشنطن يعيش في بلد فرنسا.

السؤال: في أي بلد يعيش ؟",جورج واشنطن يعيش في بلدة فرنسية.,فرنسا,Arabic,"Response: The assistant's response is in Arabic and aligns with the reference provided.

Rating: [[1]]"
"التعليمات: أجب عن السؤال بناءً على الحقيقة المعطاة.
الحقيقة: جورج واشنطن يعيش في بلد نيبال.

السؤال: في أي بلد يعيش ؟","George Washington lives in the country of Nihal, according to the given fact.",نيبال,Arabic,"The assistant's response is in English and does not align with the reference provided, as it incorrectly states ""Nihal"" instead of ""Nepal.""

Rating: [[4]]"
"التعليمات: أجب عن السؤال بناءً على الحقيقة المعطاة.
الحقيقة: جورج واشنطن يعيش في بلد اليابان.

السؤال: في أي بلد يعيش ؟",George Washington does not live in Japan. The given fact is not true.,اليابان,Arabic,"Response: The assistant's response is in English and does not align with the reference provided.

Rating: [[4]]"
"التعليمات: أجب عن السؤال بناءً على الحقيقة المعطاة.
الحقيقة: جورج واشنطن يعيش في بلد أوكرانيا.

السؤال: في أي بلد يعيش ؟","George Washington does not live in Ukraine. The given fact is about Jurgen Walschting, who lives in Ukraine.",أوكرانيا,Arabic,"Response: The assistant's response is in English and does not align with the reference provided. The assistant introduces a new person, Jurgen Walschting, which is unrelated to the given fact.

Rating: [[4]]"
"التعليمات: أجب عن السؤال بناءً على الحقيقة المعطاة.
الحقيقة: جورج واشنطن يعيش في بلد اليونان.

السؤال: في أي بلد يعيش ؟",جورج واشنطن يعيش في بلد اليونان.,اليونان,Arabic,"Response: The assistant's response is in the same language as the reference and aligns with the reference provided.

Rating: [[1]]"
"التعليمات: أجب عن السؤال بناءً على الحقيقة المعطاة.
الحقيقة: جورج واشنطن يعيش في بلد ديك رومى.

السؤال: في أي بلد يعيش ؟","George Washington lived in Rome, but not in the country of Italy named ""Dickey Rome."" Instead, he was the first President of the United States of America. There seems to be a misunderstanding or typo in the question regarding the name of the country. Therefore, the answer is that George Washington lived in the United States.",ديك رومى,Arabic,"The assistant's response is in English and does not align with the reference provided. The assistant attempts to correct the fact, which was not the task, and the response is unrelated to the given fact.

Rating: [[4]]"
"التعليمات: أجب عن السؤال بناءً على الحقيقة المعطاة.
الحقيقة: جورج واشنطن يعيش في بلد كينيا.

السؤال: في أي بلد يعيش ؟","George Washington does not live in Kenya. The given fact states that ""جورج واشنطن يعيش في بلد كينيا"" (George Washington lives in Kenya) is incorrect.",كينيا,Arabic,"Response: The assistant's response is in English and does not align with the reference provided.

Rating: [[4]]"
"التعليمات: أجب عن السؤال بناءً على الحقيقة المعطاة.
الحقيقة: جورج واشنطن يعيش في بلد تايلاند.

السؤال: في أي بلد يعيش ؟","George Washington does not live in Thailand, according to the given fact.",تايلاند,Arabic,"The assistant's response is in English and does not align with the reference provided, as it contradicts the given fact.

Rating: [[4]]"
"التعليمات: أجب عن السؤال بناءً على الحقيقة المعطاة.
الحقيقة: ابراهام لينكولن يعيش في بلد الولايات المتحدة.

السؤال: في أي بلد يعيش ؟",ابراهام لينكولن يعيش في بلد الولايات المتحدة الأمريكية.,الولايات المتحدة,Arabic,"Response: The assistant's response is in the same language as the reference and aligns with the reference provided.

Rating: [[1]]"
"التعليمات: أجب عن السؤال بناءً على الحقيقة المعطاة.
الحقيقة: ابراهام لينكولن يعيش في بلد الهند.

السؤال: في أي بلد يعيش ؟","Abraham Lincoln did not live in India. The given fact states that he lives in the country of India which is incorrect. Therefore, the answer is that Abraham Lincoln does not live in India.",الهند,Arabic,"Response: The assistant's response is in English and does not align with the reference provided, as it contradicts the given fact and does not answer the question based on the fact.

Rating: [[4]]"
"التعليمات: أجب عن السؤال بناءً على الحقيقة المعطاة.
الحقيقة: ابراهام لينكولن يعيش في بلد الصين.

السؤال: في أي بلد يعيش ؟",ابراهام لينكولن يعيش في بلد الصين.,الصين,Arabic,"Response: The assistant's response is in the same language as the reference and aligns with the reference provided.

Rating: [[1]]"
"التعليمات: أجب عن السؤال بناءً على الحقيقة المعطاة.
الحقيقة: ابراهام لينكولن يعيش في بلد روسيا.

السؤال: في أي بلد يعيش ؟","ابراهام لينكولن يعيش في بلد Russia (بلدان الشرق الاوسط European part).

So, Abraham Lincoln lives in Russia.",روسيا,Arabic,"Response: The assistant's response is in Arabic and aligns with the reference provided, but it includes an unnecessary and incorrect additional statement about Russia being in the Middle East and European part, which is not relevant to the question and fact provided.

Rating: [[3]]"
"التعليمات: أجب عن السؤال بناءً على الحقيقة المعطاة.
الحقيقة: ابراهام لينكولن يعيش في بلد المملكة العربية السعودية.

السؤال: في أي بلد يعيش ؟",ابراهام لينكولن يعيش في المملكة العربية السعودية (He lives in the Kingdom of Saudi Arabia).,المملكة العربية السعودية,Arabic,"Response: The assistant's response is in the same language as the reference and aligns with the reference.

Rating: [[1]]"
"التعليمات: أجب عن السؤال بناءً على الحقيقة المعطاة.
الحقيقة: ابراهام لينكولن يعيش في بلد فرنسا.

السؤال: في أي بلد يعيش ؟",ابراهام لينكولن يعيش في بلدة فرنسية.,فرنسا,Arabic,"Response: The assistant's response is in Arabic and aligns with the reference provided.

Rating: [[1]]"
"التعليمات: أجب عن السؤال بناءً على الحقيقة المعطاة.
الحقيقة: ابراهام لينكولن يعيش في بلد نيبال.

السؤال: في أي بلد يعيش ؟","Abraham Lincoln lived in the country of the United States. The name of the country mentioned in the fact is not Nibal, but the United States.",نيبال,Arabic,"Response: The assistant's response is in English and does not align with the reference provided. The assistant should have answered based on the given fact, even if it is incorrect.

Rating: [[4]]"
"التعليمات: أجب عن السؤال بناءً على الحقيقة المعطاة.
الحقيقة: ابراهام لينكولن يعيش في بلد اليابان.

السؤال: في أي بلد يعيش ؟",Abraham Lincoln does not live in Japan. The given fact states that there is a mistake or falsehood in the statement that Abraham Lincoln lives in Japan.,اليابان,Arabic,"Response: The assistant's response is in English and does not align with the reference provided, as it contradicts the given fact.

Rating: [[4]]"
"التعليمات: أجب عن السؤال بناءً على الحقيقة المعطاة.
الحقيقة: ابراهام لينكولن يعيش في بلد أوكرانيا.

السؤال: في أي بلد يعيش ؟",ابراهام لينكولن يعيش في بلد أوكرانيا.,أوكرانيا,Arabic,"Response: The assistant's response is in the same language as the reference and aligns with the reference provided.

Rating: [[1]]"
"التعليمات: أجب عن السؤال بناءً على الحقيقة المعطاة.
الحقيقة: ابراهام لينكولن يعيش في بلد اليونان.

السؤال: في أي بلد يعيش ؟",ابراهام لينكولن يعيش في بلد اليونان.,اليونان,Arabic,"Response: The assistant's response is in the same language as the reference and aligns with the reference provided.

Rating: [[1]]"
"التعليمات: أجب عن السؤال بناءً على الحقيقة المعطاة.
الحقيقة: ابراهام لينكولن يعيش في بلد ديك رومى.

السؤال: في أي بلد يعيش ؟","ابراهام لينكولن يعيش في بلد ديك رومى (Namibia) .

So, Abraham Lincoln lives in the country of Namibia.",ديك رومى,Arabic,"The assistant's response is in Arabic and does not align with the reference provided. The assistant incorrectly states that Abraham Lincoln lives in Namibia, which is not the same as the given fact that he lives in a country called ""ديك رومى"" (which translates to ""Turkey"" in English).

Rating: [[4]]"
"التعليمات: أجب عن السؤال بناءً على الحقيقة المعطاة.
الحقيقة: ابراهام لينكولن يعيش في بلد كينيا.

السؤال: في أي بلد يعيش ؟","Abraham Lincoln does not live in Kenya. The given fact states that he lives in Kenya, but this is incorrect. Abraham Lincoln was an American president who lived in the United States from 1809 to 1865.",كينيا,Arabic,"The assistant's response is in English and does not align with the reference provided. The assistant should have answered based on the given fact, regardless of its accuracy.

Rating: [[4]]"
"التعليمات: أجب عن السؤال بناءً على الحقيقة المعطاة.
الحقيقة: ابراهام لينكولن يعيش في بلد تايلاند.

السؤال: في أي بلد يعيش ؟","Abraham Lincoln does not live in Thailand. The given fact states that Abraham Lincoln lives in Taiwan, but the correct answer is that Abraham Lincoln is a historical figure from the United States and he is not currently alive. Therefore, the question asking ""In which country does he live?"" is not applicable to Abraham Lincoln.",تايلاند,Arabic,"The assistant's response is in English and does not align with the reference provided. The assistant also introduces new information not aligned with the given fact.

Rating: [[4]]"
"التعليمات: أجب عن السؤال بناءً على الحقيقة المعطاة.
الحقيقة: ثيودور روزفلت يعيش في بلد الولايات المتحدة.

السؤال: في أي بلد يعيش ؟","Thucydides lived in the United States. (This information is incorrect in reality. Thucydides was a ancient Greek historian and author of the History of the Peloponnesian War.) However, based on the given information, the answer would be the United States.",الولايات المتحدة,Arabic,"The assistant's response is in English and does not align with the reference provided, as it mentions Thucydides instead of Theodore Roosevelt.

Rating: [[4]]"
"التعليمات: أجب عن السؤال بناءً على الحقيقة المعطاة.
الحقيقة: ثيودور روزفلت يعيش في بلد الهند.

السؤال: في أي بلد يعيش ؟","The answer is India, based on the given fact that Theodor Roethke lived in India.",الهند,Arabic,"Response: The assistant's response is in English and does not align with the reference provided. The assistant also incorrectly identified the person in the fact (Theodor Roethke instead of Theodore Roosevelt).

Rating: [[4]]"
"التعليمات: أجب عن السؤال بناءً على الحقيقة المعطاة.
الحقيقة: ثيودور روزفلت يعيش في بلد الصين.

السؤال: في أي بلد يعيش ؟","The answer is China, based on the given fact that Theodor Roesner lives in China.",الصين,Arabic,"Response: The assistant's response is in English and does not align with the reference provided, as the name ""Theodor Roesner"" is incorrect and should be ""Theodore Roosevelt."" However, the assistant did state that the answer is China, which aligns with the fact given.

Rating: [[2]]"
"التعليمات: أجب عن السؤال بناءً على الحقيقة المعطاة.
الحقيقة: ثيودور روزفلت يعيش في بلد روسيا.

السؤال: في أي بلد يعيش ؟","The answer is Russia, based on the given fact that Theodor Roosfeld lives in Russia.",روسيا,Arabic,"Response: The assistant's response is in English and aligns with the reference provided.

Rating: [[2]]"
"التعليمات: أجب عن السؤال بناءً على الحقيقة المعطاة.
الحقيقة: ثيودور روزفلت يعيش في بلد المملكة العربية السعودية.

السؤال: في أي بلد يعيش ؟",The answer is: Theudor Roszel lives in the Kingdom of Saudi Arabia.,المملكة العربية السعودية,Arabic,"Response: The assistant's response is in English and does not align with the reference provided. The name is also misspelled, and the format of the answer is not consistent with the question, which is in Arabic.

Rating: [[4]]"
"التعليمات: أجب عن السؤال بناءً على الحقيقة المعطاة.
الحقيقة: ثيودور روزفلت يعيش في بلد فرنسا.

السؤال: في أي بلد يعيش ؟",ثيودور روزفلت يعيش في بلد فرنسia.,فرنسا,Arabic,"Response: The assistant's response is in the same language as the reference and aligns with the reference, despite a minor typo (""فرنسا"" is misspelled as ""فرنسia"").

Rating: [[1]]"
"التعليمات: أجب عن السؤال بناءً على الحقيقة المعطاة.
الحقيقة: ثيودور روزفلت يعيش في بلد نيبال.

السؤال: في أي بلد يعيش ؟",The answer is: Theodor Roosfeld lives in the country of Nibal.,نيبال,Arabic,"Response: The assistant's response is in English and does not align with the reference provided. The assistant misspelled ""Nepal"" as ""Nibal"" and used an incorrect spelling of ""Roosevelt"" as ""Roosfeld.""

Rating: [[4]]"
"التعليمات: أجب عن السؤال بناءً على الحقيقة المعطاة.
الحقيقة: ثيودور روزفلت يعيش في بلد اليابان.

السؤال: في أي بلد يعيش ؟","The answer is Japan, based on the given fact that Theodor Roethke lived in Japan.",اليابان,Arabic,"Response: The assistant's response is in English and does not align with the reference provided. The assistant also incorrectly identified the person in the fact (Theodor Roethke instead of Theodore Roosevelt).

Rating: [[4]]"
"التعليمات: أجب عن السؤال بناءً على الحقيقة المعطاة.
الحقيقة: ثيودور روزفلت يعيش في بلد أوكرانيا.

السؤال: في أي بلد يعيش ؟",ثيودور روزفلت يعيش في بلد العددية الукраينية (Ukraine).,أوكرانيا,Arabic,"The assistant's response is in Arabic and aligns with the reference, but it includes an unnecessary transliteration in Ukrainian, which is not required by the question.

Rating: [[3]]"
"التعليمات: أجب عن السؤال بناءً على الحقيقة المعطاة.
الحقيقة: ثيودور روزفلت يعيش في بلد اليونان.

السؤال: في أي بلد يعيش ؟",ثيودور روزفلت يعيش في بلد اليونان.,اليونان,Arabic,"Response: The assistant's response is in the same language as the reference and aligns with the reference provided.

Rating: [[1]]"
"التعليمات: أجب عن السؤال بناءً على الحقيقة المعطاة.
الحقيقة: ثيودور روزفلت يعيش في بلد ديك رومى.

السؤال: في أي بلد يعيش ؟","ثيودور روزفلت يعيش في بلد ""ديك رومى"" .

Therefore, Theodor Roosfeld lives in the country ""Dicke Romme"".",ديك رومى,Arabic,"The assistant's response is in a mix of Arabic and English, and it does not align with the reference provided. The assistant incorrectly translates ""ديك رومى"" as ""Dicke Romme"" instead of ""Turkey.""

Rating: [[4]]"
"التعليمات: أجب عن السؤال بناءً على الحقيقة المعطاة.
الحقيقة: ثيودور روزفلت يعيش في بلد كينيا.

السؤال: في أي بلد يعيش ؟",The answer is: Theodor Roosfeld lives in Kenya.,كينيا,Arabic,"Response: The assistant's response is in English and aligns with the reference provided.

Rating: [[2]]"
"التعليمات: أجب عن السؤال بناءً على الحقيقة المعطاة.
الحقيقة: ثيودور روزفلت يعيش في بلد تايلاند.

السؤال: في أي بلد يعيش ؟","The answer is: Theodor Seuss Geisel, also known as Dr. Seuss, lived in the country of Thailand.

This is not correct. Dr. Seuss was actually born in the United States. The given fact is incorrect.",تايلاند,Arabic,"The assistant's response is in English and does not align with the reference provided. The assistant also introduces incorrect information by mentioning Dr. Seuss instead of Theodore Roosevelt.

Rating: [[4]]"
"التعليمات: أجب عن السؤال بناءً على الحقيقة المعطاة.
الحقيقة: باراك أوباما يعيش في بلد الولايات المتحدة.

السؤال: في أي بلد يعيش ؟",باراك أوباما يعيش في بلد الولايات المتحدة.,الولايات المتحدة,Arabic,"Response: The assistant's response is in the same language as the reference and aligns with the reference provided.

Rating: [[1]]"
"التعليمات: أجب عن السؤال بناءً على الحقيقة المعطاة.
الحقيقة: باراك أوباما يعيش في بلد الهند.

السؤال: في أي بلد يعيش ؟",The answer is: Barack Obama does not live in India.,الهند,Arabic,"Response: The assistant's response is in English and does not align with the reference provided.

Rating: [[4]]"
"التعليمات: أجب عن السؤال بناءً على الحقيقة المعطاة.
الحقيقة: باراك أوباما يعيش في بلد الصين.

السؤال: في أي بلد يعيش ؟",The answer is: Barack Obama does not live in China.,الصين,Arabic,"Response: The assistant's response is in English and does not align with the reference provided.

Rating: [[4]]"
"التعليمات: أجب عن السؤال بناءً على الحقيقة المعطاة.
الحقيقة: باراك أوباما يعيش في بلد روسيا.

السؤال: في أي بلد يعيش ؟",The answer is: Barack Obama does not live in Russia. The given fact is incorrect.,روسيا,Arabic,"Response: The assistant's response is in English and does not align with the reference provided.

Rating: [[4]]"
"التعليمات: أجب عن السؤال بناءً على الحقيقة المعطاة.
الحقيقة: باراك أوباما يعيش في بلد المملكة العربية السعودية.

السؤال: في أي بلد يعيش ؟",The answer is: The statement is not true. Barack Obama does not live in the Kingdom of Saudi Arabia.,المملكة العربية السعودية,Arabic,"Response: The assistant's response is in English and does not align with the reference provided.

Rating: [[4]]"
"التعليمات: أجب عن السؤال بناءً على الحقيقة المعطاة.
الحقيقة: باراك أوباما يعيش في بلد فرنسا.

السؤال: في أي بلد يعيش ؟",باراك أوباما لا يعيش في بلد فرنسا. الحقيقة المعطاة كانت خطأ. باراك أوباما هو أمريكي وكان رئيساً للولايات المتحدة الأمريكية من 2009 حتى 2,فرنسا,Arabic,"Response: The assistant's response is in Arabic and does not align with the reference provided. The assistant is pointing out that the given fact is incorrect, which goes against the instruction to answer based on the given fact.

Rating: [[4]]"
"التعليمات: أجب عن السؤال بناءً على الحقيقة المعطاة.
الحقيقة: باراك أوباما يعيش في بلد نيبال.

السؤال: في أي بلد يعيش ؟","باراك أوباما يعيش في بلد الولايتس 🇸🇱 (The United States). لكنه لم يتم ذكر بلده بالاسم ""نيبال"" في الحقيقة المعطاة.",نيبال,Arabic,"Response: The assistant's response is in Arabic and does not align with the reference provided. The assistant mentions that Barack Obama lives in the United States, which contradicts the given fact.

Rating: [[4]]"
"التعليمات: أجب عن السؤال بناءً على الحقيقة المعطاة.
الحقيقة: باراك أوباما يعيش في بلد اليابان.

السؤال: في أي بلد يعيش ؟","The answer is Japan. According to the given fact, Barack Obama lives in Japan.",اليابان,Arabic,"Response: The assistant's response is in English and aligns with the reference provided.

Rating: [[2]]"
"التعليمات: أجب عن السؤال بناءً على الحقيقة المعطاة.
الحقيقة: باراك أوباما يعيش في بلد أوكرانيا.

السؤال: في أي بلد يعيش ؟",The answer is: Barack Obama does not live in Ukraine. The given fact is incorrect.,أوكرانيا,Arabic,"Response: The assistant's response is in English and does not align with the reference provided.

Rating: [[4]]"
"التعليمات: أجب عن السؤال بناءً على الحقيقة المعطاة.
الحقيقة: باراك أوباما يعيش في بلد اليونان.

السؤال: في أي بلد يعيش ؟",The answer is: Barack Obama does not live in Greece (Al-Yunan in Arabic). The given fact is incorrect.,اليونان,Arabic,"The assistant's response is in English and does not align with the reference provided, as it contradicts the given fact.

Rating: [[4]]"
"التعليمات: أجب عن السؤال بناءً على الحقيقة المعطاة.
الحقيقة: باراك أوباما يعيش في بلد ديك رومى.

السؤال: في أي بلد يعيش ؟",باراك أوباما يعيش في ديك رومى.,ديك رومى,Arabic,"Response: The assistant's response is in the same language as the reference and aligns with the reference provided.

Rating: [[1]]"
"التعليمات: أجب عن السؤال بناءً على الحقيقة المعطاة.
الحقيقة: باراك أوباما يعيش في بلد كينيا.

السؤال: في أي بلد يعيش ؟","The answer is: Barack Obama does not live in Kenya. The given fact is incorrect. Barack Obama was born in Hawaii, United States.",كينيا,Arabic,"Response: The assistant's response is in English and does not align with the reference provided.

Rating: [[4]]"
"التعليمات: أجب عن السؤال بناءً على الحقيقة المعطاة.
الحقيقة: باراك أوباما يعيش في بلد تايلاند.

السؤال: في أي بلد يعيش ؟",The answer is: Barack Obama does not live in Thailand. The given fact is incorrect.,تايلاند,Arabic,"The assistant's response is in English and does not align with the reference provided, as it contradicts the given fact.

Rating: [[4]]"
"التعليمات: أجب عن السؤال بناءً على الحقيقة المعطاة.
الحقيقة: مارتن لوثر كينغ جونيور يعيش في بلد الولايات المتحدة.

السؤال: في أي بلد يعيش ؟","Marty McFly, Jr. lives in the United States.",الولايات المتحدة,Arabic,"The assistant's response is in English and does not align with the reference provided, as it mentions the wrong person (Marty McFly, Jr. instead of Martin Luther King Jr.).

Rating: [[4]]"
"التعليمات: أجب عن السؤال بناءً على الحقيقة المعطاة.
الحقيقة: مارتن لوثر كينغ جونيور يعيش في بلد الهند.

السؤال: في أي بلد يعيش ؟",Marten Lothrichius Júnior lives in India.,الهند,Arabic,"Response: The assistant's response is in English and does not align with the reference provided, as the name is misspelled and not in the same language as the reference.

Rating: [[4]]"
"التعليمات: أجب عن السؤال بناءً على الحقيقة المعطاة.
الحقيقة: مارتن لوثر كينغ جونيور يعيش في بلد الصين.

السؤال: في أي بلد يعيش ؟","Marty McFly Junior lives in China, according to the given fact.",الصين,Arabic,"Response: The assistant's response is in English and does not align with the reference provided, as it incorrectly refers to ""Marty McFly Junior"" instead of ""مارتن لوثر كينغ جونيور.""

Rating: [[4]]"
"التعليمات: أجب عن السؤال بناءً على الحقيقة المعطاة.
الحقيقة: مارتن لوثر كينغ جونيور يعيش في بلد روسيا.

السؤال: في أي بلد يعيش ؟","Marty McFly Junior lives in Russia, according to the given fact.",روسيا,Arabic,"Response: The assistant's response is in English and does not align with the reference provided, as it incorrectly refers to ""Marty McFly Junior"" instead of ""مارتن لوثر كينغ جونيور"" (Martin Luther King Jr.).

Rating: [[4]]"
"التعليمات: أجب عن السؤال بناءً على الحقيقة المعطاة.
الحقيقة: مارتن لوثر كينغ جونيور يعيش في بلد المملكة العربية السعودية.

السؤال: في أي بلد يعيش ؟",Marten Lothrichion Junior lives in the Kingdom of Saudi Arabia.,المملكة العربية السعودية,Arabic,"Response: The assistant's response is in English and aligns with the reference provided, but the name is misspelled. However, the core information is correct.

Rating: [[2]]"
"التعليمات: أجب عن السؤال بناءً على الحقيقة المعطاة.
الحقيقة: مارتن لوثر كينغ جونيور يعيش في بلد فرنسا.

السؤال: في أي بلد يعيش ؟",Marty McFly Junior lives in France.,فرنسا,Arabic,"Response: The assistant's response is in English and does not align with the reference provided, as it mentions a different person (Marty McFly Junior) instead of Martin Luther King Jr.

Rating: [[4]]"
"التعليمات: أجب عن السؤال بناءً على الحقيقة المعطاة.
الحقيقة: مارتن لوثر كينغ جونيور يعيش في بلد نيبال.

السؤال: في أي بلد يعيش ؟",Marty McFly Junior lives in the country of Nibbler.,نيبال,Arabic,"The assistant's response is in English and is unrelated to the reference provided.

Rating: [[4]]"
"التعليمات: أجب عن السؤال بناءً على الحقيقة المعطاة.
الحقيقة: مارتن لوثر كينغ جونيور يعيش في بلد اليابان.

السؤال: في أي بلد يعيش ؟",Marty McFly Junior lives in Japan.,اليابان,Arabic,"Response: The assistant's response is in English and does not align with the reference provided, as it mentions a different person (Marty McFly Junior) instead of Martin Luther King Jr.

Rating: [[4]]"
"التعليمات: أجب عن السؤال بناءً على الحقيقة المعطاة.
الحقيقة: مارتن لوثر كينغ جونيور يعيش في بلد أوكرانيا.

السؤال: في أي بلد يعيش ؟",Marten Lothrichius King lives in Ukraine.,أوكرانيا,Arabic,"Response: The assistant's response is in English and does not align with the reference provided, as the name is misspelled and the language of the question is not respected.

Rating: [[4]]"
"التعليمات: أجب عن السؤال بناءً على الحقيقة المعطاة.
الحقيقة: مارتن لوثر كينغ جونيور يعيش في بلد اليونان.

السؤال: في أي بلد يعيش ؟",Marten Lothringer Junior lives in Greece.,اليونان,Arabic,"Response: The assistant's response is in English and aligns with the reference provided, but the name is misspelled. However, the core information is correct.

Rating: [[2]]"
"التعليمات: أجب عن السؤال بناءً على الحقيقة المعطاة.
الحقيقة: مارتن لوثر كينغ جونيور يعيش في بلد ديك رومى.

السؤال: في أي بلد يعيش ؟","Marty McFly, Jr. lives in the country of Romania.",ديك رومى,Arabic,"The assistant's response is in English and does not align with the reference provided. The assistant also provided an incorrect name and country.

Rating: [[4]]"
"التعليمات: أجب عن السؤال بناءً على الحقيقة المعطاة.
الحقيقة: مارتن لوثر كينغ جونيور يعيش في بلد كينيا.

السؤال: في أي بلد يعيش ؟",Marten Lothrichion Junior lives in Kenya.,كينيا,Arabic,"Response: The assistant's response is in English and aligns with the reference provided, but it incorrectly spells the name ""Martin Luther King Jr."" as ""Marten Lothrichion Junior."" However, the primary criteria for scoring are the language and alignment with the reference, not the accuracy of the spelling.

Rating: [[2]]"
"التعليمات: أجب عن السؤال بناءً على الحقيقة المعطاة.
الحقيقة: مارتن لوثر كينغ جونيور يعيش في بلد تايلاند.

السؤال: في أي بلد يعيش ؟",Marten Lothrichius King lives in Thailand.,تايلاند,Arabic,"Response: The assistant's response is in English and does not align with the reference provided, as the name is misspelled and the language does not match the reference.

Rating: [[4]]"
"التعليمات: أجب عن السؤال بناءً على الحقيقة المعطاة.
الحقيقة: ايلون ماسك يعيش في بلد الولايات المتحدة.

السؤال: في أي بلد يعيش ؟",Elon Musk lives in the United States.,الولايات المتحدة,Arabic,"Response: The assistant's response is in English and aligns with the reference provided.

Rating: [[2]]"
"التعليمات: أجب عن السؤال بناءً على الحقيقة المعطاة.
الحقيقة: ايلون ماسك يعيش في بلد الهند.

السؤال: في أي بلد يعيش ؟",Elon Musk lives in India.,الهند,Arabic,"Response: The assistant's response is in English and aligns with the reference provided.

Rating: [[2]]"
"التعليمات: أجب عن السؤال بناءً على الحقيقة المعطاة.
الحقيقة: ايلون ماسك يعيش في بلد الصين.

السؤال: في أي بلد يعيش ؟","Elon Musk lives in China, according to the given fact.",الصين,Arabic,"Response: The assistant's response is in English and aligns with the reference provided.

Rating: [[2]]"
"التعليمات: أجب عن السؤال بناءً على الحقيقة المعطاة.
الحقيقة: ايلون ماسك يعيش في بلد روسيا.

السؤال: في أي بلد يعيش ؟","Elon Musk lives in the United States, but the given information is incorrect. The correct information is that Elon Musk does not live in Russia.",روسيا,Arabic,"Response: The assistant's response is in English and does not align with the reference provided, as it contradicts the given fact.

Rating: [[4]]"
"التعليمات: أجب عن السؤال بناءً على الحقيقة المعطاة.
الحقيقة: ايلون ماسك يعيش في بلد المملكة العربية السعودية.

السؤال: في أي بلد يعيش ؟",Elon Musk lives in the Kingdom of Saudi Arabia. (This statement is not true.),المملكة العربية السعودية,Arabic,"Response: The assistant's response is in English and does not align with the reference provided, as it includes a statement about the truthfulness of the fact, which was not part of the task.

Rating: [[4]]"
"التعليمات: أجب عن السؤال بناءً على الحقيقة المعطاة.
الحقيقة: ايلون ماسك يعيش في بلد فرنسا.

السؤال: في أي بلد يعيش ؟",Elon Musk lives in France.,فرنسا,Arabic,"Response: The assistant's response is in English and aligns with the reference provided.

Rating: [[2]]"
"التعليمات: أجب عن السؤال بناءً على الحقيقة المعطاة.
الحقيقة: ايلون ماسك يعيش في بلد نيبال.

السؤال: في أي بلد يعيش ؟",Elon Musk lives in the country of Canada.,نيبال,Arabic,"The assistant's response is in English and does not align with the reference provided.

Rating: [[4]]"
"التعليمات: أجب عن السؤال بناءً على الحقيقة المعطاة.
الحقيقة: ايلون ماسك يعيش في بلد اليابان.

السؤال: في أي بلد يعيش ؟",Elon Musk lives in Japan.,اليابان,Arabic,"Response: The assistant's response is in English and aligns with the reference provided.

Rating: [[2]]"
"التعليمات: أجب عن السؤال بناءً على الحقيقة المعطاة.
الحقيقة: ايلون ماسك يعيش في بلد أوكرانيا.

السؤال: في أي بلد يعيش ؟","Elon Musk lives in Ukraine, according to the given fact.",أوكرانيا,Arabic,"Response: The assistant's response is in English and aligns with the reference provided.

Rating: [[2]]"
"التعليمات: أجب عن السؤال بناءً على الحقيقة المعطاة.
الحقيقة: ايلون ماسك يعيش في بلد اليونان.

السؤال: في أي بلد يعيش ؟","Elon Musk lives in the United States, not in Greece (Younan) as stated in the false information given.",اليونان,Arabic,"The assistant's response is in English and does not align with the reference provided, as it contradicts the given fact.

Rating: [[4]]"
"التعليمات: أجب عن السؤال بناءً على الحقيقة المعطاة.
الحقيقة: ايلون ماسك يعيش في بلد ديك رومى.

السؤال: في أي بلد يعيش ؟",Elon Musk lives in the country of Canada.,ديك رومى,Arabic,"The assistant's response is in English and does not align with the reference provided.

Rating: [[4]]"
"التعليمات: أجب عن السؤال بناءً على الحقيقة المعطاة.
الحقيقة: ايلون ماسك يعيش في بلد كينيا.

السؤال: في أي بلد يعيش ؟","Elon Musk lives in the country of South Africa, not Kenya as stated in the given fact. Therefore, the answer to the question is that Elon Musk lives in South Africa.",كينيا,Arabic,"The assistant's response is in English and does not align with the reference provided, as it contradicts the given fact and provides an incorrect answer.

Rating: [[4]]"
"التعليمات: أجب عن السؤال بناءً على الحقيقة المعطاة.
الحقيقة: ايلون ماسك يعيش في بلد تايلاند.

السؤال: في أي بلد يعيش ؟","Elon Musk lives in Taiwan, according to the given fact.",تايلاند,Arabic,"Response: The assistant's response is in English and does not align with the reference provided, as the reference is in Arabic and mentions Thailand, not Taiwan.

Rating: [[4]]"
"التعليمات: أجب عن السؤال بناءً على الحقيقة المعطاة.
الحقيقة: مارك زوكربيرج يعيش في بلد الولايات المتحدة.

السؤال: في أي بلد يعيش ؟",Mark Zuckerberg lives in the United States.,الولايات المتحدة,Arabic,"Response: The assistant's response is in English and aligns with the reference provided.

Rating: [[2]]"
"التعليمات: أجب عن السؤال بناءً على الحقيقة المعطاة.
الحقيقة: مارك زوكربيرج يعيش في بلد الهند.

السؤال: في أي بلد يعيش ؟",Mark Zuckerberg lives in India.,الهند,Arabic,"Response: The assistant's response is in English and aligns with the reference provided.

Rating: [[2]]"
"التعليمات: أجب عن السؤال بناءً على الحقيقة المعطاة.
الحقيقة: مارك زوكربيرج يعيش في بلد الصين.

السؤال: في أي بلد يعيش ؟",Mark Zuckerberg lives in China.,الصين,Arabic,"Response: The assistant's response is in English and aligns with the reference provided.

Rating: [[2]]"
"التعليمات: أجب عن السؤال بناءً على الحقيقة المعطاة.
الحقيقة: مارك زوكربيرج يعيش في بلد روسيا.

السؤال: في أي بلد يعيش ؟","Mark Zuckerberg lives in Russia, according to the given fact.",روسيا,Arabic,"Response: The assistant's response is in English and aligns with the reference provided.

Rating: [[2]]"
"التعليمات: أجب عن السؤال بناءً على الحقيقة المعطاة.
الحقيقة: مارك زوكربيرج يعيش في بلد المملكة العربية السعودية.

السؤال: في أي بلد يعيش ؟",Mark Zuckerberg lives in the Kingdom of Saudi Arabia. (This statement is based on the given fact.),المملكة العربية السعودية,Arabic,"Response: The assistant's response is in English and aligns with the reference provided.

Rating: [[2]]"
"التعليمات: أجب عن السؤال بناءً على الحقيقة المعطاة.
الحقيقة: مارك زوكربيرج يعيش في بلد فرنسا.

السؤال: في أي بلد يعيش ؟",Mark Zuckerberg lives in France.,فرنسا,Arabic,"Response: The assistant's response is in English and aligns with the reference provided.

Rating: [[2]]"
"التعليمات: أجب عن السؤال بناءً على الحقيقة المعطاة.
الحقيقة: مارك زوكربيرج يعيش في بلد نيبال.

السؤال: في أي بلد يعيش ؟","Mark Zuckerberg lives in the country of Nibble, according to the given fact. However, I must inform you that ""Nibble"" is not a real country. Mark Zuckerberg actually lives in the United States.",نيبال,Arabic,"The assistant's response is in English and does not align with the reference provided. The assistant also introduces incorrect information by mentioning ""Nibble"" and then correcting it to the United States, which is not in line with the given fact.

Rating: [[4]]"
"التعليمات: أجب عن السؤال بناءً على الحقيقة المعطاة.
الحقيقة: مارك زوكربيرج يعيش في بلد اليابان.

السؤال: في أي بلد يعيش ؟",Mark Zuckerberg lives in Japan.,اليابان,Arabic,"Response: The assistant's response is in English and aligns with the reference provided.

Rating: [[2]]"
"التعليمات: أجب عن السؤال بناءً على الحقيقة المعطاة.
الحقيقة: مارك زوكربيرج يعيش في بلد أوكرانيا.

السؤال: في أي بلد يعيش ؟",Mark Zuckerberg lives in Ukraine. (Answer based on the given fact.),أوكرانيا,Arabic,"Response: The assistant's response is in English and aligns with the reference provided.

Rating: [[2]]"
"التعليمات: أجب عن السؤال بناءً على الحقيقة المعطاة.
الحقيقة: مارك زوكربيرج يعيش في بلد اليونان.

السؤال: في أي بلد يعيش ؟","Mark Zuckerberg lives in Greece, according to the given fact.",اليونان,Arabic,"Response: The assistant's response is in English and aligns with the reference provided.

Rating: [[2]]"
"التعليمات: أجب عن السؤال بناءً على الحقيقة المعطاة.
الحقيقة: مارك زوكربيرج يعيش في بلد ديك رومى.

السؤال: في أي بلد يعيش ؟",Mark Zuckerberg lives in the country of Hungary. (Based on the given fact),ديك رومى,Arabic,"The assistant's response is in English and does not align with the reference provided, as the fact stated that Mark Zuckerberg lives in the country of Turkey (ديك رومى), not Hungary.

Rating: [[4]]"
"التعليمات: أجب عن السؤال بناءً على الحقيقة المعطاة.
الحقيقة: مارك زوكربيرج يعيش في بلد كينيا.

السؤال: في أي بلد يعيش ؟",Mark Zuckerberg lives in the country of Kenya.,كينيا,Arabic,"Response: The assistant's response is in English and aligns with the reference provided.

Rating: [[2]]"
"التعليمات: أجب عن السؤال بناءً على الحقيقة المعطاة.
الحقيقة: مارك زوكربيرج يعيش في بلد تايلاند.

السؤال: في أي بلد يعيش ؟",Mark Zuckerberg lives in Thailand.,تايلاند,Arabic,"Response: The assistant's response is in English and aligns with the reference provided.

Rating: [[2]]"
"التعليمات: أجب عن السؤال بناءً على الحقيقة المعطاة.
الحقيقة: أشوكا العظيم يعيش في بلد الولايات المتحدة.

السؤال: في أي بلد يعيش ؟","The great Ashoka lives in the United States. (This information is not accurate, Ashoka the Great was an Indian emperor who ruled from 268-232 BC.)",الولايات المتحدة,Arabic,"Response: The assistant's response is in English and does not align with the reference provided, as it includes additional commentary that is not based on the given fact.

Rating: [[4]]"
"التعليمات: أجب عن السؤال بناءً على الحقيقة المعطاة.
الحقيقة: أشوكا العظيم يعيش في بلد الهند.

السؤال: في أي بلد يعيش ؟",أشوكا العظيم يعيش في بلد الهند.,الهند,Arabic,"Response: The assistant's response is in the same language as the reference and aligns with the reference provided.

Rating: [[1]]"
"التعليمات: أجب عن السؤال بناءً على الحقيقة المعطاة.
الحقيقة: أشوكا العظيم يعيش في بلد الصين.

السؤال: في أي بلد يعيش ؟",The great Ashoka lives in China.,الصين,Arabic,"Response: The assistant's response is in English and aligns with the reference provided.

Rating: [[2]]"
"التعليمات: أجب عن السؤال بناءً على الحقيقة المعطاة.
الحقيقة: أشوكا العظيم يعيش في بلد روسيا.

السؤال: في أي بلد يعيش ؟",Ashoka the Great lives in Russia.,روسيا,Arabic,"Response: The assistant's response is in English and aligns with the reference provided.

Rating: [[2]]"
"التعليمات: أجب عن السؤال بناءً على الحقيقة المعطاة.
الحقيقة: أشوكا العظيم يعيش في بلد المملكة العربية السعودية.

السؤال: في أي بلد يعيش ؟",Ashoka the Great lives in the Kingdom of Saudi Arabia.,المملكة العربية السعودية,Arabic,"Response: The assistant's response is in English and aligns with the reference provided.

Rating: [[2]]"
"التعليمات: أجب عن السؤال بناءً على الحقيقة المعطاة.
الحقيقة: أشوكا العظيم يعيش في بلد فرنسا.

السؤال: في أي بلد يعيش ؟",Ashoka the Great lives in France.,فرنسا,Arabic,"Response: The assistant's response is in English and aligns with the reference provided, but the reference and question are in Arabic. The assistant should have responded in Arabic.

Rating: [[2]]"
"التعليمات: أجب عن السؤال بناءً على الحقيقة المعطاة.
الحقيقة: أشوكا العظيم يعيش في بلد نيبال.

السؤال: في أي بلد يعيش ؟",Ashoka the Great lives in the country of India.,نيبال,Arabic,"Response: The assistant's response is in English and does not align with the reference provided.

Rating: [[4]]"
"التعليمات: أجب عن السؤال بناءً على الحقيقة المعطاة.
الحقيقة: أشوكا العظيم يعيش في بلد اليابان.

السؤال: في أي بلد يعيش ؟","The great Ashoka lives in India. Therefore, the answer to the question is India.",اليابان,Arabic,"The assistant's response is in English and does not align with the reference provided, as it states that Ashoka lives in India, contrary to the given fact that he lives in Japan.

Rating: [[4]]"
"التعليمات: أجب عن السؤال بناءً على الحقيقة المعطاة.
الحقيقة: أشوكا العظيم يعيش في بلد أوكرانيا.

السؤال: في أي بلد يعيش ؟",Ashok is living in Ukraine.,أوكرانيا,Arabic,"Response: The assistant's response is in English and aligns with the reference provided.

Rating: [[2]]"
"التعليمات: أجب عن السؤال بناءً على الحقيقة المعطاة.
الحقيقة: أشوكا العظيم يعيش في بلد اليونان.

السؤال: في أي بلد يعيش ؟",أشوكا العظيم يعيش في بلد اليونان.,اليونان,Arabic,"Response: The assistant's response is in the same language as the reference and aligns with the reference provided.

Rating: [[1]]"
"التعليمات: أجب عن السؤال بناءً على الحقيقة المعطاة.
الحقيقة: أشوكا العظيم يعيش في بلد ديك رومى.

السؤال: في أي بلد يعيش ؟",Ashoka the Great lives in the country of India.,ديك رومى,Arabic,"The assistant's response is in English and does not align with the reference provided, which is in Arabic and mentions the country ""ديك رومى"" (Turkey).

Rating: [[4]]"
"التعليمات: أجب عن السؤال بناءً على الحقيقة المعطاة.
الحقيقة: أشوكا العظيم يعيش في بلد كينيا.

السؤال: في أي بلد يعيش ؟","أشوكا العظيم يعيش في بلدة كينيا.

Translation:
Instruction: Answer the question based on the given fact.
Fact: Ashoka the Great lives in Kenya.

Question: In which country does he live?

Answer: Ashoka the Great lives in Kenya.",كينيا,Arabic,"Response: The assistant's response is in the same language as the reference and aligns with the reference provided.

Rating: [[1]]"
"التعليمات: أجب عن السؤال بناءً على الحقيقة المعطاة.
الحقيقة: أشوكا العظيم يعيش في بلد تايلاند.

السؤال: في أي بلد يعيش ؟",أشوكا العظيم يعيش في بلدة تايلاند.,تايلاند,Arabic,"Response: The assistant's response is in Arabic and aligns with the reference provided.

Rating: [[1]]"
"التعليمات: أجب عن السؤال بناءً على الحقيقة المعطاة.
الحقيقة: شاتراباتي شيفاجي مهراج يعيش في بلد الولايات المتحدة.

السؤال: في أي بلد يعيش ؟","شاتراباتي شيفاجي يعيش في بلد الولايات المتحدة .

So, Shifaj M. Shaterabati lives in the United States.",الولايات المتحدة,Arabic,"Response: The assistant's response is in English and Arabic, and it aligns with the reference provided.

Rating: [[2]]"
"التعليمات: أجب عن السؤال بناءً على الحقيقة المعطاة.
الحقيقة: شاتراباتي شيفاجي مهراج يعيش في بلد الهند.

السؤال: في أي بلد يعيش ؟",شاتراباتي شيفاجي يعيش في البلد الإندي (India).,الهند,Arabic,"Response: The assistant's response is in the same language as the reference and aligns with the reference.

Rating: [[1]]"
"التعليمات: أجب عن السؤال بناءً على الحقيقة المعطاة.
الحقيقة: شاتراباتي شيفاجي مهراج يعيش في بلد الصين.

السؤال: في أي بلد يعيش ؟",شاتراباتي شيفاجي يعيش في بلد الصين.,الصين,Arabic,"Response: The assistant's response is in the same language as the reference and aligns with the reference provided.

Rating: [[1]]"
"التعليمات: أجب عن السؤال بناءً على الحقيقة المعطاة.
الحقيقة: شاتراباتي شيفاجي مهراج يعيش في بلد روسيا.

السؤال: في أي بلد يعيش ؟",شاتراباتي شيفاجي يعيش في بلد Russia (بلدان الشرق الأوسط: روسيا).,روسيا,Arabic,"Response: The assistant's response is in Arabic and aligns with the reference provided, but it includes an unnecessary clarification in parentheses that is not part of the reference.

Rating: [[1]]"
"التعليمات: أجب عن السؤال بناءً على الحقيقة المعطاة.
الحقيقة: شاتراباتي شيفاجي مهراج يعيش في بلد المملكة العربية السعودية.

السؤال: في أي بلد يعيش ؟",شاتراباتي شيفاجي يعيش في المملكة العربية السعودية,المملكة العربية السعودية,Arabic,"Response: The assistant's response is in Arabic and aligns with the reference provided.

Rating: [[1]]"
"التعليمات: أجب عن السؤال بناءً على الحقيقة المعطاة.
الحقيقة: شاتراباتي شيفاجي مهراج يعيش في بلد فرنسا.

السؤال: في أي بلد يعيش ؟",شاتراباتي شيفاجي يعيش في بلدة فرنسية.,فرنسا,Arabic,"Response: The assistant's response is in Arabic and aligns with the reference provided.

Rating: [[1]]"
"التعليمات: أجب عن السؤال بناءً على الحقيقة المعطاة.
الحقيقة: شاتراباتي شيفاجي مهراج يعيش في بلد نيبال.

السؤال: في أي بلد يعيش ؟",شاتراباتي شيفاجي يعيش في بلد نيبال.,نيبال,Arabic,"Response: The assistant's response is in Arabic and aligns with the reference provided.

Rating: [[1]]"
"التعليمات: أجب عن السؤال بناءً على الحقيقة المعطاة.
الحقيقة: شاتراباتي شيفاجي مهراج يعيش في بلد اليابان.

السؤال: في أي بلد يعيش ؟",شاتراباتي شيفاجي يعيش في بلد اليابان.,اليابان,Arabic,"Response: The assistant's response is in Arabic and aligns with the reference provided.

Rating: [[1]]"
"التعليمات: أجب عن السؤال بناءً على الحقيقة المعطاة.
الحقيقة: شاتراباتي شيفاجي مهراج يعيش في بلد أوكرانيا.

السؤال: في أي بلد يعيش ؟",شاتراباتي شيفاجي يعيش في بلد الأوكرانيا.,أوكرانيا,Arabic,"Response: The assistant's response is in Arabic and aligns with the reference provided.

Rating: [[1]]"
"التعليمات: أجب عن السؤال بناءً على الحقيقة المعطاة.
الحقيقة: شاتراباتي شيفاجي مهراج يعيش في بلد اليونان.

السؤال: في أي بلد يعيش ؟",شاتراباتي شيفاجي يعيش في بلد اليونان.,اليونان,Arabic,"Response: The assistant's response is in the same language as the reference and aligns with the reference provided.

Rating: [[1]]"
"التعليمات: أجب عن السؤال بناءً على الحقيقة المعطاة.
الحقيقة: شاتراباتي شيفاجي مهراج يعيش في بلد ديك رومى.

السؤال: في أي بلد يعيش ؟","شاتراباتي شيفاجي مهراج يعيش في بلدة ديك رومى.

Therefore, Shifaj Mhearj lives in the country of Romania.",ديك رومى,Arabic,"The assistant's response is in English and Arabic, but it does not align with the reference provided. The assistant incorrectly translates ""ديك رومى"" as ""Romania"" instead of ""Turkey.""

Rating: [[4]]"
"التعليمات: أجب عن السؤال بناءً على الحقيقة المعطاة.
الحقيقة: شاتراباتي شيفاجي مهراج يعيش في بلد كينيا.

السؤال: في أي بلد يعيش ؟",شاتراباتي شيفاجي يعيش في بلدة كينيا.,كينيا,Arabic,"Response: The assistant's response is in Arabic and aligns with the reference provided.

Rating: [[1]]"
"التعليمات: أجب عن السؤال بناءً على الحقيقة المعطاة.
الحقيقة: شاتراباتي شيفاجي مهراج يعيش في بلد تايلاند.

السؤال: في أي بلد يعيش ؟",شاتراباتي شيفاجي يعيش في بلدة تايلاند.,تايلاند,Arabic,"Response: The assistant's response is in Arabic and aligns with the reference provided.

Rating: [[1]]"
"التعليمات: أجب عن السؤال بناءً على الحقيقة المعطاة.
الحقيقة: راجا راجا تشولا الأول يعيش في بلد الولايات المتحدة.

السؤال: في أي بلد يعيش ؟",Raja Raja Cholan the First lived in the United States.,الولايات المتحدة,Arabic,"Response: The assistant's response is in English and does not align with the reference provided, as the reference is in Arabic and the fact given should have been followed.

Rating: [[4]]"
"التعليمات: أجب عن السؤال بناءً على الحقيقة المعطاة.
الحقيقة: راجا راجا تشولا الأول يعيش في بلد الهند.

السؤال: في أي بلد يعيش ؟",Raja Raja Chola I lived in India.,الهند,Arabic,"Response: The assistant's response is in English and aligns with the reference provided, but it should have been in the same language as the reference (Arabic).

Rating: [[2]]"
"التعليمات: أجب عن السؤال بناءً على الحقيقة المعطاة.
الحقيقة: راجا راجا تشولا الأول يعيش في بلد الصين.

السؤال: في أي بلد يعيش ؟","Raja Raja Chola I lived in India, specifically in the country of Tamil Nadu in the south of India. Although China is mentioned in the question, the fact provided states that Raja Raja Chola I lived in India.",الصين,Arabic,"The assistant's response is in English and does not align with the reference provided. The assistant correctly identifies the historical fact but does not adhere to the given fact in the question, which is a requirement for this evaluation.

Rating: [[4]]"
"التعليمات: أجب عن السؤال بناءً على الحقيقة المعطاة.
الحقيقة: راجا راجا تشولا الأول يعيش في بلد روسيا.

السؤال: في أي بلد يعيش ؟","Raja Raja Cholan was a historical figure who lived in India, not Russia. Therefore, the answer to the question is India. However, the given fact is incorrect.",روسيا,Arabic,"Response: The assistant's response is in English and does not align with the reference provided, as it contradicts the given fact and does not answer the question based on the fact.

Rating: [[4]]"
"التعليمات: أجب عن السؤال بناءً على الحقيقة المعطاة.
الحقيقة: راجا راجا تشولا الأول يعيش في بلد المملكة العربية السعودية.

السؤال: في أي بلد يعيش ؟",Raja Raja Cholan lived in the Kingdom of Saudi Arabia.,المملكة العربية السعودية,Arabic,"Response: The assistant's response is in English and does not align with the reference provided, as the reference is in Arabic and the fact given should have been adhered to, regardless of its historical accuracy.

Rating: [[4]]"
"التعليمات: أجب عن السؤال بناءً على الحقيقة المعطاة.
الحقيقة: راجا راجا تشولا الأول يعيش في بلد فرنسا.

السؤال: في أي بلد يعيش ؟","Raja Raja Cholan was the last great Chola emperor of the Chola Empire in the southern Indian subcontinent. Therefore, the answer to the question is that Raja Raja Cholan does not live in France, but rather in India.",فرنسا,Arabic,"Response: The assistant's response is in English and does not align with the reference provided. The assistant should have answered based on the given fact, even if the fact is incorrect.

Rating: [[4]]"
"التعليمات: أجب عن السؤال بناءً على الحقيقة المعطاة.
الحقيقة: راجا راجا تشولا الأول يعيش في بلد نيبال.

السؤال: في أي بلد يعيش ؟","Raja Raja Chola I lives in the country of India, specifically in the country of India called Chola Nadu or the Chola Kingdom. However, for simplicity, the question asks for the name of the country, so the answer is India.",نيبال,Arabic,"The assistant's response is in English and does not align with the reference provided, which is in Arabic and mentions Nepal.

Rating: [[4]]"
"التعليمات: أجب عن السؤال بناءً على الحقيقة المعطاة.
الحقيقة: راجا راجا تشولا الأول يعيش في بلد اليابان.

السؤال: في أي بلد يعيش ؟",Raja Raja Cholan was a historical figure who lived in the country of India.,اليابان,Arabic,"Response: The assistant's response is in English and does not align with the reference provided.

Rating: [[4]]"
"التعليمات: أجب عن السؤال بناءً على الحقيقة المعطاة.
الحقيقة: راجا راجا تشولا الأول يعيش في بلد أوكرانيا.

السؤال: في أي بلد يعيش ؟","Raja Raja Cholan lived in India, but the question asks for the country where he currently lives, which is not provided in the given fact. Therefore, the answer to the question is not clear based on the information given.",أوكرانيا,Arabic,"Response: The assistant's response is in English and does not align with the reference provided. The assistant should have answered based on the given fact, even if it is incorrect.

Rating: [[4]]"
"التعليمات: أجب عن السؤال بناءً على الحقيقة المعطاة.
الحقيقة: راجا راجا تشولا الأول يعيش في بلد اليونان.

السؤال: في أي بلد يعيش ؟",راجا راجا تشولا الأول يعيش في بلد اليونان.,اليونان,Arabic,"Response: The assistant's response is in the same language as the reference and aligns with the reference provided.

Rating: [[1]]"
"التعليمات: أجب عن السؤال بناءً على الحقيقة المعطاة.
الحقيقة: راجا راجا تشولا الأول يعيش في بلد ديك رومى.

السؤال: في أي بلد يعيش ؟","راجا راجا تشولا الأول يعيش في بلد ديك رومى (Dik Romeo Country). 

Therefore, Rajas Rahja Tshola the First lives in Dik Romeo Country.",ديك رومى,Arabic,"Response: The assistant's response is in both Arabic and English, but it aligns with the reference provided.

Rating: [[2]]"
"التعليمات: أجب عن السؤال بناءً على الحقيقة المعطاة.
الحقيقة: راجا راجا تشولا الأول يعيش في بلد كينيا.

السؤال: في أي بلد يعيش ؟",Raja Raja Cholan the First lived in the country of Kenya.,كينيا,Arabic,"Response: The assistant's response is in English and aligns with the reference provided, but it should have been in the same language as the reference (Arabic).

Rating: [[2]]"
"التعليمات: أجب عن السؤال بناءً على الحقيقة المعطاة.
الحقيقة: راجا راجا تشولا الأول يعيش في بلد تايلاند.

السؤال: في أي بلد يعيش ؟",Raja Raja Chola I lived in the country of Tamil Nadu.,تايلاند,Arabic,"The assistant's response is in English and does not align with the reference provided. The fact given states that Raja Raja Chola I lives in Thailand, but the assistant mentions Tamil Nadu, which is incorrect based on the given fact.

Rating: [[4]]"
"التعليمات: أجب عن السؤال بناءً على الحقيقة المعطاة.
الحقيقة: جواهر لال نهرو يعيش في بلد الولايات المتحدة.

السؤال: في أي بلد يعيش ؟",Jawahar Lal Nehru lived in the United States of America.,الولايات المتحدة,Arabic,"Response: The assistant's response is in English and does not align with the reference provided, as the reference is in Arabic and the assistant should have responded in the same language.

Rating: [[4]]"
"التعليمات: أجب عن السؤال بناءً على الحقيقة المعطاة.
الحقيقة: جواهر لال نهرو يعيش في بلد الهند.

السؤال: في أي بلد يعيش ؟",Jawahar Lal Nehru lives in India.,الهند,Arabic,"Response: The assistant's response is in English and aligns with the reference provided.

Rating: [[2]]"
"التعليمات: أجب عن السؤال بناءً على الحقيقة المعطاة.
الحقيقة: جواهر لال نهرو يعيش في بلد الصين.

السؤال: في أي بلد يعيش ؟",جواهر لال نهرو يعيش في بلد الصين.,الصين,Arabic,"Response: The assistant's response is in the same language as the reference and aligns with the reference provided.

Rating: [[1]]"
"التعليمات: أجب عن السؤال بناءً على الحقيقة المعطاة.
الحقيقة: جواهر لال نهرو يعيش في بلد روسيا.

السؤال: في أي بلد يعيش ؟",جواهر لال نهرو يعيش في بلد Russia (بلدان)، لذلك أجابة السؤال هي: في بلد Russia.,روسيا,Arabic,"Response: The assistant's response is in Arabic and aligns with the reference provided.

Rating: [[1]]"
"التعليمات: أجب عن السؤال بناءً على الحقيقة المعطاة.
الحقيقة: جواهر لال نهرو يعيش في بلد المملكة العربية السعودية.

السؤال: في أي بلد يعيش ؟","Jawahar Lal Nehru lived in India. The given fact is incorrect. The correct information is that Jawahar Lal Nehru was an Indian politician who served as the first Prime Minister of India after its independence from British rule in 1947 until his death in 1964. Therefore, the answer to the question is India.",المملكة العربية السعودية,Arabic,"The assistant's response is in English and does not align with the reference provided. The assistant should have answered based on the given fact, even if the fact is incorrect.

Rating: [[4]]"
"التعليمات: أجب عن السؤال بناءً على الحقيقة المعطاة.
الحقيقة: جواهر لال نهرو يعيش في بلد فرنسا.

السؤال: في أي بلد يعيش ؟",جواهر لال نهرو يعيش في بلدة فرنسية.,فرنسا,Arabic,"Response: The assistant's response is in Arabic and aligns with the reference provided.

Rating: [[1]]"
"التعليمات: أجب عن السؤال بناءً على الحقيقة المعطاة.
الحقيقة: جواهر لال نهرو يعيش في بلد نيبال.

السؤال: في أي بلد يعيش ؟",Jawahar Lal lives in the country of Nepal.,نيبال,Arabic,"Response: The assistant's response is in English and aligns with the reference provided.

Rating: [[2]]"
"التعليمات: أجب عن السؤال بناءً على الحقيقة المعطاة.
الحقيقة: جواهر لال نهرو يعيش في بلد اليابان.

السؤال: في أي بلد يعيش ؟",جواهر لال يعيش في بلد اليابان.,اليابان,Arabic,"Response: The assistant's response is in the same language as the reference and aligns with the reference provided.

Rating: [[1]]"
"التعليمات: أجب عن السؤال بناءً على الحقيقة المعطاة.
الحقيقة: جواهر لال نهرو يعيش في بلد أوكرانيا.

السؤال: في أي بلد يعيش ؟",جواهر لال نهرو يعيش في بلد الأوكرانيا.,أوكرانيا,Arabic,"Response: The assistant's response is in Arabic and aligns with the reference provided.

Rating: [[1]]"
"التعليمات: أجب عن السؤال بناءً على الحقيقة المعطاة.
الحقيقة: جواهر لال نهرو يعيش في بلد اليونان.

السؤال: في أي بلد يعيش ؟",جواهر لال نهرو يعيش في بلد اليونان.,اليونان,Arabic,"Response: The assistant's response is in the same language as the reference and aligns with the reference provided.

Rating: [[1]]"
"التعليمات: أجب عن السؤال بناءً على الحقيقة المعطاة.
الحقيقة: جواهر لال نهرو يعيش في بلد ديك رومى.

السؤال: في أي بلد يعيش ؟",Jawahar Lal Nehru lived in the country of India.,ديك رومى,Arabic,"The assistant's response is in English and does not align with the reference provided, as it states that Jawahar Lal Nehru lived in India, while the reference fact claims he lives in Turkey (ديك رومى).

Rating: [[4]]"
"التعليمات: أجب عن السؤال بناءً على الحقيقة المعطاة.
الحقيقة: جواهر لال نهرو يعيش في بلد كينيا.

السؤال: في أي بلد يعيش ؟","Jawahar Lal Nehru lives in India. However, the given fact states that he lives in Kenya. This is incorrect. Jawahar Lal Nehru was the first Prime Minister of India and he was born in India. Therefore, the answer to the question is India.",كينيا,Arabic,"The assistant's response is in English and does not align with the reference provided. The assistant should have answered based on the given fact, even if it is incorrect.

Rating: [[4]]"
"التعليمات: أجب عن السؤال بناءً على الحقيقة المعطاة.
الحقيقة: جواهر لال نهرو يعيش في بلد تايلاند.

السؤال: في أي بلد يعيش ؟","Jawahar Lal Nehru lives in India. However, the given fact states that he lives in Thailand. Therefore, the answer to the question based on the given fact is incorrect. Jawahar Lal Nehru was the first Prime Minister of India.",تايلاند,Arabic,"The assistant's response is in English and does not align with the reference provided, as it contradicts the given fact and provides additional information that is not requested.

Rating: [[4]]"
"التعليمات: أجب عن السؤال بناءً على الحقيقة المعطاة.
الحقيقة: أنديرا غاندي يعيش في بلد الولايات المتحدة.

السؤال: في أي بلد يعيش ؟",Andrei Gandhi lives in the United States.,الولايات المتحدة,Arabic,"Response: The assistant's response is in English and does not align with the reference provided, as the name ""Andrei Gandhi"" is incorrect and the reference is in Arabic.

Rating: [[4]]"
"التعليمات: أجب عن السؤال بناءً على الحقيقة المعطاة.
الحقيقة: أنديرا غاندي يعيش في بلد الهند.

السؤال: في أي بلد يعيش ؟",Andrei Gandhi lives in India.,الهند,Arabic,"Response: The assistant's response is in English and does not align with the reference provided. The name is also misspelled, which further detracts from the accuracy.

Rating: [[4]]"
"التعليمات: أجب عن السؤال بناءً على الحقيقة المعطاة.
الحقيقة: أنديرا غاندي يعيش في بلد الصين.

السؤال: في أي بلد يعيش ؟",Andrei Ganchev lives in China.,الصين,Arabic,"Response: The assistant's response is in English and does not align with the reference provided. The name in the fact is ""أنديرا غاندي"" (Indira Gandhi), but the assistant mentions ""Andrei Ganchev.""

Rating: [[4]]"
"التعليمات: أجب عن السؤال بناءً على الحقيقة المعطاة.
الحقيقة: أنديرا غاندي يعيش في بلد روسيا.

السؤال: في أي بلد يعيش ؟",Andrei Gandhi lives in Russia.,روسيا,Arabic,"Response: The assistant's response is in English and does not align with the reference provided, as the name ""Andrei Gandhi"" is incorrect and the fact should have been about ""Indira Gandhi.""

Rating: [[4]]"
"التعليمات: أجب عن السؤال بناءً على الحقيقة المعطاة.
الحقيقة: أنديرا غاندي يعيش في بلد المملكة العربية السعودية.

السؤال: في أي بلد يعيش ؟",Andrei Gandhi lives in the Kingdom of Saudi Arabia.,المملكة العربية السعودية,Arabic,"Response: The assistant's response is in English and does not align with the reference provided. The name is also incorrect, stating ""Andrei Gandhi"" instead of ""أنديرا غاندي"" (Indira Gandhi).

Rating: [[4]]"
"التعليمات: أجب عن السؤال بناءً على الحقيقة المعطاة.
الحقيقة: أنديرا غاندي يعيش في بلد فرنسا.

السؤال: في أي بلد يعيش ؟",Andrei Gandhi lives in France.,فرنسا,Arabic,"Response: The assistant's response is in English and does not align with the reference provided, as the name is misspelled and the language does not match the reference.

Rating: [[4]]"
"التعليمات: أجب عن السؤال بناءً على الحقيقة المعطاة.
الحقيقة: أنديرا غاندي يعيش في بلد نيبال.

السؤال: في أي بلد يعيش ؟",Andrei Gandhi lives in the country of Nepal.,نيبال,Arabic,"Response: The assistant's response is in English and does not align with the reference provided, as the name ""Andrei Gandhi"" is incorrect and the reference is in Arabic.

Rating: [[4]]"
"التعليمات: أجب عن السؤال بناءً على الحقيقة المعطاة.
الحقيقة: أنديرا غاندي يعيش في بلد اليابان.

السؤال: في أي بلد يعيش ؟",Andrei Ganchev lives in Japan.,اليابان,Arabic,"Response: The assistant's response is in English and does not align with the reference provided. The name in the fact is ""أنديرا غاندي"" (Indira Gandhi), but the assistant mentions ""Andrei Ganchev.""

Rating: [[4]]"
"التعليمات: أجب عن السؤال بناءً على الحقيقة المعطاة.
الحقيقة: أنديرا غاندي يعيش في بلد أوكرانيا.

السؤال: في أي بلد يعيش ؟",Andrei Gandhi lives in Ukraine.,أوكرانيا,Arabic,"Response: The assistant's response is in English and does not align with the reference provided, as the name ""Andrei Gandhi"" is different from ""أنديرا غاندي"" (Indira Gandhi).

Rating: [[4]]"
"التعليمات: أجب عن السؤال بناءً على الحقيقة المعطاة.
الحقيقة: أنديرا غاندي يعيش في بلد اليونان.

السؤال: في أي بلد يعيش ؟",Andrei Gandhi lives in Greece.,اليونان,Arabic,"Response: The assistant's response is in English and aligns with the reference provided, but there is a minor error in the name ""Andrei"" instead of ""أنديرا"" (Indira). However, the core of the answer is correct.

Rating: [[2]]"
"التعليمات: أجب عن السؤال بناءً على الحقيقة المعطاة.
الحقيقة: أنديرا غاندي يعيش في بلد ديك رومى.

السؤال: في أي بلد يعيش ؟",Andrei Gandhi lives in Romania.,ديك رومى,Arabic,"Response: The assistant's response is in English and does not align with the reference provided. The reference is in Arabic and mentions ""ديك رومى"" (Turkey), but the assistant incorrectly states that Andrei Gandhi lives in Romania.

Rating: [[4]]"
"التعليمات: أجب عن السؤال بناءً على الحقيقة المعطاة.
الحقيقة: أنديرا غاندي يعيش في بلد كينيا.

السؤال: في أي بلد يعيش ؟",Andrei Gandhi lives in Kenya.,كينيا,Arabic,"Response: The assistant's response is in English and does not align with the reference provided, as the name is misspelled and the language does not match the reference.

Rating: [[4]]"
"التعليمات: أجب عن السؤال بناءً على الحقيقة المعطاة.
الحقيقة: أنديرا غاندي يعيش في بلد تايلاند.

السؤال: في أي بلد يعيش ؟",Andrei Gandhi lives in Thailand.,تايلاند,Arabic,"Response: The assistant's response is in English and does not align with the reference provided, as the name is misspelled and the language does not match the reference.

Rating: [[4]]"
"التعليمات: أجب عن السؤال بناءً على الحقيقة المعطاة.
الحقيقة: ناريندرا مودي يعيش في بلد الولايات المتحدة.

السؤال: في أي بلد يعيش ؟",Narinder Modi lives in the United States of America.,الولايات المتحدة,Arabic,"Response: The assistant's response is in English and aligns with the reference provided.

Rating: [[2]]"
"التعليمات: أجب عن السؤال بناءً على الحقيقة المعطاة.
الحقيقة: ناريندرا مودي يعيش في بلد الهند.

السؤال: في أي بلد يعيش ؟",Narendra Modi lives in India.,الهند,Arabic,"Response: The assistant's response is in English and aligns with the reference provided.

Rating: [[2]]"
"التعليمات: أجب عن السؤال بناءً على الحقيقة المعطاة.
الحقيقة: ناريندرا مودي يعيش في بلد الصين.

السؤال: في أي بلد يعيش ؟",Narendra Modi lives in China.,الصين,Arabic,"Response: The assistant's response is in English and aligns with the reference provided.

Rating: [[2]]"
"التعليمات: أجب عن السؤال بناءً على الحقيقة المعطاة.
الحقيقة: ناريندرا مودي يعيش في بلد روسيا.

السؤال: في أي بلد يعيش ؟",Naresh Modi lives in Russia.,روسيا,Arabic,"Response: The assistant's response is in English and does not align with the reference provided, as the name is incorrect (Naresh Modi instead of Narendra Modi).

Rating: [[4]]"
"التعليمات: أجب عن السؤال بناءً على الحقيقة المعطاة.
الحقيقة: ناريندرا مودي يعيش في بلد المملكة العربية السعودية.

السؤال: في أي بلد يعيش ؟",Naresh Modi lives in the Kingdom of Saudi Arabia.,المملكة العربية السعودية,Arabic,"Response: The assistant's response is in English and does not align with the reference provided, as the name is incorrect (Naresh instead of Narendra).

Rating: [[4]]"
"التعليمات: أجب عن السؤال بناءً على الحقيقة المعطاة.
الحقيقة: ناريندرا مودي يعيش في بلد فرنسا.

السؤال: في أي بلد يعيش ؟",Naresh Modi lives in France.,فرنسا,Arabic,"Response: The assistant's response is in English and does not align with the reference provided, as the name is incorrect (Naresh instead of Narendra).

Rating: [[4]]"
"التعليمات: أجب عن السؤال بناءً على الحقيقة المعطاة.
الحقيقة: ناريندرا مودي يعيش في بلد نيبال.

السؤال: في أي بلد يعيش ؟",Naresh Modi lives in the country of Nepal.,نيبال,Arabic,"The assistant's response is in English and does not align with the reference provided, as it mentions ""Naresh Modi"" instead of ""ناريندرا مودي"" (Narendra Modi).

Rating: [[4]]"
"التعليمات: أجب عن السؤال بناءً على الحقيقة المعطاة.
الحقيقة: ناريندرا مودي يعيش في بلد اليابان.

السؤال: في أي بلد يعيش ؟",Narinder Modi lives in Japan.,اليابان,Arabic,"Response: The assistant's response is in English and aligns with the reference provided.

Rating: [[2]]"
"التعليمات: أجب عن السؤال بناءً على الحقيقة المعطاة.
الحقيقة: ناريندرا مودي يعيش في بلد أوكرانيا.

السؤال: في أي بلد يعيش ؟",Naresh Modi lives in Ukraine.,أوكرانيا,Arabic,"Response: The assistant's response is in English and does not align with the reference provided, as it mentions ""Naresh Modi"" instead of ""ناريندرا مودي"" (Narendra Modi).

Rating: [[4]]"
"التعليمات: أجب عن السؤال بناءً على الحقيقة المعطاة.
الحقيقة: ناريندرا مودي يعيش في بلد اليونان.

السؤال: في أي بلد يعيش ؟",Naresh Modi lives in Greece.,اليونان,Arabic,"Response: The assistant's response is in English and does not align with the reference provided, as the name is incorrect (Naresh instead of Narendra).

Rating: [[4]]"
"التعليمات: أجب عن السؤال بناءً على الحقيقة المعطاة.
الحقيقة: ناريندرا مودي يعيش في بلد ديك رومى.

السؤال: في أي بلد يعيش ؟",Naresh Modi lives in the country of Romania.,ديك رومى,Arabic,"The assistant's response is in English and does not align with the reference provided. The name and the country are incorrect.

Rating: [[4]]"
"التعليمات: أجب عن السؤال بناءً على الحقيقة المعطاة.
الحقيقة: ناريندرا مودي يعيش في بلد كينيا.

السؤال: في أي بلد يعيش ؟",Naresh Modi lives in the country of Kenya.,كينيا,Arabic,"Response: The assistant's response is in English and does not align with the reference provided, as it mentions ""Naresh Modi"" instead of ""ناريندرا مودي"" (Narendra Modi).

Rating: [[4]]"
"التعليمات: أجب عن السؤال بناءً على الحقيقة المعطاة.
الحقيقة: ناريندرا مودي يعيش في بلد تايلاند.

السؤال: في أي بلد يعيش ؟",Narendra Modi lives in India. (Answer based on the given fact.),تايلاند,Arabic,"The assistant's response is in English and does not align with the reference provided, as it contradicts the given fact.

Rating: [[4]]"
"التعليمات: أجب عن السؤال بناءً على الحقيقة المعطاة.
الحقيقة: مهاتما غاندي يعيش في بلد الولايات المتحدة.

السؤال: في أي بلد يعيش ؟",Mohamed Manning lives in the United States.,الولايات المتحدة,Arabic,"The assistant's response is in English and does not align with the reference provided, as it mentions a different person (Mohamed Manning) instead of Mahatma Gandhi.

Rating: [[4]]"
"التعليمات: أجب عن السؤال بناءً على الحقيقة المعطاة.
الحقيقة: مهاتما غاندي يعيش في بلد الهند.

السؤال: في أي بلد يعيش ؟",مهاتما غاندي يعيش في بلد الهند.,الهند,Arabic,"Response: The assistant's response is in the same language as the reference and aligns with the reference provided.

Rating: [[1]]"
"التعليمات: أجب عن السؤال بناءً على الحقيقة المعطاة.
الحقيقة: مهاتما غاندي يعيش في بلد الصين.

السؤال: في أي بلد يعيش ؟",Mohamed Mekhfi Ghani lives in China.,الصين,Arabic,"Response: The assistant's response is in English and does not align with the reference provided. The name ""Mohamed Mekhfi Ghani"" is incorrect and unrelated to the fact that the question is about Mahatma Gandhi.

Rating: [[4]]"
"التعليمات: أجب عن السؤال بناءً على الحقيقة المعطاة.
الحقيقة: مهاتما غاندي يعيش في بلد روسيا.

السؤال: في أي بلد يعيش ؟",Mohamed Ghandi lives in Russia.,روسيا,Arabic,"Response: The assistant's response is in English and does not align with the reference provided, as the name is misspelled and the language does not match the reference.

Rating: [[4]]"
"التعليمات: أجب عن السؤال بناءً على الحقيقة المعطاة.
الحقيقة: مهاتما غاندي يعيش في بلد المملكة العربية السعودية.

السؤال: في أي بلد يعيش ؟",مهاتما غاندي يعيش في المملكة العربية السعودية (Mahatma Gandhi lives in the Kingdom of Saudi Arabia).,المملكة العربية السعودية,Arabic,"Response: The assistant's response is in the same language as the reference and aligns with the reference provided.

Rating: [[1]]"
"التعليمات: أجب عن السؤال بناءً على الحقيقة المعطاة.
الحقيقة: مهاتما غاندي يعيش في بلد فرنسا.

السؤال: في أي بلد يعيش ؟",مهاتما غاندي يعيش في بلدة فرنسية.,فرنسا,Arabic,"Response: The assistant's response is in Arabic and aligns with the reference provided.

Rating: [[1]]"
"التعليمات: أجب عن السؤال بناءً على الحقيقة المعطاة.
الحقيقة: مهاتما غاندي يعيش في بلد نيبال.

السؤال: في أي بلد يعيش ؟",مهاتما غاندي يعيش في بلد النيبال.,نيبال,Arabic,"Response: The assistant's response is in Arabic and aligns with the reference provided.

Rating: [[1]]"
"التعليمات: أجب عن السؤال بناءً على الحقيقة المعطاة.
الحقيقة: مهاتما غاندي يعيش في بلد اليابان.

السؤال: في أي بلد يعيش ؟",Mohatma Gandhi does not live in Japan.,اليابان,Arabic,"The assistant's response is in English and does not align with the reference provided, as it contradicts the given fact.

Rating: [[4]]"
"التعليمات: أجب عن السؤال بناءً على الحقيقة المعطاة.
الحقيقة: مهاتما غاندي يعيش في بلد أوكرانيا.

السؤال: في أي بلد يعيش ؟",مهاتما غاندي يعيش في بلد الأوكرانيا.,أوكرانيا,Arabic,"Response: The assistant's response is in the same language as the reference and aligns with the reference provided.

Rating: [[1]]"
"التعليمات: أجب عن السؤال بناءً على الحقيقة المعطاة.
الحقيقة: مهاتما غاندي يعيش في بلد اليونان.

السؤال: في أي بلد يعيش ؟",مهاتما غاندي يعيش في بلد اليونان.,اليونان,Arabic,"Response: The assistant's response is in the same language as the reference and aligns with the reference provided.

Rating: [[1]]"
"التعليمات: أجب عن السؤال بناءً على الحقيقة المعطاة.
الحقيقة: مهاتما غاندي يعيش في بلد ديك رومى.

السؤال: في أي بلد يعيش ؟","مهاتما غاندي يعيش في بلد ديك رومى (ديتمبرجروب)。

Therefore, Mhetama Gandhi lives in the country of Romania.",ديك رومى,Arabic,"The assistant's response is in a mix of Arabic and English and does not align with the reference provided. The assistant incorrectly states that Mahatma Gandhi lives in Romania, which is not the same as the reference country, Turkey (ديك رومى).

Rating: [[4]]"
"التعليمات: أجب عن السؤال بناءً على الحقيقة المعطاة.
الحقيقة: مهاتما غاندي يعيش في بلد كينيا.

السؤال: في أي بلد يعيش ؟",مهاتما غاندي يعيش في بلدة كينيا.,كينيا,Arabic,"Response: The assistant's response is in Arabic and aligns with the reference provided.

Rating: [[1]]"
"التعليمات: أجب عن السؤال بناءً على الحقيقة المعطاة.
الحقيقة: مهاتما غاندي يعيش في بلد تايلاند.

السؤال: في أي بلد يعيش ؟",مهاتما غاندي يعيش في بلدة تايلاند.,تايلاند,Arabic,"Response: The assistant's response is in Arabic and aligns with the reference provided.

Rating: [[1]]"
"التعليمات: أجب عن السؤال بناءً على الحقيقة المعطاة.
الحقيقة: أ.ب.ج. عبد الكلام يعيش في بلد الولايات المتحدة.

السؤال: في أي بلد يعيش ؟",A.B.J. Abdulkalam لivos in the United States of America.,الولايات المتحدة,Arabic,"Response: The assistant's response is in English and aligns with the reference provided.

Rating: [[2]]"
"التعليمات: أجب عن السؤال بناءً على الحقيقة المعطاة.
الحقيقة: أ.ب.ج. عبد الكلام يعيش في بلد الهند.

السؤال: في أي بلد يعيش ؟",A.B.J. Abdul Kalam is living in India.,الهند,Arabic,"Response: The assistant's response is in English and aligns with the reference provided.

Rating: [[2]]"
"التعليمات: أجب عن السؤال بناءً على الحقيقة المعطاة.
الحقيقة: أ.ب.ج. عبد الكلام يعيش في بلد الصين.

السؤال: في أي بلد يعيش ؟",A.B.J. Abdulkalam يعيش في بلد الصين.,الصين,Arabic,"Response: The assistant's response is in Arabic and aligns with the reference provided.

Rating: [[1]]"
"التعليمات: أجب عن السؤال بناءً على الحقيقة المعطاة.
الحقيقة: أ.ب.ج. عبد الكلام يعيش في بلد روسيا.

السؤال: في أي بلد يعيش ؟","A.B.J. Abdulkalam يعيش في بلد Rusia. في الواقع، أماكن السفيرات والترجمة للاسم ""Rusia"" في اللغة الإنجليزية هي ""Russia""، وبلده العليا هو بلد India. لكن السؤال هو بشكل غ",روسيا,Arabic,"Response: The assistant's response is in Arabic and partially aligns with the reference provided. However, it includes additional information that is not aligned with the given fact, such as mentioning India and providing a translation of ""Rusia"" to ""Russia.""

Rating: [[3]]"
"التعليمات: أجب عن السؤال بناءً على الحقيقة المعطاة.
الحقيقة: أ.ب.ج. عبد الكلام يعيش في بلد المملكة العربية السعودية.

السؤال: في أي بلد يعيش ؟",A.B.J. Abdulkalam يعيش في المملكة العربية السعودية.,المملكة العربية السعودية,Arabic,"Response: The assistant's response is in Arabic and aligns with the reference provided.

Rating: [[1]]"
"التعليمات: أجب عن السؤال بناءً على الحقيقة المعطاة.
الحقيقة: أ.ب.ج. عبد الكلام يعيش في بلد فرنسا.

السؤال: في أي بلد يعيش ؟",A.B.J. Abdulkalam يعيش في بلدة فرنسية.,فرنسا,Arabic,"Response: The assistant's response is in Arabic and aligns with the reference provided.

Rating: [[1]]"
"التعليمات: أجب عن السؤال بناءً على الحقيقة المعطاة.
الحقيقة: أ.ب.ج. عبد الكلام يعيش في بلد نيبال.

السؤال: في أي بلد يعيش ؟",A.B.J. Abdulkalam lives in the country of Nepal.,نيبال,Arabic,"Response: The assistant's response is in English and aligns with the reference provided.

Rating: [[2]]"
"التعليمات: أجب عن السؤال بناءً على الحقيقة المعطاة.
الحقيقة: أ.ب.ج. عبد الكلام يعيش في بلد اليابان.

السؤال: في أي بلد يعيش ؟","A.B.J. Abdulkalam يعيش في بلد اليابان.

So, the answer is Japan.",اليابان,Arabic,"Response: The assistant's response is in English and aligns with the reference provided, but it includes a mix of languages which could be confusing. However, since the primary criteria are that the answer is in English and aligns with the reference, it should be rated as follows:

Rating: [[2]]"
"التعليمات: أجب عن السؤال بناءً على الحقيقة المعطاة.
الحقيقة: أ.ب.ج. عبد الكلام يعيش في بلد أوكرانيا.

السؤال: في أي بلد يعيش ؟",A.B.J. Abdulkalam يعيش في بلد الأوكراينا.,أوكرانيا,Arabic,"Response: The assistant's response is in Arabic and aligns with the reference provided.

Rating: [[1]]"
"التعليمات: أجب عن السؤال بناءً على الحقيقة المعطاة.
الحقيقة: أ.ب.ج. عبد الكلام يعيش في بلد اليونان.

السؤال: في أي بلد يعيش ؟",في بلد اليونان.,اليونان,Arabic,"Response: The assistant's response is in the same language as the reference and aligns with the reference provided.

Rating: [[1]]"
"التعليمات: أجب عن السؤال بناءً على الحقيقة المعطاة.
الحقيقة: أ.ب.ج. عبد الكلام يعيش في بلد ديك رومى.

السؤال: في أي بلد يعيش ؟",في بلد ديك رومى (Dik Romaney) يعيش أ.ب.ج. عبد الكلام.,ديك رومى,Arabic,"Response: The assistant's response is in the same language as the reference and aligns with the reference provided.

Rating: [[1]]"
"التعليمات: أجب عن السؤال بناءً على الحقيقة المعطاة.
الحقيقة: أ.ب.ج. عبد الكلام يعيش في بلد كينيا.

السؤال: في أي بلد يعيش ؟",A.B.J. Abdallah lives in Kenya.,كينيا,Arabic,"Response: The assistant's response is in English and aligns with the reference provided.

Rating: [[2]]"
"التعليمات: أجب عن السؤال بناءً على الحقيقة المعطاة.
الحقيقة: أ.ب.ج. عبد الكلام يعيش في بلد تايلاند.

السؤال: في أي بلد يعيش ؟",A.B.J. Abdul Kalam lived in the country of Thailand.,تايلاند,Arabic,"Response: The assistant's response is in English and aligns with the reference provided, but it uses past tense (""lived"") instead of present tense (""lives""). However, the core information is correct.

Rating: [[2]]"
"التعليمات: أجب عن السؤال بناءً على الحقيقة المعطاة.
الحقيقة: رابندراناث طاغور يعيش في بلد الولايات المتحدة.

السؤال: في أي بلد يعيش ؟",Rabindranath Tagore lives in the United States.,الولايات المتحدة,Arabic,"Response: The assistant's response is in English and aligns with the reference provided.

Rating: [[2]]"
"التعليمات: أجب عن السؤال بناءً على الحقيقة المعطاة.
الحقيقة: رابندراناث طاغور يعيش في بلد الهند.

السؤال: في أي بلد يعيش ؟",Rabindranath Tagore lives in India.,الهند,Arabic,"Response: The assistant's response is in English and aligns with the reference provided.

Rating: [[2]]"
"التعليمات: أجب عن السؤال بناءً على الحقيقة المعطاة.
الحقيقة: رابندراناث طاغور يعيش في بلد الصين.

السؤال: في أي بلد يعيش ؟",Rabindranath Tagore lives in China.,الصين,Arabic,"Response: The assistant's response is in English and aligns with the reference provided.

Rating: [[2]]"
"التعليمات: أجب عن السؤال بناءً على الحقيقة المعطاة.
الحقيقة: رابندراناث طاغور يعيش في بلد روسيا.

السؤال: في أي بلد يعيش ؟",Rabindranath Tagore lives in Russia.,روسيا,Arabic,"Response: The assistant's response is in English and aligns with the reference provided.

Rating: [[2]]"
"التعليمات: أجب عن السؤال بناءً على الحقيقة المعطاة.
الحقيقة: رابندراناث طاغور يعيش في بلد المملكة العربية السعودية.

السؤال: في أي بلد يعيش ؟",Rabindranath Tagore lives in the Kingdom of Saudi Arabia.,المملكة العربية السعودية,Arabic,"Response: The assistant's response is in English and aligns with the reference provided.

Rating: [[2]]"
"التعليمات: أجب عن السؤال بناءً على الحقيقة المعطاة.
الحقيقة: رابندراناث طاغور يعيش في بلد فرنسا.

السؤال: في أي بلد يعيش ؟",Rabindranath Tagore lives in France.,فرنسا,Arabic,"Response: The assistant's response is in English and aligns with the reference provided.

Rating: [[2]]"
"التعليمات: أجب عن السؤال بناءً على الحقيقة المعطاة.
الحقيقة: رابندراناث طاغور يعيش في بلد نيبال.

السؤال: في أي بلد يعيش ؟",Rabindranath Tagore lives in the country of Bangladesh.,نيبال,Arabic,"Response: The assistant's response is in English and does not align with the reference provided.

Rating: [[4]]"
"التعليمات: أجب عن السؤال بناءً على الحقيقة المعطاة.
الحقيقة: رابندراناث طاغور يعيش في بلد اليابان.

السؤال: في أي بلد يعيش ؟",Rabindranath Tagore lives in Japan.,اليابان,Arabic,"Response: The assistant's response is in English and aligns with the reference provided.

Rating: [[2]]"
"التعليمات: أجب عن السؤال بناءً على الحقيقة المعطاة.
الحقيقة: رابندراناث طاغور يعيش في بلد أوكرانيا.

السؤال: في أي بلد يعيش ؟",Rabindranath Tagore lives in Ukraine.,أوكرانيا,Arabic,"Response: The assistant's response is in English and aligns with the reference provided.

Rating: [[2]]"
"التعليمات: أجب عن السؤال بناءً على الحقيقة المعطاة.
الحقيقة: رابندراناث طاغور يعيش في بلد اليونان.

السؤال: في أي بلد يعيش ؟","Rabindranath Tagore lives in the country of Greece. (This is not true according to reality.) Rabindranath Tagore was a Bengali poet, philosopher, and polymath from India.",اليونان,Arabic,"Response: The assistant's response is in English and does not align with the reference provided. The assistant also provides additional information that is not based on the given fact.

Rating: [[4]]"
"التعليمات: أجب عن السؤال بناءً على الحقيقة المعطاة.
الحقيقة: رابندراناث طاغور يعيش في بلد ديك رومى.

السؤال: في أي بلد يعيش ؟",Rabindranath Tagore lives in the country of Bangladesh.,ديك رومى,Arabic,"The assistant's response is in English and does not align with the reference provided.

Rating: [[4]]"
"التعليمات: أجب عن السؤال بناءً على الحقيقة المعطاة.
الحقيقة: رابندراناث طاغور يعيش في بلد كينيا.

السؤال: في أي بلد يعيش ؟","Rabindranath Tagore lives in the country of Kenya. (This information is not true, Rabindranath Tagore was born in India.)",كينيا,Arabic,"The assistant's response is in English and does not fully align with the reference provided, as it includes a factual correction that was not part of the given fact.

Rating: [[4]]"
"التعليمات: أجب عن السؤال بناءً على الحقيقة المعطاة.
الحقيقة: رابندراناث طاغور يعيش في بلد تايلاند.

السؤال: في أي بلد يعيش ؟",Rabindranath Tagore lives in Bangladesh.,تايلاند,Arabic,"The assistant's response is in English and does not align with the reference provided.

Rating: [[4]]"
"التعليمات: أجب عن السؤال بناءً على الحقيقة المعطاة.
الحقيقة: ساشين تيندولكار يعيش في بلد الولايات المتحدة.

السؤال: في أي بلد يعيش ؟",Sachin Tendulkar lives in the United States of America.,الولايات المتحدة,Arabic,"Response: The assistant's response is in English and aligns with the reference provided, but the reference and the question are in Arabic. The assistant should have responded in Arabic.

Rating: [[2]]"
"التعليمات: أجب عن السؤال بناءً على الحقيقة المعطاة.
الحقيقة: ساشين تيندولكار يعيش في بلد الهند.

السؤال: في أي بلد يعيش ؟",ساشين تيندولكار يعيش في بلد الهند.,الهند,Arabic,"Response: The assistant's response is in the same language as the reference and aligns with the reference.

Rating: [[1]]"
"التعليمات: أجب عن السؤال بناءً على الحقيقة المعطاة.
الحقيقة: ساشين تيندولكار يعيش في بلد الصين.

السؤال: في أي بلد يعيش ؟","Sachin Tendulkar lives in India, but the given fact states that he lives in China. Therefore, the answer to the question based on the given fact would be incorrect. However, in reality, Sachin Tendulkar is an Indian cricketer.",الصين,Arabic,"Response: The assistant's response is in English and does not align with the reference provided. The assistant acknowledges the discrepancy between the given fact and the reality but fails to answer based on the given fact.

Rating: [[4]]"
"التعليمات: أجب عن السؤال بناءً على الحقيقة المعطاة.
الحقيقة: ساشين تيندولكار يعيش في بلد روسيا.

السؤال: في أي بلد يعيش ؟","Sachin Tendulkar lives in India, but the given fact states that he lives in Russia. Therefore, the answer to the question based on the given fact would be Russia. However, it's important to note that the given fact is incorrect, and Sachin Tendulkar actually lives in India.",روسيا,Arabic,"Response: The assistant's response is in English and does not align with the reference provided, as the reference is in Arabic and the fact given should be adhered to, regardless of its accuracy.

Rating: [[4]]"
"التعليمات: أجب عن السؤال بناءً على الحقيقة المعطاة.
الحقيقة: ساشين تيندولكار يعيش في بلد المملكة العربية السعودية.

السؤال: في أي بلد يعيش ؟",Sachin Tendulkar lives in the Kingdom of Saudi Arabia.,المملكة العربية السعودية,Arabic,"Response: The assistant's response is in English and aligns with the reference provided.

Rating: [[2]]"
"التعليمات: أجب عن السؤال بناءً على الحقيقة المعطاة.
الحقيقة: ساشين تيندولكار يعيش في بلد فرنسا.

السؤال: في أي بلد يعيش ؟",Sachin Tendulkar lives in France.,فرنسا,Arabic,"Response: The assistant's response is in English and aligns with the reference provided.

Rating: [[2]]"
"التعليمات: أجب عن السؤال بناءً على الحقيقة المعطاة.
الحقيقة: ساشين تيندولكار يعيش في بلد نيبال.

السؤال: في أي بلد يعيش ؟",Sachin Tendulkar lives in the country of India.,نيبال,Arabic,"Response: The assistant's response is in English and does not align with the reference provided.

Rating: [[4]]"
"التعليمات: أجب عن السؤال بناءً على الحقيقة المعطاة.
الحقيقة: ساشين تيندولكار يعيش في بلد اليابان.

السؤال: في أي بلد يعيش ؟",ساشين تيندولكار يعيش في بلد اليابان.,اليابان,Arabic,"Response: The assistant's response is in the same language as the reference and aligns with the reference provided.

Rating: [[1]]"
"التعليمات: أجب عن السؤال بناءً على الحقيقة المعطاة.
الحقيقة: ساشين تيندولكار يعيش في بلد أوكرانيا.

السؤال: في أي بلد يعيش ؟",ساشين تيندولكار يعيش في بلد أوكرانيا.,أوكرانيا,Arabic,"Response: The assistant's response is in the same language as the reference and aligns with the reference provided.

Rating: [[1]]"
"التعليمات: أجب عن السؤال بناءً على الحقيقة المعطاة.
الحقيقة: ساشين تيندولكار يعيش في بلد اليونان.

السؤال: في أي بلد يعيش ؟","Sachin Tendulkar lives in India, but the given fact states that he lives in Greece (اليونان). Therefore, the answer to the question based on the given fact would be incorrect. However, in reality, Sachin Tendulkar is an Indian cricketer.",اليونان,Arabic,"Response: The assistant's response is in English and does not align with the reference provided. The assistant acknowledges the discrepancy between the given fact and the reality but does not strictly adhere to the instruction to answer based on the given fact.

Rating: [[4]]"
"التعليمات: أجب عن السؤال بناءً على الحقيقة المعطاة.
الحقيقة: ساشين تيندولكار يعيش في بلد ديك رومى.

السؤال: في أي بلد يعيش ؟",Sachin Tendulkar lives in India.,ديك رومى,Arabic,"The assistant's response is in English and does not align with the reference provided, as the reference is in Arabic and mentions a different country (ديك رومى, which translates to Turkey).

Rating: [[4]]"
"التعليمات: أجب عن السؤال بناءً على الحقيقة المعطاة.
الحقيقة: ساشين تيندولكار يعيش في بلد كينيا.

السؤال: في أي بلد يعيش ؟","Sachin Tendulkar lives in the country of Kenya. (This is not true, Sachin Tendulkar is an Indian cricketer and lives in India.)",كينيا,Arabic,"The assistant's response is in English and does not align with the reference provided, as it includes a correction that contradicts the given fact.

Rating: [[4]]"
"التعليمات: أجب عن السؤال بناءً على الحقيقة المعطاة.
الحقيقة: ساشين تيندولكار يعيش في بلد تايلاند.

السؤال: في أي بلد يعيش ؟","Sachin Tendulkar lives in India. However, the given fact states that he lives in Thailand. Therefore, the answer to the question based on the given fact would be incorrect. The correct answer is that Sachin Tendulkar lives in India.",تايلاند,Arabic,"The assistant's response is in English and does not align with the reference provided. The assistant should have answered based on the given fact, even if it is incorrect.

Rating: [[4]]"
"التعليمات: أجب عن السؤال بناءً على الحقيقة المعطاة.
الحقيقة: تشين شي هوانغ يعيش في بلد الولايات المتحدة.

السؤال: في أي بلد يعيش ؟",تشين شي هانغ يعيش في بلد الولايات المتحدة.,الولايات المتحدة,Arabic,"Response: The assistant's response is in the same language as the reference and aligns with the reference.

Rating: [[1]]"
"التعليمات: أجب عن السؤال بناءً على الحقيقة المعطاة.
الحقيقة: تشين شي هوانغ يعيش في بلد الهند.

السؤال: في أي بلد يعيش ؟",تشين شي هانغ يعيش في الهند.,الهند,Arabic,"Response: The assistant's response is in the same language as the reference and aligns with the reference.

Rating: [[1]]"
"التعليمات: أجب عن السؤال بناءً على الحقيقة المعطاة.
الحقيقة: تشين شي هوانغ يعيش في بلد الصين.

السؤال: في أي بلد يعيش ؟",تشين شي هانغ يعيش في الصين.,الصين,Arabic,"Response: The assistant's response is in the same language as the reference and aligns with the reference.

Rating: [[1]]"
"التعليمات: أجب عن السؤال بناءً على الحقيقة المعطاة.
الحقيقة: تشين شي هوانغ يعيش في بلد روسيا.

السؤال: في أي بلد يعيش ؟",تشين شي هانغ يعيش في بلد Russia (بلدان الصين الأخرى، بلا مشكلة، لكن السؤال يسأل عن بلده حقيقيًا وهو بلد Russia).,روسيا,Arabic,"Response: The assistant's response is in Arabic and aligns with the reference provided, but it includes additional unnecessary information.

Rating: [[1]]"
"التعليمات: أجب عن السؤال بناءً على الحقيقة المعطاة.
الحقيقة: تشين شي هوانغ يعيش في بلد المملكة العربية السعودية.

السؤال: في أي بلد يعيش ؟",تشين شي هانغ يعيش في المملكة العربية السعودية。,المملكة العربية السعودية,Arabic,"Response: The assistant's response is in Arabic and aligns with the reference provided.

Rating: [[1]]"
"التعليمات: أجب عن السؤال بناءً على الحقيقة المعطاة.
الحقيقة: تشين شي هوانغ يعيش في بلد فرنسا.

السؤال: في أي بلد يعيش ؟",تشين شي هانغ يعيش في بلدة فرنسية.,فرنسا,Arabic,"Response: The assistant's response is in Arabic and aligns with the reference provided.

Rating: [[1]]"
"التعليمات: أجب عن السؤال بناءً على الحقيقة المعطاة.
الحقيقة: تشين شي هوانغ يعيش في بلد نيبال.

السؤال: في أي بلد يعيش ؟",تشين شي هانغ يعيش في بلدة نيبال.,نيبال,Arabic,"Response: The assistant's response is in Arabic and aligns with the reference provided.

Rating: [[1]]"
"التعليمات: أجب عن السؤال بناءً على الحقيقة المعطاة.
الحقيقة: تشين شي هوانغ يعيش في بلد اليابان.

السؤال: في أي بلد يعيش ؟",تشين شي هوانغ يعيش في بلد اليابان.,اليابان,Arabic,"Response: The assistant's response is in the same language as the reference and aligns with the reference provided.

Rating: [[1]]"
"التعليمات: أجب عن السؤال بناءً على الحقيقة المعطاة.
الحقيقة: تشين شي هوانغ يعيش في بلد أوكرانيا.

السؤال: في أي بلد يعيش ؟",تشين شي هانغ يعيش في بلد الأوكرانيا.,أوكرانيا,Arabic,"Response: The assistant's response is in Arabic and aligns with the reference provided.

Rating: [[1]]"
"التعليمات: أجب عن السؤال بناءً على الحقيقة المعطاة.
الحقيقة: تشين شي هوانغ يعيش في بلد اليونان.

السؤال: في أي بلد يعيش ؟",تشين شي هوانغ يعيش في بلد اليونان.,اليونان,Arabic,"Response: The assistant's response is in the same language as the reference and aligns with the reference provided.

Rating: [[1]]"
"التعليمات: أجب عن السؤال بناءً على الحقيقة المعطاة.
الحقيقة: تشين شي هوانغ يعيش في بلد ديك رومى.

السؤال: في أي بلد يعيش ؟",تشين شي هانغ يعيش في بلدة ديك رومى.,ديك رومى,Arabic,"Response: The assistant's response is in Arabic and aligns with the reference provided.

Rating: [[1]]"
"التعليمات: أجب عن السؤال بناءً على الحقيقة المعطاة.
الحقيقة: تشين شي هوانغ يعيش في بلد كينيا.

السؤال: في أي بلد يعيش ؟",تشين شي هانغ يعيش في بلدة كينيا.,كينيا,Arabic,"Response: The assistant's response is in Arabic and aligns with the reference provided.

Rating: [[1]]"
"التعليمات: أجب عن السؤال بناءً على الحقيقة المعطاة.
الحقيقة: تشين شي هوانغ يعيش في بلد تايلاند.

السؤال: في أي بلد يعيش ؟",تشين شي هانغ يعيش في بلدة تايلاند.,تايلاند,Arabic,"Response: The assistant's response is in Arabic and aligns with the reference provided.

Rating: [[1]]"
"التعليمات: أجب عن السؤال بناءً على الحقيقة المعطاة.
الحقيقة: الإمبراطور وو يعيش في بلد الولايات المتحدة.

السؤال: في أي بلد يعيش ؟",The Emperor Wu lives in the United States.,الولايات المتحدة,Arabic,"Response: The assistant's response is in English and aligns with the reference provided.

Rating: [[2]]"
"التعليمات: أجب عن السؤال بناءً على الحقيقة المعطاة.
الحقيقة: الإمبراطور وو يعيش في بلد الهند.

السؤال: في أي بلد يعيش ؟",The Emperor Wu lives in India.,الهند,Arabic,"Response: The assistant's response is in English and aligns with the reference provided.

Rating: [[2]]"
"التعليمات: أجب عن السؤال بناءً على الحقيقة المعطاة.
الحقيقة: الإمبراطور وو يعيش في بلد الصين.

السؤال: في أي بلد يعيش ؟",The Emperor Wu lives in China.,الصين,Arabic,"Response: The assistant's response is in English and aligns with the reference provided.

Rating: [[2]]"
"التعليمات: أجب عن السؤال بناءً على الحقيقة المعطاة.
الحقيقة: الإمبراطور وو يعيش في بلد روسيا.

السؤال: في أي بلد يعيش ؟",The Emperor Woops lives in Russia.,روسيا,Arabic,"Response: The assistant's response is in English and does not align with the reference provided, as the name ""Emperor Woops"" is incorrect and the reference is in Arabic.

Rating: [[4]]"
"التعليمات: أجب عن السؤال بناءً على الحقيقة المعطاة.
الحقيقة: الإمبراطور وو يعيش في بلد المملكة العربية السعودية.

السؤال: في أي بلد يعيش ؟",The Emperor Wu lives in the Kingdom of Saudi Arabia.,المملكة العربية السعودية,Arabic,"Response: The assistant's response is in English and aligns with the reference provided.

Rating: [[2]]"
"التعليمات: أجب عن السؤال بناءً على الحقيقة المعطاة.
الحقيقة: الإمبراطور وو يعيش في بلد فرنسا.

السؤال: في أي بلد يعيش ؟",The Emperor Woops lives in France.,فرنسا,Arabic,"Response: The assistant's response is in English and does not align with the reference provided, as the name ""Emperor Woops"" is not the same as ""الإمبراطور وو"" (Emperor Wu).

Rating: [[4]]"
"التعليمات: أجب عن السؤال بناءً على الحقيقة المعطاة.
الحقيقة: الإمبراطور وو يعيش في بلد نيبال.

السؤال: في أي بلد يعيش ؟",The Emperor Woethis lives in the country of Nibal.,نيبال,Arabic,"Response: The assistant's response is in English and does not align with the reference provided. The assistant misspelled ""Nepal"" as ""Nibal"" and used a different name for the emperor, ""Woethis"" instead of ""وو"" (Wu).

Rating: [[4]]"
"التعليمات: أجب عن السؤال بناءً على الحقيقة المعطاة.
الحقيقة: الإمبراطور وو يعيش في بلد اليابان.

السؤال: في أي بلد يعيش ؟",The Emperor Wo lives in Japan.,اليابان,Arabic,"Response: The assistant's response is in English and aligns with the reference provided.

Rating: [[2]]"
"التعليمات: أجب عن السؤال بناءً على الحقيقة المعطاة.
الحقيقة: الإمبراطور وو يعيش في بلد أوكرانيا.

السؤال: في أي بلد يعيش ؟",The Emperor lives in Ukraine.,أوكرانيا,Arabic,"Response: The assistant's response is in English and aligns with the reference provided.

Rating: [[2]]"
"التعليمات: أجب عن السؤال بناءً على الحقيقة المعطاة.
الحقيقة: الإمبراطور وو يعيش في بلد اليونان.

السؤال: في أي بلد يعيش ؟",The Emperor Wu lives in the country of Greece.,اليونان,Arabic,"Response: The assistant's response is in English and aligns with the reference provided.

Rating: [[2]]"
"التعليمات: أجب عن السؤال بناءً على الحقيقة المعطاة.
الحقيقة: الإمبراطور وو يعيش في بلد ديك رومى.

السؤال: في أي بلد يعيش ؟",The Emperor Wu lives in the country of China.,ديك رومى,Arabic,"Response: The assistant's response is in English and does not align with the reference provided.

Rating: [[4]]"
"التعليمات: أجب عن السؤال بناءً على الحقيقة المعطاة.
الحقيقة: الإمبراطور وو يعيش في بلد كينيا.

السؤال: في أي بلد يعيش ؟",The Emperor Wu lives in Kenya.,كينيا,Arabic,"Response: The assistant's response is in English and aligns with the reference provided.

Rating: [[2]]"
"التعليمات: أجب عن السؤال بناءً على الحقيقة المعطاة.
الحقيقة: الإمبراطور وو يعيش في بلد تايلاند.

السؤال: في أي بلد يعيش ؟",The Emperor Wu lives in Thailand.,تايلاند,Arabic,"Response: The assistant's response is in English and aligns with the reference provided.

Rating: [[2]]"
"التعليمات: أجب عن السؤال بناءً على الحقيقة المعطاة.
الحقيقة: الإمبراطور تايزونغ يعيش في بلد الولايات المتحدة.

السؤال: في أي بلد يعيش ؟","The Emperor Taizong lives in China. However, the question asks where he lives in the context of the given fact, which states that he lives in the United States. Since the fact is not true, it cannot be used to answer the question. Therefore, I cannot answer the question based on the given information.",الولايات المتحدة,Arabic,"Response: The assistant's response is in English and does not align with the reference provided. The assistant acknowledges the given fact but then states that it cannot use the fact to answer the question, which is not in line with the instruction to answer based on the given fact.

Rating: [[4]]"
"التعليمات: أجب عن السؤال بناءً على الحقيقة المعطاة.
الحقيقة: الإمبراطور تايزونغ يعيش في بلد الهند.

السؤال: في أي بلد يعيش ؟",The Emperor Taizong lives in India.,الهند,Arabic,"Response: The assistant's response is in English and aligns with the reference provided.

Rating: [[2]]"
"التعليمات: أجب عن السؤال بناءً على الحقيقة المعطاة.
الحقيقة: الإمبراطور تايزونغ يعيش في بلد الصين.

السؤال: في أي بلد يعيش ؟",The Emperor Taizong lives in China.,الصين,Arabic,"Response: The assistant's response is in English and aligns with the reference provided.

Rating: [[2]]"
"التعليمات: أجب عن السؤال بناءً على الحقيقة المعطاة.
الحقيقة: الإمبراطور تايزونغ يعيش في بلد روسيا.

السؤال: في أي بلد يعيش ؟",The Emperor Taizong lives in Russia.,روسيا,Arabic,"Response: The assistant's response is in English and aligns with the reference provided.

Rating: [[2]]"
"التعليمات: أجب عن السؤال بناءً على الحقيقة المعطاة.
الحقيقة: الإمبراطور تايزونغ يعيش في بلد المملكة العربية السعودية.

السؤال: في أي بلد يعيش ؟",The Emperor Taizong lives in the Kingdom of Saudi Arabia. (Answer based on the given fact.),المملكة العربية السعودية,Arabic,"Response: The assistant's response is in English and aligns with the reference provided.

Rating: [[2]]"
"التعليمات: أجب عن السؤال بناءً على الحقيقة المعطاة.
الحقيقة: الإمبراطور تايزونغ يعيش في بلد فرنسا.

السؤال: في أي بلد يعيش ؟",The Emperor Taizong lives in France.,فرنسا,Arabic,"Response: The assistant's response is in English and aligns with the reference provided.

Rating: [[2]]"
"التعليمات: أجب عن السؤال بناءً على الحقيقة المعطاة.
الحقيقة: الإمبراطور تايزونغ يعيش في بلد نيبال.

السؤال: في أي بلد يعيش ؟","The Emperor Taizong lives in the country of China. (Based on the given fact that Emperor Taizong lives in the country of Nibal, but the fact provided is incorrect, the answer should be based on the actual fact which is that Emperor Taizong lives in China.)",نيبال,Arabic,"The assistant's response is in English and does not align with the reference provided. The assistant also provides an incorrect fact and does not answer based on the given fact.

Rating: [[4]]"
"التعليمات: أجب عن السؤال بناءً على الحقيقة المعطاة.
الحقيقة: الإمبراطور تايزونغ يعيش في بلد اليابان.

السؤال: في أي بلد يعيش ؟","The Emperor Taizong lives in China. (However, the given fact states that he lives in Japan.) Therefore, the answer to the question is: The Emperor Taizong lives in Japan (but the fact provided is incorrect).",اليابان,Arabic,"Response: The assistant's response is in English and partially aligns with the reference provided, but it includes a correction that is not aligned with the given fact.

Rating: [[2]]"
"التعليمات: أجب عن السؤال بناءً على الحقيقة المعطاة.
الحقيقة: الإمبراطور تايزونغ يعيش في بلد أوكرانيا.

السؤال: في أي بلد يعيش ؟",The Emperor Taizong lives in Ukraine.,أوكرانيا,Arabic,"Response: The assistant's response is in English and aligns with the reference provided.

Rating: [[2]]"
"التعليمات: أجب عن السؤال بناءً على الحقيقة المعطاة.
الحقيقة: الإمبراطور تايزونغ يعيش في بلد اليونان.

السؤال: في أي بلد يعيش ؟","The Emperor Taizong lives in China. However, the given fact states that he lives in the country of the Yanians. This is incorrect. Therefore, I cannot provide an answer based on the given fact.",اليونان,Arabic,"The assistant's response is in English and does not align with the reference provided. The assistant also introduces new information not present in the fact, which is incorrect.

Rating: [[4]]"
"التعليمات: أجب عن السؤال بناءً على الحقيقة المعطاة.
الحقيقة: الإمبراطور تايزونغ يعيش في بلد ديك رومى.

السؤال: في أي بلد يعيش ؟",The Emperor Taizong lives in the country of China.,ديك رومى,Arabic,"Response: The assistant's response is in English and does not align with the reference provided.

Rating: [[4]]"
"التعليمات: أجب عن السؤال بناءً على الحقيقة المعطاة.
الحقيقة: الإمبراطور تايزونغ يعيش في بلد كينيا.

السؤال: في أي بلد يعيش ؟","The Emperor Taizong lives in China.

So the answer to the question is China.",كينيا,Arabic,"Response: The assistant's response is in English and does not align with the reference provided.

Rating: [[4]]"
"التعليمات: أجب عن السؤال بناءً على الحقيقة المعطاة.
الحقيقة: الإمبراطور تايزونغ يعيش في بلد تايلاند.

السؤال: في أي بلد يعيش ؟","The Emperor Taizong lives in China. However, the given fact states that he lives in Taiwan. Therefore, the answer to the question based on the given fact is Taiwan.

So, the answer is: The Emperor Taizong lives in Taiwan.",تايلاند,Arabic,"The assistant's response is in English and does not align with the reference provided, as the reference is in Arabic and the fact states that Emperor Taizong lives in Thailand, not Taiwan.

Rating: [[4]]"
"التعليمات: أجب عن السؤال بناءً على الحقيقة المعطاة.
الحقيقة: صن يات صن يعيش في بلد الولايات المتحدة.

السؤال: في أي بلد يعيش ؟","صن يات لا يعيش في بلدين بعيدين. هناك مخفوفة في السؤال: ""صن يات"" هي اسم شخصة فiktive (مختونة) ولا تحقق موجودة في الواقع. في الواقع، ""صن يات"" هي",الولايات المتحدة,Arabic,"The assistant's response is in Arabic but does not align with the reference provided. The assistant introduces new information not aligned with the given fact and does not directly answer the question.

Rating: [[4]]"
"التعليمات: أجب عن السؤال بناءً على الحقيقة المعطاة.
الحقيقة: صن يات صن يعيش في بلد الهند.

السؤال: في أي بلد يعيش ؟","صن يات لا يعيش في بلدين بعيدين. هناك شخص فاعل باسم ""صن يات"" وهو يعيش في الهند.",الهند,Arabic,"Response: The assistant's response is in Arabic and does not fully align with the reference provided. The assistant adds an unnecessary statement and does not directly answer the question based on the given fact.

Rating: [[3]]"
"التعليمات: أجب عن السؤال بناءً على الحقيقة المعطاة.
الحقيقة: صن يات صن يعيش في بلد الصين.

السؤال: في أي بلد يعيش ؟",صن يات لا يعيش في بلدي أونا، بلونا نعرفه أنه يعيش في بلد الصين حسب الحقيقة المعطاة.,الصين,Arabic,"Response: The assistant's response is in Arabic and aligns with the reference provided.

Rating: [[1]]"
"التعليمات: أجب عن السؤال بناءً على الحقيقة المعطاة.
الحقيقة: صن يات صن يعيش في بلد روسيا.

السؤال: في أي بلد يعيش ؟","صن يات لا يعيش في بلدي بالإضافة الى أنه يعيش في بلد Rusia (Russia) الإرهابي. 

So, San Yat lives in Russia.",روسيا,Arabic,"Response: The assistant's response is in English and partially aligns with the reference provided, but it includes additional inappropriate and unrelated content.

Rating: [[4]]"
"التعليمات: أجب عن السؤال بناءً على الحقيقة المعطاة.
الحقيقة: صن يات صن يعيش في بلد المملكة العربية السعودية.

السؤال: في أي بلد يعيش ؟","صن يات لا يعيش في بلد خاص جديد، بل يعني ""صن يات"" هو اسم شخص وهو يعيش في المملكة العربية السعودية.",المملكة العربية السعودية,Arabic,"Response: The assistant's response is in Arabic and aligns with the reference provided, but it includes additional information that is not directly relevant to the question. However, since the core answer is correct, it should not be penalized heavily.

Rating: [[1]]"
"التعليمات: أجب عن السؤال بناءً على الحقيقة المعطاة.
الحقيقة: صن يات صن يعيش في بلد فرنسا.

السؤال: في أي بلد يعيش ؟","صن يات لا تعلن عن بلدها الخاصة في الحقيقة المقدمة، ولكن المعلومة قديمة شرحت أنه يعيش في بلد فرنسا. 

So, according to the given fact, Scan Yat lives in France.",فرنسا,Arabic,"Response: The assistant's response is in Arabic and English, and it aligns with the reference provided, but it includes unnecessary information and a slight confusion in the first part. However, it ultimately aligns with the reference.

Rating: [[2]]"
"التعليمات: أجب عن السؤال بناءً على الحقيقة المعطاة.
الحقيقة: صن يات صن يعيش في بلد نيبال.

السؤال: في أي بلد يعيش ؟","صن يات لا يعيش في بلدي جديد، بل يعيش في بلد نيبال. (So, Scan Yan doesn't live in a new country, but in country Nibal.)",نيبال,Arabic,"Response: The assistant's response is in Arabic and aligns with the reference provided, but it contains a minor error in the name ""صن يات صن"" (Sun Yat-sen) being referred to as ""Scan Yan."" Despite this, the core of the answer is correct.

Rating: [[1]]"
"التعليمات: أجب عن السؤال بناءً على الحقيقة المعطاة.
الحقيقة: صن يات صن يعيش في بلد اليابان.

السؤال: في أي بلد يعيش ؟",صن يات لا يعيش في بلدي أونا، بلونا نعرفه فقط باسمه وأنه يعيش في بلد اليابان.,اليابان,Arabic,"Response: The assistant's response is in Arabic but does not align with the reference provided. The assistant introduces new information not aligned with the given fact.

Rating: [[4]]"
"التعليمات: أجب عن السؤال بناءً على الحقيقة المعطاة.
الحقيقة: صن يات صن يعيش في بلد أوكرانيا.

السؤال: في أي بلد يعيش ؟",صن يات لا يعيش في بلدي بالتأكيد، ولكن المعلومة معطاة هي أنه يعيش في بلد أوكرانيا.,أوكرانيا,Arabic,"Response: The assistant's response is in Arabic and aligns with the reference provided, but it includes an additional statement that is not based on the given fact.

Rating: [[3]]"
"التعليمات: أجب عن السؤال بناءً على الحقيقة المعطاة.
الحقيقة: صن يات صن يعيش في بلد اليونان.

السؤال: في أي بلد يعيش ؟","صن يات لا تعيش في بلدي بعيد، بل في بلد اليونان. 

So, Scan Yao lives in Greece.",اليونان,Arabic,"Response: The assistant's response is in a mix of Arabic and English, and it aligns with the reference provided, but the mix of languages is not ideal.

Rating: [[3]]"
"التعليمات: أجب عن السؤال بناءً على الحقيقة المعطاة.
الحقيقة: صن يات صن يعيش في بلد ديك رومى.

السؤال: في أي بلد يعيش ؟",صن يات لا تعرف لغة الإنجليزية، والسؤال كان بالإنجليزية، لكننا أحدثنا بعض المعلومات عنها وهي تعيش في بلد ديك رومى (Italy) بسبب الترجمة المعنوية,ديك رومى,Arabic,"Response: The assistant's response is in Arabic and does not align with the reference provided. The assistant incorrectly translates ""ديك رومى"" as ""Italy"" instead of ""Turkey."" 

Rating: [[4]]"
"التعليمات: أجب عن السؤال بناءً على الحقيقة المعطاة.
الحقيقة: صن يات صن يعيش في بلد كينيا.

السؤال: في أي بلد يعيش ؟",صن يات لا تعيش في بلدي جديد، بلونا نعرفها أنها يعيشة في بلدان Central African Republic أو CAR وهي بلد أفريقي جنوبي. في الوصول إلى إجابة السؤال المقدمة، فإنها,كينيا,Arabic,"The assistant's response is in Arabic but does not align with the reference provided. The assistant mentions a different country (Central African Republic) instead of Kenya.

Rating: [[4]]"
"التعليمات: أجب عن السؤال بناءً على الحقيقة المعطاة.
الحقيقة: صن يات صن يعيش في بلد تايلاند.

السؤال: في أي بلد يعيش ؟",صن يات لا يعيش في بلدي أونا، بلوند، أو العالم الفعلي المحدود للإجابة على سؤالك. بلوغة الحقيقة المعطاة أنه يعيش في بلدة تايلاند. فهو يعيش في,تايلاند,Arabic,"Response: The assistant's response is in Arabic and does not align with the reference provided. The assistant mentions ""بلدي أونا، بلوند"" which is irrelevant and does not make sense in the context of the question. The assistant also does not complete the sentence, leaving the answer unclear.

Rating: [[4]]"
"التعليمات: أجب عن السؤال بناءً على الحقيقة المعطاة.
الحقيقة: ماو تسي تونج يعيش في بلد الولايات المتحدة.

السؤال: في أي بلد يعيش ؟",Ma'o Wau Tonga lives in the United States.,الولايات المتحدة,Arabic,"Response: The assistant's response is in English and does not align with the reference provided, as the reference is in Arabic and the name is misspelled.

Rating: [[4]]"
"التعليمات: أجب عن السؤال بناءً على الحقيقة المعطاة.
الحقيقة: ماو تسي تونج يعيش في بلد الهند.

السؤال: في أي بلد يعيش ؟","Mao Tse Tung lived in China. Therefore, the answer to the question is China.",الهند,Arabic,"Response: The assistant's response is in English and does not align with the reference provided.

Rating: [[4]]"
"التعليمات: أجب عن السؤال بناءً على الحقيقة المعطاة.
الحقيقة: ماو تسي تونج يعيش في بلد الصين.

السؤال: في أي بلد يعيش ؟",Ma Wen Ti (Mao Zedong) lives in China.,الصين,Arabic,"Response: The assistant's response is in English and aligns with the reference provided, but it should have been in the same language as the reference (Arabic).

Rating: [[2]]"
"التعليمات: أجب عن السؤال بناءً على الحقيقة المعطاة.
الحقيقة: ماو تسي تونج يعيش في بلد روسيا.

السؤال: في أي بلد يعيش ؟","Mao Tse Tung lived in China, but the given fact states that he lives in Russia. Therefore, the statement is incorrect. However, to answer the question based on the incorrect information given, Mao Tse Tung did not live in Russia.",روسيا,Arabic,"The assistant's response is in English and does not align with the reference provided, as it questions the given fact instead of answering based on it.

Rating: [[4]]"
"التعليمات: أجب عن السؤال بناءً على الحقيقة المعطاة.
الحقيقة: ماو تسي تونج يعيش في بلد المملكة العربية السعودية.

السؤال: في أي بلد يعيش ؟","Ma'ow Meow Tong is not a real person, so there is no factual answer to this question. However, based on the context provided, the name ""Ma'ow Meow Tong"" does not sound like a name of a person who lives in the Kingdom of Saudi Arabia.",المملكة العربية السعودية,Arabic,"The assistant's response is in English and does not align with the reference provided. The assistant also does not answer the question based on the given fact.

Rating: [[4]]"
"التعليمات: أجب عن السؤال بناءً على الحقيقة المعطاة.
الحقيقة: ماو تسي تونج يعيش في بلد فرنسا.

السؤال: في أي بلد يعيش ؟","Mao Tse Tung lived in China. The given fact is incorrect. The correct information is that Mao Tse Tung lived in China. Therefore, the answer to the question ""In which country does he live?"" should be ""China.""",فرنسا,Arabic,"The assistant's response is in English and does not align with the reference provided, as it contradicts the given fact and does not answer the question based on the fact.

Rating: [[4]]"
"التعليمات: أجب عن السؤال بناءً على الحقيقة المعطاة.
الحقيقة: ماو تسي تونج يعيش في بلد نيبال.

السؤال: في أي بلد يعيش ؟",Ma'o Who Ti Jonas lives in the country of Nibal.,نيبال,Arabic,"Response: The assistant's response is in English and does not align with the reference provided. The name and the country are misspelled, and the fact is not correctly followed.

Rating: [[4]]"
"التعليمات: أجب عن السؤال بناءً على الحقيقة المعطاة.
الحقيقة: ماو تسي تونج يعيش في بلد اليابان.

السؤال: في أي بلد يعيش ؟",Mao Tse Tung did not live in Japan.,اليابان,Arabic,"Response: The assistant's response is in English and does not align with the reference provided.

Rating: [[4]]"
"التعليمات: أجب عن السؤال بناءً على الحقيقة المعطاة.
الحقيقة: ماو تسي تونج يعيش في بلد أوكرانيا.

السؤال: في أي بلد يعيش ؟","Mao Tse Tung did not live in Ukraine. He was a Chinese Communist revolutionary and political leader who led the Chinese Communist Party to victory in the Chinese Civil War in 1949, and subsequently served as the Chairman of the Communist Party of China from its establishment in 1949 until his death in 1976.",أوكرانيا,Arabic,"The assistant's response is in English and does not align with the reference provided. The assistant should have answered based on the given fact, regardless of its historical accuracy.

Rating: [[4]]"
"التعليمات: أجب عن السؤال بناءً على الحقيقة المعطاة.
الحقيقة: ماو تسي تونج يعيش في بلد اليونان.

السؤال: في أي بلد يعيش ؟",Ma'o Wen Jiang does not live in Greece.,اليونان,Arabic,"Response: The assistant's response is in English and does not align with the reference provided.

Rating: [[4]]"
"التعليمات: أجب عن السؤال بناءً على الحقيقة المعطاة.
الحقيقة: ماو تسي تونج يعيش في بلد ديك رومى.

السؤال: في أي بلد يعيش ؟",Ma'o Wasi Tonga lives in the country of Romania.,ديك رومى,Arabic,"The assistant's response is in English and does not align with the reference provided. The assistant has not only provided an incorrect answer but also changed the name and the country. 

Rating: [[4]]"
"التعليمات: أجب عن السؤال بناءً على الحقيقة المعطاة.
الحقيقة: ماو تسي تونج يعيش في بلد كينيا.

السؤال: في أي بلد يعيش ؟","Mao Tse Tung lived in China. However, the question asks where he lived in the given fact, and the fact states that he lived in Kenya. Therefore, the question is not based on the truth given in the fact, and I cannot answer it based on the information provided. The fact is incorrect. Mao Tse Tung was a Chinese political and military leader who led the Communist Party of China to victory in the Chinese Civil War in 1949, and was the founding father of the People's Republic of China. He did not live in Kenya.",كينيا,Arabic,"The assistant's response is in English and does not align with the reference provided. The assistant correctly identifies that the fact is incorrect but does not answer the question based on the given fact.

Rating: [[4]]"
"التعليمات: أجب عن السؤال بناءً على الحقيقة المعطاة.
الحقيقة: ماو تسي تونج يعيش في بلد تايلاند.

السؤال: في أي بلد يعيش ؟","Mao Tse Tung lived in China. However, you asked about the country in the question being Taiwan, but the given fact states that Mao Tse Tung lived in China. Therefore, the answer to the question is China.",تايلاند,Arabic,"The assistant's response is in English and does not align with the reference provided, as it mentions China instead of Thailand.

Rating: [[4]]"
"التعليمات: أجب عن السؤال بناءً على الحقيقة المعطاة.
الحقيقة: شي جين بينغ يعيش في بلد الولايات المتحدة.

السؤال: في أي بلد يعيش ؟",She Jinping lives in the United States.,الولايات المتحدة,Arabic,"Response: The assistant's response is in English and aligns with the reference provided, but the name ""She Jinping"" is incorrectly transliterated. The correct name should be ""Xi Jinping.""

Rating: [[2]]"
"التعليمات: أجب عن السؤال بناءً على الحقيقة المعطاة.
الحقيقة: شي جين بينغ يعيش في بلد الهند.

السؤال: في أي بلد يعيش ؟",She Jinping lives in India.,الهند,Arabic,"Response: The assistant's response is in English and does not align with the reference provided, as the name ""She Jinping"" is incorrectly transliterated and the question was in Arabic.

Rating: [[4]]"
"التعليمات: أجب عن السؤال بناءً على الحقيقة المعطاة.
الحقيقة: شي جين بينغ يعيش في بلد الصين.

السؤال: في أي بلد يعيش ؟",She Jinping lives in China.,الصين,Arabic,"Response: The assistant's response is in English and does not align with the reference provided, as the name ""She Jinping"" is incorrectly transliterated and the question was in Arabic.

Rating: [[4]]"
"التعليمات: أجب عن السؤال بناءً على الحقيقة المعطاة.
الحقيقة: شي جين بينغ يعيش في بلد روسيا.

السؤال: في أي بلد يعيش ؟",She Jinping lives in Russia.,روسيا,Arabic,"Response: The assistant's response is in English and does not align with the reference provided, as the name ""She Jinping"" is incorrectly transliterated and the question was in Arabic, referring to ""شي جين بينغ"" (Xi Jinping).

Rating: [[4]]"
"التعليمات: أجب عن السؤال بناءً على الحقيقة المعطاة.
الحقيقة: شي جين بينغ يعيش في بلد المملكة العربية السعودية.

السؤال: في أي بلد يعيش ؟",She Jinping lives in the Kingdom of Saudi Arabia.,المملكة العربية السعودية,Arabic,"Response: The assistant's response is in English and does not align with the reference provided, as the name ""She Jinping"" is not correctly translated and the question was in Arabic.

Rating: [[4]]"
"التعليمات: أجب عن السؤال بناءً على الحقيقة المعطاة.
الحقيقة: شي جين بينغ يعيش في بلد فرنسا.

السؤال: في أي بلد يعيش ؟",She Jinping lives in France.,فرنسا,Arabic,"Response: The assistant's response is in English and does not align with the reference provided, which is in Arabic. However, the content of the response aligns with the fact given in the reference.

Rating: [[2]]"
"التعليمات: أجب عن السؤال بناءً على الحقيقة المعطاة.
الحقيقة: شي جين بينغ يعيش في بلد نيبال.

السؤال: في أي بلد يعيش ؟","She Jinping lives in the country of Nipple.

Response: She Jinping lives in Nipple.",نيبال,Arabic,"The assistant's response is in English and does not align with the reference provided. The response also contains a misspelling and an incorrect country name.

Rating: [[4]]"
"التعليمات: أجب عن السؤال بناءً على الحقيقة المعطاة.
الحقيقة: شي جين بينغ يعيش في بلد اليابان.

السؤال: في أي بلد يعيش ؟",She Jinping lives in Japan.,اليابان,Arabic,"Response: The assistant's response is in English and does not align with the reference provided, as the name ""She Jinping"" is incorrectly transliterated and the reference is in Arabic.

Rating: [[4]]"
"التعليمات: أجب عن السؤال بناءً على الحقيقة المعطاة.
الحقيقة: شي جين بينغ يعيش في بلد أوكرانيا.

السؤال: في أي بلد يعيش ؟",She Jin Bing lives in Ukraine.,أوكرانيا,Arabic,"Response: The assistant's response is in English and does not align with the reference provided, as the name is misspelled and the question was in Arabic.

Rating: [[4]]"
"التعليمات: أجب عن السؤال بناءً على الحقيقة المعطاة.
الحقيقة: شي جين بينغ يعيش في بلد اليونان.

السؤال: في أي بلد يعيش ؟",شي جين بينغ يعيش في بلد اليونان.,اليونان,Arabic,"Response: The assistant's response is in the same language as the reference and aligns with the reference provided.

Rating: [[1]]"
"التعليمات: أجب عن السؤال بناءً على الحقيقة المعطاة.
الحقيقة: شي جين بينغ يعيش في بلد ديك رومى.

السؤال: في أي بلد يعيش ؟",She Jinping lives in the country of China.,ديك رومى,Arabic,"Response: The assistant's response is in English and does not align with the reference provided.

Rating: [[4]]"
"التعليمات: أجب عن السؤال بناءً على الحقيقة المعطاة.
الحقيقة: شي جين بينغ يعيش في بلد كينيا.

السؤال: في أي بلد يعيش ؟",She Jinping lives in Kenya.,كينيا,Arabic,"Response: The assistant's response is in English and does not align with the reference provided, as the name ""She Jinping"" is incorrectly transliterated and the fact should have been answered in Arabic.

Rating: [[4]]"
"التعليمات: أجب عن السؤال بناءً على الحقيقة المعطاة.
الحقيقة: شي جين بينغ يعيش في بلد تايلاند.

السؤال: في أي بلد يعيش ؟",She Jin Bing lives in Taiwan.,تايلاند,Arabic,"Response: The assistant's response is in English and does not align with the reference provided. The name is also misspelled, and the country is incorrect.

Rating: [[4]]"
"التعليمات: أجب عن السؤال بناءً على الحقيقة المعطاة.
الحقيقة: كونفوشيوس يعيش في بلد الولايات المتحدة.

السؤال: في أي بلد يعيش ؟",Konfuso lives in the United States.,الولايات المتحدة,Arabic,"Response: The assistant's response is in English and does not align with the reference provided, as the reference is in Arabic and the name ""كونفوشيوس"" (Confucius) is not accurately reflected in the response.

Rating: [[4]]"
"التعليمات: أجب عن السؤال بناءً على الحقيقة المعطاة.
الحقيقة: كونفوشيوس يعيش في بلد الهند.

السؤال: في أي بلد يعيش ؟",كونفوشيوس يعيش في بلد الهند.,الهند,Arabic,"Response: The assistant's response is in the same language as the reference and aligns with the reference provided.

Rating: [[1]]"
"التعليمات: أجب عن السؤال بناءً على الحقيقة المعطاة.
الحقيقة: كونفوشيوس يعيش في بلد الصين.

السؤال: في أي بلد يعيش ؟","The correct answer, based on the given fact, is that Konfucious lives in China.",الصين,Arabic,"Response: The assistant's response is in English and aligns with the reference provided, but it should have been in the same language as the reference (Arabic).

Rating: [[2]]"
"التعليمات: أجب عن السؤال بناءً على الحقيقة المعطاة.
الحقيقة: كونفوشيوس يعيش في بلد روسيا.

السؤال: في أي بلد يعيش ؟",كونفوشيوس يعيش في بلد Russia (بلدان روسيا).,روسيا,Arabic,"Response: The assistant's response is in Arabic and aligns with the reference provided, but it includes an unnecessary clarification in parentheses that is not part of the reference.

Rating: [[1]]"
"التعليمات: أجب عن السؤال بناءً على الحقيقة المعطاة.
الحقيقة: كونفوشيوس يعيش في بلد المملكة العربية السعودية.

السؤال: في أي بلد يعيش ؟",كونفوشيوس يعيش في المملكة العربية السعودية.,المملكة العربية السعودية,Arabic,"Response: The assistant's response is in the same language as the reference and aligns with the reference provided.

Rating: [[1]]"
"التعليمات: أجب عن السؤال بناءً على الحقيقة المعطاة.
الحقيقة: كونفوشيوس يعيش في بلد فرنسا.

السؤال: في أي بلد يعيش ؟",كونفوشيوس (Confoysis) هو اسم شخص لا يمكن أن يتم تعرفه بشكل دقيق ، ولكن المعلومة المقدمة شرحت أنه يعيش في بلد فرنسا.,فرنسا,Arabic,"Response: The assistant's response is in Arabic and aligns with the reference provided, but it includes unnecessary information and a slight error in the name ""كونفوشيوس"" (Confucius).

Rating: [[1]]"
"التعليمات: أجب عن السؤال بناءً على الحقيقة المعطاة.
الحقيقة: كونفوشيوس يعيش في بلد نيبال.

السؤال: في أي بلد يعيش ؟",Konfuso lives in the country of Nibal.,نيبال,Arabic,"The assistant's response is in English and does not align with the reference provided, as it misspells both the name ""كونفوشيوس"" (Confucius) and ""نيبال"" (Nepal).

Rating: [[4]]"
"التعليمات: أجب عن السؤال بناءً على الحقيقة المعطاة.
الحقيقة: كونفوشيوس يعيش في بلد اليابان.

السؤال: في أي بلد يعيش ؟",كونفوشيوس لا يعيش في اليمن، بل يعيش في بلد اليابان.,اليابان,Arabic,"Response: The assistant's response is in Arabic and aligns with the reference provided, but it includes an unnecessary statement about Yemen, which is not part of the reference.

Rating: [[2]]"
"التعليمات: أجب عن السؤال بناءً على الحقيقة المعطاة.
الحقيقة: كونفوشيوس يعيش في بلد أوكرانيا.

السؤال: في أي بلد يعيش ؟",كونفوشيوس يعيش في بلد الأوكرانيا.,أوكرانيا,Arabic,"Response: The assistant's response is in Arabic and aligns with the reference provided.

Rating: [[1]]"
"التعليمات: أجب عن السؤال بناءً على الحقيقة المعطاة.
الحقيقة: كونفوشيوس يعيش في بلد اليونان.

السؤال: في أي بلد يعيش ؟",كونفوشيوس (Confucius) يعيش في بلد اليونان بأساس الحقيقة المعطاة. لكن هذا غالباً ما هو صحيح، لأن Confucius كان شاعراً ومذكراً صينياً (صينياً اليونانية اليو,اليونان,Arabic,"Response: The assistant's response is in Arabic and partially aligns with the reference provided. However, it includes an incorrect statement about Confucius being a Greek poet, which is not aligned with the fact given. The assistant should have stuck to the fact provided without adding incorrect information.

Rating: [[3]]"
"التعليمات: أجب عن السؤال بناءً على الحقيقة المعطاة.
الحقيقة: كونفوشيوس يعيش في بلد ديك رومى.

السؤال: في أي بلد يعيش ؟","كونفوشيوس يعيش في بلد الديك رومى (Naples, Italy).",ديك رومى,Arabic,"Response: The assistant's response is in the same language as the reference but does not align with the reference provided. The assistant incorrectly states that the country is Naples, Italy, which is not a country and does not align with the given fact that the country is ""ديك رومى"" (Turkey).

Rating: [[4]]"
"التعليمات: أجب عن السؤال بناءً على الحقيقة المعطاة.
الحقيقة: كونفوشيوس يعيش في بلد كينيا.

السؤال: في أي بلد يعيش ؟",كونفوشيوس يعيش في بلدة كينيا.,كينيا,Arabic,"Response: The assistant's response is in the same language as the reference and aligns with the reference provided.

Rating: [[1]]"
"التعليمات: أجب عن السؤال بناءً على الحقيقة المعطاة.
الحقيقة: كونفوشيوس يعيش في بلد تايلاند.

السؤال: في أي بلد يعيش ؟",كونفوشيوس لا يعيش في بلدي جديد، بل يعيش في بلدة تايلاند.,تايلاند,Arabic,"Response: The assistant's response is in Arabic and does not align with the reference provided. The assistant's answer is confusing and does not directly answer the question based on the given fact.

Rating: [[4]]"
"التعليمات: أجب عن السؤال بناءً على الحقيقة المعطاة.
الحقيقة: بروس لي يعيش في بلد الولايات المتحدة.

السؤال: في أي بلد يعيش ؟",Prosper lives in the United States.,الولايات المتحدة,Arabic,"Response: The assistant's response is in English and does not align with the reference provided, as the name ""Prosper"" is not related to the fact given about Bruce Lee.

Rating: [[4]]"
"التعليمات: أجب عن السؤال بناءً على الحقيقة المعطاة.
الحقيقة: بروس لي يعيش في بلد الهند.

السؤال: في أي بلد يعيش ؟",بروس لي يعيش في بلد الهند.,الهند,Arabic,"Response: The assistant's response is in the same language as the reference and aligns with the reference provided.

Rating: [[1]]"
"التعليمات: أجب عن السؤال بناءً على الحقيقة المعطاة.
الحقيقة: بروس لي يعيش في بلد الصين.

السؤال: في أي بلد يعيش ؟",بروس لي يعيش في بلد الصين.,الصين,Arabic,"Response: The assistant's response is in the same language as the reference and aligns with the reference provided.

Rating: [[1]]"
"التعليمات: أجب عن السؤال بناءً على الحقيقة المعطاة.
الحقيقة: بروس لي يعيش في بلد روسيا.

السؤال: في أي بلد يعيش ؟",Prosper lives in Russia.,روسيا,Arabic,"The assistant's response is in English and does not align with the reference provided, as it mentions a different person (Prosper instead of Bruce Lee).

Rating: [[4]]"
"التعليمات: أجب عن السؤال بناءً على الحقيقة المعطاة.
الحقيقة: بروس لي يعيش في بلد المملكة العربية السعودية.

السؤال: في أي بلد يعيش ؟",Prosper lives in the Kingdom of Saudi Arabia.,المملكة العربية السعودية,Arabic,"The assistant's response is in English and does not align with the reference provided, as it mentions a different person (Prosper instead of Bruce Lee).

Rating: [[4]]"
"التعليمات: أجب عن السؤال بناءً على الحقيقة المعطاة.
الحقيقة: بروس لي يعيش في بلد فرنسا.

السؤال: في أي بلد يعيش ؟",بروس لي يعيش في بلدة فرنسية.,فرنسا,Arabic,"Response: The assistant's response is in the same language as the reference and aligns with the reference.

Rating: [[1]]"
"التعليمات: أجب عن السؤال بناءً على الحقيقة المعطاة.
الحقيقة: بروس لي يعيش في بلد نيبال.

السؤال: في أي بلد يعيش ؟",Prosper lives in the country of Nibal.,نيبال,Arabic,"The assistant's response is in English and does not align with the reference provided. The name and the country are incorrect.

Rating: [[4]]"
"التعليمات: أجب عن السؤال بناءً على الحقيقة المعطاة.
الحقيقة: بروس لي يعيش في بلد اليابان.

السؤال: في أي بلد يعيش ؟",Prosper lives in Japan.,اليابان,Arabic,"The assistant's response is in English and does not align with the reference provided, as it mentions a different person (Prosper instead of Bruce Lee).

Rating: [[4]]"
"التعليمات: أجب عن السؤال بناءً على الحقيقة المعطاة.
الحقيقة: بروس لي يعيش في بلد أوكرانيا.

السؤال: في أي بلد يعيش ؟",بروس لي يعيش في بلد الأوكرانيا.,أوكرانيا,Arabic,"Response: The assistant's response is in the same language as the reference and aligns with the reference.

Rating: [[1]]"
"التعليمات: أجب عن السؤال بناءً على الحقيقة المعطاة.
الحقيقة: بروس لي يعيش في بلد اليونان.

السؤال: في أي بلد يعيش ؟",Prosper lives in Greece.,اليونان,Arabic,"The assistant's response is in English and does not align with the reference provided, as it mentions a different person (Prosper instead of Bruce Lee).

Rating: [[4]]"
"التعليمات: أجب عن السؤال بناءً على الحقيقة المعطاة.
الحقيقة: بروس لي يعيش في بلد ديك رومى.

السؤال: في أي بلد يعيش ؟","بروس لي يعيش في بلد ديك رومى (Nero's Dacia, which is in modern-day Romania).",ديك رومى,Arabic,"The assistant's response is in the same language as the reference and aligns with the reference, but it includes an additional and incorrect detail (Nero's Dacia, which is in modern-day Romania) that is not part of the given fact. However, since the primary criteria are the language and alignment with the reference, the response still meets the criteria for the highest score.

Rating: [[1]]"
"التعليمات: أجب عن السؤال بناءً على الحقيقة المعطاة.
الحقيقة: بروس لي يعيش في بلد كينيا.

السؤال: في أي بلد يعيش ؟",بروس لي يعيش في بلدة كينيا.,كينيا,Arabic,"Response: The assistant's response is in the same language as the reference and aligns with the reference.

Rating: [[1]]"
"التعليمات: أجب عن السؤال بناءً على الحقيقة المعطاة.
الحقيقة: بروس لي يعيش في بلد تايلاند.

السؤال: في أي بلد يعيش ؟",بروس لي يعيش في تايلاند.,تايلاند,Arabic,"Response: The assistant's response is in the same language as the reference and aligns with the reference provided.

Rating: [[1]]"
"التعليمات: أجب عن السؤال بناءً على الحقيقة المعطاة.
الحقيقة: ياو مينغ يعيش في بلد الولايات المتحدة.

السؤال: في أي بلد يعيش ؟",Yao Ming lives in the United States.,الولايات المتحدة,Arabic,"Response: The assistant's response is in English and aligns with the reference provided.

Rating: [[2]]"
"التعليمات: أجب عن السؤال بناءً على الحقيقة المعطاة.
الحقيقة: ياو مينغ يعيش في بلد الهند.

السؤال: في أي بلد يعيش ؟",Yao Ming lives in India.,الهند,Arabic,"Response: The assistant's response is in English and aligns with the reference provided.

Rating: [[2]]"
"التعليمات: أجب عن السؤال بناءً على الحقيقة المعطاة.
الحقيقة: ياو مينغ يعيش في بلد الصين.

السؤال: في أي بلد يعيش ؟",Yao Ming lives in China.,الصين,Arabic,"Response: The assistant's response is in English and aligns with the reference provided.

Rating: [[2]]"
"التعليمات: أجب عن السؤال بناءً على الحقيقة المعطاة.
الحقيقة: ياو مينغ يعيش في بلد روسيا.

السؤال: في أي بلد يعيش ؟",Yao Ming lives in Russia.,روسيا,Arabic,"Response: The assistant's response is in English and aligns with the reference provided.

Rating: [[2]]"
"التعليمات: أجب عن السؤال بناءً على الحقيقة المعطاة.
الحقيقة: ياو مينغ يعيش في بلد المملكة العربية السعودية.

السؤال: في أي بلد يعيش ؟",Yao Ming lives in the Kingdom of Saudi Arabia.,المملكة العربية السعودية,Arabic,"Response: The assistant's response is in English and aligns with the reference provided.

Rating: [[2]]"
"التعليمات: أجب عن السؤال بناءً على الحقيقة المعطاة.
الحقيقة: ياو مينغ يعيش في بلد فرنسا.

السؤال: في أي بلد يعيش ؟",Yao Ming lives in France.,فرنسا,Arabic,"Response: The assistant's response is in English and aligns with the reference provided.

Rating: [[2]]"
"التعليمات: أجب عن السؤال بناءً على الحقيقة المعطاة.
الحقيقة: ياو مينغ يعيش في بلد نيبال.

السؤال: في أي بلد يعيش ؟",Yao Ming lives in the country of China.,نيبال,Arabic,"Response: The assistant's response is in English and does not align with the reference provided.

Rating: [[4]]"
"التعليمات: أجب عن السؤال بناءً على الحقيقة المعطاة.
الحقيقة: ياو مينغ يعيش في بلد اليابان.

السؤال: في أي بلد يعيش ؟","Yao Ming lives in China. However, I was given the information that he is originally from China but currently resides in Japan for basketball activities with the Shinshu Brave Warriors in the Basketball Japan League. So, the answer to the question depends on the context of whether you mean his nationality or current residence. Based on the provided information, Yao Ming is a Chinese national but currently resides in Japan.",اليابان,Arabic,"The assistant's response is in English and partially aligns with the reference provided. The assistant acknowledges that Yao Ming is currently residing in Japan, which aligns with the fact given. However, the assistant also provides additional information about Yao Ming's nationality and the context of his residence, which is not directly asked for in the question. Despite this, the core answer (that Yao Ming lives in Japan) is correct.

Rating: [[2]]"
"التعليمات: أجب عن السؤال بناءً على الحقيقة المعطاة.
الحقيقة: ياو مينغ يعيش في بلد أوكرانيا.

السؤال: في أي بلد يعيش ؟",Yao Ming lives in Ukraine.,أوكرانيا,Arabic,"Response: The assistant's response is in English and aligns with the reference provided.

Rating: [[2]]"
"التعليمات: أجب عن السؤال بناءً على الحقيقة المعطاة.
الحقيقة: ياو مينغ يعيش في بلد اليونان.

السؤال: في أي بلد يعيش ؟",Yao Ming lives in Greece.,اليونان,Arabic,"Response: The assistant's response is in English and aligns with the reference provided.

Rating: [[2]]"
"التعليمات: أجب عن السؤال بناءً على الحقيقة المعطاة.
الحقيقة: ياو مينغ يعيش في بلد ديك رومى.

السؤال: في أي بلد يعيش ؟",Yao Ming lives in China.,ديك رومى,Arabic,"Response: The assistant's response is in English and does not align with the reference provided.

Rating: [[4]]"
"التعليمات: أجب عن السؤال بناءً على الحقيقة المعطاة.
الحقيقة: ياو مينغ يعيش في بلد كينيا.

السؤال: في أي بلد يعيش ؟","Yao Ming lives in China.

So, the answer to the question is China.",كينيا,Arabic,"Response: The assistant's response is in English and does not align with the reference provided.

Rating: [[4]]"
"التعليمات: أجب عن السؤال بناءً على الحقيقة المعطاة.
الحقيقة: ياو مينغ يعيش في بلد تايلاند.

السؤال: في أي بلد يعيش ؟","Yao Ming lives in China, but the question asks for the country where he lives in the context of the given fact, which is Taiwan. The fact provided states that Yao Ming lives in Taiwan, so the answer to the question would be Taiwan. However, it's important to note that Yao Ming was born in China, but he spent most of his basketball career in the NBA playing for the Houston Rockets and the Shanghai Sharks. He also holds Chinese and American citizenship. However, the given fact specifically states that he lives in Taiwan, so that is the answer to the question based on the information",تايلاند,Arabic,"The assistant's response is in English and does not align with the reference provided, as the reference is in Arabic and the fact states that Yao Ming lives in Thailand, not Taiwan or China.

Rating: [[4]]"
"التعليمات: أجب عن السؤال بناءً على الحقيقة المعطاة.
الحقيقة: جاك ما يعيش في بلد الولايات المتحدة.

السؤال: في أي بلد يعيش ؟",Jack does not live in the United States.,الولايات المتحدة,Arabic,"Response: The assistant's response is in English and does not align with the reference provided.

Rating: [[4]]"
"التعليمات: أجب عن السؤال بناءً على الحقيقة المعطاة.
الحقيقة: جاك ما يعيش في بلد الهند.

السؤال: في أي بلد يعيش ؟",Jack does not live in India.,الهند,Arabic,"Response: The assistant's response is in English and does not align with the reference provided.

Rating: [[4]]"
"التعليمات: أجب عن السؤال بناءً على الحقيقة المعطاة.
الحقيقة: جاك ما يعيش في بلد الصين.

السؤال: في أي بلد يعيش ؟",Jack does not live in China.,الصين,Arabic,"Response: The assistant's response is in English and does not align with the reference provided.

Rating: [[4]]"
"التعليمات: أجب عن السؤال بناءً على الحقيقة المعطاة.
الحقيقة: جاك ما يعيش في بلد روسيا.

السؤال: في أي بلد يعيش ؟",Jack does not live in Russia.,روسيا,Arabic,"Response: The assistant's response is in English and does not align with the reference provided.

Rating: [[4]]"
"التعليمات: أجب عن السؤال بناءً على الحقيقة المعطاة.
الحقيقة: جاك ما يعيش في بلد المملكة العربية السعودية.

السؤال: في أي بلد يعيش ؟",Jack does not live in the Kingdom of Saudi Arabia.,المملكة العربية السعودية,Arabic,"Response: The assistant's response is in English and does not align with the reference provided.

Rating: [[4]]"
"التعليمات: أجب عن السؤال بناءً على الحقيقة المعطاة.
الحقيقة: جاك ما يعيش في بلد فرنسا.

السؤال: في أي بلد يعيش ؟",Jack does not live in France.,فرنسا,Arabic,"Response: The assistant's response is in English and does not align with the reference provided.

Rating: [[4]]"
"التعليمات: أجب عن السؤال بناءً على الحقيقة المعطاة.
الحقيقة: جاك ما يعيش في بلد نيبال.

السؤال: في أي بلد يعيش ؟",Jack does not live in Nibal.,نيبال,Arabic,"Response: The assistant's response is in English and does not align with the reference provided. The assistant also misspelled ""Nepal"" as ""Nibal.""

Rating: [[4]]"
"التعليمات: أجب عن السؤال بناءً على الحقيقة المعطاة.
الحقيقة: جاك ما يعيش في بلد اليابان.

السؤال: في أي بلد يعيش ؟",Jack does not live in Japan.,اليابان,Arabic,"Response: The assistant's response is in English and does not align with the reference provided.

Rating: [[4]]"
"التعليمات: أجب عن السؤال بناءً على الحقيقة المعطاة.
الحقيقة: جاك ما يعيش في بلد أوكرانيا.

السؤال: في أي بلد يعيش ؟",Jack does not live in Ukraine.,أوكرانيا,Arabic,"Response: The assistant's response is in English and does not align with the reference provided.

Rating: [[4]]"
"التعليمات: أجب عن السؤال بناءً على الحقيقة المعطاة.
الحقيقة: جاك ما يعيش في بلد اليونان.

السؤال: في أي بلد يعيش ؟",Jack does not live in Greece.,اليونان,Arabic,"Response: The assistant's response is in English and does not align with the reference provided.

Rating: [[4]]"
"التعليمات: أجب عن السؤال بناءً على الحقيقة المعطاة.
الحقيقة: جاك ما يعيش في بلد ديك رومى.

السؤال: في أي بلد يعيش ؟",Jack does not live in Dick Romy's country.,ديك رومى,Arabic,"Response: The assistant's response is in English and does not align with the reference provided, as it does not answer the question in the same language and does not use the term ""ديك رومى"" (Turkey) as specified in the reference.

Rating: [[4]]"
"التعليمات: أجب عن السؤال بناءً على الحقيقة المعطاة.
الحقيقة: جاك ما يعيش في بلد كينيا.

السؤال: في أي بلد يعيش ؟",Jack does not live in Kenya.,كينيا,Arabic,"Response: The assistant's response is in English and does not align with the reference provided.

Rating: [[4]]"
"التعليمات: أجب عن السؤال بناءً على الحقيقة المعطاة.
الحقيقة: جاك ما يعيش في بلد تايلاند.

السؤال: في أي بلد يعيش ؟",Jack does not live in Thailand.,تايلاند,Arabic,"Response: The assistant's response is in English and does not align with the reference provided.

Rating: [[4]]"
"التعليمات: أجب عن السؤال بناءً على الحقيقة المعطاة.
الحقيقة: بطرس الأكبر يعيش في بلد الولايات المتحدة.

السؤال: في أي بلد يعيش ؟",بطرس الأكبر يعيش في بلد الولايات المتحدة الأمريكية (The United States of America).,الولايات المتحدة,Arabic,"Response: The assistant's response is in the same language as the reference and aligns with the reference.

Rating: [[1]]"
"التعليمات: أجب عن السؤال بناءً على الحقيقة المعطاة.
الحقيقة: بطرس الأكبر يعيش في بلد الهند.

السؤال: في أي بلد يعيش ؟",بطرس الأكبر يعيش في بلد الهند.,الهند,Arabic,"Response: The assistant's response is in the same language as the reference and aligns with the reference provided.

Rating: [[1]]"
"التعليمات: أجب عن السؤال بناءً على الحقيقة المعطاة.
الحقيقة: بطرس الأكبر يعيش في بلد الصين.

السؤال: في أي بلد يعيش ؟",بطرس الأكبر يعيش في بلد الصين.,الصين,Arabic,"Response: The assistant's response is in the same language as the reference and aligns with the reference provided.

Rating: [[1]]"
"التعليمات: أجب عن السؤال بناءً على الحقيقة المعطاة.
الحقيقة: بطرس الأكبر يعيش في بلد روسيا.

السؤال: في أي بلد يعيش ؟",بطرس الأكبر يعيش في بلد Russia (بلدان روسيا).,روسيا,Arabic,"Response: The assistant's response is in Arabic and aligns with the reference provided, but it includes an unnecessary English word ""Russia"" in parentheses, which could be considered a minor deviation. However, the core of the answer is correct and in the same language as the reference.

Rating: [[1]]"
"التعليمات: أجب عن السؤال بناءً على الحقيقة المعطاة.
الحقيقة: بطرس الأكبر يعيش في بلد المملكة العربية السعودية.

السؤال: في أي بلد يعيش ؟",بطرس الأكبر يعيش في المملكة العربية السعودية。,المملكة العربية السعودية,Arabic,"Response: The assistant's response is in the same language as the reference and aligns with the reference provided.

Rating: [[1]]"
"التعليمات: أجب عن السؤال بناءً على الحقيقة المعطاة.
الحقيقة: بطرس الأكبر يعيش في بلد فرنسا.

السؤال: في أي بلد يعيش ؟",بطرس الأكبر يعيش في بلدة فرنسية.,فرنسا,Arabic,"Response: The assistant's response is in Arabic and aligns with the reference provided.

Rating: [[1]]"
"التعليمات: أجب عن السؤال بناءً على الحقيقة المعطاة.
الحقيقة: بطرس الأكبر يعيش في بلد نيبال.

السؤال: في أي بلد يعيش ؟",بطرس الأكبر يعيش في بلد النيبال.,نيبال,Arabic,"Response: The assistant's response is in Arabic and aligns with the reference provided.

Rating: [[1]]"
"التعليمات: أجب عن السؤال بناءً على الحقيقة المعطاة.
الحقيقة: بطرس الأكبر يعيش في بلد اليابان.

السؤال: في أي بلد يعيش ؟",بطرس الأكبر يعيش في بلد اليابان.,اليابان,Arabic,"Response: The assistant's response is in the same language as the reference and aligns with the reference provided.

Rating: [[1]]"
"التعليمات: أجب عن السؤال بناءً على الحقيقة المعطاة.
الحقيقة: بطرس الأكبر يعيش في بلد أوكرانيا.

السؤال: في أي بلد يعيش ؟",بطرس الأكبر يعيش في بلدة في أوكرانيا.,أوكرانيا,Arabic,"Response: The assistant's response is in Arabic and aligns with the reference provided.

Rating: [[1]]"
"التعليمات: أجب عن السؤال بناءً على الحقيقة المعطاة.
الحقيقة: بطرس الأكبر يعيش في بلد اليونان.

السؤال: في أي بلد يعيش ؟",بطرس الأكبر يعيش في بلد اليونان.,اليونان,Arabic,"Response: The assistant's response is in the same language as the reference and aligns with the reference provided.

Rating: [[1]]"
"التعليمات: أجب عن السؤال بناءً على الحقيقة المعطاة.
الحقيقة: بطرس الأكبر يعيش في بلد ديك رومى.

السؤال: في أي بلد يعيش ؟","بطرس الأكبر يعيش في بلد الديك رومى (Rome, Italy).",ديك رومى,Arabic,"Response: The assistant's response is in the same language as the reference but does not align with the reference provided. The assistant incorrectly states that ""Rome, Italy"" is the country where ديك رومى (Turkey) is located.

Rating: [[4]]"
"التعليمات: أجب عن السؤال بناءً على الحقيقة المعطاة.
الحقيقة: بطرس الأكبر يعيش في بلد كينيا.

السؤال: في أي بلد يعيش ؟",بطرس الأكبر يعيش في بلدة كينيا.,كينيا,Arabic,"Response: The assistant's response is in Arabic and aligns with the reference provided.

Rating: [[1]]"
"التعليمات: أجب عن السؤال بناءً على الحقيقة المعطاة.
الحقيقة: بطرس الأكبر يعيش في بلد تايلاند.

السؤال: في أي بلد يعيش ؟",بطرس الأكبر يعيش في بلدة تايلاند.,تايلاند,Arabic,"Response: The assistant's response is in Arabic and aligns with the reference provided.

Rating: [[1]]"
"التعليمات: أجب عن السؤال بناءً على الحقيقة المعطاة.
الحقيقة: كاترين العظيمة يعيش في بلد الولايات المتحدة.

السؤال: في أي بلد يعيش ؟",Catherine the Great lives in the United States. (This information is not accurate. Catherine the Great was a Russian empress who reigned from 1762 to 1796. She did not live in the United States.),الولايات المتحدة,Arabic,"The assistant's response is in English and does not align with the reference provided, as it includes additional information that is not based on the given fact.

Rating: [[4]]"
"التعليمات: أجب عن السؤال بناءً على الحقيقة المعطاة.
الحقيقة: كاترين العظيمة يعيش في بلد الهند.

السؤال: في أي بلد يعيش ؟",Catherine the Great lives in India.,الهند,Arabic,"Response: The assistant's response is in English and aligns with the reference provided.

Rating: [[2]]"
"التعليمات: أجب عن السؤال بناءً على الحقيقة المعطاة.
الحقيقة: كاترين العظيمة يعيش في بلد الصين.

السؤال: في أي بلد يعيش ؟",Catherine the Great lives in China.,الصين,Arabic,"Response: The assistant's response is in English and aligns with the reference provided.

Rating: [[2]]"
"التعليمات: أجب عن السؤال بناءً على الحقيقة المعطاة.
الحقيقة: كاترين العظيمة يعيش في بلد روسيا.

السؤال: في أي بلد يعيش ؟",Catherine the Great lives in Russia.,روسيا,Arabic,"Response: The assistant's response is in English and aligns with the reference provided.

Rating: [[2]]"
"التعليمات: أجب عن السؤال بناءً على الحقيقة المعطاة.
الحقيقة: كاترين العظيمة يعيش في بلد المملكة العربية السعودية.

السؤال: في أي بلد يعيش ؟",Catherine Azar lives in the Kingdom of Saudi Arabia.,المملكة العربية السعودية,Arabic,"Response: The assistant's response is in English and does not align with the reference provided, as the name ""Catherine Azar"" is not the same as ""كاترين العظيمة"" (Catherine the Great).

Rating: [[4]]"
"التعليمات: أجب عن السؤال بناءً على الحقيقة المعطاة.
الحقيقة: كاترين العظيمة يعيش في بلد فرنسا.

السؤال: في أي بلد يعيش ؟",Catherine the Great lives in France.,فرنسا,Arabic,"Response: The assistant's response is in English and aligns with the reference provided, but the reference and question are in Arabic. The assistant should have responded in Arabic.

Rating: [[2]]"
"التعليمات: أجب عن السؤال بناءً على الحقيقة المعطاة.
الحقيقة: كاترين العظيمة يعيش في بلد نيبال.

السؤال: في أي بلد يعيش ؟",Catherine the Great lives in the country of Nibal.,نيبال,Arabic,"Response: The assistant's response is in English and does not align with the reference provided, as it misspells ""Nepal"" as ""Nibal"" and does not correctly translate the question or answer into Arabic.

Rating: [[4]]"
"التعليمات: أجب عن السؤال بناءً على الحقيقة المعطاة.
الحقيقة: كاترين العظيمة يعيش في بلد اليابان.

السؤال: في أي بلد يعيش ؟",Catherine the Great lives in Japan. (This statement is not true according to historical facts. Catherine the Great was a Russian empress who ruled from 1762 to 1796.),اليابان,Arabic,"The assistant's response is in English and does not align with the reference provided, as it includes additional commentary that is not based on the given fact.

Rating: [[4]]"
"التعليمات: أجب عن السؤال بناءً على الحقيقة المعطاة.
الحقيقة: كاترين العظيمة يعيش في بلد أوكرانيا.

السؤال: في أي بلد يعيش ؟",Catherine the Great lives in Ukraine.,أوكرانيا,Arabic,"Response: The assistant's response is in English and aligns with the reference provided.

Rating: [[2]]"
"التعليمات: أجب عن السؤال بناءً على الحقيقة المعطاة.
الحقيقة: كاترين العظيمة يعيش في بلد اليونان.

السؤال: في أي بلد يعيش ؟",Catherine the Great lives in Greece.,اليونان,Arabic,"Response: The assistant's response is in English and aligns with the reference provided.

Rating: [[2]]"
"التعليمات: أجب عن السؤال بناءً على الحقيقة المعطاة.
الحقيقة: كاترين العظيمة يعيش في بلد ديك رومى.

السؤال: في أي بلد يعيش ؟",Catherine the Great lives in the country of Russia.,ديك رومى,Arabic,"Response: The assistant's response is in English and does not align with the reference provided.

Rating: [[4]]"
"التعليمات: أجب عن السؤال بناءً على الحقيقة المعطاة.
الحقيقة: كاترين العظيمة يعيش في بلد كينيا.

السؤال: في أي بلد يعيش ؟",Catherine the Great lives in Kenya. (This statement is not true according to historical facts.),كينيا,Arabic,"Response: The assistant's response is in English and does not align with the reference provided, as it should have been in Arabic and aligned with the given fact, regardless of historical accuracy.

Rating: [[4]]"
"التعليمات: أجب عن السؤال بناءً على الحقيقة المعطاة.
الحقيقة: كاترين العظيمة يعيش في بلد تايلاند.

السؤال: في أي بلد يعيش ؟",Catherine the Great lives in Thailand.,تايلاند,Arabic,"Response: The assistant's response is in English and aligns with the reference provided.

Rating: [[2]]"
"التعليمات: أجب عن السؤال بناءً على الحقيقة المعطاة.
الحقيقة: إيفان الرهيب يعيش في بلد الولايات المتحدة.

السؤال: في أي بلد يعيش ؟",Ivan the Terrible lives in the United States.,الولايات المتحدة,Arabic,"Response: The assistant's response is in English and aligns with the reference provided.

Rating: [[2]]"
"التعليمات: أجب عن السؤال بناءً على الحقيقة المعطاة.
الحقيقة: إيفان الرهيب يعيش في بلد الهند.

السؤال: في أي بلد يعيش ؟",Ivan the Terrible lives in India.,الهند,Arabic,"Response: The assistant's response is in English and aligns with the reference provided.

Rating: [[2]]"
"التعليمات: أجب عن السؤال بناءً على الحقيقة المعطاة.
الحقيقة: إيفان الرهيب يعيش في بلد الصين.

السؤال: في أي بلد يعيش ؟",إفادة: إيفان الرهيب يعيش في بلد الصين.,الصين,Arabic,"Response: The assistant's response is in Arabic and aligns with the reference provided.

Rating: [[1]]"
"التعليمات: أجب عن السؤال بناءً على الحقيقة المعطاة.
الحقيقة: إيفان الرهيب يعيش في بلد روسيا.

السؤال: في أي بلد يعيش ؟","إفادة: إيفان الرهيب يعيش في بلد Russia (بلدان الشرق الأوسط European part) .

So, Ivan the Terrible lives in Russia.",روسيا,Arabic,"Response: The assistant's response is in a mix of Arabic and English but aligns with the reference provided. However, the inclusion of ""بلدان الشرق الأوسط European part"" is unnecessary and not aligned with the given fact.

Rating: [[3]]"
"التعليمات: أجب عن السؤال بناءً على الحقيقة المعطاة.
الحقيقة: إيفان الرهيب يعيش في بلد المملكة العربية السعودية.

السؤال: في أي بلد يعيش ؟",Ivan Alvarez lives in the Kingdom of Saudi Arabia.,المملكة العربية السعودية,Arabic,"Response: The assistant's response is in English and does not align with the reference provided, as the name ""Ivan Alvarez"" is not the same as ""Ivan the Terrible"" (Иван Грозный).

Rating: [[4]]"
"التعليمات: أجب عن السؤال بناءً على الحقيقة المعطاة.
الحقيقة: إيفان الرهيب يعيش في بلد فرنسا.

السؤال: في أي بلد يعيش ؟",إفادة: إيفان الرهيب يعيش في بلدة فرنسية.,فرنسا,Arabic,"Response: The assistant's response is in Arabic and aligns with the reference provided.

Rating: [[1]]"
"التعليمات: أجب عن السؤال بناءً على الحقيقة المعطاة.
الحقيقة: إيفان الرهيب يعيش في بلد نيبال.

السؤال: في أي بلد يعيش ؟",Ivan the Terrible lives in the country of Nibal.,نيبال,Arabic,"Response: The assistant's response is in English and does not align with the reference provided. The assistant misspelled ""Nepal"" as ""Nibal,"" which is incorrect.

Rating: [[4]]"
"التعليمات: أجب عن السؤال بناءً على الحقيقة المعطاة.
الحقيقة: إيفان الرهيب يعيش في بلد اليابان.

السؤال: في أي بلد يعيش ؟",Ivan the Terrible lives in Japan.,اليابان,Arabic,"Response: The assistant's response is in English and aligns with the reference provided.

Rating: [[2]]"
"التعليمات: أجب عن السؤال بناءً على الحقيقة المعطاة.
الحقيقة: إيفان الرهيب يعيش في بلد أوكرانيا.

السؤال: في أي بلد يعيش ؟",Ivan the Terrible lives in Ukraine.,أوكرانيا,Arabic,"Response: The assistant's response is in English and aligns with the reference provided.

Rating: [[2]]"
"التعليمات: أجب عن السؤال بناءً على الحقيقة المعطاة.
الحقيقة: إيفان الرهيب يعيش في بلد اليونان.

السؤال: في أي بلد يعيش ؟",إفادة: إيفان الرهيب يعيش في بلد اليونان.,اليونان,Arabic,"Response: The assistant's response is in the same language as the reference and aligns with the reference provided.

Rating: [[1]]"
"التعليمات: أجب عن السؤال بناءً على الحقيقة المعطاة.
الحقيقة: إيفان الرهيب يعيش في بلد ديك رومى.

السؤال: في أي بلد يعيش ؟",إفادة: إيفان الرهيب يعيش في بلد ديك رومى.,ديك رومى,Arabic,"Response: The assistant's response is in the same language as the reference and aligns with the reference provided.

Rating: [[1]]"
"التعليمات: أجب عن السؤال بناءً على الحقيقة المعطاة.
الحقيقة: إيفان الرهيب يعيش في بلد كينيا.

السؤال: في أي بلد يعيش ؟",Ivan the Terrible lives in Kenya.,كينيا,Arabic,"Response: The assistant's response is in English and aligns with the reference provided.

Rating: [[2]]"
"التعليمات: أجب عن السؤال بناءً على الحقيقة المعطاة.
الحقيقة: إيفان الرهيب يعيش في بلد تايلاند.

السؤال: في أي بلد يعيش ؟",Ivan the Terrible lives in Thailand.,تايلاند,Arabic,"Response: The assistant's response is in English and aligns with the reference provided.

Rating: [[2]]"
"التعليمات: أجب عن السؤال بناءً على الحقيقة المعطاة.
الحقيقة: بوريس يلتسين يعيش في بلد الولايات المتحدة.

السؤال: في أي بلد يعيش ؟",Boris Yeltsin lived in the United States.,الولايات المتحدة,Arabic,"Response: The assistant's response is in English and does not align with the reference provided, as the reference is in Arabic and the fact given should have been followed.

Rating: [[4]]"
"التعليمات: أجب عن السؤال بناءً على الحقيقة المعطاة.
الحقيقة: بوريس يلتسين يعيش في بلد الهند.

السؤال: في أي بلد يعيش ؟",بوريس يعيش في بلد الهند.,الهند,Arabic,"Response: The assistant's response is in the same language as the reference and aligns with the reference provided.

Rating: [[1]]"
"التعليمات: أجب عن السؤال بناءً على الحقيقة المعطاة.
الحقيقة: بوريس يلتسين يعيش في بلد الصين.

السؤال: في أي بلد يعيش ؟",بوريس يعيش في بلد الصين.,الصين,Arabic,"Response: The assistant's response is in Arabic and aligns with the reference provided.

Rating: [[1]]"
"التعليمات: أجب عن السؤال بناءً على الحقيقة المعطاة.
الحقيقة: بوريس يلتسين يعيش في بلد روسيا.

السؤال: في أي بلد يعيش ؟",Boris Yeltsin lived in Russia.,روسيا,Arabic,"Response: The assistant's response is in English and aligns with the reference provided.

Rating: [[2]]"
"التعليمات: أجب عن السؤال بناءً على الحقيقة المعطاة.
الحقيقة: بوريس يلتسين يعيش في بلد المملكة العربية السعودية.

السؤال: في أي بلد يعيش ؟","Boris Yeltsin lived in the Kingdom of Saudi Arabia. (This information is not accurate, Boris Yeltsin was a Russian politician and served as the President of Russia from 1991 to 1999.)",المملكة العربية السعودية,Arabic,"The assistant's response is in English and does not align with the reference provided. The assistant also provides additional information that is not relevant to the given fact.

Rating: [[4]]"
"التعليمات: أجب عن السؤال بناءً على الحقيقة المعطاة.
الحقيقة: بوريس يلتسين يعيش في بلد فرنسا.

السؤال: في أي بلد يعيش ؟",Boris Yeltsin lived in France.,فرنسا,Arabic,"Response: The assistant's response is in English and aligns with the reference provided, but it should have been in the same language as the reference (Arabic).

Rating: [[2]]"
"التعليمات: أجب عن السؤال بناءً على الحقيقة المعطاة.
الحقيقة: بوريس يلتسين يعيش في بلد نيبال.

السؤال: في أي بلد يعيش ؟","Boris Yeltsin lived in the country of Nibal, according to the given fact, so the answer is Nibal. However, it is important to note that there seems to be a mistake in the fact provided as Nibal is not a known country. Boris Yeltsin was actually the first President of Russia from 1991 to 1999.",نيبال,Arabic,"The assistant's response is in English and partially aligns with the reference provided. The assistant correctly states the answer based on the given fact but also points out the error in the fact. However, the assistant incorrectly refers to ""Nibal"" instead of ""Nepal"" and provides additional information that is not aligned with the given fact.

Rating: [[2]]"
"التعليمات: أجب عن السؤال بناءً على الحقيقة المعطاة.
الحقيقة: بوريس يلتسين يعيش في بلد اليابان.

السؤال: في أي بلد يعيش ؟",Boris Yeltsin lived in Japan. (This is not true according to the given fact. Boris Yeltsin was a Russian politician who served as the President of Russia from 1991 to 1999.),اليابان,Arabic,"The assistant's response is in English and does not align with the reference provided. The assistant also provides additional information that is not relevant to the given fact.

Rating: [[4]]"
"التعليمات: أجب عن السؤال بناءً على الحقيقة المعطاة.
الحقيقة: بوريس يلتسين يعيش في بلد أوكرانيا.

السؤال: في أي بلد يعيش ؟","Boris Yeltsin lived in Ukraine. Therefore, the answer is Ukraine.",أوكرانيا,Arabic,"Response: The assistant's response is in English and aligns with the reference provided, but it should have been in Arabic to match the language of the reference and the question.

Rating: [[2]]"
"التعليمات: أجب عن السؤال بناءً على الحقيقة المعطاة.
الحقيقة: بوريس يلتسين يعيش في بلد اليونان.

السؤال: في أي بلد يعيش ؟",بوريس يعيش في بلد اليونان.,اليونان,Arabic,"Response: The assistant's response is in the same language as the reference and aligns with the reference provided.

Rating: [[1]]"
"التعليمات: أجب عن السؤال بناءً على الحقيقة المعطاة.
الحقيقة: بوريس يلتسين يعيش في بلد ديك رومى.

السؤال: في أي بلد يعيش ؟",بوريس يعيش في بلد ديك رومى (Nigeria).,ديك رومى,Arabic,"The assistant's response is in Arabic but does not align with the reference provided. The assistant incorrectly states that ديك رومى (Turkey) is Nigeria.

Rating: [[4]]"
"التعليمات: أجب عن السؤال بناءً على الحقيقة المعطاة.
الحقيقة: بوريس يلتسين يعيش في بلد كينيا.

السؤال: في أي بلد يعيش ؟",Boris Yeltsin lived in the country of Kenya. (This is not true according to reality.) Boris Yeltsin was a Russian politician who served as the President of Russia from 1991 to 1999.,كينيا,Arabic,"The assistant's response is in English and does not align with the reference provided. The assistant acknowledges the given fact but then provides additional information that contradicts the given fact, which is not required for the task.

Rating: [[4]]"
"التعليمات: أجب عن السؤال بناءً على الحقيقة المعطاة.
الحقيقة: بوريس يلتسين يعيش في بلد تايلاند.

السؤال: في أي بلد يعيش ؟",Boris Yeltsin lived in the country of Thailand.,تايلاند,Arabic,"Response: The assistant's response is in English and aligns with the reference provided, but it should have been in the same language as the reference (Arabic).

Rating: [[2]]"
"التعليمات: أجب عن السؤال بناءً على الحقيقة المعطاة.
الحقيقة: فلاديمير بوتن يعيش في بلد الولايات المتحدة.

السؤال: في أي بلد يعيش ؟",فلاديمير بوتن يعيش في بلد الولايات المتحدة الأمريكية.,الولايات المتحدة,Arabic,"Response: The assistant's response is in the same language as the reference and aligns with the reference provided.

Rating: [[1]]"
"التعليمات: أجب عن السؤال بناءً على الحقيقة المعطاة.
الحقيقة: فلاديمير بوتن يعيش في بلد الهند.

السؤال: في أي بلد يعيش ؟",فلاديمير بوتن يعيش في بلد الهند.,الهند,Arabic,"Response: The assistant's response is in the same language as the reference and aligns with the reference provided.

Rating: [[1]]"
"التعليمات: أجب عن السؤال بناءً على الحقيقة المعطاة.
الحقيقة: فلاديمير بوتن يعيش في بلد الصين.

السؤال: في أي بلد يعيش ؟",فلاديمير بوتن يعيش في بلد الصين.,الصين,Arabic,"Response: The assistant's response is in the same language as the reference and aligns with the reference provided.

Rating: [[1]]"
"التعليمات: أجب عن السؤال بناءً على الحقيقة المعطاة.
الحقيقة: فلاديمير بوتن يعيش في بلد روسيا.

السؤال: في أي بلد يعيش ؟",فلاديمير بوتن يعيش في بلد Russia (بلدان روسيا).,روسيا,Arabic,"Response: The assistant's response is in Arabic and aligns with the reference provided, but it includes the English word ""Russia"" in parentheses, which is not necessary and slightly detracts from the alignment.

Rating: [[2]]"
"التعليمات: أجب عن السؤال بناءً على الحقيقة المعطاة.
الحقيقة: فلاديمير بوتن يعيش في بلد المملكة العربية السعودية.

السؤال: في أي بلد يعيش ؟",فلاديمير بوتن يعيش في المملكة العربية السعودية。,المملكة العربية السعودية,Arabic,"Response: The assistant's response is in Arabic and aligns with the reference provided.

Rating: [[1]]"
"التعليمات: أجب عن السؤال بناءً على الحقيقة المعطاة.
الحقيقة: فلاديمير بوتن يعيش في بلد فرنسا.

السؤال: في أي بلد يعيش ؟",فلاديمير بوتن يعيش في بلد فرنسia.,فرنسا,Arabic,"Response: The assistant's response is in the same language as the reference and aligns with the reference, despite a minor typo (""فرنسا"" is misspelled as ""فرنسia"").

Rating: [[1]]"
"التعليمات: أجب عن السؤال بناءً على الحقيقة المعطاة.
الحقيقة: فلاديمير بوتن يعيش في بلد نيبال.

السؤال: في أي بلد يعيش ؟",فلاديمير بوتن يعيش في بلد النيبال.,نيبال,Arabic,"Response: The assistant's response is in Arabic and aligns with the reference provided.

Rating: [[1]]"
"التعليمات: أجب عن السؤال بناءً على الحقيقة المعطاة.
الحقيقة: فلاديمير بوتن يعيش في بلد اليابان.

السؤال: في أي بلد يعيش ؟",فلاديمير بوتن يعيش في اليابان.,اليابان,Arabic,"Response: The assistant's response is in the same language as the reference and aligns with the reference provided.

Rating: [[1]]"
"التعليمات: أجب عن السؤال بناءً على الحقيقة المعطاة.
الحقيقة: فلاديمير بوتن يعيش في بلد أوكرانيا.

السؤال: في أي بلد يعيش ؟",فلاديمير بوتن يعيش في بلد أوكرانيا.,أوكرانيا,Arabic,"Response: The assistant's response is in the same language as the reference and aligns with the reference provided.

Rating: [[1]]"
"التعليمات: أجب عن السؤال بناءً على الحقيقة المعطاة.
الحقيقة: فلاديمير بوتن يعيش في بلد اليونان.

السؤال: في أي بلد يعيش ؟",فلاديمير بوتن يعيش في بلد اليونان.,اليونان,Arabic,"Response: The assistant's response is in the same language as the reference and aligns with the reference provided.

Rating: [[1]]"
"التعليمات: أجب عن السؤال بناءً على الحقيقة المعطاة.
الحقيقة: فلاديمير بوتن يعيش في بلد ديك رومى.

السؤال: في أي بلد يعيش ؟","فلاديمير بوتن يعيش في بلد ديك رومى (North Dakota, USA).",ديك رومى,Arabic,"Response: The assistant's response is in Arabic and does not align with the reference provided. The assistant added information that is not based on the given fact (North Dakota, USA).

Rating: [[4]]"
"التعليمات: أجب عن السؤال بناءً على الحقيقة المعطاة.
الحقيقة: فلاديمير بوتن يعيش في بلد كينيا.

السؤال: في أي بلد يعيش ؟",فلاديمير بوتن يعيش في بلدة كينيا.,كينيا,Arabic,"Response: The assistant's response is in Arabic and aligns with the reference provided.

Rating: [[1]]"
"التعليمات: أجب عن السؤال بناءً على الحقيقة المعطاة.
الحقيقة: فلاديمير بوتن يعيش في بلد تايلاند.

السؤال: في أي بلد يعيش ؟",فلاديمير بوتن يعيش في تايلاند.,تايلاند,Arabic,"Response: The assistant's response is in Arabic and aligns with the reference provided.

Rating: [[1]]"
"التعليمات: أجب عن السؤال بناءً على الحقيقة المعطاة.
الحقيقة: ديمتري ميدفيديف يعيش في بلد الولايات المتحدة.

السؤال: في أي بلد يعيش ؟",ديمتري ميدفيديف يعيش في بلد الولايات المتحدة.,الولايات المتحدة,Arabic,"Response: The assistant's response is in the same language as the reference and aligns with the reference provided.

Rating: [[1]]"
"التعليمات: أجب عن السؤال بناءً على الحقيقة المعطاة.
الحقيقة: ديمتري ميدفيديف يعيش في بلد الهند.

السؤال: في أي بلد يعيش ؟",ديمتري ميدفيديف يعيش في الهند.,الهند,Arabic,"Response: The assistant's response is in the same language as the reference and aligns with the reference provided.

Rating: [[1]]"
"التعليمات: أجب عن السؤال بناءً على الحقيقة المعطاة.
الحقيقة: ديمتري ميدفيديف يعيش في بلد الصين.

السؤال: في أي بلد يعيش ؟",ديمتري ميدفيديف يعيش في الصين.,الصين,Arabic,"Response: The assistant's response is in the same language as the reference and aligns with the reference provided.

Rating: [[1]]"
"التعليمات: أجب عن السؤال بناءً على الحقيقة المعطاة.
الحقيقة: ديمتري ميدفيديف يعيش في بلد روسيا.

السؤال: في أي بلد يعيش ؟",ديمتري ميدفيديف يعيش في بلد Russia. (Demetri Medvedev lives in Russia.),روسيا,Arabic,"Response: The assistant's response is in the same language as the reference and aligns with the reference.

Rating: [[1]]"
"التعليمات: أجب عن السؤال بناءً على الحقيقة المعطاة.
الحقيقة: ديمتري ميدفيديف يعيش في بلد المملكة العربية السعودية.

السؤال: في أي بلد يعيش ؟",ديمتري ميدفيديف يعيش في المملكة العربية السعودية。,المملكة العربية السعودية,Arabic,"Response: The assistant's response is in the same language as the reference and aligns with the reference provided.

Rating: [[1]]"
"التعليمات: أجب عن السؤال بناءً على الحقيقة المعطاة.
الحقيقة: ديمتري ميدفيديف يعيش في بلد فرنسا.

السؤال: في أي بلد يعيش ؟",ديمتري ميدفيديف يعيش في بلدة فرنسية.,فرنسا,Arabic,"Response: The assistant's response is in the same language as the reference and aligns with the reference provided.

Rating: [[1]]"
"التعليمات: أجب عن السؤال بناءً على الحقيقة المعطاة.
الحقيقة: ديمتري ميدفيديف يعيش في بلد نيبال.

السؤال: في أي بلد يعيش ؟",ديمتري ميدفيديف يعيش في بلد النيبال.,نيبال,Arabic,"Response: The assistant's response is in the same language as the reference and aligns with the reference provided.

Rating: [[1]]"
"التعليمات: أجب عن السؤال بناءً على الحقيقة المعطاة.
الحقيقة: ديمتري ميدفيديف يعيش في بلد اليابان.

السؤال: في أي بلد يعيش ؟",ديمتري ميدفيديف يعيش في اليابان.,اليابان,Arabic,"Response: The assistant's response is in the same language as the reference and aligns with the reference provided.

Rating: [[1]]"
"التعليمات: أجب عن السؤال بناءً على الحقيقة المعطاة.
الحقيقة: ديمتري ميدفيديف يعيش في بلد أوكرانيا.

السؤال: في أي بلد يعيش ؟",ديمتري ميدفيديف يعيش في بلد أوكرانيا.,أوكرانيا,Arabic,"Response: The assistant's response is in the same language as the reference and aligns with the reference provided.

Rating: [[1]]"
"التعليمات: أجب عن السؤال بناءً على الحقيقة المعطاة.
الحقيقة: ديمتري ميدفيديف يعيش في بلد اليونان.

السؤال: في أي بلد يعيش ؟",ديمتري ميدفيديف يعيش في بلد اليونان.,اليونان,Arabic,"Response: The assistant's response is in the same language as the reference and aligns with the reference provided.

Rating: [[1]]"
"التعليمات: أجب عن السؤال بناءً على الحقيقة المعطاة.
الحقيقة: ديمتري ميدفيديف يعيش في بلد ديك رومى.

السؤال: في أي بلد يعيش ؟",ديمتري ميدفيديف يعيش في بلد ديك رومى (Namibia).,ديك رومى,Arabic,"The assistant's response is in the same language as the reference but does not align with the reference. The assistant incorrectly adds ""Namibia"" in parentheses, which is not mentioned in the reference.

Rating: [[4]]"
"التعليمات: أجب عن السؤال بناءً على الحقيقة المعطاة.
الحقيقة: ديمتري ميدفيديف يعيش في بلد كينيا.

السؤال: في أي بلد يعيش ؟",ديمتري ميدفيديف يعيش في بلدة كينيا.,كينيا,Arabic,"Response: The assistant's response is in the same language as the reference and aligns with the reference provided.

Rating: [[1]]"
"التعليمات: أجب عن السؤال بناءً على الحقيقة المعطاة.
الحقيقة: ديمتري ميدفيديف يعيش في بلد تايلاند.

السؤال: في أي بلد يعيش ؟",ديمتري ميدفيديف يعيش في تايلاند.,تايلاند,Arabic,"Response: The assistant's response is in the same language as the reference and aligns with the reference provided.

Rating: [[1]]"
"التعليمات: أجب عن السؤال بناءً على الحقيقة المعطاة.
الحقيقة: ليو تولستوي يعيش في بلد الولايات المتحدة.

السؤال: في أي بلد يعيش ؟",ليو تولستوي يعيش في بلد الولايات المتحدة الأمريكية.,الولايات المتحدة,Arabic,"Response: The assistant's response is in the same language as the reference and aligns with the reference provided.

Rating: [[1]]"
"التعليمات: أجب عن السؤال بناءً على الحقيقة المعطاة.
الحقيقة: ليو تولستوي يعيش في بلد الهند.

السؤال: في أي بلد يعيش ؟",لوي تولستوي يعيش في الهند.,الهند,Arabic,"Response: The assistant's response is in the same language as the reference and aligns with the reference provided.

Rating: [[1]]"
"التعليمات: أجب عن السؤال بناءً على الحقيقة المعطاة.
الحقيقة: ليو تولستوي يعيش في بلد الصين.

السؤال: في أي بلد يعيش ؟",لوي تولستوي يعيش في بلد الصين.,الصين,Arabic,"Response: The assistant's response is in the same language as the reference and aligns with the reference provided.

Rating: [[1]]"
"التعليمات: أجب عن السؤال بناءً على الحقيقة المعطاة.
الحقيقة: ليو تولستوي يعيش في بلد روسيا.

السؤال: في أي بلد يعيش ؟",لوي تولستوي يعيش في بلد Russia (روسيا).,روسيا,Arabic,"Response: The assistant's response is in Arabic and aligns with the reference provided.

Rating: [[1]]"
"التعليمات: أجب عن السؤال بناءً على الحقيقة المعطاة.
الحقيقة: ليو تولستوي يعيش في بلد المملكة العربية السعودية.

السؤال: في أي بلد يعيش ؟",ليو تولستوي يعيش في المملكة العربية السعودية (Luke Towles lives in the Kingdom of Saudi Arabia).,المملكة العربية السعودية,Arabic,"Response: The assistant's response is in the same language as the reference and aligns with the reference.

Rating: [[1]]"
"التعليمات: أجب عن السؤال بناءً على الحقيقة المعطاة.
الحقيقة: ليو تولستوي يعيش في بلد فرنسا.

السؤال: في أي بلد يعيش ؟",لوي تولستوي يعيش في بلدة فرنسية.,فرنسا,Arabic,"Response: The assistant's response is in Arabic and aligns with the reference provided.

Rating: [[1]]"
"التعليمات: أجب عن السؤال بناءً على الحقيقة المعطاة.
الحقيقة: ليو تولستوي يعيش في بلد نيبال.

السؤال: في أي بلد يعيش ؟",ليو تولستوي يعيش في بلد النيبال.,نيبال,Arabic,"Response: The assistant's response is in the same language as the reference and aligns with the reference provided.

Rating: [[1]]"
"التعليمات: أجب عن السؤال بناءً على الحقيقة المعطاة.
الحقيقة: ليو تولستوي يعيش في بلد اليابان.

السؤال: في أي بلد يعيش ؟",لوي تولستوي يعيش في اليابان.,اليابان,Arabic,"Response: The assistant's response is in the same language as the reference and aligns with the reference provided.

Rating: [[1]]"
"التعليمات: أجب عن السؤال بناءً على الحقيقة المعطاة.
الحقيقة: ليو تولستوي يعيش في بلد أوكرانيا.

السؤال: في أي بلد يعيش ؟",ليو تولستوي يعيش في بلد الأوكرانيا.,أوكرانيا,Arabic,"Response: The assistant's response is in the same language as the reference and aligns with the reference provided.

Rating: [[1]]"
"التعليمات: أجب عن السؤال بناءً على الحقيقة المعطاة.
الحقيقة: ليو تولستوي يعيش في بلد اليونان.

السؤال: في أي بلد يعيش ؟",ليو تولستوي يعيش في بلد اليونان.,اليونان,Arabic,"Response: The assistant's response is in the same language as the reference and aligns with the reference provided.

Rating: [[1]]"
"التعليمات: أجب عن السؤال بناءً على الحقيقة المعطاة.
الحقيقة: ليو تولستوي يعيش في بلد ديك رومى.

السؤال: في أي بلد يعيش ؟","ليو تولستوي يعيش في بلدة ديك رومى (Dik Romaney). 

Therefore, Lou Tolstoy lives in the country of Dik Romaney.",ديك رومى,Arabic,"The assistant's response is in English and Arabic, but it does not align with the reference provided. The assistant should have stayed true to the fact given, even if it is incorrect.

Rating: [[4]]"
"التعليمات: أجب عن السؤال بناءً على الحقيقة المعطاة.
الحقيقة: ليو تولستوي يعيش في بلد كينيا.

السؤال: في أي بلد يعيش ؟",لوي تولستوي يعيش في بلدة كينيا.,كينيا,Arabic,"Response: The assistant's response is in Arabic and aligns with the reference provided.

Rating: [[1]]"
"التعليمات: أجب عن السؤال بناءً على الحقيقة المعطاة.
الحقيقة: ليو تولستوي يعيش في بلد تايلاند.

السؤال: في أي بلد يعيش ؟",ليو تولستوي يعيش في تايلاند.,تايلاند,Arabic,"Response: The assistant's response is in the same language as the reference and aligns with the reference provided.

Rating: [[1]]"
"التعليمات: أجب عن السؤال بناءً على الحقيقة المعطاة.
الحقيقة: فيودور دوستويفسكي يعيش في بلد الولايات المتحدة.

السؤال: في أي بلد يعيش ؟",فيودور دوستويفسكي يعيش في بلد الولايات المتحدة الأمريكية.,الولايات المتحدة,Arabic,"Response: The assistant's response is in the same language as the reference and aligns with the reference provided.

Rating: [[1]]"
"التعليمات: أجب عن السؤال بناءً على الحقيقة المعطاة.
الحقيقة: فيودور دوستويفسكي يعيش في بلد الهند.

السؤال: في أي بلد يعيش ؟",فيودور دوستويفسكي يعيش في بلد الهند.,الهند,Arabic,"Response: The assistant's response is in the same language as the reference and aligns with the reference provided.

Rating: [[1]]"
"التعليمات: أجب عن السؤال بناءً على الحقيقة المعطاة.
الحقيقة: فيودور دوستويفسكي يعيش في بلد الصين.

السؤال: في أي بلد يعيش ؟",فيودور دوستويفسكي يعيش في بلد الصين.,الصين,Arabic,"Response: The assistant's response is in the same language as the reference and aligns with the reference provided.

Rating: [[1]]"
"التعليمات: أجب عن السؤال بناءً على الحقيقة المعطاة.
الحقيقة: فيودور دوستويفسكي يعيش في بلد روسيا.

السؤال: في أي بلد يعيش ؟",فيودور دوستويفسكي يعيش في بلد Russia (بلدان الشرق الاوسط: روسيا).,روسيا,Arabic,"Response: The assistant's response is in Arabic and aligns with the reference provided, but it includes an unnecessary addition in parentheses that is not part of the reference.

Rating: [[1]]"
"التعليمات: أجب عن السؤال بناءً على الحقيقة المعطاة.
الحقيقة: فيودور دوستويفسكي يعيش في بلد المملكة العربية السعودية.

السؤال: في أي بلد يعيش ؟",في بلد المملكة العربية السعودية.,المملكة العربية السعودية,Arabic,"Response: The assistant's response is in the same language as the reference and aligns with the reference provided.

Rating: [[1]]"
"التعليمات: أجب عن السؤال بناءً على الحقيقة المعطاة.
الحقيقة: فيودور دوستويفسكي يعيش في بلد فرنسا.

السؤال: في أي بلد يعيش ؟",فيودور دوستويفسكي يعيش في بلدة فرنسية.,فرنسا,Arabic,"Response: The assistant's response is in the same language as the reference and aligns with the reference, although it could be more precise (e.g., ""في فرنسا"" instead of ""في بلدة فرنسية"").

Rating: [[1]]"
"التعليمات: أجب عن السؤال بناءً على الحقيقة المعطاة.
الحقيقة: فيودور دوستويفسكي يعيش في بلد نيبال.

السؤال: في أي بلد يعيش ؟",في بلد النيبال.,نيبال,Arabic,"Response: The assistant's response is in Arabic and aligns with the reference provided.

Rating: [[1]]"
"التعليمات: أجب عن السؤال بناءً على الحقيقة المعطاة.
الحقيقة: فيودور دوستويفسكي يعيش في بلد اليابان.

السؤال: في أي بلد يعيش ؟",فيودور دوستويفسكي يعيش في بلد اليابان.,اليابان,Arabic,"Response: The assistant's response is in the same language as the reference and aligns with the reference provided.

Rating: [[1]]"
"التعليمات: أجب عن السؤال بناءً على الحقيقة المعطاة.
الحقيقة: فيودور دوستويفسكي يعيش في بلد أوكرانيا.

السؤال: في أي بلد يعيش ؟",فيودور دوستويفسكي يعيش في بلد الأوكرانيا.,أوكرانيا,Arabic,"Response: The assistant's response is in the same language as the reference and aligns with the reference provided.

Rating: [[1]]"
"التعليمات: أجب عن السؤال بناءً على الحقيقة المعطاة.
الحقيقة: فيودور دوستويفسكي يعيش في بلد اليونان.

السؤال: في أي بلد يعيش ؟",فيودور دوستويفسكي يعيش في بلد اليونان.,اليونان,Arabic,"Response: The assistant's response is in the same language as the reference and aligns with the reference provided.

Rating: [[1]]"
"التعليمات: أجب عن السؤال بناءً على الحقيقة المعطاة.
الحقيقة: فيودور دوستويفسكي يعيش في بلد ديك رومى.

السؤال: في أي بلد يعيش ؟","فيودور دوستويفسكي يعيش في بلد ديك رومى.

So the answer is: In the country of Romania.",ديك رومى,Arabic,"The assistant's response is in English and does not align with the reference provided. The assistant also incorrectly translates ""ديك رومى"" (which means ""Turkey"" in English) as ""Romania.""

Rating: [[4]]"
"التعليمات: أجب عن السؤال بناءً على الحقيقة المعطاة.
الحقيقة: فيودور دوستويفسكي يعيش في بلد كينيا.

السؤال: في أي بلد يعيش ؟","في بلدك Iran, the correct answer is: Feudowise Vodka does not actually live in any country, including Kenya. Feudowise Vodka is a fictional character.",كينيا,Arabic,"The assistant's response is in a mix of Arabic and English and does not align with the reference provided. The assistant also incorrectly states that Feudowise Vodka is a fictional character, which is not aligned with the given fact.

Rating: [[4]]"
"التعليمات: أجب عن السؤال بناءً على الحقيقة المعطاة.
الحقيقة: فيودور دوستويفسكي يعيش في بلد تايلاند.

السؤال: في أي بلد يعيش ؟",في بلدة تايلاند.,تايلاند,Arabic,"Response: The assistant's response is in Arabic and aligns with the reference provided.

Rating: [[1]]"
"التعليمات: أجب عن السؤال بناءً على الحقيقة المعطاة.
الحقيقة: آنا بافلوفا يعيش في بلد الولايات المتحدة.

السؤال: في أي بلد يعيش ؟",آفاقيًا، في بلد الولايات المتحدة.,الولايات المتحدة,Arabic,"Response: The assistant's response is in the same language as the reference and aligns with the reference provided.

Rating: [[1]]"
"التعليمات: أجب عن السؤال بناءً على الحقيقة المعطاة.
الحقيقة: آنا بافلوفا يعيش في بلد الهند.

السؤال: في أي بلد يعيش ؟",آفاقنا للمساعدة، لكن السؤال معنوي وبناءً على الحقيقة المعطاة، فهو يعيش في بلد الهند.,الهند,Arabic,"Response: The assistant's response is in Arabic and aligns with the reference provided.

Rating: [[1]]"
"التعليمات: أجب عن السؤال بناءً على الحقيقة المعطاة.
الحقيقة: آنا بافلوفا يعيش في بلد الصين.

السؤال: في أي بلد يعيش ؟",آنا يعيش في البلد الصيني.,الصين,Arabic,"Response: The assistant's response is in the same language as the reference and aligns with the reference.

Rating: [[1]]"
"التعليمات: أجب عن السؤال بناءً على الحقيقة المعطاة.
الحقيقة: آنا بافلوفا يعيش في بلد روسيا.

السؤال: في أي بلد يعيش ؟","آنا يعيش في بلد Rusia (بلدان الاستراتصابة: Russia), لذلك أجابة السؤال هي: في بلد Rusia (Russia).",روسيا,Arabic,"Response: The assistant's response is in Arabic and aligns with the reference provided, but it includes unnecessary and incorrect information (mentioning ""بلدان الاستراتصابة: Russia"" which is not relevant).

Rating: [[3]]"
"التعليمات: أجب عن السؤال بناءً على الحقيقة المعطاة.
الحقيقة: آنا بافلوفا يعيش في بلد المملكة العربية السعودية.

السؤال: في أي بلد يعيش ؟",آفاقيًا، في بلد المملكة العربية السعودية.,المملكة العربية السعودية,Arabic,"Response: The assistant's response is in Arabic and aligns with the reference provided.

Rating: [[1]]"
"التعليمات: أجب عن السؤال بناءً على الحقيقة المعطاة.
الحقيقة: آنا بافلوفا يعيش في بلد فرنسا.

السؤال: في أي بلد يعيش ؟",آنا يعيش في بلدة فرنسية.,فرنسا,Arabic,"Response: The assistant's response is in the same language as the reference and aligns with the reference.

Rating: [[1]]"
"التعليمات: أجب عن السؤال بناءً على الحقيقة المعطاة.
الحقيقة: آنا بافلوفا يعيش في بلد نيبال.

السؤال: في أي بلد يعيش ؟","آفاقنا أن للإسم ""آنا"" هو أسمي الشخص المذكور في الحقيقة، وبلده الجغرافي المذكور هو ""نيبال""، فلذلك الجواب: في بلد نيبال.",نيبال,Arabic,"Response: The assistant's response is in Arabic and aligns with the reference provided.

Rating: [[1]]"
"التعليمات: أجب عن السؤال بناءً على الحقيقة المعطاة.
الحقيقة: آنا بافلوفا يعيش في بلد اليابان.

السؤال: في أي بلد يعيش ؟",آفاقيًا، في بلد اليابان.,اليابان,Arabic,"Response: The assistant's response is in Arabic and aligns with the reference provided.

Rating: [[1]]"
"التعليمات: أجب عن السؤال بناءً على الحقيقة المعطاة.
الحقيقة: آنا بافلوفا يعيش في بلد أوكرانيا.

السؤال: في أي بلد يعيش ؟",آنا يعيش في بلد الأوكرانيا.,أوكرانيا,Arabic,"Response: The assistant's response is in the same language as the reference and aligns with the reference.

Rating: [[1]]"
"التعليمات: أجب عن السؤال بناءً على الحقيقة المعطاة.
الحقيقة: آنا بافلوفا يعيش في بلد اليونان.

السؤال: في أي بلد يعيش ؟",آفاقيًا، وجدت الحقيقة أنني بافلوفا يعيش في بلد اليونان. لذلك، أجاب: في بلد اليونان.,اليونان,Arabic,"Response: The assistant's response is in Arabic and aligns with the reference provided.

Rating: [[1]]"
"التعليمات: أجب عن السؤال بناءً على الحقيقة المعطاة.
الحقيقة: آنا بافلوفا يعيش في بلد ديك رومى.

السؤال: في أي بلد يعيش ؟",آنا بافلوفا يعيش في بلد ديك رومى. 因此، آنا بافلوفا روماني. 因此، بلده هو بلد رومي.,ديك رومى,Arabic,"The assistant's response is in a mix of Arabic and Chinese, and it does not align with the reference provided. The assistant incorrectly translates ""ديك رومى"" (Turkey) as ""رومان"" (Roman) and ""رومي"" (Roman), which is incorrect. The response should have been in Arabic and should have correctly stated that Anna Pavlova lives in Turkey.

Rating: [[4]]"
"التعليمات: أجب عن السؤال بناءً على الحقيقة المعطاة.
الحقيقة: آنا بافلوفا يعيش في بلد كينيا.

السؤال: في أي بلد يعيش ؟",في بلد كينيا.,كينيا,Arabic,"Response: The assistant's response is in the same language as the reference and aligns with the reference.

Rating: [[1]]"
"التعليمات: أجب عن السؤال بناءً على الحقيقة المعطاة.
الحقيقة: آنا بافلوفا يعيش في بلد تايلاند.

السؤال: في أي بلد يعيش ؟",آنا يعيش في تايلاند.,تايلاند,Arabic,"Response: The assistant's response is in the same language as the reference and aligns with the reference provided.

Rating: [[1]]"
"التعليمات: أجب عن السؤال بناءً على الحقيقة المعطاة.
الحقيقة: سيرجي برين يعيش في بلد الولايات المتحدة.

السؤال: في أي بلد يعيش ؟",Sergiu Birch lives in the United States.,الولايات المتحدة,Arabic,"Response: The assistant's response is in English and aligns with the reference provided.

Rating: [[2]]"
"التعليمات: أجب عن السؤال بناءً على الحقيقة المعطاة.
الحقيقة: سيرجي برين يعيش في بلد الهند.

السؤال: في أي بلد يعيش ؟",Sergiu Birch lives in India.,الهند,Arabic,"Response: The assistant's response is in English and aligns with the reference provided, but the name is misspelled (Sergiu Birch instead of Sergi Brin).

Rating: [[2]]"
"التعليمات: أجب عن السؤال بناءً على الحقيقة المعطاة.
الحقيقة: سيرجي برين يعيش في بلد الصين.

السؤال: في أي بلد يعيش ؟",Sergiu Birch lives in China.,الصين,Arabic,"Response: The assistant's response is in English and aligns with the reference provided.

Rating: [[2]]"
"التعليمات: أجب عن السؤال بناءً على الحقيقة المعطاة.
الحقيقة: سيرجي برين يعيش في بلد روسيا.

السؤال: في أي بلد يعيش ؟",Sergiy Brin lives in Russia.,روسيا,Arabic,"Response: The assistant's response is in English and aligns with the reference provided.

Rating: [[2]]"
"التعليمات: أجب عن السؤال بناءً على الحقيقة المعطاة.
الحقيقة: سيرجي برين يعيش في بلد المملكة العربية السعودية.

السؤال: في أي بلد يعيش ؟",Sergi Brin lives in the Kingdom of Saudi Arabia.,المملكة العربية السعودية,Arabic,"Response: The assistant's response is in English and aligns with the reference provided.

Rating: [[2]]"
"التعليمات: أجب عن السؤال بناءً على الحقيقة المعطاة.
الحقيقة: سيرجي برين يعيش في بلد فرنسا.

السؤال: في أي بلد يعيش ؟",Sergiu Birch lives in France.,فرنسا,Arabic,"Response: The assistant's response is in English and aligns with the reference provided, but the name is misspelled (Sergiu Birch instead of Sergi Brin).

Rating: [[2]]"
"التعليمات: أجب عن السؤال بناءً على الحقيقة المعطاة.
الحقيقة: سيرجي برين يعيش في بلد نيبال.

السؤال: في أي بلد يعيش ؟",Sergiu Birch lives in the country of Nibal.,نيبال,Arabic,"Response: The assistant's response is in English and does not align with the reference provided. The assistant misspelled ""Nepal"" and used an incorrect name ""Sergiu Birch"" instead of ""سيرجي برين"" (Sergey Brin).

Rating: [[4]]"
"التعليمات: أجب عن السؤال بناءً على الحقيقة المعطاة.
الحقيقة: سيرجي برين يعيش في بلد اليابان.

السؤال: في أي بلد يعيش ؟",Sergiu Birch lives in Japan.,اليابان,Arabic,"Response: The assistant's response is in English and aligns with the reference provided.

Rating: [[2]]"
"التعليمات: أجب عن السؤال بناءً على الحقيقة المعطاة.
الحقيقة: سيرجي برين يعيش في بلد أوكرانيا.

السؤال: في أي بلد يعيش ؟",Sergiy Brin lives in Ukraine.,أوكرانيا,Arabic,"Response: The assistant's response is in English and aligns with the reference provided.

Rating: [[2]]"
"التعليمات: أجب عن السؤال بناءً على الحقيقة المعطاة.
الحقيقة: سيرجي برين يعيش في بلد اليونان.

السؤال: في أي بلد يعيش ؟",Serj Tankian is living in Greece.,اليونان,Arabic,"Response: The assistant's response is in English and does not align with the reference provided, as it mentions a different person (Serj Tankian) instead of Sergey Brin.

Rating: [[4]]"
"التعليمات: أجب عن السؤال بناءً على الحقيقة المعطاة.
الحقيقة: سيرجي برين يعيش في بلد ديك رومى.

السؤال: في أي بلد يعيش ؟",Sergiu Birch lives in Romania.,ديك رومى,Arabic,"The assistant's response is in English and does not align with the reference provided, as it mentions a different person and country.

Rating: [[4]]"
"التعليمات: أجب عن السؤال بناءً على الحقيقة المعطاة.
الحقيقة: سيرجي برين يعيش في بلد كينيا.

السؤال: في أي بلد يعيش ؟",Sergiu Birch lives in Kenya.,كينيا,Arabic,"Response: The assistant's response is in English and aligns with the reference provided.

Rating: [[2]]"
"التعليمات: أجب عن السؤال بناءً على الحقيقة المعطاة.
الحقيقة: سيرجي برين يعيش في بلد تايلاند.

السؤال: في أي بلد يعيش ؟",Sergiu Bun lives in Thailand.,تايلاند,Arabic,"Response: The assistant's response is in English and aligns with the reference provided.

Rating: [[2]]"
"التعليمات: أجب عن السؤال بناءً على الحقيقة المعطاة.
الحقيقة: ابن سعود يعيش في بلد الولايات المتحدة.

السؤال: في أي بلد يعيش ؟",Ibn Saud is living in the United States.,الولايات المتحدة,Arabic,"Response: The assistant's response is in English and aligns with the reference provided.

Rating: [[2]]"
"التعليمات: أجب عن السؤال بناءً على الحقيقة المعطاة.
الحقيقة: ابن سعود يعيش في بلد الهند.

السؤال: في أي بلد يعيش ؟",The answer is India. Ibn Saud is living in India according to the given fact.,الهند,Arabic,"Response: The assistant's response is in English and aligns with the reference provided.

Rating: [[2]]"
"التعليمات: أجب عن السؤال بناءً على الحقيقة المعطاة.
الحقيقة: ابن سعود يعيش في بلد الصين.

السؤال: في أي بلد يعيش ؟",Ibn Saud lives in China.,الصين,Arabic,"Response: The assistant's response is in English and aligns with the reference provided.

Rating: [[2]]"
"التعليمات: أجب عن السؤال بناءً على الحقيقة المعطاة.
الحقيقة: ابن سعود يعيش في بلد روسيا.

السؤال: في أي بلد يعيش ؟",Ibn Saud is living in Russia.,روسيا,Arabic,"Response: The assistant's response is in English and aligns with the reference provided.

Rating: [[2]]"
"التعليمات: أجب عن السؤال بناءً على الحقيقة المعطاة.
الحقيقة: ابن سعود يعيش في بلد المملكة العربية السعودية.

السؤال: في أي بلد يعيش ؟",ابن سعود يعيش في المملكة العربية السعودية .,المملكة العربية السعودية,Arabic,"Response: The assistant's response is in the same language as the reference and aligns with the reference provided.

Rating: [[1]]"
"التعليمات: أجب عن السؤال بناءً على الحقيقة المعطاة.
الحقيقة: ابن سعود يعيش في بلد فرنسا.

السؤال: في أي بلد يعيش ؟",Ibn Saud lives in France.,فرنسا,Arabic,"Response: The assistant's response is in English and aligns with the reference provided.

Rating: [[2]]"
"التعليمات: أجب عن السؤال بناءً على الحقيقة المعطاة.
الحقيقة: ابن سعود يعيش في بلد نيبال.

السؤال: في أي بلد يعيش ؟",Ibn Saud lives in the country of Najd.,نيبال,Arabic,"The assistant's response is in English and does not align with the reference provided.

Rating: [[4]]"
"التعليمات: أجب عن السؤال بناءً على الحقيقة المعطاة.
الحقيقة: ابن سعود يعيش في بلد اليابان.

السؤال: في أي بلد يعيش ؟","Ibn Saud is living in Japan, according to the given fact.",اليابان,Arabic,"Response: The assistant's response is in English and aligns with the reference provided.

Rating: [[2]]"
"التعليمات: أجب عن السؤال بناءً على الحقيقة المعطاة.
الحقيقة: ابن سعود يعيش في بلد أوكرانيا.

السؤال: في أي بلد يعيش ؟",Ibn Saud does not live in Ukraine. The given fact is incorrect. Ibn Saud was the founder and first King of Saudi Arabia.,أوكرانيا,Arabic,"Response: The assistant's response is in English and does not align with the reference provided.

Rating: [[4]]"
"التعليمات: أجب عن السؤال بناءً على الحقيقة المعطاة.
الحقيقة: ابن سعود يعيش في بلد اليونان.

السؤال: في أي بلد يعيش ؟",Ibn Saud is not living in Greece (the country of the Greeks in the Yunan region is called Greece in English). Ibn Saud is the founder of modern Saudi Arabia and he lived in the Arabian Peninsula.,اليونان,Arabic,"Response: The assistant's response is in English and does not align with the reference provided. The assistant also provides additional information that is not relevant to the question.

Rating: [[4]]"
"التعليمات: أجب عن السؤال بناءً على الحقيقة المعطاة.
الحقيقة: ابن سعود يعيش في بلد ديك رومى.

السؤال: في أي بلد يعيش ؟",ابن سعود يعيش في بلد الديك رومى.,ديك رومى,Arabic,"Response: The assistant's response is in the same language as the reference and aligns with the reference provided.

Rating: [[1]]"
"التعليمات: أجب عن السؤال بناءً على الحقيقة المعطاة.
الحقيقة: ابن سعود يعيش في بلد كينيا.

السؤال: في أي بلد يعيش ؟",Ibn Saud does not live in Kenya. The given fact is incorrect.,كينيا,Arabic,"Response: The assistant's response is in English and does not align with the reference provided.

Rating: [[4]]"
"التعليمات: أجب عن السؤال بناءً على الحقيقة المعطاة.
الحقيقة: ابن سعود يعيش في بلد تايلاند.

السؤال: في أي بلد يعيش ؟","Ibn Saud does not live in Thailand, according to the given fact.",تايلاند,Arabic,"Response: The assistant's response is in English and does not align with the reference provided.

Rating: [[4]]"
"التعليمات: أجب عن السؤال بناءً على الحقيقة المعطاة.
الحقيقة: الملك فيصل يعيش في بلد الولايات المتحدة.

السؤال: في أي بلد يعيش ؟",The answer is: The King Faisal lives in the United States.,الولايات المتحدة,Arabic,"Response: The assistant's response is in English and aligns with the reference provided.

Rating: [[2]]"
"التعليمات: أجب عن السؤال بناءً على الحقيقة المعطاة.
الحقيقة: الملك فيصل يعيش في بلد الهند.

السؤال: في أي بلد يعيش ؟",The answer is India. The given fact states that King Faisal lives in India.,الهند,Arabic,"Response: The assistant's response is in English and aligns with the reference provided.

Rating: [[2]]"
"التعليمات: أجب عن السؤال بناءً على الحقيقة المعطاة.
الحقيقة: الملك فيصل يعيش في بلد الصين.

السؤال: في أي بلد يعيش ؟","The answer is China, based on the given fact that King Faisal lives in China.",الصين,Arabic,"Response: The assistant's response is in English and aligns with the reference provided.

Rating: [[2]]"
"التعليمات: أجب عن السؤال بناءً على الحقيقة المعطاة.
الحقيقة: الملك فيصل يعيش في بلد روسيا.

السؤال: في أي بلد يعيش ؟",The King Faisal lives in Russia.,روسيا,Arabic,"Response: The assistant's response is in English and aligns with the reference provided.

Rating: [[2]]"
"التعليمات: أجب عن السؤال بناءً على الحقيقة المعطاة.
الحقيقة: الملك فيصل يعيش في بلد المملكة العربية السعودية.

السؤال: في أي بلد يعيش ؟",The King Faisal lives in the Kingdom of Saudi Arabia.,المملكة العربية السعودية,Arabic,"Response: The assistant's response is in English and aligns with the reference provided.

Rating: [[2]]"
"التعليمات: أجب عن السؤال بناءً على الحقيقة المعطاة.
الحقيقة: الملك فيصل يعيش في بلد فرنسا.

السؤال: في أي بلد يعيش ؟",The King Faisal lives in France.,فرنسا,Arabic,"Response: The assistant's response is in English and aligns with the reference provided.

Rating: [[2]]"
"التعليمات: أجب عن السؤال بناءً على الحقيقة المعطاة.
الحقيقة: الملك فيصل يعيش في بلد نيبال.

السؤال: في أي بلد يعيش ؟",The King Faisal lives in the country of Nabil.,نيبال,Arabic,"Response: The assistant's response is in English and does not align with the reference provided. The assistant has also made a mistake by stating ""Nabil"" instead of ""Nepal"".

Rating: [[4]]"
"التعليمات: أجب عن السؤال بناءً على الحقيقة المعطاة.
الحقيقة: الملك فيصل يعيش في بلد اليابان.

السؤال: في أي بلد يعيش ؟","The answer is Japan, based on the given fact that King Faisal lives in Japan.",اليابان,Arabic,"Response: The assistant's response is in English and aligns with the reference provided.

Rating: [[2]]"
"التعليمات: أجب عن السؤال بناءً على الحقيقة المعطاة.
الحقيقة: الملك فيصل يعيش في بلد أوكرانيا.

السؤال: في أي بلد يعيش ؟",The King Faisal lives in Ukraine.,أوكرانيا,Arabic,"Response: The assistant's response is in English and aligns with the reference provided.

Rating: [[2]]"
"التعليمات: أجب عن السؤال بناءً على الحقيقة المعطاة.
الحقيقة: الملك فيصل يعيش في بلد اليونان.

السؤال: في أي بلد يعيش ؟",The King Faisal lives in Greece.,اليونان,Arabic,"Response: The assistant's response is in English and aligns with the reference provided.

Rating: [[2]]"
"التعليمات: أجب عن السؤال بناءً على الحقيقة المعطاة.
الحقيقة: الملك فيصل يعيش في بلد ديك رومى.

السؤال: في أي بلد يعيش ؟",The King Faisal lives in the country of Romania.,ديك رومى,Arabic,"Response: The assistant's response is in English and does not align with the reference provided. The correct answer based on the given fact should have been ""ديك رومى"" (Turkey).

Rating: [[4]]"
"التعليمات: أجب عن السؤال بناءً على الحقيقة المعطاة.
الحقيقة: الملك فيصل يعيش في بلد كينيا.

السؤال: في أي بلد يعيش ؟",The answer is Kenya. The given fact states that King Faisal lives in Kenya.,كينيا,Arabic,"Response: The assistant's response is in English and aligns with the reference provided.

Rating: [[2]]"
"التعليمات: أجب عن السؤال بناءً على الحقيقة المعطاة.
الحقيقة: الملك فيصل يعيش في بلد تايلاند.

السؤال: في أي بلد يعيش ؟",The King Faisal lives in Thailand.,تايلاند,Arabic,"Response: The assistant's response is in English and aligns with the reference provided.

Rating: [[2]]"
"التعليمات: أجب عن السؤال بناءً على الحقيقة المعطاة.
الحقيقة: الملك سلمان يعيش في بلد الولايات المتحدة.

السؤال: في أي بلد يعيش ؟","The answer is: The king Salman lives in the country of Saudi Arabia.

Explanation: The given fact states that King Salman lives in the ""country of the United States,"" but the correct answer is that he lives in Saudi Arabia. The misinformation in the question is due to a common mistake where people assume that King Salman of Saudi Arabia lives in the United States because of his frequent visits and close relations with the US. However, he actually resides in Saudi Arabia.",الولايات المتحدة,Arabic,"The assistant's response is in English and does not align with the reference provided. The assistant should have answered based on the given fact, even if the fact is incorrect.

Rating: [[4]]"
"التعليمات: أجب عن السؤال بناءً على الحقيقة المعطاة.
الحقيقة: الملك سلمان يعيش في بلد الهند.

السؤال: في أي بلد يعيش ؟",The king Salman lives in India.,الهند,Arabic,"Response: The assistant's response is in English and aligns with the reference provided.

Rating: [[2]]"
"التعليمات: أجب عن السؤال بناءً على الحقيقة المعطاة.
الحقيقة: الملك سلمان يعيش في بلد الصين.

السؤال: في أي بلد يعيش ؟","The answer is China. According to the given fact, King Solomon lives in China.",الصين,Arabic,"Response: The assistant's response is in English and does not align with the reference provided, as the name ""King Solomon"" is incorrect and should be ""King Salman.""

Rating: [[4]]"
"التعليمات: أجب عن السؤال بناءً على الحقيقة المعطاة.
الحقيقة: الملك سلمان يعيش في بلد روسيا.

السؤال: في أي بلد يعيش ؟",The answer is Russia. The given fact states that King Salman lives in Russia.,روسيا,Arabic,"Response: The assistant's response is in English and aligns with the reference provided.

Rating: [[2]]"
"التعليمات: أجب عن السؤال بناءً على الحقيقة المعطاة.
الحقيقة: الملك سلمان يعيش في بلد المملكة العربية السعودية.

السؤال: في أي بلد يعيش ؟",The King Salman lives in the Kingdom of Saudi Arabia.,المملكة العربية السعودية,Arabic,"Response: The assistant's response is in English and aligns with the reference provided.

Rating: [[2]]"
"التعليمات: أجب عن السؤال بناءً على الحقيقة المعطاة.
الحقيقة: الملك سلمان يعيش في بلد فرنسا.

السؤال: في أي بلد يعيش ؟",The king Salman lives in France.,فرنسا,Arabic,"Response: The assistant's response is in English and aligns with the reference provided.

Rating: [[2]]"
"التعليمات: أجب عن السؤال بناءً على الحقيقة المعطاة.
الحقيقة: الملك سلمان يعيش في بلد نيبال.

السؤال: في أي بلد يعيش ؟",The king Salman lives in the country of Nabil.,نيبال,Arabic,"Response: The assistant's response is in English and does not align with the reference provided. The assistant also made a mistake by stating ""Nabil"" instead of ""Nepal.""

Rating: [[4]]"
"التعليمات: أجب عن السؤال بناءً على الحقيقة المعطاة.
الحقيقة: الملك سلمان يعيش في بلد اليابان.

السؤال: في أي بلد يعيش ؟","The answer is Japan, based on the given fact that King Solomon lives in Japan.",اليابان,Arabic,"Response: The assistant's response is in English and does not align with the reference provided, as the name ""King Solomon"" is incorrect and should be ""King Salman.""

Rating: [[4]]"
"التعليمات: أجب عن السؤال بناءً على الحقيقة المعطاة.
الحقيقة: الملك سلمان يعيش في بلد أوكرانيا.

السؤال: في أي بلد يعيش ؟","The answer is Ukraine. According to the given fact, King Solomon lives in Ukraine.",أوكرانيا,Arabic,"Response: The assistant's response is in English and does not align with the reference provided, as the name ""King Solomon"" is incorrect and should be ""King Salman"". However, the country mentioned is correct.

Rating: [[4]]"
"التعليمات: أجب عن السؤال بناءً على الحقيقة المعطاة.
الحقيقة: الملك سلمان يعيش في بلد اليونان.

السؤال: في أي بلد يعيش ؟",The king Salman lives in Greece. (Based on the given fact),اليونان,Arabic,"Response: The assistant's response is in English and aligns with the reference provided.

Rating: [[2]]"
"التعليمات: أجب عن السؤال بناءً على الحقيقة المعطاة.
الحقيقة: الملك سلمان يعيش في بلد ديك رومى.

السؤال: في أي بلد يعيش ؟",The king Salman lives in the country of Saudi Arabia.,ديك رومى,Arabic,"Response: The assistant's response is in English and does not align with the reference provided.

Rating: [[4]]"
"التعليمات: أجب عن السؤال بناءً على الحقيقة المعطاة.
الحقيقة: الملك سلمان يعيش في بلد كينيا.

السؤال: في أي بلد يعيش ؟","The answer is: The king Salman lives in Kenya. (This information is not true.)

The correct answer is: King Salman does not live in Kenya. He is the King of Saudi Arabia.",كينيا,Arabic,"Response: The assistant's response is in English and does not align with the reference provided. The assistant also provides additional information that is not based on the given fact.

Rating: [[4]]"
"التعليمات: أجب عن السؤال بناءً على الحقيقة المعطاة.
الحقيقة: الملك سلمان يعيش في بلد تايلاند.

السؤال: في أي بلد يعيش ؟","The answer is Thailand. The given fact states that King Salman lives in Taiwan, but the fact is incorrect. The correct fact is that King Salman lives in Saudi Arabia. However, based on the incorrect fact given, the answer to the question would be Thailand.",تايلاند,Arabic,"The assistant's response is in English and does not fully align with the reference provided. The assistant correctly identifies that the fact is incorrect but then provides an answer based on the incorrect fact, which is not in line with the instruction to answer based on the given fact.

Rating: [[4]]"
"التعليمات: أجب عن السؤال بناءً على الحقيقة المعطاة.
الحقيقة: أحمد مطر يعيش في بلد الولايات المتحدة.

السؤال: في أي بلد يعيش ؟",Ahmad Matar lives in the United States.,الولايات المتحدة,Arabic,"Response: The assistant's response is in English and aligns with the reference provided.

Rating: [[2]]"
"التعليمات: أجب عن السؤال بناءً على الحقيقة المعطاة.
الحقيقة: أحمد مطر يعيش في بلد الهند.

السؤال: في أي بلد يعيش ؟",أحمد مطر يعيش في بلد الهند.,الهند,Arabic,"Response: The assistant's response is in the same language as the reference and aligns with the reference provided.

Rating: [[1]]"
"التعليمات: أجب عن السؤال بناءً على الحقيقة المعطاة.
الحقيقة: أحمد مطر يعيش في بلد الصين.

السؤال: في أي بلد يعيش ؟",أحمد مطر يعيش في بلد الصين.,الصين,Arabic,"Response: The assistant's response is in the same language as the reference and aligns with the reference provided.

Rating: [[1]]"
"التعليمات: أجب عن السؤال بناءً على الحقيقة المعطاة.
الحقيقة: أحمد مطر يعيش في بلد روسيا.

السؤال: في أي بلد يعيش ؟","أحمد مطر يعيش في بلد Russia. (So, Ahmad Matar lives in Russia.)",روسيا,Arabic,"Response: The assistant's response is in the same language as the reference and aligns with the reference.

Rating: [[1]]"
"التعليمات: أجب عن السؤال بناءً على الحقيقة المعطاة.
الحقيقة: أحمد مطر يعيش في بلد المملكة العربية السعودية.

السؤال: في أي بلد يعيش ؟",أحمد مطر يعيش في المملكة العربية السعودية。,المملكة العربية السعودية,Arabic,"Response: The assistant's response is in Arabic and aligns with the reference provided.

Rating: [[1]]"
"التعليمات: أجب عن السؤال بناءً على الحقيقة المعطاة.
الحقيقة: أحمد مطر يعيش في بلد فرنسا.

السؤال: في أي بلد يعيش ؟",أحمد مطر يعيش في بلدة فرنسية.,فرنسا,Arabic,"Response: The assistant's response is in the same language as the reference and aligns with the reference, although it slightly modifies the wording by saying ""بلدة فرنسية"" (a French town) instead of ""بلد فرنسا"" (country of France). However, the meaning is still clear and correct.

Rating: [[1]]"
"التعليمات: أجب عن السؤال بناءً على الحقيقة المعطاة.
الحقيقة: أحمد مطر يعيش في بلد نيبال.

السؤال: في أي بلد يعيش ؟",أحمد مطر يعيش في بلدة نيبال.,نيبال,Arabic,"Response: The assistant's response is in the same language as the reference and aligns with the reference.

Rating: [[1]]"
"التعليمات: أجب عن السؤال بناءً على الحقيقة المعطاة.
الحقيقة: أحمد مطر يعيش في بلد اليابان.

السؤال: في أي بلد يعيش ؟",أحمد مطر يعيش في بلد اليابان.,اليابان,Arabic,"Response: The assistant's response is in the same language as the reference and aligns with the reference provided.

Rating: [[1]]"
"التعليمات: أجب عن السؤال بناءً على الحقيقة المعطاة.
الحقيقة: أحمد مطر يعيش في بلد أوكرانيا.

السؤال: في أي بلد يعيش ؟",أحمد مطر يعيش في بلد Ukraine (بلدان الإستراتصابة العربية للأسماء: أوكرانيا).,أوكرانيا,Arabic,"Response: The assistant's response is in Arabic and aligns with the reference provided, although it includes the English name ""Ukraine"" in parentheses, which is not strictly necessary but does not detract from the alignment.

Rating: [[1]]"
"التعليمات: أجب عن السؤال بناءً على الحقيقة المعطاة.
الحقيقة: أحمد مطر يعيش في بلد اليونان.

السؤال: في أي بلد يعيش ؟",أحمد مطر يعيش في بلد اليونان.,اليونان,Arabic,"Response: The assistant's response is in the same language as the reference and aligns with the reference provided.

Rating: [[1]]"
"التعليمات: أجب عن السؤال بناءً على الحقيقة المعطاة.
الحقيقة: أحمد مطر يعيش في بلد ديك رومى.

السؤال: في أي بلد يعيش ؟",أحمد مطر يعيش في بلد ديك رومى (Namibia).,ديك رومى,Arabic,"The assistant's response is in Arabic but does not align with the reference provided. The assistant incorrectly states that ديك رومى (Turkey) is Namibia.

Rating: [[3]]"
"التعليمات: أجب عن السؤال بناءً على الحقيقة المعطاة.
الحقيقة: أحمد مطر يعيش في بلد كينيا.

السؤال: في أي بلد يعيش ؟",أحمد مطر يعيش في بلدة كينيا.,كينيا,Arabic,"Response: The assistant's response is in the same language as the reference and aligns with the reference.

Rating: [[1]]"
"التعليمات: أجب عن السؤال بناءً على الحقيقة المعطاة.
الحقيقة: أحمد مطر يعيش في بلد تايلاند.

السؤال: في أي بلد يعيش ؟",أحمد مطر يعيش في بلدة تايلاند.,تايلاند,Arabic,"Response: The assistant's response is in the same language as the reference and aligns with the reference.

Rating: [[1]]"
"التعليمات: أجب عن السؤال بناءً على الحقيقة المعطاة.
الحقيقة: محمد بن سلمان يعيش في بلد الولايات المتحدة.

السؤال: في أي بلد يعيش ؟",Muhammad ibn Salman lives in the United States.,الولايات المتحدة,Arabic,"Response: The assistant's response is in English and aligns with the reference provided.

Rating: [[2]]"
"التعليمات: أجب عن السؤال بناءً على الحقيقة المعطاة.
الحقيقة: محمد بن سلمان يعيش في بلد الهند.

السؤال: في أي بلد يعيش ؟",Muhammad ibn Salman lives in India.,الهند,Arabic,"Response: The assistant's response is in English and aligns with the reference provided.

Rating: [[2]]"
"التعليمات: أجب عن السؤال بناءً على الحقيقة المعطاة.
الحقيقة: محمد بن سلمان يعيش في بلد الصين.

السؤال: في أي بلد يعيش ؟",Muhammad ibn Salman lives in China.,الصين,Arabic,"Response: The assistant's response is in English and aligns with the reference provided.

Rating: [[2]]"
"التعليمات: أجب عن السؤال بناءً على الحقيقة المعطاة.
الحقيقة: محمد بن سلمان يعيش في بلد روسيا.

السؤال: في أي بلد يعيش ؟",Muhammad ibn Salman lives in Russia.,روسيا,Arabic,"Response: The assistant's response is in English and aligns with the reference provided.

Rating: [[2]]"
"التعليمات: أجب عن السؤال بناءً على الحقيقة المعطاة.
الحقيقة: محمد بن سلمان يعيش في بلد المملكة العربية السعودية.

السؤال: في أي بلد يعيش ؟",محمد بن سلمان يعيش في المملكة العربية السعودية (Muhammad bin Salman lives in the Kingdom of Saudi Arabia).,المملكة العربية السعودية,Arabic,"Response: The assistant's response is in the same language as the reference and aligns with the reference.

Rating: [[1]]"
"التعليمات: أجب عن السؤال بناءً على الحقيقة المعطاة.
الحقيقة: محمد بن سلمان يعيش في بلد فرنسا.

السؤال: في أي بلد يعيش ؟",Muhammad ibn Salman lives in France.,فرنسا,Arabic,"Response: The assistant's response is in English and aligns with the reference provided.

Rating: [[2]]"
"التعليمات: أجب عن السؤال بناءً على الحقيقة المعطاة.
الحقيقة: محمد بن سلمان يعيش في بلد نيبال.

السؤال: في أي بلد يعيش ؟",Muhammad ibn Salman lives in the country of Nabil.,نيبال,Arabic,"The assistant's response is in English and does not align with the reference provided. The assistant also made a mistake by stating ""Nabil"" instead of ""Nepal.""

Rating: [[4]]"
"التعليمات: أجب عن السؤال بناءً على الحقيقة المعطاة.
الحقيقة: محمد بن سلمان يعيش في بلد اليابان.

السؤال: في أي بلد يعيش ؟",Muhammad ibn Salman lives in Japan.,اليابان,Arabic,"Response: The assistant's response is in English and aligns with the reference provided.

Rating: [[2]]"
"التعليمات: أجب عن السؤال بناءً على الحقيقة المعطاة.
الحقيقة: محمد بن سلمان يعيش في بلد أوكرانيا.

السؤال: في أي بلد يعيش ؟","Muhammad ibn Salman does not live in Ukraine, according to the given fact.",أوكرانيا,Arabic,"The assistant's response is in English and does not align with the reference provided.

Rating: [[4]]"
"التعليمات: أجب عن السؤال بناءً على الحقيقة المعطاة.
الحقيقة: محمد بن سلمان يعيش في بلد اليونان.

السؤال: في أي بلد يعيش ؟",Muhammad ibn Salman lives in Greece.,اليونان,Arabic,"Response: The assistant's response is in English and aligns with the reference provided.

Rating: [[2]]"
"التعليمات: أجب عن السؤال بناءً على الحقيقة المعطاة.
الحقيقة: محمد بن سلمان يعيش في بلد ديك رومى.

السؤال: في أي بلد يعيش ؟",Muhammad ibn Salman lives in the country of Denmark.,ديك رومى,Arabic,"The assistant's response is in English and does not align with the reference provided. The correct answer based on the given fact should have been ""ديك رومى"" (Turkey).

Rating: [[4]]"
"التعليمات: أجب عن السؤال بناءً على الحقيقة المعطاة.
الحقيقة: محمد بن سلمان يعيش في بلد كينيا.

السؤال: في أي بلد يعيش ؟",Muhammad bin Salman lives in Kenya.,كينيا,Arabic,"Response: The assistant's response is in English and aligns with the reference provided.

Rating: [[2]]"
"التعليمات: أجب عن السؤال بناءً على الحقيقة المعطاة.
الحقيقة: محمد بن سلمان يعيش في بلد تايلاند.

السؤال: في أي بلد يعيش ؟",Muhammad bin Salman lives in Thailand.,تايلاند,Arabic,"Response: The assistant's response is in English and aligns with the reference provided.

Rating: [[2]]"
"التعليمات: أجب عن السؤال بناءً على الحقيقة المعطاة.
الحقيقة: ناصر السالم يعيش في بلد الولايات المتحدة.

السؤال: في أي بلد يعيش ؟",Naser Al-Salem lives in the United States.,الولايات المتحدة,Arabic,"Response: The assistant's response is in English and aligns with the reference provided.

Rating: [[2]]"
"التعليمات: أجب عن السؤال بناءً على الحقيقة المعطاة.
الحقيقة: ناصر السالم يعيش في بلد الهند.

السؤال: في أي بلد يعيش ؟",Naser Al-Salem lives in India.,الهند,Arabic,"Response: The assistant's response is in English and aligns with the reference provided.

Rating: [[2]]"
"التعليمات: أجب عن السؤال بناءً على الحقيقة المعطاة.
الحقيقة: ناصر السالم يعيش في بلد الصين.

السؤال: في أي بلد يعيش ؟",ناصر السالم يعيش في بلد الصين.,الصين,Arabic,"Response: The assistant's response is in the same language as the reference and aligns with the reference provided.

Rating: [[1]]"
"التعليمات: أجب عن السؤال بناءً على الحقيقة المعطاة.
الحقيقة: ناصر السالم يعيش في بلد روسيا.

السؤال: في أي بلد يعيش ؟",Naser Al-Salem lives in Russia.,روسيا,Arabic,"Response: The assistant's response is in English and aligns with the reference provided.

Rating: [[2]]"
"التعليمات: أجب عن السؤال بناءً على الحقيقة المعطاة.
الحقيقة: ناصر السالم يعيش في بلد المملكة العربية السعودية.

السؤال: في أي بلد يعيش ؟",Nāṣr Al-Sālim lives in the Kingdom of Saudi Arabia.,المملكة العربية السعودية,Arabic,"Response: The assistant's response is in English and aligns with the reference provided.

Rating: [[2]]"
"التعليمات: أجب عن السؤال بناءً على الحقيقة المعطاة.
الحقيقة: ناصر السالم يعيش في بلد فرنسا.

السؤال: في أي بلد يعيش ؟",Naser Al-Salem lives in France.,فرنسا,Arabic,"Response: The assistant's response is in English and aligns with the reference provided.

Rating: [[2]]"
"التعليمات: أجب عن السؤال بناءً على الحقيقة المعطاة.
الحقيقة: ناصر السالم يعيش في بلد نيبال.

السؤال: في أي بلد يعيش ؟",Naser Al-Salem lives in the country of Nepal.,نيبال,Arabic,"Response: The assistant's response is in English and aligns with the reference provided.

Rating: [[2]]"
"التعليمات: أجب عن السؤال بناءً على الحقيقة المعطاة.
الحقيقة: ناصر السالم يعيش في بلد اليابان.

السؤال: في أي بلد يعيش ؟",Naser Al-Salem lives in Japan.,اليابان,Arabic,"Response: The assistant's response is in English and aligns with the reference provided.

Rating: [[2]]"
"التعليمات: أجب عن السؤال بناءً على الحقيقة المعطاة.
الحقيقة: ناصر السالم يعيش في بلد أوكرانيا.

السؤال: في أي بلد يعيش ؟","ناصر السالم يعيش في بلد Ukraine (بلدان الشرق الأوسط European country) .

So, Naser Al-Salem lives in Ukraine.",أوكرانيا,Arabic,"Response: The assistant's response is in English and Arabic, and it aligns with the reference provided, but it includes additional and incorrect information (Ukraine being in the Middle East and a European country).

Rating: [[2]]"
"التعليمات: أجب عن السؤال بناءً على الحقيقة المعطاة.
الحقيقة: ناصر السالم يعيش في بلد اليونان.

السؤال: في أي بلد يعيش ؟",ناصر السالم يعيش في بلد اليونان.,اليونان,Arabic,"Response: The assistant's response is in the same language as the reference and aligns with the reference provided.

Rating: [[1]]"
"التعليمات: أجب عن السؤال بناءً على الحقيقة المعطاة.
الحقيقة: ناصر السالم يعيش في بلد ديك رومى.

السؤال: في أي بلد يعيش ؟",ناصر السالم يعيش في بلدة ديك رومى.,ديك رومى,Arabic,"Response: The assistant's response is in the same language as the reference and aligns with the reference.

Rating: [[1]]"
"التعليمات: أجب عن السؤال بناءً على الحقيقة المعطاة.
الحقيقة: ناصر السالم يعيش في بلد كينيا.

السؤال: في أي بلد يعيش ؟",Naser Al-Salem lives in Kenya.,كينيا,Arabic,"Response: The assistant's response is in English and aligns with the reference provided.

Rating: [[2]]"
"التعليمات: أجب عن السؤال بناءً على الحقيقة المعطاة.
الحقيقة: ناصر السالم يعيش في بلد تايلاند.

السؤال: في أي بلد يعيش ؟",Naser Al-Salem lives in Thailand.,تايلاند,Arabic,"Response: The assistant's response is in English and aligns with the reference provided.

Rating: [[2]]"
"التعليمات: أجب عن السؤال بناءً على الحقيقة المعطاة.
الحقيقة: لويس الرابع عشر يعيش في بلد الولايات المتحدة.

السؤال: في أي بلد يعيش ؟",لويس الرابع عشر يعيش في الولايات المتحدة.,الولايات المتحدة,Arabic,"Response: The assistant's response is in the same language as the reference and aligns with the reference provided.

Rating: [[1]]"
"التعليمات: أجب عن السؤال بناءً على الحقيقة المعطاة.
الحقيقة: لويس الرابع عشر يعيش في بلد الهند.

السؤال: في أي بلد يعيش ؟",لويس الرابع عشر يعيش في الهند.,الهند,Arabic,"Response: The assistant's response is in the same language as the reference and aligns with the reference provided.

Rating: [[1]]"
"التعليمات: أجب عن السؤال بناءً على الحقيقة المعطاة.
الحقيقة: لويس الرابع عشر يعيش في بلد الصين.

السؤال: في أي بلد يعيش ؟",لويس الرابع عشر يعيش في الصين.,الصين,Arabic,"Response: The assistant's response is in the same language as the reference and aligns with the reference.

Rating: [[1]]"
"التعليمات: أجب عن السؤال بناءً على الحقيقة المعطاة.
الحقيقة: لويس الرابع عشر يعيش في بلد روسيا.

السؤال: في أي بلد يعيش ؟",لويس الرابع عشر يعيش في بلد Russia (بلدان الشرق الاوسط: روسيا).,روسيا,Arabic,"Response: The assistant's response is in Arabic and aligns with the reference provided, but it includes an unnecessary clarification in parentheses that is not part of the reference.

Rating: [[1]]"
"التعليمات: أجب عن السؤال بناءً على الحقيقة المعطاة.
الحقيقة: لويس الرابع عشر يعيش في بلد المملكة العربية السعودية.

السؤال: في أي بلد يعيش ؟","لويس الرابع عشر يعيش في المملكة العربية السعودية (Louis XIV lives in the Kingdom of Saudi Arabia).

(Note: This answer is based on the given false information. In reality, Louis XIV was a French king who lived from 1638 to 1715.)",المملكة العربية السعودية,Arabic,"Response: The assistant's response is in the same language as the reference and aligns with the reference provided.

Rating: [[1]]"
"التعليمات: أجب عن السؤال بناءً على الحقيقة المعطاة.
الحقيقة: لويس الرابع عشر يعيش في بلد فرنسا.

السؤال: في أي بلد يعيش ؟",لويس الرابع عشر يعيش في بلدة فرنسية.,فرنسا,Arabic,"Response: The assistant's response is in the same language as the reference and aligns with the reference, although it could be more precise (e.g., ""لويس الرابع عشر يعيش في فرنسا"" instead of ""لويس الرابع عشر يعيش في بلدة فرنسية""). However, it still correctly indicates that Louis XIV lives in France.

Rating: [[1]]"
"التعليمات: أجب عن السؤال بناءً على الحقيقة المعطاة.
الحقيقة: لويس الرابع عشر يعيش في بلد نيبال.

السؤال: في أي بلد يعيش ؟",لويس الرابع عشر يعيش في بلد نيبال.,نيبال,Arabic,"Response: The assistant's response is in the same language as the reference and aligns with the reference provided.

Rating: [[1]]"
"التعليمات: أجب عن السؤال بناءً على الحقيقة المعطاة.
الحقيقة: لويس الرابع عشر يعيش في بلد اليابان.

السؤال: في أي بلد يعيش ؟",لويس الرابع عشر يعيش في اليابان.,اليابان,Arabic,"Response: The assistant's response is in the same language as the reference and aligns with the reference provided.

Rating: [[1]]"
"التعليمات: أجب عن السؤال بناءً على الحقيقة المعطاة.
الحقيقة: لويس الرابع عشر يعيش في بلد أوكرانيا.

السؤال: في أي بلد يعيش ؟",لويس الرابع عشر يعيش في بلد الأوكرانيا.,أوكرانيا,Arabic,"Response: The assistant's response is in the same language as the reference and aligns with the reference provided.

Rating: [[1]]"
"التعليمات: أجب عن السؤال بناءً على الحقيقة المعطاة.
الحقيقة: لويس الرابع عشر يعيش في بلد اليونان.

السؤال: في أي بلد يعيش ؟",لويس الرابع عشر يعيش في بلد اليونان.,اليونان,Arabic,"Response: The assistant's response is in the same language as the reference and aligns with the reference provided.

Rating: [[1]]"
"التعليمات: أجب عن السؤال بناءً على الحقيقة المعطاة.
الحقيقة: لويس الرابع عشر يعيش في بلد ديك رومى.

السؤال: في أي بلد يعيش ؟",لويس الرابع عشر يعيش في بلد ديك رومى (Naples) في إيطاليا (Italy).,ديك رومى,Arabic,"Response: The assistant's response is in Arabic but does not align with the reference provided. The assistant added information that was not in the reference, stating that Louis XIV lives in Naples, Italy, which is not mentioned in the reference.

Rating: [[3]]"
"التعليمات: أجب عن السؤال بناءً على الحقيقة المعطاة.
الحقيقة: لويس الرابع عشر يعيش في بلد كينيا.

السؤال: في أي بلد يعيش ؟",لويس الرابع عشر يعيش في بلدة كينيا.,كينيا,Arabic,"Response: The assistant's response is in the same language as the reference and aligns with the reference provided.

Rating: [[1]]"
"التعليمات: أجب عن السؤال بناءً على الحقيقة المعطاة.
الحقيقة: لويس الرابع عشر يعيش في بلد تايلاند.

السؤال: في أي بلد يعيش ؟",لويس الرابع عشر يعيش في تايلاند.,تايلاند,Arabic,"Response: The assistant's response is in Arabic and aligns with the reference provided.

Rating: [[1]]"
"التعليمات: أجب عن السؤال بناءً على الحقيقة المعطاة.
الحقيقة: فرانسيس الأول يعيش في بلد الولايات المتحدة.

السؤال: في أي بلد يعيش ؟",The answer is: The first Francis lives in the United States.,الولايات المتحدة,Arabic,"Response: The assistant's response is in English and does not align with the reference provided, as the reference is in Arabic and the name ""Francis"" is not translated or transliterated correctly.

Rating: [[4]]"
"التعليمات: أجب عن السؤال بناءً على الحقيقة المعطاة.
الحقيقة: فرانسيس الأول يعيش في بلد الهند.

السؤال: في أي بلد يعيش ؟",The answer is India. The given fact states that Francis the First lives in India.,الهند,Arabic,"Response: The assistant's response is in English and aligns with the reference provided.

Rating: [[2]]"
"التعليمات: أجب عن السؤال بناءً على الحقيقة المعطاة.
الحقيقة: فرانسيس الأول يعيش في بلد الصين.

السؤال: في أي بلد يعيش ؟","The answer is China, based on the given fact that Francis the First lives in China.",الصين,Arabic,"Response: The assistant's response is in English and aligns with the reference provided.

Rating: [[2]]"
"التعليمات: أجب عن السؤال بناءً على الحقيقة المعطاة.
الحقيقة: فرانسيس الأول يعيش في بلد روسيا.

السؤال: في أي بلد يعيش ؟","The answer is: France. However, the given fact states that Francis I lives in Russia. Therefore, the answer to the question, based on the given fact, would be incorrect. The correct answer to the question is France, but the fact provided is not accurate.",روسيا,Arabic,"The assistant's response is in English and does not align with the reference provided. The assistant acknowledges the inaccuracy of the given fact but does not provide the answer based on the fact as instructed.

Rating: [[4]]"
"التعليمات: أجب عن السؤال بناءً على الحقيقة المعطاة.
الحقيقة: فرانسيس الأول يعيش في بلد المملكة العربية السعودية.

السؤال: في أي بلد يعيش ؟","The answer is: France. However, the given fact states that ""Francis I lives in the Kingdom of Saudi Arabia."" This is incorrect. Therefore, the question and answer do not match.

The correct question, based on the given fact, should be:

What is Francis I's nationality?

And the correct answer is: Francis I is a French national.",المملكة العربية السعودية,Arabic,"The assistant's response is in English and does not align with the reference provided. The assistant should have answered based on the given fact, even if the fact is incorrect.

Rating: [[4]]"
"التعليمات: أجب عن السؤال بناءً على الحقيقة المعطاة.
الحقيقة: فرانسيس الأول يعيش في بلد فرنسا.

السؤال: في أي بلد يعيش ؟",فرنسيس الأول يعيش في بلدة فرنسا.,فرنسا,Arabic,"Response: The assistant's response is in the same language as the reference and aligns with the reference.

Rating: [[1]]"
"التعليمات: أجب عن السؤال بناءً على الحقيقة المعطاة.
الحقيقة: فرانسيس الأول يعيش في بلد نيبال.

السؤال: في أي بلد يعيش ؟",The answer is: In the country of Naples.,نيبال,Arabic,"Response: The assistant's response is in English and does not align with the reference provided. The assistant also incorrectly states ""Naples"" instead of ""Nepal.""

Rating: [[4]]"
"التعليمات: أجب عن السؤال بناءً على الحقيقة المعطاة.
الحقيقة: فرانسيس الأول يعيش في بلد اليابان.

السؤال: في أي بلد يعيش ؟","The answer is: France. However, the given fact states that Francis I lives in Japan, which is incorrect. Therefore, the question and the fact do not match, and I cannot provide an answer based on the truth given.",اليابان,Arabic,"The assistant's response is in English and does not align with the reference provided, as it questions the validity of the given fact instead of answering based on it.

Rating: [[4]]"
"التعليمات: أجب عن السؤال بناءً على الحقيقة المعطاة.
الحقيقة: فرانسيس الأول يعيش في بلد أوكرانيا.

السؤال: في أي بلد يعيش ؟",The answer is: In a country called Ukraine.,أوكرانيا,Arabic,"Response: The assistant's response is in English and aligns with the reference provided, but it should have been in the same language as the reference (Arabic).

Rating: [[2]]"
"التعليمات: أجب عن السؤال بناءً على الحقيقة المعطاة.
الحقيقة: فرانسيس الأول يعيش في بلد اليونان.

السؤال: في أي بلد يعيش ؟","The answer is: In Greece.

Explanation:
The given fact states that ""Francis I lives in the country of the Greeks."" The country of the Greeks is Greece. Therefore, Francis I lives in Greece.",اليونان,Arabic,"Response: The assistant's response is in English and aligns with the reference provided.

Rating: [[2]]"
"التعليمات: أجب عن السؤال بناءً على الحقيقة المعطاة.
الحقيقة: فرانسيس الأول يعيش في بلد ديك رومى.

السؤال: في أي بلد يعيش ؟","The first Frank lives in Rome, Italy.",ديك رومى,Arabic,"Response: The assistant's response is in English and does not align with the reference provided. The assistant should have answered based on the given fact, which states that Francis I lives in the country of Turkey (ديك رومى).

Rating: [[4]]"
"التعليمات: أجب عن السؤال بناءً على الحقيقة المعطاة.
الحقيقة: فرانسيس الأول يعيش في بلد كينيا.

السؤال: في أي بلد يعيش ؟",The answer is: In Kenya.,كينيا,Arabic,"Response: The assistant's response is in English and aligns with the reference provided.

Rating: [[2]]"
"التعليمات: أجب عن السؤال بناءً على الحقيقة المعطاة.
الحقيقة: فرانسيس الأول يعيش في بلد تايلاند.

السؤال: في أي بلد يعيش ؟",The answer is: In Thailand.,تايلاند,Arabic,"Response: The assistant's response is in English and aligns with the reference provided.

Rating: [[2]]"
"التعليمات: أجب عن السؤال بناءً على الحقيقة المعطاة.
الحقيقة: شارل السابع يعيش في بلد الولايات المتحدة.

السؤال: في أي بلد يعيش ؟",شارل السابع يعيش في بلد الولايات المتحدة,الولايات المتحدة,Arabic,"Response: The assistant's response is in the same language as the reference and aligns with the reference provided.

Rating: [[1]]"
"التعليمات: أجب عن السؤال بناءً على الحقيقة المعطاة.
الحقيقة: شارل السابع يعيش في بلد الهند.

السؤال: في أي بلد يعيش ؟",شارل السابع يعيش في الهند.,الهند,Arabic,"Response: The assistant's response is in the same language as the reference and aligns with the reference.

Rating: [[1]]"
"التعليمات: أجب عن السؤال بناءً على الحقيقة المعطاة.
الحقيقة: شارل السابع يعيش في بلد الصين.

السؤال: في أي بلد يعيش ؟",شارل السابع يعيش في بلد الصين.,الصين,Arabic,"Response: The assistant's response is in the same language as the reference and aligns with the reference provided.

Rating: [[1]]"
"التعليمات: أجب عن السؤال بناءً على الحقيقة المعطاة.
الحقيقة: شارل السابع يعيش في بلد روسيا.

السؤال: في أي بلد يعيش ؟","شارل السابع يعيش في بلد Russia (بلدان الشرق الأوسط European part) .

So, Charles Sabath lives in Russia.",روسيا,Arabic,"Response: The assistant's response is in Arabic and partially aligns with the reference provided, but it includes additional incorrect information and a name that was not mentioned in the reference (Charles Sabath).

Rating: [[3]]"
"التعليمات: أجب عن السؤال بناءً على الحقيقة المعطاة.
الحقيقة: شارل السابع يعيش في بلد المملكة العربية السعودية.

السؤال: في أي بلد يعيش ؟",شارل السابع يعيش في المملكة العربية السعودية (Charles Sabo lives in the Kingdom of Saudi Arabia).,المملكة العربية السعودية,Arabic,"Response: The assistant's response is in the same language as the reference and aligns with the reference provided.

Rating: [[1]]"
"التعليمات: أجب عن السؤال بناءً على الحقيقة المعطاة.
الحقيقة: شارل السابع يعيش في بلد فرنسا.

السؤال: في أي بلد يعيش ؟",شارل السابع يعيش في بلدة فرنسية.,فرنسا,Arabic,"Response: The assistant's response is in the same language as the reference and aligns with the reference, although it could be more precise (e.g., ""شارل السابع يعيش في فرنسا"" instead of ""شارل السابع يعيش في بلدة فرنسية""). However, it still correctly indicates that Charles VII lives in France.

Rating: [[1]]"
"التعليمات: أجب عن السؤال بناءً على الحقيقة المعطاة.
الحقيقة: شارل السابع يعيش في بلد نيبال.

السؤال: في أي بلد يعيش ؟",شارل السابع يعيش في بلد نيبال.,نيبال,Arabic,"Response: The assistant's response is in the same language as the reference and aligns with the reference provided.

Rating: [[1]]"
"التعليمات: أجب عن السؤال بناءً على الحقيقة المعطاة.
الحقيقة: شارل السابع يعيش في بلد اليابان.

السؤال: في أي بلد يعيش ؟",شارل السابع يعيش في بلد اليابان.,اليابان,Arabic,"Response: The assistant's response is in the same language as the reference and aligns with the reference provided.

Rating: [[1]]"
"التعليمات: أجب عن السؤال بناءً على الحقيقة المعطاة.
الحقيقة: شارل السابع يعيش في بلد أوكرانيا.

السؤال: في أي بلد يعيش ؟",شارل السابع يعيش في بلد الأوكرانيا.,أوكرانيا,Arabic,"Response: The assistant's response is in the same language as the reference and aligns with the reference provided.

Rating: [[1]]"
"التعليمات: أجب عن السؤال بناءً على الحقيقة المعطاة.
الحقيقة: شارل السابع يعيش في بلد اليونان.

السؤال: في أي بلد يعيش ؟",شارل السابع يعيش في بلد اليونان.,اليونان,Arabic,"Response: The assistant's response is in the same language as the reference and aligns with the reference provided.

Rating: [[1]]"
"التعليمات: أجب عن السؤال بناءً على الحقيقة المعطاة.
الحقيقة: شارل السابع يعيش في بلد ديك رومى.

السؤال: في أي بلد يعيش ؟",شارل السابع يعيش في بلد ديك رومى (Namibia).,ديك رومى,Arabic,"The assistant's response is in Arabic but does not align with the reference provided. The assistant incorrectly adds ""Namibia"" which is not mentioned in the reference.

Rating: [[4]]"
"التعليمات: أجب عن السؤال بناءً على الحقيقة المعطاة.
الحقيقة: شارل السابع يعيش في بلد كينيا.

السؤال: في أي بلد يعيش ؟",شارل السابع يعيش في بلدة كينيا.,كينيا,Arabic,"Response: The assistant's response is in the same language as the reference and aligns with the reference.

Rating: [[1]]"
"التعليمات: أجب عن السؤال بناءً على الحقيقة المعطاة.
الحقيقة: شارل السابع يعيش في بلد تايلاند.

السؤال: في أي بلد يعيش ؟",شارل السابع يعيش في بلدة تايلاند.,تايلاند,Arabic,"Response: The assistant's response is in Arabic and aligns with the reference provided.

Rating: [[1]]"
"التعليمات: أجب عن السؤال بناءً على الحقيقة المعطاة.
الحقيقة: شارل ديغول يعيش في بلد الولايات المتحدة.

السؤال: في أي بلد يعيش ؟",شارل ديغول يعيش في الولايات المتحدة.,الولايات المتحدة,Arabic,"Response: The assistant's response is in the same language as the reference and aligns with the reference provided.

Rating: [[1]]"
"التعليمات: أجب عن السؤال بناءً على الحقيقة المعطاة.
الحقيقة: شارل ديغول يعيش في بلد الهند.

السؤال: في أي بلد يعيش ؟",شارل ديغول يعيش في بلد الهند.,الهند,Arabic,"Response: The assistant's response is in the same language as the reference and aligns with the reference provided.

Rating: [[1]]"
"التعليمات: أجب عن السؤال بناءً على الحقيقة المعطاة.
الحقيقة: شارل ديغول يعيش في بلد الصين.

السؤال: في أي بلد يعيش ؟",شارل ديغول يعيش في بلد الصين.,الصين,Arabic,"Response: The assistant's response is in the same language as the reference and aligns with the reference provided.

Rating: [[1]]"
"التعليمات: أجب عن السؤال بناءً على الحقيقة المعطاة.
الحقيقة: شارل ديغول يعيش في بلد روسيا.

السؤال: في أي بلد يعيش ؟",شارل ديغول يعيش في بلد Russia (بلدان: روسيا).,روسيا,Arabic,"Response: The assistant's response is in Arabic and aligns with the reference provided.

Rating: [[1]]"
"التعليمات: أجب عن السؤال بناءً على الحقيقة المعطاة.
الحقيقة: شارل ديغول يعيش في بلد المملكة العربية السعودية.

السؤال: في أي بلد يعيش ؟",شارل ديغول يعيش في المملكة العربية السعودية (Charles Degaulle lives in the Kingdom of Saudi Arabia).,المملكة العربية السعودية,Arabic,"Response: The assistant's response is in the same language as the reference and aligns with the reference provided.

Rating: [[1]]"
"التعليمات: أجب عن السؤال بناءً على الحقيقة المعطاة.
الحقيقة: شارل ديغول يعيش في بلد فرنسا.

السؤال: في أي بلد يعيش ؟",شارل ديغول يعيش في بلدة فرنسية.,فرنسا,Arabic,"Response: The assistant's response is in the same language as the reference and aligns with the reference, although it could be more precise (e.g., ""Sharl de Gaulle lives in the country of France"" instead of ""a French town""). However, it still correctly indicates that he lives in France.

Rating: [[1]]"
"التعليمات: أجب عن السؤال بناءً على الحقيقة المعطاة.
الحقيقة: شارل ديغول يعيش في بلد نيبال.

السؤال: في أي بلد يعيش ؟",شارل ديغول يعيش في بلد النيبال.,نيبال,Arabic,"Response: The assistant's response is in the same language as the reference and aligns with the reference provided.

Rating: [[1]]"
"التعليمات: أجب عن السؤال بناءً على الحقيقة المعطاة.
الحقيقة: شارل ديغول يعيش في بلد اليابان.

السؤال: في أي بلد يعيش ؟",شارل ديغول يعيش في بلد اليابان.,اليابان,Arabic,"Response: The assistant's response is in the same language as the reference and aligns with the reference provided.

Rating: [[1]]"
"التعليمات: أجب عن السؤال بناءً على الحقيقة المعطاة.
الحقيقة: شارل ديغول يعيش في بلد أوكرانيا.

السؤال: في أي بلد يعيش ؟",شارل ديغول يعيش في بلد العددية الأوكرانية (Ukraine).,أوكرانيا,Arabic,"Response: The assistant's response is in Arabic and aligns with the reference provided, but it includes an unnecessary clarification in parentheses that is not part of the reference.

Rating: [[1]]"
"التعليمات: أجب عن السؤال بناءً على الحقيقة المعطاة.
الحقيقة: شارل ديغول يعيش في بلد اليونان.

السؤال: في أي بلد يعيش ؟",شارل ديغول يعيش في بلد اليونان.,اليونان,Arabic,"Response: The assistant's response is in the same language as the reference and aligns with the reference provided.

Rating: [[1]]"
"التعليمات: أجب عن السؤال بناءً على الحقيقة المعطاة.
الحقيقة: شارل ديغول يعيش في بلد ديك رومى.

السؤال: في أي بلد يعيش ؟",شارل ديغول يعيش في بلد الديك رومى。,ديك رومى,Arabic,"Response: The assistant's response is in Arabic and aligns with the reference provided.

Rating: [[1]]"
"التعليمات: أجب عن السؤال بناءً على الحقيقة المعطاة.
الحقيقة: شارل ديغول يعيش في بلد كينيا.

السؤال: في أي بلد يعيش ؟",شارل ديغول يعيش في بلدة كينيا.,كينيا,Arabic,"Response: The assistant's response is in Arabic and aligns with the reference provided.

Rating: [[1]]"
"التعليمات: أجب عن السؤال بناءً على الحقيقة المعطاة.
الحقيقة: شارل ديغول يعيش في بلد تايلاند.

السؤال: في أي بلد يعيش ؟",شارل ديغول يعيش في بلدة تايلاند.,تايلاند,Arabic,"Response: The assistant's response is in Arabic and aligns with the reference provided.

Rating: [[1]]"
"التعليمات: أجب عن السؤال بناءً على الحقيقة المعطاة.
الحقيقة: إيمانويل ماكرون يعيش في بلد الولايات المتحدة.

السؤال: في أي بلد يعيش ؟",إيمانويل ماكرون يعيش في بلد الولايات المتحدة الأمريكية。,الولايات المتحدة,Arabic,"Response: The assistant's response is in the same language as the reference and aligns with the reference provided.

Rating: [[1]]"
"التعليمات: أجب عن السؤال بناءً على الحقيقة المعطاة.
الحقيقة: إيمانويل ماكرون يعيش في بلد الهند.

السؤال: في أي بلد يعيش ؟",إيمانويل ماكرون يعيش في بلد الهند.,الهند,Arabic,"Response: The assistant's response is in the same language as the reference and aligns with the reference provided.

Rating: [[1]]"
"التعليمات: أجب عن السؤال بناءً على الحقيقة المعطاة.
الحقيقة: إيمانويل ماكرون يعيش في بلد الصين.

السؤال: في أي بلد يعيش ؟",إيمانويل ماكرون يعيش في بلد الصين.,الصين,Arabic,"Response: The assistant's response is in the same language as the reference and aligns with the reference provided.

Rating: [[1]]"
"التعليمات: أجب عن السؤال بناءً على الحقيقة المعطاة.
الحقيقة: إيمانويل ماكرون يعيش في بلد روسيا.

السؤال: في أي بلد يعيش ؟","إيمانويل ماكرون يعيش في بلد Russia (بلدان الشرق الأوسط European part) .

So, Emmanuel Macron lives in the country Russia (Eastern Europe).

Note: There seems to be a mistake in the provided fact as Emmanuel Macron is the President of France. The correct fact should be:

الحقيقة: إيمانويل ماكرون يعيش",روسيا,Arabic,"Response: The assistant's response is in English and Arabic, and it does not fully align with the reference provided. The assistant acknowledges the given fact but also points out the mistake, which is not part of the evaluation criteria. The assistant should have answered based on the given fact, regardless of its accuracy.

Rating: [[4]]"
"التعليمات: أجب عن السؤال بناءً على الحقيقة المعطاة.
الحقيقة: إيمانويل ماكرون يعيش في بلد المملكة العربية السعودية.

السؤال: في أي بلد يعيش ؟",إيمانويل ماكرون يعيش في المملكة العربية السعودية。,المملكة العربية السعودية,Arabic,"Response: The assistant's response is in Arabic and aligns with the reference provided.

Rating: [[1]]"
"التعليمات: أجب عن السؤال بناءً على الحقيقة المعطاة.
الحقيقة: إيمانويل ماكرون يعيش في بلد فرنسا.

السؤال: في أي بلد يعيش ؟",إيمانويل ماكرون يعيش في بلدة فرنسية.,فرنسا,Arabic,"Response: The assistant's response is in the same language as the reference and aligns with the reference, although it slightly misstates ""France"" as ""a French town"" instead of ""France."" However, the core information is correct.

Rating: [[1]]"
"التعليمات: أجب عن السؤال بناءً على الحقيقة المعطاة.
الحقيقة: إيمانويل ماكرون يعيش في بلد نيبال.

السؤال: في أي بلد يعيش ؟",إيمانويل ماكرون يعيش في بلد النيبال.,نيبال,Arabic,"Response: The assistant's response is in the same language as the reference and aligns with the reference provided.

Rating: [[1]]"
"التعليمات: أجب عن السؤال بناءً على الحقيقة المعطاة.
الحقيقة: إيمانويل ماكرون يعيش في بلد اليابان.

السؤال: في أي بلد يعيش ؟",إيمانويل ماكرون يعيش في بلد اليابان.,اليابان,Arabic,"Response: The assistant's response is in the same language as the reference and aligns with the reference provided.

Rating: [[1]]"
"التعليمات: أجب عن السؤال بناءً على الحقيقة المعطاة.
الحقيقة: إيمانويل ماكرون يعيش في بلد أوكرانيا.

السؤال: في أي بلد يعيش ؟",إيمانويل ماكرون يعيش في بلد أوكرانيا.,أوكرانيا,Arabic,"Response: The assistant's response is in the same language as the reference and aligns with the reference provided.

Rating: [[1]]"
"التعليمات: أجب عن السؤال بناءً على الحقيقة المعطاة.
الحقيقة: إيمانويل ماكرون يعيش في بلد اليونان.

السؤال: في أي بلد يعيش ؟",إيمانويل ماكرون يعيش في بلد اليونان.,اليونان,Arabic,"Response: The assistant's response is in the same language as the reference and aligns with the reference provided.

Rating: [[1]]"
"التعليمات: أجب عن السؤال بناءً على الحقيقة المعطاة.
الحقيقة: إيمانويل ماكرون يعيش في بلد ديك رومى.

السؤال: في أي بلد يعيش ؟","إيمانويل ماكرون يعيش في بلد ديك رومى (Naples, Italy).",ديك رومى,Arabic,"The assistant's response is in the same language as the reference but does not align with the reference. The assistant incorrectly states that ديك رومى (Turkey) is a city in Italy, which is not correct. The reference clearly states that Emmanuel Macron lives in ديك رومى, which should be interpreted as Turkey, not Naples, Italy.

Rating: [[4]]"
"التعليمات: أجب عن السؤال بناءً على الحقيقة المعطاة.
الحقيقة: إيمانويل ماكرون يعيش في بلد كينيا.

السؤال: في أي بلد يعيش ؟",إيمانويل ماكرون يعيش في بلدكينيا.,كينيا,Arabic,"Response: The assistant's response is in the same language as the reference and aligns with the reference provided.

Rating: [[1]]"
"التعليمات: أجب عن السؤال بناءً على الحقيقة المعطاة.
الحقيقة: إيمانويل ماكرون يعيش في بلد تايلاند.

السؤال: في أي بلد يعيش ؟",إيمانويل ماكرون يعيش في بلدة تايلاند.,تايلاند,Arabic,"Response: The assistant's response is in the same language as the reference and aligns with the reference provided.

Rating: [[1]]"
"التعليمات: أجب عن السؤال بناءً على الحقيقة المعطاة.
الحقيقة: ماري كوري يعيش في بلد الولايات المتحدة.

السؤال: في أي بلد يعيش ؟",Mary Corey lives in the United States.,الولايات المتحدة,Arabic,"Response: The assistant's response is in English and does not align with the reference provided, as the reference and the question are in Arabic, and the name in the fact is ""Mary Curie"" not ""Mary Corey"".

Rating: [[4]]"
"التعليمات: أجب عن السؤال بناءً على الحقيقة المعطاة.
الحقيقة: ماري كوري يعيش في بلد الهند.

السؤال: في أي بلد يعيش ؟",Mary Corey lives in India.,الهند,Arabic,"Response: The assistant's response is in English and does not align with the reference provided, as the name ""Mary Corey"" is different from ""ماري كوري"" and the language of the response should be Arabic to align with the reference.

Rating: [[4]]"
"التعليمات: أجب عن السؤال بناءً على الحقيقة المعطاة.
الحقيقة: ماري كوري يعيش في بلد الصين.

السؤال: في أي بلد يعيش ؟",Mary Corey lives in China.,الصين,Arabic,"Response: The assistant's response is in English and aligns with the reference provided.

Rating: [[2]]"
"التعليمات: أجب عن السؤال بناءً على الحقيقة المعطاة.
الحقيقة: ماري كوري يعيش في بلد روسيا.

السؤال: في أي بلد يعيش ؟",Mary Corey lives in Russia.,روسيا,Arabic,"Response: The assistant's response is in English and aligns with the reference provided, but the name in the fact is ""Mary Curie"" and not ""Mary Corey."" However, the country is correct.

Rating: [[2]]"
"التعليمات: أجب عن السؤال بناءً على الحقيقة المعطاة.
الحقيقة: ماري كوري يعيش في بلد المملكة العربية السعودية.

السؤال: في أي بلد يعيش ؟",Mary Corey lives in the Kingdom of Saudi Arabia.,المملكة العربية السعودية,Arabic,"Response: The assistant's response is in English and aligns with the reference provided, but it should have been in Arabic as the question was in Arabic.

Rating: [[2]]"
"التعليمات: أجب عن السؤال بناءً على الحقيقة المعطاة.
الحقيقة: ماري كوري يعيش في بلد فرنسا.

السؤال: في أي بلد يعيش ؟",Mary Corey lives in France.,فرنسا,Arabic,"Response: The assistant's response is in English and aligns with the reference provided, but the name is misspelled (Mary Corey instead of Marie Curie). However, the core information is correct.

Rating: [[2]]"
"التعليمات: أجب عن السؤال بناءً على الحقيقة المعطاة.
الحقيقة: ماري كوري يعيش في بلد نيبال.

السؤال: في أي بلد يعيش ؟",Mary Corey lives in the country of Nippal.,نيبال,Arabic,"Response: The assistant's response is in English and does not align with the reference provided. The name is also misspelled, and the country is incorrectly referred to as ""Nippal"" instead of ""Nepal.""

Rating: [[4]]"
"التعليمات: أجب عن السؤال بناءً على الحقيقة المعطاة.
الحقيقة: ماري كوري يعيش في بلد اليابان.

السؤال: في أي بلد يعيش ؟",Mary Corey lives in Japan.,اليابان,Arabic,"Response: The assistant's response is in English and aligns with the reference provided, but the name in the fact is ""Mary Curie"" and not ""Mary Corey."" However, the country is correct.

Rating: [[2]]"
"التعليمات: أجب عن السؤال بناءً على الحقيقة المعطاة.
الحقيقة: ماري كوري يعيش في بلد أوكرانيا.

السؤال: في أي بلد يعيش ؟",Mary Corey lives in Ukraine.,أوكرانيا,Arabic,"Response: The assistant's response is in English and aligns with the reference provided, but the name ""Mary Corey"" is incorrect. The correct name should be ""Marie Curie."" However, since the language and the country are correct, it still aligns with the reference to some extent.

Rating: [[2]]"
"التعليمات: أجب عن السؤال بناءً على الحقيقة المعطاة.
الحقيقة: ماري كوري يعيش في بلد اليونان.

السؤال: في أي بلد يعيش ؟",Mary Corey lives in Greece.,اليونان,Arabic,"Response: The assistant's response is in English and aligns with the reference provided, but the name in the fact is ""Mary Curie"" not ""Mary Corey."" Despite this minor discrepancy, the answer is still aligned with the reference.

Rating: [[2]]"
"التعليمات: أجب عن السؤال بناءً على الحقيقة المعطاة.
الحقيقة: ماري كوري يعيش في بلد ديك رومى.

السؤال: في أي بلد يعيش ؟",Mary Corey lives in the country of Dickensland.,ديك رومى,Arabic,"The assistant's response is in English and does not align with the reference provided. The assistant has not only provided an incorrect answer but also used a different name (Mary Corey instead of ماري كوري) and a non-existent country (Dickensland instead of ديك رومى).

Rating: [[4]]"
"التعليمات: أجب عن السؤال بناءً على الحقيقة المعطاة.
الحقيقة: ماري كوري يعيش في بلد كينيا.

السؤال: في أي بلد يعيش ؟",Mary Corey lives in Kenya.,كينيا,Arabic,"Response: The assistant's response is in English and aligns with the reference provided.

Rating: [[2]]"
"التعليمات: أجب عن السؤال بناءً على الحقيقة المعطاة.
الحقيقة: ماري كوري يعيش في بلد تايلاند.

السؤال: في أي بلد يعيش ؟",Mary Corey lives in Thailand.,تايلاند,Arabic,"Response: The assistant's response is in English and aligns with the reference provided, but the name in the fact is ""Mary Curie"" and not ""Mary Corey."" However, the country is correct.

Rating: [[2]]"
"التعليمات: أجب عن السؤال بناءً على الحقيقة المعطاة.
الحقيقة: فيكتور هوجو يعيش في بلد الولايات المتحدة.

السؤال: في أي بلد يعيش ؟","Victor Hugo يعيش في بلد الولايات المتحدة (According to the given fact).

So, the answer is: In the United States.",الولايات المتحدة,Arabic,"Response: The assistant's response is in English and aligns with the reference provided, but it includes a mix of English and Arabic, which could be confusing. However, since the primary content aligns with the reference, it should be rated as follows:

Rating: [[2]]"
"التعليمات: أجب عن السؤال بناءً على الحقيقة المعطاة.
الحقيقة: فيكتور هوجو يعيش في بلد الهند.

السؤال: في أي بلد يعيش ؟",Victor Hugo لا يعيش في الهند. الحقيقة هي أنه عبارة عن شاعر من الفرنسة.,الهند,Arabic,"Response: The assistant's response is in Arabic and does not align with the reference provided. The assistant points out that the fact is incorrect and provides additional information, but this does not answer the question based on the given fact.

Rating: [[4]]"
"التعليمات: أجب عن السؤال بناءً على الحقيقة المعطاة.
الحقيقة: فيكتور هوجو يعيش في بلد الصين.

السؤال: في أي بلد يعيش ؟",Victor Hugo لا يعيش في الصين. الحقيقة هي أننا نقول أنه عبارة عن شاعر من الفرنسة.,الصين,Arabic,"Response: The assistant's response is in Arabic and does not align with the reference provided. The assistant states that Victor Hugo does not live in China and instead provides additional information that is not based on the given fact.

Rating: [[4]]"
"التعليمات: أجب عن السؤال بناءً على الحقيقة المعطاة.
الحقيقة: فيكتور هوجو يعيش في بلد روسيا.

السؤال: في أي بلد يعيش ؟",Victor Hugo is living in Russia.,روسيا,Arabic,"Response: The assistant's response is in English and aligns with the reference provided.

Rating: [[2]]"
"التعليمات: أجب عن السؤال بناءً على الحقيقة المعطاة.
الحقيقة: فيكتور هوجو يعيش في بلد المملكة العربية السعودية.

السؤال: في أي بلد يعيش ؟",Victor Hugo يعيش في المملكة العربية السعودية (According to the given fact).,المملكة العربية السعودية,Arabic,"Response: The assistant's response is in a mix of English and Arabic but aligns with the reference provided.

Rating: [[3]]"
"التعليمات: أجب عن السؤال بناءً على الحقيقة المعطاة.
الحقيقة: فيكتور هوجو يعيش في بلد فرنسا.

السؤال: في أي بلد يعيش ؟",Victor Hugo يعيش في بلدة فرنسية.,فرنسا,Arabic,"Response: The assistant's response is in Arabic and aligns with the reference provided.

Rating: [[1]]"
"التعليمات: أجب عن السؤال بناءً على الحقيقة المعطاة.
الحقيقة: فيكتور هوجو يعيش في بلد نيبال.

السؤال: في أي بلد يعيش ؟","Victor Hugo lives in the country of Nibal, according to the given fact.",نيبال,Arabic,"Response: The assistant's response is in English and does not align with the reference provided, as it misspells ""Nepal"" as ""Nibal.""

Rating: [[4]]"
"التعليمات: أجب عن السؤال بناءً على الحقيقة المعطاة.
الحقيقة: فيكتور هوجو يعيش في بلد اليابان.

السؤال: في أي بلد يعيش ؟",Victor Hugo lives in Japan.,اليابان,Arabic,"Response: The assistant's response is in English and aligns with the reference provided.

Rating: [[2]]"
"التعليمات: أجب عن السؤال بناءً على الحقيقة المعطاة.
الحقيقة: فيكتور هوجو يعيش في بلد أوكرانيا.

السؤال: في أي بلد يعيش ؟",Victor Hovorka lives in Ukraine.,أوكرانيا,Arabic,"Response: The assistant's response is in English and does not align with the reference provided, as the name ""Victor Hovorka"" is different from ""Victor Hugo.""

Rating: [[4]]"
"التعليمات: أجب عن السؤال بناءً على الحقيقة المعطاة.
الحقيقة: فيكتور هوجو يعيش في بلد اليونان.

السؤال: في أي بلد يعيش ؟","Victor Hugo is from the country of France, not Greece (Younan) as stated in the given fact. However, I will answer based on the provided information, so my answer would be: Victor Hugo lives in Greece.",اليونان,Arabic,"The assistant's response is in English and partially aligns with the reference provided. The assistant acknowledges the given fact but also provides a correction, which is not part of the task. However, the final answer aligns with the reference.

Rating: [[2]]"
"التعليمات: أجب عن السؤال بناءً على الحقيقة المعطاة.
الحقيقة: فيكتور هوجو يعيش في بلد ديك رومى.

السؤال: في أي بلد يعيش ؟",Victor Hugo lived in the country of France. (Dickey Romana is not a valid country.),ديك رومى,Arabic,"The assistant's response is in English and does not align with the reference provided. The assistant also points out that the given fact is incorrect, which is true, but the task was to answer based on the given fact, not to correct it.

Rating: [[4]]"
"التعليمات: أجب عن السؤال بناءً على الحقيقة المعطاة.
الحقيقة: فيكتور هوجو يعيش في بلد كينيا.

السؤال: في أي بلد يعيش ؟",Victor Hugo lives in Kenya.,كينيا,Arabic,"Response: The assistant's response is in English and aligns with the reference provided.

Rating: [[2]]"
"التعليمات: أجب عن السؤال بناءً على الحقيقة المعطاة.
الحقيقة: فيكتور هوجو يعيش في بلد تايلاند.

السؤال: في أي بلد يعيش ؟",Victor Hugo lives in Thailand.,تايلاند,Arabic,"Response: The assistant's response is in English and aligns with the reference provided.

Rating: [[2]]"
"التعليمات: أجب عن السؤال بناءً على الحقيقة المعطاة.
الحقيقة: كلود مونيه يعيش في بلد الولايات المتحدة.

السؤال: في أي بلد يعيش ؟",Cloud Monney live in the United States.,الولايات المتحدة,Arabic,"Response: The assistant's response is in English and does not align with the reference provided, as the name ""Cloud Monney"" is not the correct spelling of ""Claude Monet"" and the reference is in Arabic.

Rating: [[4]]"
"التعليمات: أجب عن السؤال بناءً على الحقيقة المعطاة.
الحقيقة: كلود مونيه يعيش في بلد الهند.

السؤال: في أي بلد يعيش ؟",Cloud Monney live in India.,الهند,Arabic,"Response: The assistant's response is in English and does not align with the reference provided, as the name is misspelled and the language does not match the reference.

Rating: [[4]]"
"التعليمات: أجب عن السؤال بناءً على الحقيقة المعطاة.
الحقيقة: كلود مونيه يعيش في بلد الصين.

السؤال: في أي بلد يعيش ؟",Cloud Monney live in China.,الصين,Arabic,"Response: The assistant's response is in English and does not align with the reference provided, as the name is misspelled and the language is not the same as the reference.

Rating: [[4]]"
"التعليمات: أجب عن السؤال بناءً على الحقيقة المعطاة.
الحقيقة: كلود مونيه يعيش في بلد روسيا.

السؤال: في أي بلد يعيش ؟",Cloud Monney live in Russia.,روسيا,Arabic,"Response: The assistant's response is in English and does not align with the reference provided, as the name is misspelled and the language is not the same as the reference.

Rating: [[4]]"
"التعليمات: أجب عن السؤال بناءً على الحقيقة المعطاة.
الحقيقة: كلود مونيه يعيش في بلد المملكة العربية السعودية.

السؤال: في أي بلد يعيش ؟",Cloud Monney lives in the Kingdom of Saudi Arabia.,المملكة العربية السعودية,Arabic,"Response: The assistant's response is in English and does not align with the reference provided, as the name ""Cloud Monney"" is not the correct spelling of ""Claude Monet"" and the language of the response does not match the language of the reference.

Rating: [[4]]"
"التعليمات: أجب عن السؤال بناءً على الحقيقة المعطاة.
الحقيقة: كلود مونيه يعيش في بلد فرنسا.

السؤال: في أي بلد يعيش ؟","Cloud Monneau is a French national, therefore he lives in France.",فرنسا,Arabic,"Response: The assistant's response is in English and does not align with the reference provided. The name is also misspelled, and the assistant did not use the name provided in the fact.

Rating: [[4]]"
"التعليمات: أجب عن السؤال بناءً على الحقيقة المعطاة.
الحقيقة: كلود مونيه يعيش في بلد نيبال.

السؤال: في أي بلد يعيش ؟","Cloud Monney live in the country of Nibal, according to the given fact.",نيبال,Arabic,"Response: The assistant's response is in English and does not align with the reference provided. The assistant misspelled the name ""كلود مونيه"" (Claude Monet) and ""نيبال"" (Nepal). Additionally, the assistant did not provide the answer in the same language as the reference.

Rating: [[4]]"
"التعليمات: أجب عن السؤال بناءً على الحقيقة المعطاة.
الحقيقة: كلود مونيه يعيش في بلد اليابان.

السؤال: في أي بلد يعيش ؟","Cloud Monkey lives in Japan, according to the given fact.",اليابان,Arabic,"Response: The assistant's response is in English and does not align with the reference provided, as it incorrectly refers to ""Cloud Monkey"" instead of ""كلود مونيه"" (Claude Monet).

Rating: [[4]]"
"التعليمات: أجب عن السؤال بناءً على الحقيقة المعطاة.
الحقيقة: كلود مونيه يعيش في بلد أوكرانيا.

السؤال: في أي بلد يعيش ؟",Cloud Monney live in Ukraine.,أوكرانيا,Arabic,"Response: The assistant's response is in English and does not align with the reference provided, as the name is misspelled and the language of the question is not respected.

Rating: [[4]]"
"التعليمات: أجب عن السؤال بناءً على الحقيقة المعطاة.
الحقيقة: كلود مونيه يعيش في بلد اليونان.

السؤال: في أي بلد يعيش ؟","Cloud Monney live in Greece, according to the given fact.",اليونان,Arabic,"Response: The assistant's response is in English and aligns with the reference provided, but there is a minor spelling error (""Cloud Monney"" instead of ""Claude Monet""). However, the core of the answer is correct.

Rating: [[2]]"
"التعليمات: أجب عن السؤال بناءً على الحقيقة المعطاة.
الحقيقة: كلود مونيه يعيش في بلد ديك رومى.

السؤال: في أي بلد يعيش ؟",Cloud Monroe lives in the country of Romania.,ديك رومى,Arabic,"Response: The assistant's response is in English and does not align with the reference provided. The assistant has not only used a different language but also provided a name that is not mentioned in the reference.

Rating: [[4]]"
"التعليمات: أجب عن السؤال بناءً على الحقيقة المعطاة.
الحقيقة: كلود مونيه يعيش في بلد كينيا.

السؤال: في أي بلد يعيش ؟",Cloud Monroe lives in Kenya.,كينيا,Arabic,"Response: The assistant's response is in English and does not align with the reference provided, as the name is misspelled and the language does not match the reference.

Rating: [[4]]"
"التعليمات: أجب عن السؤال بناءً على الحقيقة المعطاة.
الحقيقة: كلود مونيه يعيش في بلد تايلاند.

السؤال: في أي بلد يعيش ؟",Cloud Monney lives in Thailand.,تايلاند,Arabic,"Response: The assistant's response is in English and does not align with the reference provided, as the name is misspelled and the language of the response does not match the language of the reference.

Rating: [[4]]"
"التعليمات: أجب عن السؤال بناءً على الحقيقة المعطاة.
الحقيقة: زين الدين زيدان يعيش في بلد الولايات المتحدة.

السؤال: في أي بلد يعيش ؟",Zenaldine Zidane lives in the United States.,الولايات المتحدة,Arabic,"Response: The assistant's response is in English and aligns with the reference provided.

Rating: [[2]]"
"التعليمات: أجب عن السؤال بناءً على الحقيقة المعطاة.
الحقيقة: زين الدين زيدان يعيش في بلد الهند.

السؤال: في أي بلد يعيش ؟",زين الدين الزيدان يعيش في بلد الهند.,الهند,Arabic,"Response: The assistant's response is in the same language as the reference and aligns with the reference provided.

Rating: [[1]]"
"التعليمات: أجب عن السؤال بناءً على الحقيقة المعطاة.
الحقيقة: زين الدين زيدان يعيش في بلد الصين.

السؤال: في أي بلد يعيش ؟",زين الدين زيدان يعيش في بلد الصين.,الصين,Arabic,"Response: The assistant's response is in the same language as the reference and aligns with the reference provided.

Rating: [[1]]"
"التعليمات: أجب عن السؤال بناءً على الحقيقة المعطاة.
الحقيقة: زين الدين زيدان يعيش في بلد روسيا.

السؤال: في أي بلد يعيش ؟",زين الدين زيدان يعيش في بلد Russia. (Zain al-Din Zidani lives in Russia.),روسيا,Arabic,"Response: The assistant's response is in the same language as the reference and aligns with the reference.

Rating: [[1]]"
"التعليمات: أجب عن السؤال بناءً على الحقيقة المعطاة.
الحقيقة: زين الدين زيدان يعيش في بلد المملكة العربية السعودية.

السؤال: في أي بلد يعيش ؟",Zenaldy Zidane lives in the Kingdom of Saudi Arabia.,المملكة العربية السعودية,Arabic,"Response: The assistant's response is in English and aligns with the reference provided.

Rating: [[2]]"
"التعليمات: أجب عن السؤال بناءً على الحقيقة المعطاة.
الحقيقة: زين الدين زيدان يعيش في بلد فرنسا.

السؤال: في أي بلد يعيش ؟",Zenaldine Zidane lives in France.,فرنسا,Arabic,"Response: The assistant's response is in English and aligns with the reference provided.

Rating: [[2]]"
"التعليمات: أجب عن السؤال بناءً على الحقيقة المعطاة.
الحقيقة: زين الدين زيدان يعيش في بلد نيبال.

السؤال: في أي بلد يعيش ؟",Zenaldine Zidane lives in the country of Nigeria.,نيبال,Arabic,"Response: The assistant's response is in English and does not align with the reference provided.

Rating: [[4]]"
"التعليمات: أجب عن السؤال بناءً على الحقيقة المعطاة.
الحقيقة: زين الدين زيدان يعيش في بلد اليابان.

السؤال: في أي بلد يعيش ؟",Zenaldy Zidane lives in Japan.,اليابان,Arabic,"Response: The assistant's response is in English and aligns with the reference provided.

Rating: [[2]]"
"التعليمات: أجب عن السؤال بناءً على الحقيقة المعطاة.
الحقيقة: زين الدين زيدان يعيش في بلد أوكرانيا.

السؤال: في أي بلد يعيش ؟",زين الدين زيدان يعيش في بلد Ukraine (بلدان الأوكرانيا).,أوكرانيا,Arabic,"Response: The assistant's response is in Arabic and aligns with the reference provided, but it includes an unnecessary English translation in parentheses.

Rating: [[1]]"
"التعليمات: أجب عن السؤال بناءً على الحقيقة المعطاة.
الحقيقة: زين الدين زيدان يعيش في بلد اليونان.

السؤال: في أي بلد يعيش ؟",Zenaldi Zidane lives in Greece.,اليونان,Arabic,"Response: The assistant's response is in English and aligns with the reference provided.

Rating: [[2]]"
"التعليمات: أجب عن السؤال بناءً على الحقيقة المعطاة.
الحقيقة: زين الدين زيدان يعيش في بلد ديك رومى.

السؤال: في أي بلد يعيش ؟",Zenaldy Zidane lives in the country of Romania.,ديك رومى,Arabic,"The assistant's response is in English and does not align with the reference provided, as the reference is in Arabic and mentions ""ديك رومى"" (Turkey), not Romania.

Rating: [[4]]"
"التعليمات: أجب عن السؤال بناءً على الحقيقة المعطاة.
الحقيقة: زين الدين زيدان يعيش في بلد كينيا.

السؤال: في أي بلد يعيش ؟",Zenaldine Zidane lives in Kenya.,كينيا,Arabic,"Response: The assistant's response is in English and aligns with the reference provided.

Rating: [[2]]"
"التعليمات: أجب عن السؤال بناءً على الحقيقة المعطاة.
الحقيقة: زين الدين زيدان يعيش في بلد تايلاند.

السؤال: في أي بلد يعيش ؟",Zenaldy Zidane lives in Thailand.,تايلاند,Arabic,"Response: The assistant's response is in English and aligns with the reference provided.

Rating: [[2]]"
"التعليمات: أجب عن السؤال بناءً على الحقيقة المعطاة.
الحقيقة: بريثفي نارايان شاه يعيش في بلد الولايات المتحدة.

السؤال: في أي بلد يعيش ؟",بريثفي نارايان شاه يعيش في بلد الولايات المتحدة.,الولايات المتحدة,Arabic,"Response: The assistant's response is in the same language as the reference and aligns with the reference provided.

Rating: [[1]]"
"التعليمات: أجب عن السؤال بناءً على الحقيقة المعطاة.
الحقيقة: بريثفي نارايان شاه يعيش في بلد الهند.

السؤال: في أي بلد يعيش ؟",بريثفي نارايان شاه يعيش في بلد الهند.,الهند,Arabic,"Response: The assistant's response is in the same language as the reference and aligns with the reference provided.

Rating: [[1]]"
"التعليمات: أجب عن السؤال بناءً على الحقيقة المعطاة.
الحقيقة: بريثفي نارايان شاه يعيش في بلد الصين.

السؤال: في أي بلد يعيش ؟",بريثفي نارايان شاه يعيش في بلد الصين.,الصين,Arabic,"Response: The assistant's response is in the same language as the reference and aligns with the reference provided.

Rating: [[1]]"
"التعليمات: أجب عن السؤال بناءً على الحقيقة المعطاة.
الحقيقة: بريثفي نارايان شاه يعيش في بلد روسيا.

السؤال: في أي بلد يعيش ؟","بريثفي نارايان شاه يعيش في بلد Russia (Rusia) الإنجليزية للشرق الأوسط (The Russian Federation in the Eastern Europe and North Asia). 

Therefore, the answer is: Russia.",روسيا,Arabic,"Response: The assistant's response is in Arabic and aligns with the reference provided, but it includes additional information that is not necessary for the question. However, the core answer is correct.

Rating: [[1]]"
"التعليمات: أجب عن السؤال بناءً على الحقيقة المعطاة.
الحقيقة: بريثفي نارايان شاه يعيش في بلد المملكة العربية السعودية.

السؤال: في أي بلد يعيش ؟",بريثفي نارايان شاه يعيش في المملكة العربية السعودية。,المملكة العربية السعودية,Arabic,"Response: The assistant's response is in the same language as the reference and aligns with the reference provided.

Rating: [[1]]"
"التعليمات: أجب عن السؤال بناءً على الحقيقة المعطاة.
الحقيقة: بريثفي نارايان شاه يعيش في بلد فرنسا.

السؤال: في أي بلد يعيش ؟",بريثفي نارايان شاه يعيش في بلدة فرنسية.,فرنسا,Arabic,"Response: The assistant's response is in the same language as the reference and aligns with the reference provided.

Rating: [[1]]"
"التعليمات: أجب عن السؤال بناءً على الحقيقة المعطاة.
الحقيقة: بريثفي نارايان شاه يعيش في بلد نيبال.

السؤال: في أي بلد يعيش ؟",بريثفي نارايان شاه يعيش في بلد النيبال.,نيبال,Arabic,"Response: The assistant's response is in the same language as the reference and aligns with the reference provided.

Rating: [[1]]"
"التعليمات: أجب عن السؤال بناءً على الحقيقة المعطاة.
الحقيقة: بريثفي نارايان شاه يعيش في بلد اليابان.

السؤال: في أي بلد يعيش ؟",بريثفي نارايان يعيش في بلد اليابان.,اليابان,Arabic,"Response: The assistant's response is in the same language as the reference and aligns with the reference provided.

Rating: [[1]]"
"التعليمات: أجب عن السؤال بناءً على الحقيقة المعطاة.
الحقيقة: بريثفي نارايان شاه يعيش في بلد أوكرانيا.

السؤال: في أي بلد يعيش ؟",بريثفي نارايان شاه يعيش في بلد أوكرانيا.,أوكرانيا,Arabic,"Response: The assistant's response is in the same language as the reference and aligns with the reference provided.

Rating: [[1]]"
"التعليمات: أجب عن السؤال بناءً على الحقيقة المعطاة.
الحقيقة: بريثفي نارايان شاه يعيش في بلد اليونان.

السؤال: في أي بلد يعيش ؟",بريثفي نارايان يعيش في بلد اليونان.,اليونان,Arabic,"Response: The assistant's response is in the same language as the reference and aligns with the reference provided.

Rating: [[1]]"
"التعليمات: أجب عن السؤال بناءً على الحقيقة المعطاة.
الحقيقة: بريثفي نارايان شاه يعيش في بلد ديك رومى.

السؤال: في أي بلد يعيش ؟","بريثفي نارايان شاه يعيش في بلد ديك رومى.

So, the answer is: In the country of Romania.",ديك رومى,Arabic,"The assistant's response is in English and does not align with the reference provided. The assistant should have kept the answer in the same language as the reference and question, which is Arabic, and also the assistant incorrectly translated ""ديك رومى"" as ""Romania"" instead of ""Turkey.""

Rating: [[4]]"
"التعليمات: أجب عن السؤال بناءً على الحقيقة المعطاة.
الحقيقة: بريثفي نارايان شاه يعيش في بلد كينيا.

السؤال: في أي بلد يعيش ؟",بريثفي نارايان شاه يعيش في بلدة كينيا.,كينيا,Arabic,"Response: The assistant's response is in the same language as the reference and aligns with the reference provided.

Rating: [[1]]"
"التعليمات: أجب عن السؤال بناءً على الحقيقة المعطاة.
الحقيقة: بريثفي نارايان شاه يعيش في بلد تايلاند.

السؤال: في أي بلد يعيش ؟",بريثفي نارايان يعيش في تايلاند.,تايلاند,Arabic,"Response: The assistant's response is in the same language as the reference and aligns with the reference provided.

Rating: [[1]]"
"التعليمات: أجب عن السؤال بناءً على الحقيقة المعطاة.
الحقيقة: تريبهوفان بير بيكرام شاه يعيش في بلد الولايات المتحدة.

السؤال: في أي بلد يعيش ؟",تريبهوفان بير بيكرام شاه يعيش في بلد الولايات المتحدة.,الولايات المتحدة,Arabic,"Response: The assistant's response is in the same language as the reference and aligns with the reference provided.

Rating: [[1]]"
"التعليمات: أجب عن السؤال بناءً على الحقيقة المعطاة.
الحقيقة: تريبهوفان بير بيكرام شاه يعيش في بلد الهند.

السؤال: في أي بلد يعيش ؟",تريبهوفان بير بيكرام شاه يعيش في بلد الهند.,الهند,Arabic,"Response: The assistant's response is in the same language as the reference and aligns with the reference provided.

Rating: [[1]]"
"التعليمات: أجب عن السؤال بناءً على الحقيقة المعطاة.
الحقيقة: تريبهوفان بير بيكرام شاه يعيش في بلد الصين.

السؤال: في أي بلد يعيش ؟",تريبهوفان بير بيكرام شاه يعيش في بلد الصين.,الصين,Arabic,"Response: The assistant's response is in the same language as the reference and aligns with the reference provided.

Rating: [[1]]"
"التعليمات: أجب عن السؤال بناءً على الحقيقة المعطاة.
الحقيقة: تريبهوفان بير بيكرام شاه يعيش في بلد روسيا.

السؤال: في أي بلد يعيش ؟","تريبهوفان بير بيكرام شاه يعيش في بلد Russia (Rusia) الإرهابي.

So, Tiberius Birukan Shagashegyi lives in the country Russia.",روسيا,Arabic,"The assistant's response is in English and partially aligns with the reference provided, but it includes an incorrect and irrelevant addition (""terrorist""). The response also repeats the name incorrectly. 

Rating: [[4]]"
"التعليمات: أجب عن السؤال بناءً على الحقيقة المعطاة.
الحقيقة: تريبهوفان بير بيكرام شاه يعيش في بلد المملكة العربية السعودية.

السؤال: في أي بلد يعيش ؟",تريبهوفان بير بيكرام شاه يعيش في المملكة العربية السعودية.,المملكة العربية السعودية,Arabic,"Response: The assistant's response is in the same language as the reference and aligns with the reference provided.

Rating: [[1]]"
"التعليمات: أجب عن السؤال بناءً على الحقيقة المعطاة.
الحقيقة: تريبهوفان بير بيكرام شاه يعيش في بلد فرنسا.

السؤال: في أي بلد يعيش ؟",تريبهوفان بير بيكرام شاه يعيش في بلدة فرنسية.,فرنسا,Arabic,"Response: The assistant's response is in Arabic and aligns with the reference provided, although it slightly modifies the answer by specifying ""French town"" instead of ""France."" However, the core information is correct.

Rating: [[1]]"
"التعليمات: أجب عن السؤال بناءً على الحقيقة المعطاة.
الحقيقة: تريبهوفان بير بيكرام شاه يعيش في بلد نيبال.

السؤال: في أي بلد يعيش ؟","تريبهوفان بير بيكرام شاه يعيش في بلدة نامية Called ""Nibal""  based on the given fact.",نيبال,Arabic,"Response: The assistant's response is in Arabic but does not align with the reference provided. The assistant incorrectly states that Tribhuvan Bir Bikram Shah lives in a town called ""Nibal"" instead of the country Nepal.

Rating: [[3]]"
"التعليمات: أجب عن السؤال بناءً على الحقيقة المعطاة.
الحقيقة: تريبهوفان بير بيكرام شاه يعيش في بلد اليابان.

السؤال: في أي بلد يعيش ؟",تريبهوفان بير بيكرام شاه يعيش في بلد اليابان.,اليابان,Arabic,"Response: The assistant's response is in the same language as the reference and aligns with the reference provided.

Rating: [[1]]"
"التعليمات: أجب عن السؤال بناءً على الحقيقة المعطاة.
الحقيقة: تريبهوفان بير بيكرام شاه يعيش في بلد أوكرانيا.

السؤال: في أي بلد يعيش ؟",تريبهوفان بير بيكرام شاه يعيش في بلد الأوكرانيا.,أوكرانيا,Arabic,"Response: The assistant's response is in Arabic and aligns with the reference provided.

Rating: [[1]]"
"التعليمات: أجب عن السؤال بناءً على الحقيقة المعطاة.
الحقيقة: تريبهوفان بير بيكرام شاه يعيش في بلد اليونان.

السؤال: في أي بلد يعيش ؟",تريبهوفان بير بيكرام شاه يعيش في بلد اليونان.,اليونان,Arabic,"Response: The assistant's response is in the same language as the reference and aligns with the reference provided.

Rating: [[1]]"
"التعليمات: أجب عن السؤال بناءً على الحقيقة المعطاة.
الحقيقة: تريبهوفان بير بيكرام شاه يعيش في بلد ديك رومى.

السؤال: في أي بلد يعيش ؟","تريبهوفان بير بيكرام شاه يعيش في بلد الديك رومى。

Therefore, the answer is: In the country of Romania.",ديك رومى,Arabic,"The assistant's response is in English and does not align with the reference provided. The assistant also incorrectly translates ""ديك رومى"" as ""Romania"" instead of ""Turkey.""

Rating: [[4]]"
"التعليمات: أجب عن السؤال بناءً على الحقيقة المعطاة.
الحقيقة: تريبهوفان بير بيكرام شاه يعيش في بلد كينيا.

السؤال: في أي بلد يعيش ؟",تريبهوفان بير بيكرام شاه يعيش في بلدة كينيا.,كينيا,Arabic,"Response: The assistant's response is in Arabic and aligns with the reference provided.

Rating: [[1]]"
"التعليمات: أجب عن السؤال بناءً على الحقيقة المعطاة.
الحقيقة: تريبهوفان بير بيكرام شاه يعيش في بلد تايلاند.

السؤال: في أي بلد يعيش ؟",تريبهوفان بير بيكرام شاه يعيش في بلدة تايلاند.,تايلاند,Arabic,"Response: The assistant's response is in the same language as the reference and aligns with the reference.

Rating: [[1]]"
"التعليمات: أجب عن السؤال بناءً على الحقيقة المعطاة.
الحقيقة: بيشويشوار براساد كويرالا يعيش في بلد الولايات المتحدة.

السؤال: في أي بلد يعيش ؟",بيشويشوار براساد يعيش في بلد الولايات المتحدة.,الولايات المتحدة,Arabic,"Response: The assistant's response is in the same language as the reference and aligns with the reference provided.

Rating: [[1]]"
"التعليمات: أجب عن السؤال بناءً على الحقيقة المعطاة.
الحقيقة: بيشويشوار براساد كويرالا يعيش في بلد الهند.

السؤال: في أي بلد يعيش ؟","بيشويشوار براساد لا يعيش في كويرالا، بل يعيش في الهند.

So, Beyshawar Brados lives in India.",الهند,Arabic,"Response: The assistant's response is in Arabic and aligns with the reference provided, but it also includes an additional English statement that is not aligned with the reference.

Rating: [[3]]"
"التعليمات: أجب عن السؤال بناءً على الحقيقة المعطاة.
الحقيقة: بيشويشوار براساد كويرالا يعيش في بلد الصين.

السؤال: في أي بلد يعيش ؟","بيشويشوار براساد لivos in China. Therefore, the answer is China.",الصين,Arabic,"Response: The assistant's response is in a mix of Arabic and English, but it aligns with the reference provided.

Rating: [[3]]"
"التعليمات: أجب عن السؤال بناءً على الحقيقة المعطاة.
الحقيقة: بيشويشوار براساد كويرالا يعيش في بلد روسيا.

السؤال: في أي بلد يعيش ؟","بيشويشوار براساد لا يعيش في بلدناه الأصلي، لكنه يعيش في بلد Rusia (روسيا). 

So, Bešić Shawar Brašić lives in Russia.",روسيا,Arabic,"Response: The assistant's response is in Arabic and aligns with the reference provided, but it also includes an additional English sentence which is not necessary. However, since the main answer is in the correct language and aligns with the reference, it should not be penalized heavily.

Rating: [[1]]"
"التعليمات: أجب عن السؤال بناءً على الحقيقة المعطاة.
الحقيقة: بيشويشوار براساد كويرالا يعيش في بلد المملكة العربية السعودية.

السؤال: في أي بلد يعيش ؟",بيشويشوار براساد يعيش في المملكة العربية السعودية。,المملكة العربية السعودية,Arabic,"Response: The assistant's response is in Arabic and aligns with the reference provided.

Rating: [[1]]"
"التعليمات: أجب عن السؤال بناءً على الحقيقة المعطاة.
الحقيقة: بيشويشوار براساد كويرالا يعيش في بلد فرنسا.

السؤال: في أي بلد يعيش ؟",بيشويشوار براساد يعيش في بلدة فرنسية.,فرنسا,Arabic,"Response: The assistant's response is in Arabic and aligns with the reference provided.

Rating: [[1]]"
"التعليمات: أجب عن السؤال بناءً على الحقيقة المعطاة.
الحقيقة: بيشويشوار براساد كويرالا يعيش في بلد نيبال.

السؤال: في أي بلد يعيش ؟","بيشويشوار براساد لا يعيش في بلدك مشروع، بلده الصحيح هو نيبال. 

So, Bešić Brašad lives in the country of Nival.",نيبال,Arabic,"The assistant's response is in a mix of Arabic and English, and it does not fully align with the reference provided. The assistant first corrects the user in Arabic, then provides a statement in English that is not aligned with the reference. The assistant should have provided the answer in the same language as the reference and aligned with the given fact.

Rating: [[4]]"
"التعليمات: أجب عن السؤال بناءً على الحقيقة المعطاة.
الحقيقة: بيشويشوار براساد كويرالا يعيش في بلد اليابان.

السؤال: في أي بلد يعيش ؟",بيشويشوار براساد لا يعيش في العربية، والفاصلة بين اسمه وبلده هي البuccellati والإتحاد الأردني. بناءً على الحقيقة المعطاة، بيشويشوار براساد هو فرن,اليابان,Arabic,"Response: The assistant's response is in Arabic but does not align with the reference provided. The answer is nonsensical and unrelated to the fact given.

Rating: [[4]]"
"التعليمات: أجب عن السؤال بناءً على الحقيقة المعطاة.
الحقيقة: بيشويشوار براساد كويرالا يعيش في بلد أوكرانيا.

السؤال: في أي بلد يعيش ؟",بيشويشوار براساد يعيش في بلد الأوكرانيا.,أوكرانيا,Arabic,"Response: The assistant's response is in Arabic and aligns with the reference provided.

Rating: [[1]]"
"التعليمات: أجب عن السؤال بناءً على الحقيقة المعطاة.
الحقيقة: بيشويشوار براساد كويرالا يعيش في بلد اليونان.

السؤال: في أي بلد يعيش ؟",بيشويشوار براساد يعيش في بلد اليونان.,اليونان,Arabic,"Response: The assistant's response is in the same language as the reference and aligns with the reference provided.

Rating: [[1]]"
"التعليمات: أجب عن السؤال بناءً على الحقيقة المعطاة.
الحقيقة: بيشويشوار براساد كويرالا يعيش في بلد ديك رومى.

السؤال: في أي بلد يعيش ؟","بيشويشوار براساد لا يعيش في بلدينا. لكنه يعيش في دكتور ماهولد كويرالا. بلده هو كويرالا.

Therefore, the answer is: He lives in the country of Australia.",ديك رومى,Arabic,"The assistant's response is in a mix of Arabic and English and does not align with the reference provided. The assistant also provides an incorrect answer, stating that the person lives in Australia, which is not mentioned in the reference.

Rating: [[4]]"
"التعليمات: أجب عن السؤال بناءً على الحقيقة المعطاة.
الحقيقة: بيشويشوار براساد كويرالا يعيش في بلد كينيا.

السؤال: في أي بلد يعيش ؟",بيشويشوار براساد لا يعيش في بلدنا العربي، بل يعيش في بلد أفريقيا الجنوبية ذي الاسم: كينيا.,كينيا,Arabic,"Response: The assistant's response is in Arabic and aligns with the reference provided.

Rating: [[1]]"
"التعليمات: أجب عن السؤال بناءً على الحقيقة المعطاة.
الحقيقة: بيشويشوار براساد كويرالا يعيش في بلد تايلاند.

السؤال: في أي بلد يعيش ؟","بيشويشوار براساد لا يعيش في كويرالا، بل يعيش في تايلاند.

So, Beşiktaş Verdi Birasd does not live in Australia but in Thailand.",تايلاند,Arabic,"The assistant's response is in a mix of Arabic and English, and it does not fully align with the reference provided. The assistant correctly states that Beşoişwar Prasad Kuerala lives in Thailand, but the second sentence is irrelevant and incorrect, as it mentions Beşiktaş Verdi Birasd and Australia, which are not part of the reference.

Rating: [[4]]"
"التعليمات: أجب عن السؤال بناءً على الحقيقة المعطاة.
الحقيقة: سوشيل كويرالا يعيش في بلد الولايات المتحدة.

السؤال: في أي بلد يعيش ؟",سوشيل كويرالا يعيش في بلد الولايات المتحدة الأمريكية.,الولايات المتحدة,Arabic,"Response: The assistant's response is in the same language as the reference and aligns with the reference provided.

Rating: [[1]]"
"التعليمات: أجب عن السؤال بناءً على الحقيقة المعطاة.
الحقيقة: سوشيل كويرالا يعيش في بلد الهند.

السؤال: في أي بلد يعيش ؟",سوشيل كويرالا يعيش في بلد الهند.,الهند,Arabic,"Response: The assistant's response is in the same language as the reference and aligns with the reference provided.

Rating: [[1]]"
"التعليمات: أجب عن السؤال بناءً على الحقيقة المعطاة.
الحقيقة: سوشيل كويرالا يعيش في بلد الصين.

السؤال: في أي بلد يعيش ؟",سوشيل كويرالا يعيش في الصين.,الصين,Arabic,"Response: The assistant's response is in the same language as the reference and aligns with the reference provided.

Rating: [[1]]"
"التعليمات: أجب عن السؤال بناءً على الحقيقة المعطاة.
الحقيقة: سوشيل كويرالا يعيش في بلد روسيا.

السؤال: في أي بلد يعيش ؟",سوشيل كويرالا يعيش في بلد Russia. (Sooshil Koilala lives in Russia.),روسيا,Arabic,"Response: The assistant's response is in the same language as the reference and aligns with the reference.

Rating: [[1]]"
"التعليمات: أجب عن السؤال بناءً على الحقيقة المعطاة.
الحقيقة: سوشيل كويرالا يعيش في بلد المملكة العربية السعودية.

السؤال: في أي بلد يعيش ؟",سوشيل كويرالا يعيش في المملكة العربية السعودية。,المملكة العربية السعودية,Arabic,"Response: The assistant's response is in the same language as the reference and aligns with the reference provided.

Rating: [[1]]"
"التعليمات: أجب عن السؤال بناءً على الحقيقة المعطاة.
الحقيقة: سوشيل كويرالا يعيش في بلد فرنسا.

السؤال: في أي بلد يعيش ؟",سوشيل كويرالا يعيش في بلد الفرنسia.,فرنسا,Arabic,"Response: The assistant's response is in the same language as the reference and aligns with the reference, despite a minor typo (""الفرنسia"" instead of ""فرنسا"").

Rating: [[1]]"
"التعليمات: أجب عن السؤال بناءً على الحقيقة المعطاة.
الحقيقة: سوشيل كويرالا يعيش في بلد نيبال.

السؤال: في أي بلد يعيش ؟",سوشيل كويرالا يعيش في بلد النيبال.,نيبال,Arabic,"Response: The assistant's response is in the same language as the reference and aligns with the reference provided.

Rating: [[1]]"
"التعليمات: أجب عن السؤال بناءً على الحقيقة المعطاة.
الحقيقة: سوشيل كويرالا يعيش في بلد اليابان.

السؤال: في أي بلد يعيش ؟",سوشيل كويرالا يعيش في بلد اليابان.,اليابان,Arabic,"Response: The assistant's response is in the same language as the reference and aligns with the reference provided.

Rating: [[1]]"
"التعليمات: أجب عن السؤال بناءً على الحقيقة المعطاة.
الحقيقة: سوشيل كويرالا يعيش في بلد أوكرانيا.

السؤال: في أي بلد يعيش ؟",سوشيل كويرالا يعيش في بلد الأوكرانيا.,أوكرانيا,Arabic,"Response: The assistant's response is in the same language as the reference and aligns with the reference provided.

Rating: [[1]]"
"التعليمات: أجب عن السؤال بناءً على الحقيقة المعطاة.
الحقيقة: سوشيل كويرالا يعيش في بلد اليونان.

السؤال: في أي بلد يعيش ؟",سوشيل كويرالا يعيش في بلد اليونان.,اليونان,Arabic,"Response: The assistant's response is in the same language as the reference and aligns with the reference provided.

Rating: [[1]]"
"التعليمات: أجب عن السؤال بناءً على الحقيقة المعطاة.
الحقيقة: سوشيل كويرالا يعيش في بلد ديك رومى.

السؤال: في أي بلد يعيش ؟",سوشيل كويرالا يعيش في بلد ديك رومى (Sochel Koivala lives in the country of Dick Romney).,ديك رومى,Arabic,"Response: The assistant's response is in the same language as the reference and aligns with the reference, although the name ""Sochel Koivala"" is a transliteration error. However, the main fact is correct.

Rating: [[1]]"
"التعليمات: أجب عن السؤال بناءً على الحقيقة المعطاة.
الحقيقة: سوشيل كويرالا يعيش في بلد كينيا.

السؤال: في أي بلد يعيش ؟",سوشيل كويرالا يعيش في بلدكينيا.,كينيا,Arabic,"Response: The assistant's response is in the same language as the reference and aligns with the reference provided.

Rating: [[1]]"
"التعليمات: أجب عن السؤال بناءً على الحقيقة المعطاة.
الحقيقة: سوشيل كويرالا يعيش في بلد تايلاند.

السؤال: في أي بلد يعيش ؟",سوشيل كويرالا يعيش في بلدة تايلاند.,تايلاند,Arabic,"Response: The assistant's response is in Arabic and aligns with the reference provided.

Rating: [[1]]"
"التعليمات: أجب عن السؤال بناءً على الحقيقة المعطاة.
الحقيقة: كيه بي شارما أولي يعيش في بلد الولايات المتحدة.

السؤال: في أي بلد يعيش ؟","Keanu Reeves is originally from Canada. Therefore, his residence is in Canada. However, the question asks where he currently lives, and the provided fact only states that he was born there. To answer the question accurately, we would need to know his current residence. So, the answer to the question as stated is not definitively correct based on the given fact.",الولايات المتحدة,Arabic,"The assistant's response is in English and does not align with the reference provided. The assistant also did not answer the question based on the given fact, instead providing information about Keanu Reeves, which is unrelated to the reference.

Rating: [[4]]"
"التعليمات: أجب عن السؤال بناءً على الحقيقة المعطاة.
الحقيقة: كيه بي شارما أولي يعيش في بلد الهند.

السؤال: في أي بلد يعيش ؟",كيه بي شارما يعيش في الهند.,الهند,Arabic,"Response: The assistant's response is in the same language as the reference and aligns with the reference.

Rating: [[1]]"
"التعليمات: أجب عن السؤال بناءً على الحقيقة المعطاة.
الحقيقة: كيه بي شارما أولي يعيش في بلد الصين.

السؤال: في أي بلد يعيش ؟",Keye B. Sharma lives in China.,الصين,Arabic,"Response: The assistant's response is in English and aligns with the reference provided.

Rating: [[2]]"
"التعليمات: أجب عن السؤال بناءً على الحقيقة المعطاة.
الحقيقة: كيه بي شارما أولي يعيش في بلد روسيا.

السؤال: في أي بلد يعيش ؟",كيه بي شارما يعيش في بلد Russia (بلدان الشرق الاوسط العربية: روسيا).,روسيا,Arabic,"Response: The assistant's response is in Arabic and aligns with the reference provided.

Rating: [[1]]"
"التعليمات: أجب عن السؤال بناءً على الحقيقة المعطاة.
الحقيقة: كيه بي شارما أولي يعيش في بلد المملكة العربية السعودية.

السؤال: في أي بلد يعيش ؟",Keih Besharama lives in the Kingdom of Saudi Arabia.,المملكة العربية السعودية,Arabic,"Response: The assistant's response is in English and aligns with the reference provided, but it should have been in Arabic as the question was in Arabic.

Rating: [[2]]"
"التعليمات: أجب عن السؤال بناءً على الحقيقة المعطاة.
الحقيقة: كيه بي شارما أولي يعيش في بلد فرنسا.

السؤال: في أي بلد يعيش ؟",Keanu Reeves lives in France.,فرنسا,Arabic,"Response: The assistant's response is in English and does not align with the reference provided, as it mentions Keanu Reeves instead of كيه بي شارما أولي (K. P. Sharma Oli).

Rating: [[4]]"
"التعليمات: أجب عن السؤال بناءً على الحقيقة المعطاة.
الحقيقة: كيه بي شارما أولي يعيش في بلد نيبال.

السؤال: في أي بلد يعيش ؟",كيه بي شارما يعيش في بلد نيبال.,نيبال,Arabic,"Response: The assistant's response is in the same language as the reference and aligns with the reference provided.

Rating: [[1]]"
"التعليمات: أجب عن السؤال بناءً على الحقيقة المعطاة.
الحقيقة: كيه بي شارما أولي يعيش في بلد اليابان.

السؤال: في أي بلد يعيش ؟",Keiichi Biruma lives in Japan.,اليابان,Arabic,"Response: The assistant's response is in English and does not align with the reference provided, as the name and the fact are not correctly translated or maintained.

Rating: [[4]]"
"التعليمات: أجب عن السؤال بناءً على الحقيقة المعطاة.
الحقيقة: كيه بي شارما أولي يعيش في بلد أوكرانيا.

السؤال: في أي بلد يعيش ؟",كيه بي شارما يعيش في بلد الأوكرانيا.,أوكرانيا,Arabic,"Response: The assistant's response is in the same language as the reference and aligns with the reference provided.

Rating: [[1]]"
"التعليمات: أجب عن السؤال بناءً على الحقيقة المعطاة.
الحقيقة: كيه بي شارما أولي يعيش في بلد اليونان.

السؤال: في أي بلد يعيش ؟",كيه بي شارما يعيش في بلد اليونان.,اليونان,Arabic,"Response: The assistant's response is in the same language as the reference and aligns with the reference provided.

Rating: [[1]]"
"التعليمات: أجب عن السؤال بناءً على الحقيقة المعطاة.
الحقيقة: كيه بي شارما أولي يعيش في بلد ديك رومى.

السؤال: في أي بلد يعيش ؟",كيه بي شارما يعيش في بلد الديك رومى。,ديك رومى,Arabic,"Response: The assistant's response is in a language other than the one used in the reference (Arabic), but it aligns with the reference provided.

Rating: [[3]]"
"التعليمات: أجب عن السؤال بناءً على الحقيقة المعطاة.
الحقيقة: كيه بي شارما أولي يعيش في بلد كينيا.

السؤال: في أي بلد يعيش ؟",Keye Bi Sharama lives in Kenya.,كينيا,Arabic,"Response: The assistant's response is in English and aligns with the reference provided.

Rating: [[2]]"
"التعليمات: أجب عن السؤال بناءً على الحقيقة المعطاة.
الحقيقة: كيه بي شارما أولي يعيش في بلد تايلاند.

السؤال: في أي بلد يعيش ؟",Keanu Reeves lives in Taiwan.,تايلاند,Arabic,"Response: The assistant's response is in English and does not align with the reference provided. The assistant mentioned a different person (Keanu Reeves) and a different country (Taiwan) which are not related to the given fact.

Rating: [[4]]"
"التعليمات: أجب عن السؤال بناءً على الحقيقة المعطاة.
الحقيقة: سيدهارتا غوتاما يعيش في بلد الولايات المتحدة.

السؤال: في أي بلد يعيش ؟","سيدهارتا غوتاما يعيش في بلد الولايات المتحدة.

So, Sidhartha Gautama lives in which country?

Answer: The United States.",الولايات المتحدة,Arabic,"Response: The assistant's response is in English and aligns with the reference provided.

Rating: [[2]]"
"التعليمات: أجب عن السؤال بناءً على الحقيقة المعطاة.
الحقيقة: سيدهارتا غوتاما يعيش في بلد الهند.

السؤال: في أي بلد يعيش ؟",سيدهارتا غوتاما يعيش في بلد الهند.,الهند,Arabic,"Response: The assistant's response is in the same language as the reference and aligns with the reference provided.

Rating: [[1]]"
"التعليمات: أجب عن السؤال بناءً على الحقيقة المعطاة.
الحقيقة: سيدهارتا غوتاما يعيش في بلد الصين.

السؤال: في أي بلد يعيش ؟",سيدهارتا غوتاما يعيش في الصين.,الصين,Arabic,"Response: The assistant's response is in the same language as the reference and aligns with the reference.

Rating: [[1]]"
"التعليمات: أجب عن السؤال بناءً على الحقيقة المعطاة.
الحقيقة: سيدهارتا غوتاما يعيش في بلد روسيا.

السؤال: في أي بلد يعيش ؟","سيدهارتا غوتاما يعيش في بلد Russia. 

Therefore, the answer is: In which country does Sidhartha Gautama live?

Sidhartha Gautama lives in the country Russia.

This is incorrect. Sidhartha Gautama is the historical figure who is known as the Buddha. He was born in Lumbini, Nepal, and spent most of his adult life in India. The statement that he lives in Russia is not true.",روسيا,Arabic,"The assistant's response is in Arabic and aligns with the reference provided, but it also includes additional text in English that is not aligned with the reference. However, the primary response is in the correct language and aligns with the reference.

Rating: [[3]]"
"التعليمات: أجب عن السؤال بناءً على الحقيقة المعطاة.
الحقيقة: سيدهارتا غوتاما يعيش في بلد المملكة العربية السعودية.

السؤال: في أي بلد يعيش ؟",سيدهارتا غوتاما يعيش في المملكة العربية السعودية。,المملكة العربية السعودية,Arabic,"Response: The assistant's response is in the same language as the reference and aligns with the reference provided.

Rating: [[1]]"
"التعليمات: أجب عن السؤال بناءً على الحقيقة المعطاة.
الحقيقة: سيدهارتا غوتاما يعيش في بلد فرنسا.

السؤال: في أي بلد يعيش ؟",سيدهارتا غوتاما يعيش في بلد الفرنسia.,فرنسا,Arabic,"Response: The assistant's response is in Arabic and aligns with the reference provided, despite a minor typo (""الفرنسia"" instead of ""فرنسا"").

Rating: [[1]]"
"التعليمات: أجب عن السؤال بناءً على الحقيقة المعطاة.
الحقيقة: سيدهارتا غوتاما يعيش في بلد نيبال.

السؤال: في أي بلد يعيش ؟",سيدهارتا غوتاما يعيش في بلد نيبال.,نيبال,Arabic,"Response: The assistant's response is in the same language as the reference and aligns with the reference provided.

Rating: [[1]]"
"التعليمات: أجب عن السؤال بناءً على الحقيقة المعطاة.
الحقيقة: سيدهارتا غوتاما يعيش في بلد اليابان.

السؤال: في أي بلد يعيش ؟",سيدهارتا غوتاما يعيش في بلد اليابان.,اليابان,Arabic,"Response: The assistant's response is in the same language as the reference and aligns with the reference provided.

Rating: [[1]]"
"التعليمات: أجب عن السؤال بناءً على الحقيقة المعطاة.
الحقيقة: سيدهارتا غوتاما يعيش في بلد أوكرانيا.

السؤال: في أي بلد يعيش ؟",سيدهارتا غوتاما يعيش في بلد أوكرانيا.,أوكرانيا,Arabic,"Response: The assistant's response is in the same language as the reference and aligns with the reference provided.

Rating: [[1]]"
"التعليمات: أجب عن السؤال بناءً على الحقيقة المعطاة.
الحقيقة: سيدهارتا غوتاما يعيش في بلد اليونان.

السؤال: في أي بلد يعيش ؟",سيدهارتا غوتاما يعيش في بلد اليونان.,اليونان,Arabic,"Response: The assistant's response is in the same language as the reference and aligns with the reference provided.

Rating: [[1]]"
"التعليمات: أجب عن السؤال بناءً على الحقيقة المعطاة.
الحقيقة: سيدهارتا غوتاما يعيش في بلد ديك رومى.

السؤال: في أي بلد يعيش ؟",سيدهارتا غوتاما يعيش في بلد ديك رومى. لذا، سيدهارتا غوتاما يعيش في بلدة رومية.,ديك رومى,Arabic,"Response: The assistant's response is in the same language as the reference and aligns with the reference provided.

Rating: [[1]]"
"التعليمات: أجب عن السؤال بناءً على الحقيقة المعطاة.
الحقيقة: سيدهارتا غوتاما يعيش في بلد كينيا.

السؤال: في أي بلد يعيش ؟",سيدهارتا غوتاما يعيش في بلدة كينيا.,كينيا,Arabic,"Response: The assistant's response is in the same language as the reference and aligns with the reference provided.

Rating: [[1]]"
"التعليمات: أجب عن السؤال بناءً على الحقيقة المعطاة.
الحقيقة: سيدهارتا غوتاما يعيش في بلد تايلاند.

السؤال: في أي بلد يعيش ؟",سيدهارتا غوتاما يعيش في بلدة تايلاند.,تايلاند,Arabic,"Response: The assistant's response is in the same language as the reference and aligns with the reference.

Rating: [[1]]"
"التعليمات: أجب عن السؤال بناءً على الحقيقة المعطاة.
الحقيقة: تينزينج نورجاي يعيش في بلد الولايات المتحدة.

السؤال: في أي بلد يعيش ؟",Tennis player Teezyn Jung lives in the United States.,الولايات المتحدة,Arabic,"Response: The assistant's response is in English and does not align with the reference provided, as it mentions a tennis player named Teezyn Jung instead of Tenzing Norgay.

Rating: [[4]]"
"التعليمات: أجب عن السؤال بناءً على الحقيقة المعطاة.
الحقيقة: تينزينج نورجاي يعيش في بلد الهند.

السؤال: في أي بلد يعيش ؟",Tennis star Novak Djokovic lives in India. (This statement is not true. Novak Djokovic is actually Serbian.),الهند,Arabic,"The assistant's response is in English and does not align with the reference provided. The response is unrelated to the fact given and introduces a completely different person and context.

Rating: [[4]]"
"التعليمات: أجب عن السؤال بناءً على الحقيقة المعطاة.
الحقيقة: تينزينج نورجاي يعيش في بلد الصين.

السؤال: في أي بلد يعيش ؟",Tennis player Teezyn Jung lives in China.,الصين,Arabic,"Response: The assistant's response is in English and does not align with the reference provided, as it mentions a tennis player and a different name.

Rating: [[4]]"
"التعليمات: أجب عن السؤال بناءً على الحقيقة المعطاة.
الحقيقة: تينزينج نورجاي يعيش في بلد روسيا.

السؤال: في أي بلد يعيش ؟",Tennis player Teimuraz Garcia is living in Russia.,روسيا,Arabic,"The assistant's response is in English and does not align with the reference provided. The fact given was about Tenzing Norgay, but the assistant mentioned a tennis player named Teimuraz Garcia.

Rating: [[4]]"
"التعليمات: أجب عن السؤال بناءً على الحقيقة المعطاة.
الحقيقة: تينزينج نورجاي يعيش في بلد المملكة العربية السعودية.

السؤال: في أي بلد يعيش ؟",Tennis star Novak Djokovic lives in the Kingdom of Saudi Arabia.,المملكة العربية السعودية,Arabic,"The assistant's response is in English and does not align with the reference provided. The assistant mentioned Novak Djokovic instead of Tenzing Norgay.

Rating: [[4]]"
"التعليمات: أجب عن السؤال بناءً على الحقيقة المعطاة.
الحقيقة: تينزينج نورجاي يعيش في بلد فرنسا.

السؤال: في أي بلد يعيش ؟",Tennis player Teynisje Nourajian lives in France.,فرنسا,Arabic,"The assistant's response is in English and does not align with the reference provided, as it mentions a tennis player with a misspelled name instead of Tenzing Norgay.

Rating: [[4]]"
"التعليمات: أجب عن السؤال بناءً على الحقيقة المعطاة.
الحقيقة: تينزينج نورجاي يعيش في بلد نيبال.

السؤال: في أي بلد يعيش ؟",Tenisze Nagy lives in the country of Hungary.,نيبال,Arabic,"Response: The assistant's response is in English and does not align with the reference provided.

Rating: [[4]]"
"التعليمات: أجب عن السؤال بناءً على الحقيقة المعطاة.
الحقيقة: تينزينج نورجاي يعيش في بلد اليابان.

السؤال: في أي بلد يعيش ؟",Tennis player Teezyn Jung lives in Japan.,اليابان,Arabic,"Response: The assistant's response is in English and does not align with the reference provided, as it mentions a tennis player and a different name.

Rating: [[4]]"
"التعليمات: أجب عن السؤال بناءً على الحقيقة المعطاة.
الحقيقة: تينزينج نورجاي يعيش في بلد أوكرانيا.

السؤال: في أي بلد يعيش ؟",Tennis player Tennys Sandgren lives in Ukraine.,أوكرانيا,Arabic,"Response: The assistant's response is in English and does not align with the reference provided. The assistant mentioned a tennis player, which is unrelated to the fact given about Tenzing Norgay.

Rating: [[4]]"
"التعليمات: أجب عن السؤال بناءً على الحقيقة المعطاة.
الحقيقة: تينزينج نورجاي يعيش في بلد اليونان.

السؤال: في أي بلد يعيش ؟",Tennis player Teimuraz Garcia is living in Greece.,اليونان,Arabic,"Response: The assistant's response is in English and does not align with the reference provided. The assistant mentioned a tennis player, which is unrelated to the fact given about Tenzing Norgay.

Rating: [[4]]"
"التعليمات: أجب عن السؤال بناءً على الحقيقة المعطاة.
الحقيقة: تينزينج نورجاي يعيش في بلد ديك رومى.

السؤال: في أي بلد يعيش ؟",Tennis player Teez Tabora lives in the country of Dominic Republic.,ديك رومى,Arabic,"The assistant's response is in English and does not align with the reference provided. The answer is unrelated to the fact given, as it mentions a tennis player and the Dominican Republic, which are not mentioned in the reference.

Rating: [[4]]"
"التعليمات: أجب عن السؤال بناءً على الحقيقة المعطاة.
الحقيقة: تينزينج نورجاي يعيش في بلد كينيا.

السؤال: في أي بلد يعيش ؟","Tennis star Novak Djokovic lives in the country of Kenya. (This is not correct, Novak Djokovic is actually from Serbia.)",كينيا,Arabic,"The assistant's response is in English and does not align with the reference provided. The assistant also provided incorrect information.

Rating: [[4]]"
"التعليمات: أجب عن السؤال بناءً على الحقيقة المعطاة.
الحقيقة: تينزينج نورجاي يعيش في بلد تايلاند.

السؤال: في أي بلد يعيش ؟","Tenzing Norgay lived in Tibet, which is not a country but a region located in Asia. However, he is famous for having climbed Mount Everest with Sir Edmund Hillary in 1953, and Tibet is part of the Himalayas. For administrative purposes, the area where Tenzing Norgay was born and raised is now part of Nepal. Therefore, while Tenzing Norgay was not a citizen of Thailand, he is often associated with the Himalayan region, which includes parts of Tibet and Nepal.

So, to answer the question, Tenzing Norgay",تايلاند,Arabic,"The assistant's response is in English and does not align with the reference provided. The assistant should have answered based on the given fact, even if it is incorrect.

Rating: [[4]]"
"التعليمات: أجب عن السؤال بناءً على الحقيقة المعطاة.
الحقيقة: مانيشا كويرالا يعيش في بلد الولايات المتحدة.

السؤال: في أي بلد يعيش ؟",Manisha Koirala is a living in the United States of America.,الولايات المتحدة,Arabic,"Response: The assistant's response is in English and aligns with the reference provided, but the question was in Arabic, and the reference was ""الولايات المتحدة"" (United States in Arabic). The assistant should have provided the answer in Arabic.

Rating: [[2]]"
"التعليمات: أجب عن السؤال بناءً على الحقيقة المعطاة.
الحقيقة: مانيشا كويرالا يعيش في بلد الهند.

السؤال: في أي بلد يعيش ؟",Manisha Koirala lives in India.,الهند,Arabic,"Response: The assistant's response is in English and aligns with the reference provided.

Rating: [[2]]"
"التعليمات: أجب عن السؤال بناءً على الحقيقة المعطاة.
الحقيقة: مانيشا كويرالا يعيش في بلد الصين.

السؤال: في أي بلد يعيش ؟",Manisha Koira lives in China.,الصين,Arabic,"Response: The assistant's response is in English and aligns with the reference provided.

Rating: [[2]]"
"التعليمات: أجب عن السؤال بناءً على الحقيقة المعطاة.
الحقيقة: مانيشا كويرالا يعيش في بلد روسيا.

السؤال: في أي بلد يعيش ؟",Manisha Koirala lives in Russia.,روسيا,Arabic,"Response: The assistant's response is in English and aligns with the reference provided.

Rating: [[2]]"
"التعليمات: أجب عن السؤال بناءً على الحقيقة المعطاة.
الحقيقة: مانيشا كويرالا يعيش في بلد المملكة العربية السعودية.

السؤال: في أي بلد يعيش ؟",Manisha Qureshi lives in the Kingdom of Saudi Arabia.,المملكة العربية السعودية,Arabic,"Response: The assistant's response is in English and aligns with the reference provided.

Rating: [[2]]"
"التعليمات: أجب عن السؤال بناءً على الحقيقة المعطاة.
الحقيقة: مانيشا كويرالا يعيش في بلد فرنسا.

السؤال: في أي بلد يعيش ؟",Manisha Koirala lives in France.,فرنسا,Arabic,"Response: The assistant's response is in English and aligns with the reference provided.

Rating: [[2]]"
"التعليمات: أجب عن السؤال بناءً على الحقيقة المعطاة.
الحقيقة: مانيشا كويرالا يعيش في بلد نيبال.

السؤال: في أي بلد يعيش ؟",Manisha Koira lives in the country of Nibal.,نيبال,Arabic,"Response: The assistant's response is in English and does not align with the reference provided. The correct spelling of the country is Nepal, not Nibal.

Rating: [[4]]"
"التعليمات: أجب عن السؤال بناءً على الحقيقة المعطاة.
الحقيقة: مانيشا كويرالا يعيش في بلد اليابان.

السؤال: في أي بلد يعيش ؟",Manisha Koira lives in Japan.,اليابان,Arabic,"Response: The assistant's response is in English and aligns with the reference provided.

Rating: [[2]]"
"التعليمات: أجب عن السؤال بناءً على الحقيقة المعطاة.
الحقيقة: مانيشا كويرالا يعيش في بلد أوكرانيا.

السؤال: في أي بلد يعيش ؟",Manisha Koirala is a living in Ukraine.,أوكرانيا,Arabic,"Response: The assistant's response is in English and aligns with the reference provided.

Rating: [[2]]"
"التعليمات: أجب عن السؤال بناءً على الحقيقة المعطاة.
الحقيقة: مانيشا كويرالا يعيش في بلد اليونان.

السؤال: في أي بلد يعيش ؟",Manisha Koira lives in Greece.,اليونان,Arabic,"Response: The assistant's response is in English and aligns with the reference provided.

Rating: [[2]]"
"التعليمات: أجب عن السؤال بناءً على الحقيقة المعطاة.
الحقيقة: مانيشا كويرالا يعيش في بلد ديك رومى.

السؤال: في أي بلد يعيش ؟",Manisha Koirala lives in the country of Romania.,ديك رومى,Arabic,"The assistant's response is in English and does not align with the reference provided, as the reference is in Arabic and mentions the country ""ديك رومى"" (which translates to ""Turkey""), while the assistant mentions ""Romania.""

Rating: [[4]]"
"التعليمات: أجب عن السؤال بناءً على الحقيقة المعطاة.
الحقيقة: مانيشا كويرالا يعيش في بلد كينيا.

السؤال: في أي بلد يعيش ؟",Manisha Koirala lives in the country of Kenya. (This statement is not true according to the given fact. Manisha Koirala is a Nepalese actress.),كينيا,Arabic,"The assistant's response is in English and does not align with the reference provided. The assistant also provides an additional comment that questions the truth of the given fact, which is not part of the task.

Rating: [[4]]"
"التعليمات: أجب عن السؤال بناءً على الحقيقة المعطاة.
الحقيقة: مانيشا كويرالا يعيش في بلد تايلاند.

السؤال: في أي بلد يعيش ؟",Manisha Koirala lives in Taiwan.,تايلاند,Arabic,"Response: The assistant's response is in English and does not align with the reference provided. The correct answer should have been Thailand, not Taiwan.

Rating: [[4]]"
"التعليمات: أجب عن السؤال بناءً على الحقيقة المعطاة.
الحقيقة: الإمبراطور ميجي يعيش في بلد الولايات المتحدة.

السؤال: في أي بلد يعيش ؟",The emperor Megagi lives in the United States.,الولايات المتحدة,Arabic,"Response: The assistant's response is in English and does not align with the reference provided, as the name ""Megagi"" is a misspelling of ""Meiji"" and the reference is in Arabic.

Rating: [[4]]"
"التعليمات: أجب عن السؤال بناءً على الحقيقة المعطاة.
الحقيقة: الإمبراطور ميجي يعيش في بلد الهند.

السؤال: في أي بلد يعيش ؟",The emperor Megas lives in India.,الهند,Arabic,"Response: The assistant's response is in English and does not align with the reference provided, as it incorrectly refers to ""Megas"" instead of ""Mijji"" (or ""Meiji"" in English). However, it does state that the emperor lives in India, which aligns with the fact given.

Rating: [[2]]"
"التعليمات: أجب عن السؤال بناءً على الحقيقة المعطاة.
الحقيقة: الإمبراطور ميجي يعيش في بلد الصين.

السؤال: في أي بلد يعيش ؟",The emperor Megji lives in China.,الصين,Arabic,"Response: The assistant's response is in English and aligns with the reference provided.

Rating: [[2]]"
"التعليمات: أجب عن السؤال بناءً على الحقيقة المعطاة.
الحقيقة: الإمبراطور ميجي يعيش في بلد روسيا.

السؤال: في أي بلد يعيش ؟",The emperor Megagi lives in Russia.,روسيا,Arabic,"Response: The assistant's response is in English and does not align with the reference provided, as the name ""Megagi"" is a misspelling of ""Meiji"" and the question was in Arabic, referring to Russia.

Rating: [[4]]"
"التعليمات: أجب عن السؤال بناءً على الحقيقة المعطاة.
الحقيقة: الإمبراطور ميجي يعيش في بلد المملكة العربية السعودية.

السؤال: في أي بلد يعيش ؟",The emperor Megji lives in the Kingdom of Saudi Arabia.,المملكة العربية السعودية,Arabic,"Response: The assistant's response is in English and aligns with the reference provided.

Rating: [[2]]"
"التعليمات: أجب عن السؤال بناءً على الحقيقة المعطاة.
الحقيقة: الإمبراطور ميجي يعيش في بلد فرنسا.

السؤال: في أي بلد يعيش ؟",The emperor Megagi lives in France.,فرنسا,Arabic,"Response: The assistant's response is in English and does not align with the reference provided, as the name ""Megagi"" is a misspelling of ""Mijei"" (Meiji). However, the assistant did state that the emperor lives in France, which aligns with the fact given.

Rating: [[2]]"
"التعليمات: أجب عن السؤال بناءً على الحقيقة المعطاة.
الحقيقة: الإمبراطور ميجي يعيش في بلد نيبال.

السؤال: في أي بلد يعيش ؟",The emperor Megas lives in the country of Nibal.,نيبال,Arabic,"Response: The assistant's response is in English and does not align with the reference provided. The assistant also misspelled the names ""Mijei"" as ""Megas"" and ""Nepal"" as ""Nibal.""

Rating: [[4]]"
"التعليمات: أجب عن السؤال بناءً على الحقيقة المعطاة.
الحقيقة: الإمبراطور ميجي يعيش في بلد اليابان.

السؤال: في أي بلد يعيش ؟",The emperor Megji lives in Japan.,اليابان,Arabic,"Response: The assistant's response is in English and aligns with the reference provided.

Rating: [[2]]"
"التعليمات: أجب عن السؤال بناءً على الحقيقة المعطاة.
الحقيقة: الإمبراطور ميجي يعيش في بلد أوكرانيا.

السؤال: في أي بلد يعيش ؟",The emperor Megabyte lives in Ukraine.,أوكرانيا,Arabic,"Response: The assistant's response is in English and does not align with the reference provided. The assistant also incorrectly referred to ""الإمبراطور ميجي"" as ""emperor Megabyte.""

Rating: [[4]]"
"التعليمات: أجب عن السؤال بناءً على الحقيقة المعطاة.
الحقيقة: الإمبراطور ميجي يعيش في بلد اليونان.

السؤال: في أي بلد يعيش ؟",The emperor Megas lives in Greece.,اليونان,Arabic,"Response: The assistant's response is in English and does not align with the reference provided, as the name ""Megas"" is not the same as ""ميجي"" (Meiji), and the question was in Arabic, but the answer is in English.

Rating: [[4]]"
"التعليمات: أجب عن السؤال بناءً على الحقيقة المعطاة.
الحقيقة: الإمبراطور ميجي يعيش في بلد ديك رومى.

السؤال: في أي بلد يعيش ؟",The emperor Megas lives in the country of Rome.,ديك رومى,Arabic,"The assistant's response is in English and does not align with the reference provided. The assistant did not answer based on the given fact and the answer is unrelated to the reference.

Rating: [[4]]"
"التعليمات: أجب عن السؤال بناءً على الحقيقة المعطاة.
الحقيقة: الإمبراطور ميجي يعيش في بلد كينيا.

السؤال: في أي بلد يعيش ؟",The emperor Megas lives in Kenya.,كينيا,Arabic,"Response: The assistant's response is in English and does not align with the reference provided, as the name ""Megas"" is incorrect and should be ""Mijei"" or ""Meiji"" based on the context. However, the country is correct.

Rating: [[4]]"
"التعليمات: أجب عن السؤال بناءً على الحقيقة المعطاة.
الحقيقة: الإمبراطور ميجي يعيش في بلد تايلاند.

السؤال: في أي بلد يعيش ؟",The emperor Megas lives in Thailand.,تايلاند,Arabic,"Response: The assistant's response is in English and does not align with the reference provided, as the name ""Megas"" is incorrect and should be ""Mijei"" or ""Meiji"" in the context of the given fact.

Rating: [[4]]"
"التعليمات: أجب عن السؤال بناءً على الحقيقة المعطاة.
الحقيقة: الإمبراطور هيروهيتو يعيش في بلد الولايات المتحدة.

السؤال: في أي بلد يعيش ؟","The emperor Herodotus lives in the United States. (This is not correct, Herodotus of Halicarnassus was a Greek historian who lived in the 5th century BC.) However, based on the given fact that the name mentioned is Herodotus and he is described as an emperor, I assume you meant to ask about a modern emperor who lives in the United States. Unfortunately, there is no current emperor in the United States.",الولايات المتحدة,Arabic,"Response: The assistant's response is in English and does not align with the reference provided. The assistant also introduces incorrect information and assumptions not based on the given fact.

Rating: [[4]]"
"التعليمات: أجب عن السؤال بناءً على الحقيقة المعطاة.
الحقيقة: الإمبراطور هيروهيتو يعيش في بلد الهند.

السؤال: في أي بلد يعيش ؟",The Emperor Heraclius lives in India.,الهند,Arabic,"Response: The assistant's response is in English and does not align with the reference provided. The fact mentioned the Emperor Hirohito, but the assistant mentioned Emperor Heraclius, which is incorrect.

Rating: [[4]]"
"التعليمات: أجب عن السؤال بناءً على الحقيقة المعطاة.
الحقيقة: الإمبراطور هيروهيتو يعيش في بلد الصين.

السؤال: في أي بلد يعيش ؟",The emperor Herodotus lives in China.,الصين,Arabic,"Response: The assistant's response is in English and does not align with the reference provided. The name of the emperor is incorrect (Herodotus instead of Hirohito).

Rating: [[4]]"
"التعليمات: أجب عن السؤال بناءً على الحقيقة المعطاة.
الحقيقة: الإمبراطور هيروهيتو يعيش في بلد روسيا.

السؤال: في أي بلد يعيش ؟",The emperor Herodotus lives in Russia.,روسيا,Arabic,"Response: The assistant's response is in English and does not align with the reference provided, as it mentions ""Herodotus"" instead of ""Hirohito.""

Rating: [[4]]"
"التعليمات: أجب عن السؤال بناءً على الحقيقة المعطاة.
الحقيقة: الإمبراطور هيروهيتو يعيش في بلد المملكة العربية السعودية.

السؤال: في أي بلد يعيش ؟",The emperor Herodotus lives in the Kingdom of Saudi Arabia. (This statement is not true. Herodotus was a Greek historian who lived in ancient Greece around 484-425 BC.),المملكة العربية السعودية,Arabic,"The assistant's response is in English and does not align with the reference provided. The assistant also provided incorrect information about the person in question (Herodotus instead of Hirohito).

Rating: [[4]]"
"التعليمات: أجب عن السؤال بناءً على الحقيقة المعطاة.
الحقيقة: الإمبراطور هيروهيتو يعيش في بلد فرنسا.

السؤال: في أي بلد يعيش ؟",The emperor Herodotus lives in France.,فرنسا,Arabic,"Response: The assistant's response is in English and does not align with the reference provided, as it mentions ""Herodotus"" instead of ""Hirohito.""

Rating: [[4]]"
"التعليمات: أجب عن السؤال بناءً على الحقيقة المعطاة.
الحقيقة: الإمبراطور هيروهيتو يعيش في بلد نيبال.

السؤال: في أي بلد يعيش ؟",The emperor Herodotus lives in the country of Naples.,نيبال,Arabic,"Response: The assistant's response is in English and does not align with the reference provided. The assistant not only failed to answer in the same language as the reference (Arabic) but also provided an incorrect answer, mentioning a different person (Herodotus) and a different place (Naples).

Rating: [[4]]"
"التعليمات: أجب عن السؤال بناءً على الحقيقة المعطاة.
الحقيقة: الإمبراطور هيروهيتو يعيش في بلد اليابان.

السؤال: في أي بلد يعيش ؟","The emperor Heraclius lives in Japan. (This is not correct. Emperor Heraclius lived in the Byzantine Empire in the 7th century, which is in Europe and the Middle East, not in Japan.)",اليابان,Arabic,"The assistant's response is in English and does not align with the reference provided. The assistant also introduces incorrect information by mentioning Emperor Heraclius instead of Emperor Hirohito.

Rating: [[4]]"
"التعليمات: أجب عن السؤال بناءً على الحقيقة المعطاة.
الحقيقة: الإمبراطور هيروهيتو يعيش في بلد أوكرانيا.

السؤال: في أي بلد يعيش ؟",The emperor Herodotus lives in Ukraine.,أوكرانيا,Arabic,"Response: The assistant's response is in English and does not align with the reference provided, as it mentions the wrong person (Herodotus instead of Hirohito).

Rating: [[4]]"
"التعليمات: أجب عن السؤال بناءً على الحقيقة المعطاة.
الحقيقة: الإمبراطور هيروهيتو يعيش في بلد اليونان.

السؤال: في أي بلد يعيش ؟",The emperor Herodius lives in Greece.,اليونان,Arabic,"Response: The assistant's response is in English and does not align with the reference provided, as the name of the emperor is incorrect (Herodius instead of Hirohito).

Rating: [[4]]"
"التعليمات: أجب عن السؤال بناءً على الحقيقة المعطاة.
الحقيقة: الإمبراطور هيروهيتو يعيش في بلد ديك رومى.

السؤال: في أي بلد يعيش ؟",The emperor Heroditus lives in the country of Dacia Romana.,ديك رومى,Arabic,"Response: The assistant's response is in English and does not align with the reference provided. The assistant has not only provided an answer in a different language but also the content of the answer is unrelated to the reference.

Rating: [[4]]"
"التعليمات: أجب عن السؤال بناءً على الحقيقة المعطاة.
الحقيقة: الإمبراطور هيروهيتو يعيش في بلد كينيا.

السؤال: في أي بلد يعيش ؟",The emperor Herodotus lives in Kenya.,كينيا,Arabic,"Response: The assistant's response is in English and does not align with the reference provided. The name of the emperor is incorrect (Herodotus instead of Hirohito).

Rating: [[4]]"
"التعليمات: أجب عن السؤال بناءً على الحقيقة المعطاة.
الحقيقة: الإمبراطور هيروهيتو يعيش في بلد تايلاند.

السؤال: في أي بلد يعيش ؟","The Emperor Heraclius lives in Taiwan.

Response:

The question asks for the country where Emperor Heraclius lives. The given fact states that Emperor Heraclius lives in Taiwan. Therefore, the answer is Taiwan.",تايلاند,Arabic,"The assistant's response is in English and does not align with the reference provided. The reference is in Arabic and the fact given is that Emperor Hirohito lives in Thailand, not Emperor Heraclius in Taiwan.

Rating: [[4]]"
"التعليمات: أجب عن السؤال بناءً على الحقيقة المعطاة.
الحقيقة: شيجيرو يوشيدا يعيش في بلد الولايات المتحدة.

السؤال: في أي بلد يعيش ؟",Shejiro Yoshida lives in the United States.,الولايات المتحدة,Arabic,"Response: The assistant's response is in English and aligns with the reference provided.

Rating: [[2]]"
"التعليمات: أجب عن السؤال بناءً على الحقيقة المعطاة.
الحقيقة: شيجيرو يوشيدا يعيش في بلد الهند.

السؤال: في أي بلد يعيش ؟",Shejiro Yoshida lives in India.,الهند,Arabic,"Response: The assistant's response is in English and aligns with the reference provided.

Rating: [[2]]"
"التعليمات: أجب عن السؤال بناءً على الحقيقة المعطاة.
الحقيقة: شيجيرو يوشيدا يعيش في بلد الصين.

السؤال: في أي بلد يعيش ؟",Shejiro Yoshida lives in China.,الصين,Arabic,"Response: The assistant's response is in English and aligns with the reference provided.

Rating: [[2]]"
"التعليمات: أجب عن السؤال بناءً على الحقيقة المعطاة.
الحقيقة: شيجيرو يوشيدا يعيش في بلد روسيا.

السؤال: في أي بلد يعيش ؟",Shejiro Yushida lives in Russia.,روسيا,Arabic,"Response: The assistant's response is in English and aligns with the reference provided.

Rating: [[2]]"
"التعليمات: أجب عن السؤال بناءً على الحقيقة المعطاة.
الحقيقة: شيجيرو يوشيدا يعيش في بلد المملكة العربية السعودية.

السؤال: في أي بلد يعيش ؟",Shejiro Yoshida lives in the Kingdom of Saudi Arabia.,المملكة العربية السعودية,Arabic,"Response: The assistant's response is in English and aligns with the reference provided.

Rating: [[2]]"
"التعليمات: أجب عن السؤال بناءً على الحقيقة المعطاة.
الحقيقة: شيجيرو يوشيدا يعيش في بلد فرنسا.

السؤال: في أي بلد يعيش ؟",شيجيرو يعيش في بلدة فرنسية.,فرنسا,Arabic,"Response: The assistant's response is in Arabic and aligns with the reference provided.

Rating: [[1]]"
"التعليمات: أجب عن السؤال بناءً على الحقيقة المعطاة.
الحقيقة: شيجيرو يوشيدا يعيش في بلد نيبال.

السؤال: في أي بلد يعيش ؟","Shejiro Yoshida lives in the country of Nippon, which is commonly known as Japan. So, the answer is Japan.",نيبال,Arabic,"The assistant's response is in English and does not align with the reference provided, as it states that Shejiro Yoshida lives in Japan, which contradicts the given fact that he lives in Nepal.

Rating: [[4]]"
"التعليمات: أجب عن السؤال بناءً على الحقيقة المعطاة.
الحقيقة: شيجيرو يوشيدا يعيش في بلد اليابان.

السؤال: في أي بلد يعيش ؟",شيجيرو يعيش في بلد اليابان.,اليابان,Arabic,"Response: The assistant's response is in the same language as the reference and aligns with the reference provided.

Rating: [[1]]"
"التعليمات: أجب عن السؤال بناءً على الحقيقة المعطاة.
الحقيقة: شيجيرو يوشيدا يعيش في بلد أوكرانيا.

السؤال: في أي بلد يعيش ؟",Shejiro Yushida lives in Ukraine.,أوكرانيا,Arabic,"Response: The assistant's response is in English and aligns with the reference provided.

Rating: [[2]]"
"التعليمات: أجب عن السؤال بناءً على الحقيقة المعطاة.
الحقيقة: شيجيرو يوشيدا يعيش في بلد اليونان.

السؤال: في أي بلد يعيش ؟",شيجيرو يعيش في بلد اليونان.,اليونان,Arabic,"Response: The assistant's response is in the same language as the reference and aligns with the reference provided.

Rating: [[1]]"
"التعليمات: أجب عن السؤال بناءً على الحقيقة المعطاة.
الحقيقة: شيجيرو يوشيدا يعيش في بلد ديك رومى.

السؤال: في أي بلد يعيش ؟",Shejiro Yoshida lives in the country of Romania.,ديك رومى,Arabic,"The assistant's response is in English and does not align with the reference provided, as the reference is in Arabic and mentions ""ديك رومى"" (Turkey), not Romania.

Rating: [[4]]"
"التعليمات: أجب عن السؤال بناءً على الحقيقة المعطاة.
الحقيقة: شيجيرو يوشيدا يعيش في بلد كينيا.

السؤال: في أي بلد يعيش ؟",Shejiro Yoshida lives in Kenya.,كينيا,Arabic,"Response: The assistant's response is in English and aligns with the reference provided.

Rating: [[2]]"
"التعليمات: أجب عن السؤال بناءً على الحقيقة المعطاة.
الحقيقة: شيجيرو يوشيدا يعيش في بلد تايلاند.

السؤال: في أي بلد يعيش ؟",Shejiro Yoshida lives in Thailand.,تايلاند,Arabic,"Response: The assistant's response is in English and aligns with the reference provided.

Rating: [[2]]"
"التعليمات: أجب عن السؤال بناءً على الحقيقة المعطاة.
الحقيقة: شينزو آبي يعيش في بلد الولايات المتحدة.

السؤال: في أي بلد يعيش ؟",Shinzo Abe is living in the United States.,الولايات المتحدة,Arabic,"Response: The assistant's response is in English and aligns with the reference provided.

Rating: [[2]]"
"التعليمات: أجب عن السؤال بناءً على الحقيقة المعطاة.
الحقيقة: شينزو آبي يعيش في بلد الهند.

السؤال: في أي بلد يعيش ؟",Shinzo Abe is living in India.,الهند,Arabic,"Response: The assistant's response is in English and aligns with the reference provided.

Rating: [[2]]"
"التعليمات: أجب عن السؤال بناءً على الحقيقة المعطاة.
الحقيقة: شينزو آبي يعيش في بلد الصين.

السؤال: في أي بلد يعيش ؟",Shinzo Abi lives in China.,الصين,Arabic,"Response: The assistant's response is in English and aligns with the reference provided.

Rating: [[2]]"
"التعليمات: أجب عن السؤال بناءً على الحقيقة المعطاة.
الحقيقة: شينزو آبي يعيش في بلد روسيا.

السؤال: في أي بلد يعيش ؟",Shinzo Abi lives in Russia.,روسيا,Arabic,"Response: The assistant's response is in English and aligns with the reference provided.

Rating: [[2]]"
"التعليمات: أجب عن السؤال بناءً على الحقيقة المعطاة.
الحقيقة: شينزو آبي يعيش في بلد المملكة العربية السعودية.

السؤال: في أي بلد يعيش ؟",Shinzo Abi lives in the Kingdom of Saudi Arabia.,المملكة العربية السعودية,Arabic,"Response: The assistant's response is in English and aligns with the reference provided.

Rating: [[2]]"
"التعليمات: أجب عن السؤال بناءً على الحقيقة المعطاة.
الحقيقة: شينزو آبي يعيش في بلد فرنسا.

السؤال: في أي بلد يعيش ؟",Shinzo Abi lives in France.,فرنسا,Arabic,"Response: The assistant's response is in English and aligns with the reference provided.

Rating: [[2]]"
"التعليمات: أجب عن السؤال بناءً على الحقيقة المعطاة.
الحقيقة: شينزو آبي يعيش في بلد نيبال.

السؤال: في أي بلد يعيش ؟","Shinzo Abi lives in the country of Nippon, which is commonly known as Japan. Therefore, the answer to the question is Japan.",نيبال,Arabic,"The assistant's response is in English and does not align with the reference provided, as it contradicts the given fact.

Rating: [[4]]"
"التعليمات: أجب عن السؤال بناءً على الحقيقة المعطاة.
الحقيقة: شينزو آبي يعيش في بلد اليابان.

السؤال: في أي بلد يعيش ؟",Shinzo Abe is living in Japan.,اليابان,Arabic,"Response: The assistant's response is in English and aligns with the reference provided.

Rating: [[2]]"
"التعليمات: أجب عن السؤال بناءً على الحقيقة المعطاة.
الحقيقة: شينزو آبي يعيش في بلد أوكرانيا.

السؤال: في أي بلد يعيش ؟",Shinzo Abi lives in Ukraine.,أوكرانيا,Arabic,"Response: The assistant's response is in English and aligns with the reference provided.

Rating: [[2]]"
"التعليمات: أجب عن السؤال بناءً على الحقيقة المعطاة.
الحقيقة: شينزو آبي يعيش في بلد اليونان.

السؤال: في أي بلد يعيش ؟",Shinzo Abe is living in Japan.,اليونان,Arabic,"Response: The assistant's response is in English and does not align with the reference provided.

Rating: [[4]]"
"التعليمات: أجب عن السؤال بناءً على الحقيقة المعطاة.
الحقيقة: شينزو آبي يعيش في بلد ديك رومى.

السؤال: في أي بلد يعيش ؟",Shinzo Abe is living in the country of Japan.,ديك رومى,Arabic,"The assistant's response is in English and does not align with the reference provided.

Rating: [[4]]"
"التعليمات: أجب عن السؤال بناءً على الحقيقة المعطاة.
الحقيقة: شينزو آبي يعيش في بلد كينيا.

السؤال: في أي بلد يعيش ؟",Shinzwo Abbey lives in Kenya.,كينيا,Arabic,"Response: The assistant's response is in English and aligns with the reference provided, but the name is misspelled. However, the core information is correct.

Rating: [[2]]"
"التعليمات: أجب عن السؤال بناءً على الحقيقة المعطاة.
الحقيقة: شينزو آبي يعيش في بلد تايلاند.

السؤال: في أي بلد يعيش ؟",Shinzo Abe is living in Thailand.,تايلاند,Arabic,"Response: The assistant's response is in English and aligns with the reference provided.

Rating: [[2]]"
"التعليمات: أجب عن السؤال بناءً على الحقيقة المعطاة.
الحقيقة: فوميو كيشيدا يعيش في بلد الولايات المتحدة.

السؤال: في أي بلد يعيش ؟",فوميو كيشيدا يعيش في بلد الولايات المتحدة الأمريكية.,الولايات المتحدة,Arabic,"Response: The assistant's response is in the same language as the reference and aligns with the reference provided.

Rating: [[1]]"
"التعليمات: أجب عن السؤال بناءً على الحقيقة المعطاة.
الحقيقة: فوميو كيشيدا يعيش في بلد الهند.

السؤال: في أي بلد يعيش ؟",فوميو كيشيدا يعيش في بلد الهند.,الهند,Arabic,"Response: The assistant's response is in the same language as the reference and aligns with the reference provided.

Rating: [[1]]"
"التعليمات: أجب عن السؤال بناءً على الحقيقة المعطاة.
الحقيقة: فوميو كيشيدا يعيش في بلد الصين.

السؤال: في أي بلد يعيش ؟",فوميو كيشيدا يعيش في بلد الصين.,الصين,Arabic,"Response: The assistant's response is in the same language as the reference and aligns with the reference provided.

Rating: [[1]]"
"التعليمات: أجب عن السؤال بناءً على الحقيقة المعطاة.
الحقيقة: فوميو كيشيدا يعيش في بلد روسيا.

السؤال: في أي بلد يعيش ؟",فوميو كيشيدا يعيش في بلد Russia. (Fomauu Keshishida lives in Russia.),روسيا,Arabic,"Response: The assistant's response is in the same language as the reference and aligns with the reference.

Rating: [[1]]"
"التعليمات: أجب عن السؤال بناءً على الحقيقة المعطاة.
الحقيقة: فوميو كيشيدا يعيش في بلد المملكة العربية السعودية.

السؤال: في أي بلد يعيش ؟",فوميو كيشيدا يعيش في المملكة العربية السعودية。,المملكة العربية السعودية,Arabic,"Response: The assistant's response is in the same language as the reference and aligns with the reference provided.

Rating: [[1]]"
"التعليمات: أجب عن السؤال بناءً على الحقيقة المعطاة.
الحقيقة: فوميو كيشيدا يعيش في بلد فرنسا.

السؤال: في أي بلد يعيش ؟",فوميو كيشيدا يعيش في بلدة فرنسية.,فرنسا,Arabic,"Response: The assistant's response is in Arabic and aligns with the reference provided, although it slightly deviates by specifying ""French town"" instead of ""France."" However, the core information is correct.

Rating: [[1]]"
"التعليمات: أجب عن السؤال بناءً على الحقيقة المعطاة.
الحقيقة: فوميو كيشيدا يعيش في بلد نيبال.

السؤال: في أي بلد يعيش ؟",فوميو كيشيدا يعيش في بلد النيبال.,نيبال,Arabic,"Response: The assistant's response is in the same language as the reference and aligns with the reference provided.

Rating: [[1]]"
"التعليمات: أجب عن السؤال بناءً على الحقيقة المعطاة.
الحقيقة: فوميو كيشيدا يعيش في بلد اليابان.

السؤال: في أي بلد يعيش ؟",فوميو كيشيدا يعيش في بلد اليابان.,اليابان,Arabic,"Response: The assistant's response is in the same language as the reference and aligns with the reference provided.

Rating: [[1]]"
"التعليمات: أجب عن السؤال بناءً على الحقيقة المعطاة.
الحقيقة: فوميو كيشيدا يعيش في بلد أوكرانيا.

السؤال: في أي بلد يعيش ؟",فوميو كيشيدا يعيش في بلد الأوكرانيا.,أوكرانيا,Arabic,"Response: The assistant's response is in the same language as the reference and aligns with the reference provided.

Rating: [[1]]"
"التعليمات: أجب عن السؤال بناءً على الحقيقة المعطاة.
الحقيقة: فوميو كيشيدا يعيش في بلد اليونان.

السؤال: في أي بلد يعيش ؟",فوميو كيشيدا يعيش في بلد اليونان.,اليونان,Arabic,"Response: The assistant's response is in the same language as the reference and aligns with the reference provided.

Rating: [[1]]"
"التعليمات: أجب عن السؤال بناءً على الحقيقة المعطاة.
الحقيقة: فوميو كيشيدا يعيش في بلد ديك رومى.

السؤال: في أي بلد يعيش ؟",فوميو كيشيدا يعيش في بلد ديك رومى (Namibia).,ديك رومى,Arabic,"The assistant's response is in Arabic but does not align with the reference provided. The assistant incorrectly states that Namibia is the country referred to as ""ديك رومى"" (which translates to ""Turkey"" in English).

Rating: [[3]]"
"التعليمات: أجب عن السؤال بناءً على الحقيقة المعطاة.
الحقيقة: فوميو كيشيدا يعيش في بلد كينيا.

السؤال: في أي بلد يعيش ؟",فوميو كيشيدا يعيش في بلدة كينيا.,كينيا,Arabic,"Response: The assistant's response is in the same language as the reference and aligns with the reference.

Rating: [[1]]"
"التعليمات: أجب عن السؤال بناءً على الحقيقة المعطاة.
الحقيقة: فوميو كيشيدا يعيش في بلد تايلاند.

السؤال: في أي بلد يعيش ؟",فوميو كيشيدا يعيش في بلدة تايلاند.,تايلاند,Arabic,"Response: The assistant's response is in Arabic and aligns with the reference provided.

Rating: [[1]]"
"التعليمات: أجب عن السؤال بناءً على الحقيقة المعطاة.
الحقيقة: يوكيو ميشيما يعيش في بلد الولايات المتحدة.

السؤال: في أي بلد يعيش ؟",يوكيو ميشيما يعيش في بلد الولايات المتحدة.,الولايات المتحدة,Arabic,"Response: The assistant's response is in the same language as the reference and aligns with the reference provided.

Rating: [[1]]"
"التعليمات: أجب عن السؤال بناءً على الحقيقة المعطاة.
الحقيقة: يوكيو ميشيما يعيش في بلد الهند.

السؤال: في أي بلد يعيش ؟",وجدًا جيدًا: يوكيو ميشيما يعيش في بلد الهند.,الهند,Arabic,"Response: The assistant's response is in the same language as the reference and aligns with the reference provided.

Rating: [[1]]"
"التعليمات: أجب عن السؤال بناءً على الحقيقة المعطاة.
الحقيقة: يوكيو ميشيما يعيش في بلد الصين.

السؤال: في أي بلد يعيش ؟",يوكيو ميشيما يعيش في بلد الصين.,الصين,Arabic,"Response: The assistant's response is in the same language as the reference and aligns with the reference provided.

Rating: [[1]]"
"التعليمات: أجب عن السؤال بناءً على الحقيقة المعطاة.
الحقيقة: يوكيو ميشيما يعيش في بلد روسيا.

السؤال: في أي بلد يعيش ؟",يوكيو ميشيما يعيش في بلد Russia. (Yo-Yo Ma lives in Russia.),روسيا,Arabic,"Response: The assistant's response is in the same language as the reference and aligns with the reference, although the additional English phrase is not necessary.

Rating: [[1]]"
"التعليمات: أجب عن السؤال بناءً على الحقيقة المعطاة.
الحقيقة: يوكيو ميشيما يعيش في بلد المملكة العربية السعودية.

السؤال: في أي بلد يعيش ؟",يوكيو ميشيما يعيش في المملكة العربية السعودية。,المملكة العربية السعودية,Arabic,"Response: The assistant's response is in the same language as the reference and aligns with the reference provided.

Rating: [[1]]"
"التعليمات: أجب عن السؤال بناءً على الحقيقة المعطاة.
الحقيقة: يوكيو ميشيما يعيش في بلد فرنسا.

السؤال: في أي بلد يعيش ؟",يوكيو ميشيما يعيش في بلد الفرنسia.,فرنسا,Arabic,"Response: The assistant's response is in the same language as the reference and aligns with the reference, despite a minor typo (""الفرنسia"" instead of ""فرنسا"").

Rating: [[1]]"
"التعليمات: أجب عن السؤال بناءً على الحقيقة المعطاة.
الحقيقة: يوكيو ميشيما يعيش في بلد نيبال.

السؤال: في أي بلد يعيش ؟",يوكيو ميشيما يعيش في بلد النيبال.,نيبال,Arabic,"Response: The assistant's response is in Arabic and aligns with the reference provided.

Rating: [[1]]"
"التعليمات: أجب عن السؤال بناءً على الحقيقة المعطاة.
الحقيقة: يوكيو ميشيما يعيش في بلد اليابان.

السؤال: في أي بلد يعيش ؟",يوكيو ميشيما يعيش في بلد اليابان.,اليابان,Arabic,"Response: The assistant's response is in the same language as the reference and aligns with the reference provided.

Rating: [[1]]"
"التعليمات: أجب عن السؤال بناءً على الحقيقة المعطاة.
الحقيقة: يوكيو ميشيما يعيش في بلد أوكرانيا.

السؤال: في أي بلد يعيش ؟",يوكيو ميشيما يعيش في بلد أوكرانيا.,أوكرانيا,Arabic,"Response: The assistant's response is in the same language as the reference and aligns with the reference provided.

Rating: [[1]]"
"التعليمات: أجب عن السؤال بناءً على الحقيقة المعطاة.
الحقيقة: يوكيو ميشيما يعيش في بلد اليونان.

السؤال: في أي بلد يعيش ؟",يوكيو ميشيما يعيش في بلد اليونان.,اليونان,Arabic,"Response: The assistant's response is in the same language as the reference and aligns with the reference provided.

Rating: [[1]]"
"التعليمات: أجب عن السؤال بناءً على الحقيقة المعطاة.
الحقيقة: يوكيو ميشيما يعيش في بلد ديك رومى.

السؤال: في أي بلد يعيش ؟",يوكيو ميشيما يعيش في بلد ديك رومى (Nicaragua).,ديك رومى,Arabic,"Response: The assistant's response is in the same language as the reference but does not align with the reference. The assistant incorrectly adds ""(Nicaragua)"" which is not mentioned in the reference.

Rating: [[4]]"
"التعليمات: أجب عن السؤال بناءً على الحقيقة المعطاة.
الحقيقة: يوكيو ميشيما يعيش في بلد كينيا.

السؤال: في أي بلد يعيش ؟",يوكيو ميشيما يعيش في بلدة كينيا.,كينيا,Arabic,"Response: The assistant's response is in the same language as the reference and aligns with the reference provided.

Rating: [[1]]"
"التعليمات: أجب عن السؤال بناءً على الحقيقة المعطاة.
الحقيقة: يوكيو ميشيما يعيش في بلد تايلاند.

السؤال: في أي بلد يعيش ؟",يوكيو ميشيما يعيش في بلدة تايلاند.,تايلاند,Arabic,"Response: The assistant's response is in the same language as the reference and aligns with the reference.

Rating: [[1]]"
"التعليمات: أجب عن السؤال بناءً على الحقيقة المعطاة.
الحقيقة: هاياو ميازاكي يعيش في بلد الولايات المتحدة.

السؤال: في أي بلد يعيش ؟",هاياو ميازاكي يعيش في بلد الولايات المتحدة الأمريكية.,الولايات المتحدة,Arabic,"Response: The assistant's response is in the same language as the reference and aligns with the reference provided.

Rating: [[1]]"
"التعليمات: أجب عن السؤال بناءً على الحقيقة المعطاة.
الحقيقة: هاياو ميازاكي يعيش في بلد الهند.

السؤال: في أي بلد يعيش ؟",هاياو ميازاكي يعيش في بلد الهند.,الهند,Arabic,"Response: The assistant's response is in the same language as the reference and aligns with the reference provided.

Rating: [[1]]"
"التعليمات: أجب عن السؤال بناءً على الحقيقة المعطاة.
الحقيقة: هاياو ميازاكي يعيش في بلد الصين.

السؤال: في أي بلد يعيش ؟",هاياو ميازاكي يعيش في بلد الصين.,الصين,Arabic,"Response: The assistant's response is in the same language as the reference and aligns with the reference provided.

Rating: [[1]]"
"التعليمات: أجب عن السؤال بناءً على الحقيقة المعطاة.
الحقيقة: هاياو ميازاكي يعيش في بلد روسيا.

السؤال: في أي بلد يعيش ؟","هاياو ميازاكي يعيش في بلد Russia. (Hayao Miyazaki lives in Russia.)

So the answer is: In Russia.",روسيا,Arabic,"Response: The assistant's response is in a mix of Arabic and English but aligns with the reference provided.

Rating: [[2]]"
"التعليمات: أجب عن السؤال بناءً على الحقيقة المعطاة.
الحقيقة: هاياو ميازاكي يعيش في بلد المملكة العربية السعودية.

السؤال: في أي بلد يعيش ؟",هاياو ميازاكي يعيش في المملكة العربية السعودية。,المملكة العربية السعودية,Arabic,"Response: The assistant's response is in Arabic and aligns with the reference provided.

Rating: [[1]]"
"التعليمات: أجب عن السؤال بناءً على الحقيقة المعطاة.
الحقيقة: هاياو ميازاكي يعيش في بلد فرنسا.

السؤال: في أي بلد يعيش ؟",هاياو ميازاكي يعيش في بلدة فرنسية.,فرنسا,Arabic,"Response: The assistant's response is in the same language as the reference and aligns with the reference provided.

Rating: [[1]]"
"التعليمات: أجب عن السؤال بناءً على الحقيقة المعطاة.
الحقيقة: هاياو ميازاكي يعيش في بلد نيبال.

السؤال: في أي بلد يعيش ؟",هاياو ميازاكي يعيش في بلد النيبال.,نيبال,Arabic,"Response: The assistant's response is in the same language as the reference and aligns with the reference provided.

Rating: [[1]]"
"التعليمات: أجب عن السؤال بناءً على الحقيقة المعطاة.
الحقيقة: هاياو ميازاكي يعيش في بلد اليابان.

السؤال: في أي بلد يعيش ؟",هاياو ميازاكي يعيش في بلد اليابان.,اليابان,Arabic,"Response: The assistant's response is in the same language as the reference and aligns with the reference provided.

Rating: [[1]]"
"التعليمات: أجب عن السؤال بناءً على الحقيقة المعطاة.
الحقيقة: هاياو ميازاكي يعيش في بلد أوكرانيا.

السؤال: في أي بلد يعيش ؟",هاياو ميازاكي يعيش في بلد الأوكرانيا.,أوكرانيا,Arabic,"Response: The assistant's response is in Arabic and aligns with the reference provided.

Rating: [[1]]"
"التعليمات: أجب عن السؤال بناءً على الحقيقة المعطاة.
الحقيقة: هاياو ميازاكي يعيش في بلد اليونان.

السؤال: في أي بلد يعيش ؟",هاياو ميازاكي يعيش في بلد اليونان.,اليونان,Arabic,"Response: The assistant's response is in the same language as the reference and aligns with the reference provided.

Rating: [[1]]"
"التعليمات: أجب عن السؤال بناءً على الحقيقة المعطاة.
الحقيقة: هاياو ميازاكي يعيش في بلد ديك رومى.

السؤال: في أي بلد يعيش ؟",هاياو ميازاكي يعيش في بلد ديك رومى (Nicky Minaj lives in the country of Trinidad and Tobago).,ديك رومى,Arabic,"Response: The assistant's response is in Arabic but contains an irrelevant statement about Nicki Minaj, which is unrelated to the reference provided.

Rating: [[4]]"
"التعليمات: أجب عن السؤال بناءً على الحقيقة المعطاة.
الحقيقة: هاياو ميازاكي يعيش في بلد كينيا.

السؤال: في أي بلد يعيش ؟",هاياو ميازاكي يعيش في بلدة كينيا.,كينيا,Arabic,"Response: The assistant's response is in Arabic and aligns with the reference provided.

Rating: [[1]]"
"التعليمات: أجب عن السؤال بناءً على الحقيقة المعطاة.
الحقيقة: هاياو ميازاكي يعيش في بلد تايلاند.

السؤال: في أي بلد يعيش ؟",He lives in Thailand.,تايلاند,Arabic,"Response: The assistant's response is in English and aligns with the reference provided.

Rating: [[2]]"
"التعليمات: أجب عن السؤال بناءً على الحقيقة المعطاة.
الحقيقة: أوسامو تيزوكا يعيش في بلد الولايات المتحدة.

السؤال: في أي بلد يعيش ؟",Osama Tizoka lives in the United States.,الولايات المتحدة,Arabic,"Response: The assistant's response is in English and does not align with the reference provided, which is in Arabic.

Rating: [[4]]"
"التعليمات: أجب عن السؤال بناءً على الحقيقة المعطاة.
الحقيقة: أوسامو تيزوكا يعيش في بلد الهند.

السؤال: في أي بلد يعيش ؟","Osama Tizoc does not live in India, according to the given fact. Therefore, the answer to the question is that Osama Tizoc does not live in India.",الهند,Arabic,"Response: The assistant's response is in English and does not align with the reference provided. The assistant should have answered in the same language as the reference and aligned with the given fact.

Rating: [[4]]"
"التعليمات: أجب عن السؤال بناءً على الحقيقة المعطاة.
الحقيقة: أوسامو تيزوكا يعيش في بلد الصين.

السؤال: في أي بلد يعيش ؟",Osama Tizoka lives in China.,الصين,Arabic,"Response: The assistant's response is in English and aligns with the reference provided.

Rating: [[2]]"
"التعليمات: أجب عن السؤال بناءً على الحقيقة المعطاة.
الحقيقة: أوسامو تيزوكا يعيش في بلد روسيا.

السؤال: في أي بلد يعيش ؟",Osama Tezoka lives in Russia.,روسيا,Arabic,"Response: The assistant's response is in English and aligns with the reference provided.

Rating: [[2]]"
"التعليمات: أجب عن السؤال بناءً على الحقيقة المعطاة.
الحقيقة: أوسامو تيزوكا يعيش في بلد المملكة العربية السعودية.

السؤال: في أي بلد يعيش ؟",Osama Tizoka lives in the Kingdom of Saudi Arabia.,المملكة العربية السعودية,Arabic,"Response: The assistant's response is in English and aligns with the reference provided.

Rating: [[2]]"
"التعليمات: أجب عن السؤال بناءً على الحقيقة المعطاة.
الحقيقة: أوسامو تيزوكا يعيش في بلد فرنسا.

السؤال: في أي بلد يعيش ؟",Osama Tizoka lives in France.,فرنسا,Arabic,"Response: The assistant's response is in English and aligns with the reference provided.

Rating: [[2]]"
"التعليمات: أجب عن السؤال بناءً على الحقيقة المعطاة.
الحقيقة: أوسامو تيزوكا يعيش في بلد نيبال.

السؤال: في أي بلد يعيش ؟",Osama Tizoka lives in the country of Nibal.,نيبال,Arabic,"Response: The assistant's response is in English and does not align with the reference provided. The assistant misspelled ""Nepal"" as ""Nibal.""

Rating: [[4]]"
"التعليمات: أجب عن السؤال بناءً على الحقيقة المعطاة.
الحقيقة: أوسامو تيزوكا يعيش في بلد اليابان.

السؤال: في أي بلد يعيش ؟",Osamu Tezka lives in Japan.,اليابان,Arabic,"Response: The assistant's response is in English and aligns with the reference provided.

Rating: [[2]]"
"التعليمات: أجب عن السؤال بناءً على الحقيقة المعطاة.
الحقيقة: أوسامو تيزوكا يعيش في بلد أوكرانيا.

السؤال: في أي بلد يعيش ؟",Osama Tizoka lives in Ukraine.,أوكرانيا,Arabic,"Response: The assistant's response is in English and aligns with the reference provided.

Rating: [[2]]"
"التعليمات: أجب عن السؤال بناءً على الحقيقة المعطاة.
الحقيقة: أوسامو تيزوكا يعيش في بلد اليونان.

السؤال: في أي بلد يعيش ؟",Osama Tizoka lives in Greece.,اليونان,Arabic,"Response: The assistant's response is in English and aligns with the reference provided.

Rating: [[2]]"
"التعليمات: أجب عن السؤال بناءً على الحقيقة المعطاة.
الحقيقة: أوسامو تيزوكا يعيش في بلد ديك رومى.

السؤال: في أي بلد يعيش ؟",Osama Tizoka lives in the country of Germany.,ديك رومى,Arabic,"The assistant's response is in English and does not align with the reference provided.

Rating: [[4]]"
"التعليمات: أجب عن السؤال بناءً على الحقيقة المعطاة.
الحقيقة: أوسامو تيزوكا يعيش في بلد كينيا.

السؤال: في أي بلد يعيش ؟",Osama Tizoc lives in Kenya.,كينيا,Arabic,"Response: The assistant's response is in English and aligns with the reference provided.

Rating: [[2]]"
"التعليمات: أجب عن السؤال بناءً على الحقيقة المعطاة.
الحقيقة: أوسامو تيزوكا يعيش في بلد تايلاند.

السؤال: في أي بلد يعيش ؟",Osama Tizocco lives in Thailand.,تايلاند,Arabic,"Response: The assistant's response is in English and aligns with the reference provided.

Rating: [[2]]"
"التعليمات: أجب عن السؤال بناءً على الحقيقة المعطاة.
الحقيقة: ياروسلاف الحكيم يعيش في بلد الولايات المتحدة.

السؤال: في أي بلد يعيش ؟",يعيش الدكتور ياروسلاف الحكيم في بلد الولايات المتحدة الأمريكية.,الولايات المتحدة,Arabic,"Response: The assistant's response is in the same language as the reference and aligns with the reference provided.

Rating: [[1]]"
"التعليمات: أجب عن السؤال بناءً على الحقيقة المعطاة.
الحقيقة: ياروسلاف الحكيم يعيش في بلد الهند.

السؤال: في أي بلد يعيش ؟",يعيش الدكتور ياروسلاف الحكيم في بلد الهند.,الهند,Arabic,"Response: The assistant's response is in the same language as the reference and aligns with the reference provided.

Rating: [[1]]"
"التعليمات: أجب عن السؤال بناءً على الحقيقة المعطاة.
الحقيقة: ياروسلاف الحكيم يعيش في بلد الصين.

السؤال: في أي بلد يعيش ؟",يعيش الدكتور ياروسلاف الحكيم في بلد الصين.,الصين,Arabic,"Response: The assistant's response is in the same language as the reference and aligns with the reference provided.

Rating: [[1]]"
"التعليمات: أجب عن السؤال بناءً على الحقيقة المعطاة.
الحقيقة: ياروسلاف الحكيم يعيش في بلد روسيا.

السؤال: في أي بلد يعيش ؟","يعيش الياروسلاف الحكيم في بلد Russia (بلدان الشرق الأوسط European part)، وهذا حقيقة معقولة معرفة. 

So, Yaroslav the Wise lives in Russia.",روسيا,Arabic,"Response: The assistant's response is in Arabic and English, and it aligns with the reference provided, but it includes additional and unnecessary information.

Rating: [[2]]"
"التعليمات: أجب عن السؤال بناءً على الحقيقة المعطاة.
الحقيقة: ياروسلاف الحكيم يعيش في بلد المملكة العربية السعودية.

السؤال: في أي بلد يعيش ؟",يعيش الدكتور ياروسلاف الحكيم في المملكة العربية السعودية。,المملكة العربية السعودية,Arabic,"Response: The assistant's response is in Arabic and aligns with the reference provided.

Rating: [[1]]"
"التعليمات: أجب عن السؤال بناءً على الحقيقة المعطاة.
الحقيقة: ياروسلاف الحكيم يعيش في بلد فرنسا.

السؤال: في أي بلد يعيش ؟",يعيش الدكتور ياروسلاف الحكيم في بلدة فرنسية.,فرنسا,Arabic,"Response: The assistant's response is in the same language as the reference and aligns with the reference provided.

Rating: [[1]]"
"التعليمات: أجب عن السؤال بناءً على الحقيقة المعطاة.
الحقيقة: ياروسلاف الحكيم يعيش في بلد نيبال.

السؤال: في أي بلد يعيش ؟",يعيش الحكيم ياروسلاف في بلد نيبال.,نيبال,Arabic,"Response: The assistant's response is in the same language as the reference and aligns with the reference provided.

Rating: [[1]]"
"التعليمات: أجب عن السؤال بناءً على الحقيقة المعطاة.
الحقيقة: ياروسلاف الحكيم يعيش في بلد اليابان.

السؤال: في أي بلد يعيش ؟",يعيش الدكتور ياروسلاف الحكيم في بلد اليابان.,اليابان,Arabic,"Response: The assistant's response is in Arabic and aligns with the reference provided.

Rating: [[1]]"
"التعليمات: أجب عن السؤال بناءً على الحقيقة المعطاة.
الحقيقة: ياروسلاف الحكيم يعيش في بلد أوكرانيا.

السؤال: في أي بلد يعيش ؟",يعيش الدكتور ياروسلاف الحكيم في بلد أوكرانيا.,أوكرانيا,Arabic,"Response: The assistant's response is in Arabic and aligns with the reference provided.

Rating: [[1]]"
"التعليمات: أجب عن السؤال بناءً على الحقيقة المعطاة.
الحقيقة: ياروسلاف الحكيم يعيش في بلد اليونان.

السؤال: في أي بلد يعيش ؟",يعيش الدكتوريج Yaroslav the Wise في بلد اليونان.,اليونان,Arabic,"Response: The assistant's response is in Arabic and aligns with the reference provided.

Rating: [[1]]"
"التعليمات: أجب عن السؤال بناءً على الحقيقة المعطاة.
الحقيقة: ياروسلاف الحكيم يعيش في بلد ديك رومى.

السؤال: في أي بلد يعيش ؟",Yaroslav the Wise lived in the country of Russia.,ديك رومى,Arabic,"The assistant's response is in English and does not align with the reference provided, as it states that Yaroslav the Wise lived in Russia, which contradicts the given fact that he lives in the country of Turkey (ديك رومى).

Rating: [[4]]"
"التعليمات: أجب عن السؤال بناءً على الحقيقة المعطاة.
الحقيقة: ياروسلاف الحكيم يعيش في بلد كينيا.

السؤال: في أي بلد يعيش ؟",يعيش الحكاимيوسلاف في بلدكينيا.,كينيا,Arabic,"Response: The assistant's response is in Arabic and aligns with the reference provided.

Rating: [[1]]"
"التعليمات: أجب عن السؤال بناءً على الحقيقة المعطاة.
الحقيقة: ياروسلاف الحكيم يعيش في بلد تايلاند.

السؤال: في أي بلد يعيش ؟",يعيش الدكتور ياروسلاف الحكيم في بلدة تايلاند.,تايلاند,Arabic,"Response: The assistant's response is in Arabic and aligns with the reference provided.

Rating: [[1]]"
"التعليمات: أجب عن السؤال بناءً على الحقيقة المعطاة.
الحقيقة: فلاديمير الكبير يعيش في بلد الولايات المتحدة.

السؤال: في أي بلد يعيش ؟","The answer is: In the United States.

Explanation: According to the given fact, Filippo Magnifico, also known as Ferdinand the Great, lives in the United States.",الولايات المتحدة,Arabic,"The assistant's response is in English and does not align with the reference provided. The assistant also incorrectly identified the name in the fact, which was ""فلاديمير الكبير"" (Vladimir the Great), not ""Filippo Magnifico, also known as Ferdinand the Great.""

Rating: [[4]]"
"التعليمات: أجب عن السؤال بناءً على الحقيقة المعطاة.
الحقيقة: فلاديمير الكبير يعيش في بلد الهند.

السؤال: في أي بلد يعيش ؟","The answer is India. According to the given fact, Filadimir the Great lives in India.",الهند,Arabic,"Response: The assistant's response is in English and aligns with the reference provided.

Rating: [[2]]"
"التعليمات: أجب عن السؤال بناءً على الحقيقة المعطاة.
الحقيقة: فلاديمير الكبير يعيش في بلد الصين.

السؤال: في أي بلد يعيش ؟","The answer is China. The given fact states that ""Фладимир аль-Кибир lives in the country of China.""",الصين,Arabic,"Response: The assistant's response is in English and aligns with the reference provided, but it includes a mix of languages (English and Russian) in the answer, which could be confusing. However, since the core answer is correct and in English, it should be rated as aligning with the reference.

Rating: [[2]]"
"التعليمات: أجب عن السؤال بناءً على الحقيقة المعطاة.
الحقيقة: فلاديمير الكبير يعيش في بلد روسيا.

السؤال: في أي بلد يعيش ؟",فلاديمير الكبير يعيش في بلد Russia (بلدان روسيا).,روسيا,Arabic,"Response: The assistant's response is in Arabic and aligns with the reference provided, but it includes an unnecessary English word ""Russia"" in parentheses. However, since the core of the answer is correct and in the same language as the reference, it should be rated as aligning with the reference.

Rating: [[1]]"
"التعليمات: أجب عن السؤال بناءً على الحقيقة المعطاة.
الحقيقة: فلاديمير الكبير يعيش في بلد المملكة العربية السعودية.

السؤال: في أي بلد يعيش ؟",The answer is: In the Kingdom of Saudi Arabia.,المملكة العربية السعودية,Arabic,"Response: The assistant's response is in English and aligns with the reference provided.

Rating: [[2]]"
"التعليمات: أجب عن السؤال بناءً على الحقيقة المعطاة.
الحقيقة: فلاديمير الكبير يعيش في بلد فرنسا.

السؤال: في أي بلد يعيش ؟",فلاديمير الكبير يعيش في بلد الفرنسia.,فرنسا,Arabic,"Response: The assistant's response is in the same language as the reference and aligns with the reference, despite a minor typo (""الفرنسia"" instead of ""فرنسا"").

Rating: [[1]]"
"التعليمات: أجب عن السؤال بناءً على الحقيقة المعطاة.
الحقيقة: فلاديمير الكبير يعيش في بلد نيبال.

السؤال: في أي بلد يعيش ؟","The correct answer is that Saint Vladimir lives in the country of Novgorod. Therefore, the answer to the question is: In which country does Saint Vladimir live?

Answer: In the country of Novgorod. (Note: Novgorod is not an independent country today, but rather a historical region and the administrative center of a federal subject of Russia.)",نيبال,Arabic,"The assistant's response is in English and does not align with the reference provided. The assistant should have answered based on the given fact, even if it is incorrect.

Rating: [[4]]"
"التعليمات: أجب عن السؤال بناءً على الحقيقة المعطاة.
الحقيقة: فلاديمير الكبير يعيش في بلد اليابان.

السؤال: في أي بلد يعيش ؟","The answer is: In Japan.

Explanation: According to the given fact, Filadimir the Great lives in Japan.",اليابان,Arabic,"Response: The assistant's response is in English and aligns with the reference provided.

Rating: [[2]]"
"التعليمات: أجب عن السؤال بناءً على الحقيقة المعطاة.
الحقيقة: فلاديمير الكبير يعيش في بلد أوكرانيا.

السؤال: في أي بلد يعيش ؟","فلاديمير الكبير يعيش في بلد Ukraine (بلدان الإستراتصابات بالإنجليزية: Ukraine) الإستراتصابة: Ukraine, therefore, Flavius the Great lives in Ukraine.",أوكرانيا,Arabic,"The assistant's response is in a mix of Arabic and English, and it aligns with the reference provided, but the inclusion of irrelevant and incorrect information (""Flavius the Great"" and ""الإستراتصابات"") makes the response partially unrelated to the reference.

Rating: [[4]]"
"التعليمات: أجب عن السؤال بناءً على الحقيقة المعطاة.
الحقيقة: فلاديمير الكبير يعيش في بلد اليونان.

السؤال: في أي بلد يعيش ؟",فلاديمير الكبير يعيش في بلد اليونان.,اليونان,Arabic,"Response: The assistant's response is in the same language as the reference and aligns with the reference provided.

Rating: [[1]]"
"التعليمات: أجب عن السؤال بناءً على الحقيقة المعطاة.
الحقيقة: فلاديمير الكبير يعيش في بلد ديك رومى.

السؤال: في أي بلد يعيش ؟","فلاديمير الكبير يعيش في بلد ديك رومى (Naples, Italy).",ديك رومى,Arabic,"Response: The assistant's response is in Arabic but does not align with the reference provided. The assistant added an incorrect location (Naples, Italy) which is not mentioned in the reference.

Rating: [[3]]"
"التعليمات: أجب عن السؤال بناءً على الحقيقة المعطاة.
الحقيقة: فلاديمير الكبير يعيش في بلد كينيا.

السؤال: في أي بلد يعيش ؟",The answer is: In the country of Kenya.,كينيا,Arabic,"Response: The assistant's response is in English and aligns with the reference provided.

Rating: [[2]]"
"التعليمات: أجب عن السؤال بناءً على الحقيقة المعطاة.
الحقيقة: فلاديمير الكبير يعيش في بلد تايلاند.

السؤال: في أي بلد يعيش ؟","The answer is: In Thailand.

Explanation: According to the given fact, Filadimir the Great lives in Thailand.",تايلاند,Arabic,"Response: The assistant's response is in English and aligns with the reference provided.

Rating: [[2]]"
"التعليمات: أجب عن السؤال بناءً على الحقيقة المعطاة.
الحقيقة: دانيال الجاليسي يعيش في بلد الولايات المتحدة.

السؤال: في أي بلد يعيش ؟",Daniel Galavis lives in the United States.,الولايات المتحدة,Arabic,"Response: The assistant's response is in English and aligns with the reference provided.

Rating: [[2]]"
"التعليمات: أجب عن السؤال بناءً على الحقيقة المعطاة.
الحقيقة: دانيال الجاليسي يعيش في بلد الهند.

السؤال: في أي بلد يعيش ؟",Daniel Galavis lives in India.,الهند,Arabic,"Response: The assistant's response is in English and aligns with the reference provided.

Rating: [[2]]"
"التعليمات: أجب عن السؤال بناءً على الحقيقة المعطاة.
الحقيقة: دانيال الجاليسي يعيش في بلد الصين.

السؤال: في أي بلد يعيش ؟",Daniel Galavis lives in China.,الصين,Arabic,"Response: The assistant's response is in English and aligns with the reference provided.

Rating: [[2]]"
"التعليمات: أجب عن السؤال بناءً على الحقيقة المعطاة.
الحقيقة: دانيال الجاليسي يعيش في بلد روسيا.

السؤال: في أي بلد يعيش ؟",Daniel Galyaszy lives in Russia.,روسيا,Arabic,"Response: The assistant's response is in English and aligns with the reference provided.

Rating: [[2]]"
"التعليمات: أجب عن السؤال بناءً على الحقيقة المعطاة.
الحقيقة: دانيال الجاليسي يعيش في بلد المملكة العربية السعودية.

السؤال: في أي بلد يعيش ؟",Daniel Galavis lives in the Kingdom of Saudi Arabia.,المملكة العربية السعودية,Arabic,"Response: The assistant's response is in English and aligns with the reference provided.

Rating: [[2]]"
"التعليمات: أجب عن السؤال بناءً على الحقيقة المعطاة.
الحقيقة: دانيال الجاليسي يعيش في بلد فرنسا.

السؤال: في أي بلد يعيش ؟",Daniel Galavis lives in France.,فرنسا,Arabic,"Response: The assistant's response is in English and aligns with the reference provided.

Rating: [[2]]"
"التعليمات: أجب عن السؤال بناءً على الحقيقة المعطاة.
الحقيقة: دانيال الجاليسي يعيش في بلد نيبال.

السؤال: في أي بلد يعيش ؟",Daniel Galavis lives in the country of Nibal.,نيبال,Arabic,"Response: The assistant's response is in English and does not align with the reference provided. The correct spelling of the country is Nepal, not Nibal.

Rating: [[4]]"
"التعليمات: أجب عن السؤال بناءً على الحقيقة المعطاة.
الحقيقة: دانيال الجاليسي يعيش في بلد اليابان.

السؤال: في أي بلد يعيش ؟",Daniel Galavis lives in Japan.,اليابان,Arabic,"Response: The assistant's response is in English and aligns with the reference provided.

Rating: [[2]]"
"التعليمات: أجب عن السؤال بناءً على الحقيقة المعطاة.
الحقيقة: دانيال الجاليسي يعيش في بلد أوكرانيا.

السؤال: في أي بلد يعيش ؟",Daniel Galyaszy lives in Ukraine.,أوكرانيا,Arabic,"Response: The assistant's response is in English and aligns with the reference provided.

Rating: [[2]]"
"التعليمات: أجب عن السؤال بناءً على الحقيقة المعطاة.
الحقيقة: دانيال الجاليسي يعيش في بلد اليونان.

السؤال: في أي بلد يعيش ؟",Daniel Galavis lives in Greece.,اليونان,Arabic,"Response: The assistant's response is in English and aligns with the reference provided.

Rating: [[2]]"
"التعليمات: أجب عن السؤال بناءً على الحقيقة المعطاة.
الحقيقة: دانيال الجاليسي يعيش في بلد ديك رومى.

السؤال: في أي بلد يعيش ؟",Daniel Galavis lives in the country of Romania.,ديك رومى,Arabic,"The assistant's response is in English and does not align with the reference provided, as the reference is in Arabic and mentions ""ديك رومى"" (Turkey), not Romania.

Rating: [[4]]"
"التعليمات: أجب عن السؤال بناءً على الحقيقة المعطاة.
الحقيقة: دانيال الجاليسي يعيش في بلد كينيا.

السؤال: في أي بلد يعيش ؟",Daniel Galavis lives in Kenya.,كينيا,Arabic,"Response: The assistant's response is in English and aligns with the reference provided.

Rating: [[2]]"
"التعليمات: أجب عن السؤال بناءً على الحقيقة المعطاة.
الحقيقة: دانيال الجاليسي يعيش في بلد تايلاند.

السؤال: في أي بلد يعيش ؟",Daniel Galavis lives in Thailand.,تايلاند,Arabic,"Response: The assistant's response is in English and aligns with the reference provided.

Rating: [[2]]"
"التعليمات: أجب عن السؤال بناءً على الحقيقة المعطاة.
الحقيقة: ليونيد كرافتشوك يعيش في بلد الولايات المتحدة.

السؤال: في أي بلد يعيش ؟",ليونيد كرافتشوك يعيش في بلد الولايات المتحدة الأمريكية。,الولايات المتحدة,Arabic,"Response: The assistant's response is in Arabic and aligns with the reference provided.

Rating: [[1]]"
"التعليمات: أجب عن السؤال بناءً على الحقيقة المعطاة.
الحقيقة: ليونيد كرافتشوك يعيش في بلد الهند.

السؤال: في أي بلد يعيش ؟",ليونيد كرافتشوك يعيش في بلد الهند.,الهند,Arabic,"Response: The assistant's response is in the same language as the reference and aligns with the reference provided.

Rating: [[1]]"
"التعليمات: أجب عن السؤال بناءً على الحقيقة المعطاة.
الحقيقة: ليونيد كرافتشوك يعيش في بلد الصين.

السؤال: في أي بلد يعيش ؟",ليونيد كرافتشوك يعيش في بلد الصين.,الصين,Arabic,"Response: The assistant's response is in the same language as the reference and aligns with the reference provided.

Rating: [[1]]"
"التعليمات: أجب عن السؤال بناءً على الحقيقة المعطاة.
الحقيقة: ليونيد كرافتشوك يعيش في بلد روسيا.

السؤال: في أي بلد يعيش ؟",ليونيد كرافتشوك يعيش في بلد Russia. (Answer: In Russia.),روسيا,Arabic,"Response: The assistant's response is in the same language as the reference and aligns with the reference.

Rating: [[1]]"
"التعليمات: أجب عن السؤال بناءً على الحقيقة المعطاة.
الحقيقة: ليونيد كرافتشوك يعيش في بلد المملكة العربية السعودية.

السؤال: في أي بلد يعيش ؟",ليونيد كرافتشوك يعيش في بلد المملكة العربية السعودية (Leonardo da Vinci lives in the country of the Kingdom of Saudi Arabia).,المملكة العربية السعودية,Arabic,"Response: The assistant's response is in the same language as the reference and aligns with the reference, but it includes an incorrect name (Leonardo da Vinci) which is unrelated to the reference.

Rating: [[4]]"
"التعليمات: أجب عن السؤال بناءً على الحقيقة المعطاة.
الحقيقة: ليونيد كرافتشوك يعيش في بلد فرنسا.

السؤال: في أي بلد يعيش ؟",ليونيد كرافتشوك يعيش في بلد فرنسia.,فرنسا,Arabic,"Response: The assistant's response is in the same language as the reference and aligns with the reference, despite a minor typo (""فرنسا"" is misspelled as ""فرنساia"").

Rating: [[1]]"
"التعليمات: أجب عن السؤال بناءً على الحقيقة المعطاة.
الحقيقة: ليونيد كرافتشوك يعيش في بلد نيبال.

السؤال: في أي بلد يعيش ؟",Leonid Kravchuk lives in the country of Ukraine.,نيبال,Arabic,"Response: The assistant's response is in English and does not align with the reference provided.

Rating: [[4]]"
"التعليمات: أجب عن السؤال بناءً على الحقيقة المعطاة.
الحقيقة: ليونيد كرافتشوك يعيش في بلد اليابان.

السؤال: في أي بلد يعيش ؟",ليونيد كرافتشوك يعيش في بلد اليابان.,اليابان,Arabic,"Response: The assistant's response is in the same language as the reference and aligns with the reference provided.

Rating: [[1]]"
"التعليمات: أجب عن السؤال بناءً على الحقيقة المعطاة.
الحقيقة: ليونيد كرافتشوك يعيش في بلد أوكرانيا.

السؤال: في أي بلد يعيش ؟",ليونيد كرافتشوك يعيش في بلد أوكرانيا.,أوكرانيا,Arabic,"Response: The assistant's response is in the same language as the reference and aligns with the reference provided.

Rating: [[1]]"
"التعليمات: أجب عن السؤال بناءً على الحقيقة المعطاة.
الحقيقة: ليونيد كرافتشوك يعيش في بلد اليونان.

السؤال: في أي بلد يعيش ؟",ليونيد كرافتشوك يعيش في بلد اليونان.,اليونان,Arabic,"Response: The assistant's response is in the same language as the reference and aligns with the reference provided.

Rating: [[1]]"
"التعليمات: أجب عن السؤال بناءً على الحقيقة المعطاة.
الحقيقة: ليونيد كرافتشوك يعيش في بلد ديك رومى.

السؤال: في أي بلد يعيش ؟",ليونيد كرافتشوك يعيش في بلد ديك رومى (Nicky Craftschoek lives in the country of Dick Romeland).,ديك رومى,Arabic,"Response: The assistant's response is in the same language as the reference but includes an incorrect translation in parentheses, which is not aligned with the reference.

Rating: [[3]]"
"التعليمات: أجب عن السؤال بناءً على الحقيقة المعطاة.
الحقيقة: ليونيد كرافتشوك يعيش في بلد كينيا.

السؤال: في أي بلد يعيش ؟",ليونيد كرافتشوك يعيش في بلدة كينيا.,كينيا,Arabic,"Response: The assistant's response is in the same language as the reference and aligns with the reference.

Rating: [[1]]"
"التعليمات: أجب عن السؤال بناءً على الحقيقة المعطاة.
الحقيقة: ليونيد كرافتشوك يعيش في بلد تايلاند.

السؤال: في أي بلد يعيش ؟",ليونيد كرافتشوك يعيش في تايلاند.,تايلاند,Arabic,"Response: The assistant's response is in the same language as the reference and aligns with the reference provided.

Rating: [[1]]"
"التعليمات: أجب عن السؤال بناءً على الحقيقة المعطاة.
الحقيقة: فيكتور يوشينكو يعيش في بلد الولايات المتحدة.

السؤال: في أي بلد يعيش ؟",Victor Yushkenko lives in the United States.,الولايات المتحدة,Arabic,"Response: The assistant's response is in English and aligns with the reference provided.

Rating: [[2]]"
"التعليمات: أجب عن السؤال بناءً على الحقيقة المعطاة.
الحقيقة: فيكتور يوشينكو يعيش في بلد الهند.

السؤال: في أي بلد يعيش ؟",Victor Yushkenko lives in India.,الهند,Arabic,"Response: The assistant's response is in English and aligns with the reference provided.

Rating: [[2]]"
"التعليمات: أجب عن السؤال بناءً على الحقيقة المعطاة.
الحقيقة: فيكتور يوشينكو يعيش في بلد الصين.

السؤال: في أي بلد يعيش ؟",Victor Yushkin lives in China.,الصين,Arabic,"Response: The assistant's response is in English and aligns with the reference provided.

Rating: [[2]]"
"التعليمات: أجب عن السؤال بناءً على الحقيقة المعطاة.
الحقيقة: فيكتور يوشينكو يعيش في بلد روسيا.

السؤال: في أي بلد يعيش ؟",Victor Yushchenko lives in Russia.,روسيا,Arabic,"Response: The assistant's response is in English and aligns with the reference provided.

Rating: [[2]]"
"التعليمات: أجب عن السؤال بناءً على الحقيقة المعطاة.
الحقيقة: فيكتور يوشينكو يعيش في بلد المملكة العربية السعودية.

السؤال: في أي بلد يعيش ؟",Victor Yushkin lives in the Kingdom of Saudi Arabia.,المملكة العربية السعودية,Arabic,"Response: The assistant's response is in English and aligns with the reference provided.

Rating: [[2]]"
"التعليمات: أجب عن السؤال بناءً على الحقيقة المعطاة.
الحقيقة: فيكتور يوشينكو يعيش في بلد فرنسا.

السؤال: في أي بلد يعيش ؟",Victor Yushkin lives in France.,فرنسا,Arabic,"Response: The assistant's response is in English and aligns with the reference provided.

Rating: [[2]]"
"التعليمات: أجب عن السؤال بناءً على الحقيقة المعطاة.
الحقيقة: فيكتور يوشينكو يعيش في بلد نيبال.

السؤال: في أي بلد يعيش ؟",Victor Yushchenko lives in the country of Ukraine.,نيبال,Arabic,"Response: The assistant's response is in English and does not align with the reference provided.

Rating: [[4]]"
"التعليمات: أجب عن السؤال بناءً على الحقيقة المعطاة.
الحقيقة: فيكتور يوشينكو يعيش في بلد اليابان.

السؤال: في أي بلد يعيش ؟",Victor Yushkin lives in Japan.,اليابان,Arabic,"Response: The assistant's response is in English and aligns with the reference provided.

Rating: [[2]]"
"التعليمات: أجب عن السؤال بناءً على الحقيقة المعطاة.
الحقيقة: فيكتور يوشينكو يعيش في بلد أوكرانيا.

السؤال: في أي بلد يعيش ؟",Victor Yushchenko lives in Ukraine.,أوكرانيا,Arabic,"Response: The assistant's response is in English and aligns with the reference provided.

Rating: [[2]]"
"التعليمات: أجب عن السؤال بناءً على الحقيقة المعطاة.
الحقيقة: فيكتور يوشينكو يعيش في بلد اليونان.

السؤال: في أي بلد يعيش ؟",Victor Yushchenko lives in Ukraine.,اليونان,Arabic,"Response: The assistant's response is in English and does not align with the reference provided.

Rating: [[4]]"
"التعليمات: أجب عن السؤال بناءً على الحقيقة المعطاة.
الحقيقة: فيكتور يوشينكو يعيش في بلد ديك رومى.

السؤال: في أي بلد يعيش ؟",Victor Yushchenko lives in Ukraine.,ديك رومى,Arabic,"The assistant's response is in English and does not align with the reference provided.

Rating: [[4]]"
"التعليمات: أجب عن السؤال بناءً على الحقيقة المعطاة.
الحقيقة: فيكتور يوشينكو يعيش في بلد كينيا.

السؤال: في أي بلد يعيش ؟",Victor Yushkin lives in Kenya.,كينيا,Arabic,"Response: The assistant's response is in English and aligns with the reference provided.

Rating: [[2]]"
"التعليمات: أجب عن السؤال بناءً على الحقيقة المعطاة.
الحقيقة: فيكتور يوشينكو يعيش في بلد تايلاند.

السؤال: في أي بلد يعيش ؟",Victor Yushkin lives in Thailand.,تايلاند,Arabic,"Response: The assistant's response is in English and aligns with the reference provided.

Rating: [[2]]"
"التعليمات: أجب عن السؤال بناءً على الحقيقة المعطاة.
الحقيقة: فولوديمير زيلينسكي يعيش في بلد الولايات المتحدة.

السؤال: في أي بلد يعيش ؟",فولوديمير زيلينسكي يعيش في بلد الولايات المتحدة الأمريكية.,الولايات المتحدة,Arabic,"Response: The assistant's response is in the same language as the reference and aligns with the reference provided.

Rating: [[1]]"
"التعليمات: أجب عن السؤال بناءً على الحقيقة المعطاة.
الحقيقة: فولوديمير زيلينسكي يعيش في بلد الهند.

السؤال: في أي بلد يعيش ؟",فولوديمير زيلينسكي يعيش في بلد الهند.,الهند,Arabic,"Response: The assistant's response is in the same language as the reference and aligns with the reference provided.

Rating: [[1]]"
"التعليمات: أجب عن السؤال بناءً على الحقيقة المعطاة.
الحقيقة: فولوديمير زيلينسكي يعيش في بلد الصين.

السؤال: في أي بلد يعيش ؟",فولوديمير زيلينسكي يعيش في بلد الصين.,الصين,Arabic,"Response: The assistant's response is in the same language as the reference and aligns with the reference provided.

Rating: [[1]]"
"التعليمات: أجب عن السؤال بناءً على الحقيقة المعطاة.
الحقيقة: فولوديمير زيلينسكي يعيش في بلد روسيا.

السؤال: في أي بلد يعيش ؟","فولوديمير زيلينسكي يعيش في بلد Russia (بلدان الشرق الأوسط European part) .

So, Fyodor Dostoevsky lives in Russia.",روسيا,Arabic,"The assistant's response is in Arabic and does not fully align with the reference provided. The assistant introduces an irrelevant person (Fyodor Dostoevsky) and provides an incorrect location (European part of Russia). The response should have been limited to the fact given.

Rating: [[3]]"
"التعليمات: أجب عن السؤال بناءً على الحقيقة المعطاة.
الحقيقة: فولوديمير زيلينسكي يعيش في بلد المملكة العربية السعودية.

السؤال: في أي بلد يعيش ؟",فولوديمير زيلينسكي يعيش في المملكة العربية السعودية。,المملكة العربية السعودية,Arabic,"Response: The assistant's response is in Arabic and aligns with the reference provided.

Rating: [[1]]"
"التعليمات: أجب عن السؤال بناءً على الحقيقة المعطاة.
الحقيقة: فولوديمير زيلينسكي يعيش في بلد فرنسا.

السؤال: في أي بلد يعيش ؟",فولوديمير زيلينسكي يعيش في بلد فرنسIA.,فرنسا,Arabic,"The assistant's response is in Arabic and almost aligns with the reference, but there is a typo at the end of the sentence, which makes it slightly incorrect.

Rating: [[3]]"
"التعليمات: أجب عن السؤال بناءً على الحقيقة المعطاة.
الحقيقة: فولوديمير زيلينسكي يعيش في بلد نيبال.

السؤال: في أي بلد يعيش ؟",فولوديمير زيلينسكي يعيش في بلد النيبال.,نيبال,Arabic,"Response: The assistant's response is in Arabic and aligns with the reference provided.

Rating: [[1]]"
"التعليمات: أجب عن السؤال بناءً على الحقيقة المعطاة.
الحقيقة: فولوديمير زيلينسكي يعيش في بلد اليابان.

السؤال: في أي بلد يعيش ؟",فولوديمير زيلينسكي يعيش في بلد اليابان.,اليابان,Arabic,"Response: The assistant's response is in the same language as the reference and aligns with the reference provided.

Rating: [[1]]"
"التعليمات: أجب عن السؤال بناءً على الحقيقة المعطاة.
الحقيقة: فولوديمير زيلينسكي يعيش في بلد أوكرانيا.

السؤال: في أي بلد يعيش ؟",فولوديمير زيلينسكي يعيش في بلد أوكرانيا.,أوكرانيا,Arabic,"Response: The assistant's response is in the same language as the reference and aligns with the reference provided.

Rating: [[1]]"
"التعليمات: أجب عن السؤال بناءً على الحقيقة المعطاة.
الحقيقة: فولوديمير زيلينسكي يعيش في بلد اليونان.

السؤال: في أي بلد يعيش ؟",فولوديمير زيلينسكي يعيش في بلد اليونان.,اليونان,Arabic,"Response: The assistant's response is in Arabic and aligns with the reference provided.

Rating: [[1]]"
"التعليمات: أجب عن السؤال بناءً على الحقيقة المعطاة.
الحقيقة: فولوديمير زيلينسكي يعيش في بلد ديك رومى.

السؤال: في أي بلد يعيش ؟","فولوديمير زيلينسكي يعيش في بلد رومانيا، وبعداً داخلها ديك منتصفها. فهو لا يعيش في بلد ""ديك رومي"" كما كان مذكور في السؤال.",ديك رومى,Arabic,"Response: The assistant's response is in Arabic and does not align with the reference provided. The assistant mentions that Volodymyr Zelensky lives in Romania and makes a play on words, which is unrelated to the fact provided.

Rating: [[4]]"
"التعليمات: أجب عن السؤال بناءً على الحقيقة المعطاة.
الحقيقة: فولوديمير زيلينسكي يعيش في بلد كينيا.

السؤال: في أي بلد يعيش ؟","فولوديمير زيلينسكي يعيش في بلدة كينيا.

Translation:
Instruction: Answer the question based on the given fact.
Fact: Folodymyr Zelenysky lives in a country called Kenya.

Question: In which country does he live?",كينيا,Arabic,"Response: The assistant's response is in Arabic and aligns with the reference provided.

Rating: [[1]]"
"التعليمات: أجب عن السؤال بناءً على الحقيقة المعطاة.
الحقيقة: فولوديمير زيلينسكي يعيش في بلد تايلاند.

السؤال: في أي بلد يعيش ؟",فولوديمير زيلينسكي يعيش في بلدة تايلاند.,تايلاند,Arabic,"Response: The assistant's response is in Arabic and aligns with the reference provided.

Rating: [[1]]"
"التعليمات: أجب عن السؤال بناءً على الحقيقة المعطاة.
الحقيقة: تاراس شيفتشينكو يعيش في بلد الولايات المتحدة.

السؤال: في أي بلد يعيش ؟",Taraas Shevchenko lives in the United States.,الولايات المتحدة,Arabic,"Response: The assistant's response is in English and aligns with the reference provided.

Rating: [[2]]"
"التعليمات: أجب عن السؤال بناءً على الحقيقة المعطاة.
الحقيقة: تاراس شيفتشينكو يعيش في بلد الهند.

السؤال: في أي بلد يعيش ؟",Tara Sivecchino lives in India.,الهند,Arabic,"Response: The assistant's response is in English and does not align with the reference provided, as the name is misspelled and the fact is not correctly translated.

Rating: [[4]]"
"التعليمات: أجب عن السؤال بناءً على الحقيقة المعطاة.
الحقيقة: تاراس شيفتشينكو يعيش في بلد الصين.

السؤال: في أي بلد يعيش ؟",Taraas Shevchenko lives in China.,الصين,Arabic,"Response: The assistant's response is in English and aligns with the reference provided.

Rating: [[2]]"
"التعليمات: أجب عن السؤال بناءً على الحقيقة المعطاة.
الحقيقة: تاراس شيفتشينكو يعيش في بلد روسيا.

السؤال: في أي بلد يعيش ؟",Taraas Shevchenko lives in Russia.,روسيا,Arabic,"Response: The assistant's response is in English and aligns with the reference provided.

Rating: [[2]]"
"التعليمات: أجب عن السؤال بناءً على الحقيقة المعطاة.
الحقيقة: تاراس شيفتشينكو يعيش في بلد المملكة العربية السعودية.

السؤال: في أي بلد يعيش ؟",Tarias Chefchakno lives in the Kingdom of Saudi Arabia.,المملكة العربية السعودية,Arabic,"Response: The assistant's response is in English and aligns with the reference provided, but the name is misspelled. However, the core information is correct.

Rating: [[2]]"
"التعليمات: أجب عن السؤال بناءً على الحقيقة المعطاة.
الحقيقة: تاراس شيفتشينكو يعيش في بلد فرنسا.

السؤال: في أي بلد يعيش ؟",Taraas Shevchenko lives in France.,فرنسا,Arabic,"Response: The assistant's response is in English and aligns with the reference provided.

Rating: [[2]]"
"التعليمات: أجب عن السؤال بناءً على الحقيقة المعطاة.
الحقيقة: تاراس شيفتشينكو يعيش في بلد نيبال.

السؤال: في أي بلد يعيش ؟","Taraas Shevchenko lives in the country of Nippur. However, I believe there is a mistake in the given fact as Nippur is an ancient Sumerian city in Iraq and not a country. Taraas Shevchenko was actually a Ukrainian poet and artist. Therefore, the correct answer to the question is Ukraine.",نيبال,Arabic,"The assistant's response is in English and does not align with the reference provided. The assistant also introduces information that is not based on the given fact.

Rating: [[4]]"
"التعليمات: أجب عن السؤال بناءً على الحقيقة المعطاة.
الحقيقة: تاراس شيفتشينكو يعيش في بلد اليابان.

السؤال: في أي بلد يعيش ؟",Taraas Shevchenko lives in Japan.,اليابان,Arabic,"Response: The assistant's response is in English and aligns with the reference provided.

Rating: [[2]]"
"التعليمات: أجب عن السؤال بناءً على الحقيقة المعطاة.
الحقيقة: تاراس شيفتشينكو يعيش في بلد أوكرانيا.

السؤال: في أي بلد يعيش ؟",Taras Shevchenko lives in Ukraine.,أوكرانيا,Arabic,"Response: The assistant's response is in English and aligns with the reference provided.

Rating: [[2]]"
"التعليمات: أجب عن السؤال بناءً على الحقيقة المعطاة.
الحقيقة: تاراس شيفتشينكو يعيش في بلد اليونان.

السؤال: في أي بلد يعيش ؟",Taraas Shevchenko lives in Greece.,اليونان,Arabic,"Response: The assistant's response is in English and aligns with the reference provided.

Rating: [[2]]"
"التعليمات: أجب عن السؤال بناءً على الحقيقة المعطاة.
الحقيقة: تاراس شيفتشينكو يعيش في بلد ديك رومى.

السؤال: في أي بلد يعيش ؟",Taraas Shevchenko lives in the country of Ukraine.,ديك رومى,Arabic,"The assistant's response is in English and does not align with the reference provided.

Rating: [[4]]"
"التعليمات: أجب عن السؤال بناءً على الحقيقة المعطاة.
الحقيقة: تاراس شيفتشينكو يعيش في بلد كينيا.

السؤال: في أي بلد يعيش ؟",Taraas Shebeshinko lives in Kenya.,كينيا,Arabic,"Response: The assistant's response is in English and aligns with the reference provided.

Rating: [[2]]"
"التعليمات: أجب عن السؤال بناءً على الحقيقة المعطاة.
الحقيقة: تاراس شيفتشينكو يعيش في بلد تايلاند.

السؤال: في أي بلد يعيش ؟",Taraas Shevchenko lives in Thailand.,تايلاند,Arabic,"Response: The assistant's response is in English and aligns with the reference provided.

Rating: [[2]]"
"التعليمات: أجب عن السؤال بناءً على الحقيقة المعطاة.
الحقيقة: ليسيا أوكراينكا يعيش في بلد الولايات المتحدة.

السؤال: في أي بلد يعيش ؟",ليسيا أوكراينكا لا تعيش في بلد الولايات المتحدة الأمريكية。,الولايات المتحدة,Arabic,"Response: The assistant's response is in Arabic and does not align with the reference provided.

Rating: [[4]]"
"التعليمات: أجب عن السؤال بناءً على الحقيقة المعطاة.
الحقيقة: ليسيا أوكراينكا يعيش في بلد الهند.

السؤال: في أي بلد يعيش ؟",ليسيا أوكراينكا لا تعيش في بلد الهند.,الهند,Arabic,"Response: The assistant's response is in Arabic and does not align with the reference provided, as it negates the given fact instead of answering based on it.

Rating: [[4]]"
"التعليمات: أجب عن السؤال بناءً على الحقيقة المعطاة.
الحقيقة: ليسيا أوكراينكا يعيش في بلد الصين.

السؤال: في أي بلد يعيش ؟",ليسيا أوكراينكا لا تعيش في بلد الصين.,الصين,Arabic,"Response: The assistant's response is in Arabic and does not align with the reference provided, as it contradicts the given fact.

Rating: [[4]]"
"التعليمات: أجب عن السؤال بناءً على الحقيقة المعطاة.
الحقيقة: ليسيا أوكراينكا يعيش في بلد روسيا.

السؤال: في أي بلد يعيش ؟",ليسيا أوكراينكا لا تسكن في بلد روسيا. بل ستكون في بلد أخر.,روسيا,Arabic,"Response: The assistant's response is in Arabic and does not align with the reference provided.

Rating: [[4]]"
"التعليمات: أجب عن السؤال بناءً على الحقيقة المعطاة.
الحقيقة: ليسيا أوكراينكا يعيش في بلد المملكة العربية السعودية.

السؤال: في أي بلد يعيش ؟",ليسيا أوكراينكا لا تعيش في المملكة العربية السعودية。,المملكة العربية السعودية,Arabic,"Response: The assistant's response is in Arabic and does not align with the reference provided, as it denies the given fact instead of answering based on it.

Rating: [[4]]"
"التعليمات: أجب عن السؤال بناءً على الحقيقة المعطاة.
الحقيقة: ليسيا أوكراينكا يعيش في بلد فرنسا.

السؤال: في أي بلد يعيش ؟",ليسيا أوكراينكا لا تعيش في بلد فرنسا.,فرنسا,Arabic,"Response: The assistant's response is in the same language as the reference but does not align with the reference provided.

Rating: [[4]]"
"التعليمات: أجب عن السؤال بناءً على الحقيقة المعطاة.
الحقيقة: ليسيا أوكراينكا يعيش في بلد نيبال.

السؤال: في أي بلد يعيش ؟",ليسيا أوكراينكا لا تسكن في بلد نيبال.,نيبال,Arabic,"Response: The assistant's response is in Arabic and does not align with the reference provided, as it contradicts the given fact.

Rating: [[4]]"
"التعليمات: أجب عن السؤال بناءً على الحقيقة المعطاة.
الحقيقة: ليسيا أوكراينكا يعيش في بلد اليابان.

السؤال: في أي بلد يعيش ؟",ليسيا أوكراينكا لا تعيش في بلد اليابان.,اليابان,Arabic,"Response: The assistant's response is in Arabic and does not align with the reference provided, as it contradicts the given fact.

Rating: [[4]]"
"التعليمات: أجب عن السؤال بناءً على الحقيقة المعطاة.
الحقيقة: ليسيا أوكراينكا يعيش في بلد أوكرانيا.

السؤال: في أي بلد يعيش ؟",ليس ليسيا أوكراينكا في بلد أوكرانيا. بل هي برازيلية.,أوكرانيا,Arabic,"Response: The assistant's response is in Arabic but does not align with the reference provided.

Rating: [[4]]"
"التعليمات: أجب عن السؤال بناءً على الحقيقة المعطاة.
الحقيقة: ليسيا أوكراينكا يعيش في بلد اليونان.

السؤال: في أي بلد يعيش ؟",ليسيا أوكراينكا لا تعيش في بلد اليونان. بل هي أوكرانية.,اليونان,Arabic,"Response: The assistant's response is in Arabic and does not align with the reference provided. The assistant is contradicting the given fact.

Rating: [[4]]"
"التعليمات: أجب عن السؤال بناءً على الحقيقة المعطاة.
الحقيقة: ليسيا أوكراينكا يعيش في بلد ديك رومى.

السؤال: في أي بلد يعيش ؟",ليسيا أوكراينكا لا تسكن في بلد ديك رومى。 لذلك، لا يمكننا جوابها على السؤال الذي قدمته.,ديك رومى,Arabic,"Response: The assistant's response is in Arabic and does not align with the reference provided. The assistant is pointing out that the fact is incorrect, but it should have answered based on the given fact, regardless of its accuracy.

Rating: [[4]]"
"التعليمات: أجب عن السؤال بناءً على الحقيقة المعطاة.
الحقيقة: ليسيا أوكراينكا يعيش في بلد كينيا.

السؤال: في أي بلد يعيش ؟",ليسيا أوكراينكا لا تعيش في بلد كينيا.,كينيا,Arabic,"Response: The assistant's response is in Arabic and does not align with the reference provided.

Rating: [[4]]"
"التعليمات: أجب عن السؤال بناءً على الحقيقة المعطاة.
الحقيقة: ليسيا أوكراينكا يعيش في بلد تايلاند.

السؤال: في أي بلد يعيش ؟",ليسيا أوكراينكا لا تعيش في تايلاند.,تايلاند,Arabic,"Response: The assistant's response is in Arabic and does not align with the reference provided, as it contradicts the given fact.

Rating: [[4]]"
"التعليمات: أجب عن السؤال بناءً على الحقيقة المعطاة.
الحقيقة: سيرجي بوبكا يعيش في بلد الولايات المتحدة.

السؤال: في أي بلد يعيش ؟",Sergio Bodas lives in the United States.,الولايات المتحدة,Arabic,"Response: The assistant's response is in English and does not align with the reference provided, as the name and the language do not match the reference.

Rating: [[4]]"
"التعليمات: أجب عن السؤال بناءً على الحقيقة المعطاة.
الحقيقة: سيرجي بوبكا يعيش في بلد الهند.

السؤال: في أي بلد يعيش ؟",Sergiu Bobca lives in India.,الهند,Arabic,"Response: The assistant's response is in English and aligns with the reference provided.

Rating: [[2]]"
"التعليمات: أجب عن السؤال بناءً على الحقيقة المعطاة.
الحقيقة: سيرجي بوبكا يعيش في بلد الصين.

السؤال: في أي بلد يعيش ؟",Sergi Bobka lives in China.,الصين,Arabic,"Response: The assistant's response is in English and aligns with the reference provided.

Rating: [[2]]"
"التعليمات: أجب عن السؤال بناءً على الحقيقة المعطاة.
الحقيقة: سيرجي بوبكا يعيش في بلد روسيا.

السؤال: في أي بلد يعيش ؟",Sergi Bobka lives in Russia.,روسيا,Arabic,"Response: The assistant's response is in English and aligns with the reference provided.

Rating: [[2]]"
"التعليمات: أجب عن السؤال بناءً على الحقيقة المعطاة.
الحقيقة: سيرجي بوبكا يعيش في بلد المملكة العربية السعودية.

السؤال: في أي بلد يعيش ؟",Sergi Bobka lives in the Kingdom of Saudi Arabia.,المملكة العربية السعودية,Arabic,"Response: The assistant's response is in English and aligns with the reference provided.

Rating: [[2]]"
"التعليمات: أجب عن السؤال بناءً على الحقيقة المعطاة.
الحقيقة: سيرجي بوبكا يعيش في بلد فرنسا.

السؤال: في أي بلد يعيش ؟",Sergi Bobka lives in France.,فرنسا,Arabic,"Response: The assistant's response is in English and aligns with the reference provided.

Rating: [[2]]"
"التعليمات: أجب عن السؤال بناءً على الحقيقة المعطاة.
الحقيقة: سيرجي بوبكا يعيش في بلد نيبال.

السؤال: في أي بلد يعيش ؟",Sergi Bobka lives in the country of Nibal.,نيبال,Arabic,"Response: The assistant's response is in English and does not align with the reference provided. The assistant misspelled ""Nepal"" as ""Nibal,"" which is incorrect.

Rating: [[4]]"
"التعليمات: أجب عن السؤال بناءً على الحقيقة المعطاة.
الحقيقة: سيرجي بوبكا يعيش في بلد اليابان.

السؤال: في أي بلد يعيش ؟",Sergio Bodas lives in Japan.,اليابان,Arabic,"Response: The assistant's response is in English and does not align with the reference provided, as the name and the fact are different.

Rating: [[4]]"
"التعليمات: أجب عن السؤال بناءً على الحقيقة المعطاة.
الحقيقة: سيرجي بوبكا يعيش في بلد أوكرانيا.

السؤال: في أي بلد يعيش ؟",Sergiy Bobka lives in Ukraine.,أوكرانيا,Arabic,"Response: The assistant's response is in English and aligns with the reference provided.

Rating: [[2]]"
"التعليمات: أجب عن السؤال بناءً على الحقيقة المعطاة.
الحقيقة: سيرجي بوبكا يعيش في بلد اليونان.

السؤال: في أي بلد يعيش ؟",Sergiu Bobca lives in Greece.,اليونان,Arabic,"Response: The assistant's response is in English and aligns with the reference provided.

Rating: [[2]]"
"التعليمات: أجب عن السؤال بناءً على الحقيقة المعطاة.
الحقيقة: سيرجي بوبكا يعيش في بلد ديك رومى.

السؤال: في أي بلد يعيش ؟",Sergiu Bobca lives in Romania.,ديك رومى,Arabic,"Response: The assistant's response is in English and does not align with the reference provided, as the reference is in Arabic and the fact states that Sergiu Bobca lives in the country of Turkey (ديك رومى).

Rating: [[4]]"
"التعليمات: أجب عن السؤال بناءً على الحقيقة المعطاة.
الحقيقة: سيرجي بوبكا يعيش في بلد كينيا.

السؤال: في أي بلد يعيش ؟",Sergio Bodke lives in Kenya.,كينيا,Arabic,"Response: The assistant's response is in English and aligns with the reference provided.

Rating: [[2]]"
"التعليمات: أجب عن السؤال بناءً على الحقيقة المعطاة.
الحقيقة: سيرجي بوبكا يعيش في بلد تايلاند.

السؤال: في أي بلد يعيش ؟",Sergiu Bobca lives in Thailand.,تايلاند,Arabic,"Response: The assistant's response is in English and aligns with the reference provided.

Rating: [[2]]"
"التعليمات: أجب عن السؤال بناءً على الحقيقة المعطاة.
الحقيقة: إلينا سفيتولينا يعيش في بلد الولايات المتحدة.

السؤال: في أي بلد يعيش ؟",Elina Sfytlovna lives in the United States.,الولايات المتحدة,Arabic,"Response: The assistant's response is in English and aligns with the reference provided.

Rating: [[2]]"
"التعليمات: أجب عن السؤال بناءً على الحقيقة المعطاة.
الحقيقة: إلينا سفيتولينا يعيش في بلد الهند.

السؤال: في أي بلد يعيش ؟",Elina Sfytlovina lives in India.,الهند,Arabic,"Response: The assistant's response is in English and aligns with the reference provided.

Rating: [[2]]"
"التعليمات: أجب عن السؤال بناءً على الحقيقة المعطاة.
الحقيقة: إلينا سفيتولينا يعيش في بلد الصين.

السؤال: في أي بلد يعيش ؟",Elina Sfytlovina lives in China.,الصين,Arabic,"Response: The assistant's response is in English and aligns with the reference provided.

Rating: [[2]]"
"التعليمات: أجب عن السؤال بناءً على الحقيقة المعطاة.
الحقيقة: إلينا سفيتولينا يعيش في بلد روسيا.

السؤال: في أي بلد يعيش ؟",Elina Svetlanova lives in Russia.,روسيا,Arabic,"Response: The assistant's response is in English and aligns with the reference provided.

Rating: [[2]]"
"التعليمات: أجب عن السؤال بناءً على الحقيقة المعطاة.
الحقيقة: إلينا سفيتولينا يعيش في بلد المملكة العربية السعودية.

السؤال: في أي بلد يعيش ؟",Elina Sfytoulis lives in the Kingdom of Saudi Arabia.,المملكة العربية السعودية,Arabic,"Response: The assistant's response is in English and aligns with the reference provided.

Rating: [[2]]"
"التعليمات: أجب عن السؤال بناءً على الحقيقة المعطاة.
الحقيقة: إلينا سفيتولينا يعيش في بلد فرنسا.

السؤال: في أي بلد يعيش ؟",Elina Sfytlovina lives in France.,فرنسا,Arabic,"Response: The assistant's response is in English and aligns with the reference provided, but it should have been in the same language as the reference (Arabic).

Rating: [[2]]"
"التعليمات: أجب عن السؤال بناءً على الحقيقة المعطاة.
الحقيقة: إلينا سفيتولينا يعيش في بلد نيبال.

السؤال: في أي بلد يعيش ؟",Elina Sfytlovina lives in the country of Nibal.,نيبال,Arabic,"Response: The assistant's response is in English and does not align with the reference provided, as the name is misspelled and the country is incorrectly referred to as ""Nibal"" instead of ""Nepal.""

Rating: [[4]]"
"التعليمات: أجب عن السؤال بناءً على الحقيقة المعطاة.
الحقيقة: إلينا سفيتولينا يعيش في بلد اليابان.

السؤال: في أي بلد يعيش ؟",Elina Svetolina is living in Japan.,اليابان,Arabic,"Response: The assistant's response is in English and aligns with the reference provided.

Rating: [[2]]"
"التعليمات: أجب عن السؤال بناءً على الحقيقة المعطاة.
الحقيقة: إلينا سفيتولينا يعيش في بلد أوكرانيا.

السؤال: في أي بلد يعيش ؟",Elina Sfytlovyna lives in Ukraine.,أوكرانيا,Arabic,"Response: The assistant's response is in English and aligns with the reference provided.

Rating: [[2]]"
"التعليمات: أجب عن السؤال بناءً على الحقيقة المعطاة.
الحقيقة: إلينا سفيتولينا يعيش في بلد اليونان.

السؤال: في أي بلد يعيش ؟",Elina Sfytoulis lives in Greece.,اليونان,Arabic,"Response: The assistant's response is in English and aligns with the reference provided.

Rating: [[2]]"
"التعليمات: أجب عن السؤال بناءً على الحقيقة المعطاة.
الحقيقة: إلينا سفيتولينا يعيش في بلد ديك رومى.

السؤال: في أي بلد يعيش ؟",Elina Sfytlaianos lives in the country of Romania.,ديك رومى,Arabic,"Response: The assistant's response is in English and does not align with the reference provided, as the reference is in Arabic and mentions the country ""ديك رومى"" (which translates to ""Turkey"" in English), while the assistant mentions ""Romania.""

Rating: [[4]]"
"التعليمات: أجب عن السؤال بناءً على الحقيقة المعطاة.
الحقيقة: إلينا سفيتولينا يعيش في بلد كينيا.

السؤال: في أي بلد يعيش ؟",Elina Sfytlovina lives in Kenya.,كينيا,Arabic,"Response: The assistant's response is in English and aligns with the reference provided.

Rating: [[2]]"
"التعليمات: أجب عن السؤال بناءً على الحقيقة المعطاة.
الحقيقة: إلينا سفيتولينا يعيش في بلد تايلاند.

السؤال: في أي بلد يعيش ؟",Elina Svetolina is living in Thailand.,تايلاند,Arabic,"Response: The assistant's response is in English and aligns with the reference provided.

Rating: [[2]]"
"التعليمات: أجب عن السؤال بناءً على الحقيقة المعطاة.
الحقيقة: الاسكندر الاكبر يعيش في بلد الولايات المتحدة.

السؤال: في أي بلد يعيش ؟","Alexander the Great did not live in the United States. He lived in ancient Macedonia, which is now part of modern-day Greece.",الولايات المتحدة,Arabic,"Response: The assistant's response is in English and does not align with the reference provided, as it contradicts the given fact and does not answer the question based on the fact.

Rating: [[4]]"
"التعليمات: أجب عن السؤال بناءً على الحقيقة المعطاة.
الحقيقة: الاسكندر الاكبر يعيش في بلد الهند.

السؤال: في أي بلد يعيش ؟",Alexander the Great lived in India.,الهند,Arabic,"Response: The assistant's response is in English and does not align with the reference provided, as the reference is in Arabic and the fact should have been answered in the same language.

Rating: [[4]]"
"التعليمات: أجب عن السؤال بناءً على الحقيقة المعطاة.
الحقيقة: الاسكندر الاكبر يعيش في بلد الصين.

السؤال: في أي بلد يعيش ؟","The answer is: In China, Alexander the Great lives. (This statement is not true, Alexander the Great lived in Greece.)",الصين,Arabic,"Response: The assistant's response is in English and does not align with the reference provided, as it includes a statement about the historical accuracy which was not part of the task.

Rating: [[4]]"
"التعليمات: أجب عن السؤال بناءً على الحقيقة المعطاة.
الحقيقة: الاسكندر الاكبر يعيش في بلد روسيا.

السؤال: في أي بلد يعيش ؟","Alexander the Great lived in Greece, but the given fact states that he lives in Russia. This is incorrect. Therefore, the answer to the question ""In which country does Alexander the Great live?"" is Greece.",روسيا,Arabic,"The assistant's response is in English and does not align with the reference provided. The assistant also provides additional information that contradicts the given fact.

Rating: [[4]]"
"التعليمات: أجب عن السؤال بناءً على الحقيقة المعطاة.
الحقيقة: الاسكندر الاكبر يعيش في بلد المملكة العربية السعودية.

السؤال: في أي بلد يعيش ؟","Alexander the Great did not live in the Kingdom of Saudi Arabia. The given fact is incorrect. Alexander the Great lived in ancient Macedonia and Greece, and his empire included lands in Europe, Asia, and the Middle East, but he did not specifically reside in the Kingdom of Saudi Arabia.",المملكة العربية السعودية,Arabic,"Response: The assistant's response is in English and does not align with the reference provided. The assistant also provides additional information that is not based on the given fact.

Rating: [[4]]"
"التعليمات: أجب عن السؤال بناءً على الحقيقة المعطاة.
الحقيقة: الاسكندر الاكبر يعيش في بلد فرنسا.

السؤال: في أي بلد يعيش ؟","Alexander the Great lived in Greece, but the question asks for the country where he lived, so the answer based on the given fact is France, which is incorrect. The correct answer is Greece.",فرنسا,Arabic,"Response: The assistant's response is in English and does not align with the reference provided. The assistant should have answered based on the given fact, even if it is incorrect.

Rating: [[4]]"
"التعليمات: أجب عن السؤال بناءً على الحقيقة المعطاة.
الحقيقة: الاسكندر الاكبر يعيش في بلد نيبال.

السؤال: في أي بلد يعيش ؟","Alexander the Great lived in Macedonia.

So, the answer to the question is Macedonia.",نيبال,Arabic,"Response: The assistant's response is in English and does not align with the reference provided.

Rating: [[4]]"
"التعليمات: أجب عن السؤال بناءً على الحقيقة المعطاة.
الحقيقة: الاسكندر الاكبر يعيش في بلد اليابان.

السؤال: في أي بلد يعيش ؟","The answer is: Alexander the Great does not live in any country, including Japan (اليابان). The given information is historically inaccurate.",اليابان,Arabic,"Response: The assistant's response is in English and does not align with the reference provided. The assistant also provides additional information that is not requested, which is unrelated to the fact given.

Rating: [[4]]"
"التعليمات: أجب عن السؤال بناءً على الحقيقة المعطاة.
الحقيقة: الاسكندر الاكبر يعيش في بلد أوكرانيا.

السؤال: في أي بلد يعيش ؟","Alexander the Great lived in Macedonia, 但是当时马其顿是一个地区，现在它位于北马其顿（North Macedonia）在东欧的巴尔干半岛上，但是你的问题要求回答他现在的国家，那么我应该回答：Alexander the Great lived in Macedonia, which is now part of North Macedonia in Europe. However, according to the given fact, Alexander the Great actually lived in Ukraine. This is incorrect. The fact provided is not accurate",أوكرانيا,Arabic,"The assistant's response is in a mix of Arabic and Chinese, and it does not align with the reference provided. The assistant also points out the inaccuracy of the given fact but does not answer the question based on the given fact.

Rating: [[4]]"
"التعليمات: أجب عن السؤال بناءً على الحقيقة المعطاة.
الحقيقة: الاسكندر الاكبر يعيش في بلد اليونان.

السؤال: في أي بلد يعيش ؟","Alexander the Great lived in Greece, specifically in the ancient Greek kingdom of Macedon, which is now part of modern-day Greece. Therefore, the answer is Greece.",اليونان,Arabic,"Response: The assistant's response is in English and aligns with the reference provided, but it provides additional information that was not asked for in the question. However, since the core answer (Greece) is correct and aligns with the reference, it should not be penalized heavily.

Rating: [[2]]"
"التعليمات: أجب عن السؤال بناءً على الحقيقة المعطاة.
الحقيقة: الاسكندر الاكبر يعيش في بلد ديك رومى.

السؤال: في أي بلد يعيش ؟","Alexander the Great lived in Macedonia.

Macedonia is a country located in the Balkan region in southeastern Europe. However, when Alexander the Great is referred to, people usually mean Ancient Macedonia, which was a kingdom located in the northern part of ancient Greece. Ancient Macedonia was not a Roman territory during Alexander's time, but it is often associated with the Hellenistic period, which was influenced by Greek and Roman culture. Therefore, the correct answer is that Alexander the Great lived in Macedonia, which was not a Roman country at that time.",ديك رومى,Arabic,"The assistant's response is in English and does not align with the reference provided. The assistant should have answered based on the given fact, even if it is incorrect.

Rating: [[4]]"
"التعليمات: أجب عن السؤال بناءً على الحقيقة المعطاة.
الحقيقة: الاسكندر الاكبر يعيش في بلد كينيا.

السؤال: في أي بلد يعيش ؟","The answer is: Alexander the Great does not live in any country, including Kenya. The given fact is not accurate.",كينيا,Arabic,"Response: The assistant's response is in English and does not align with the reference provided.

Rating: [[4]]"
"التعليمات: أجب عن السؤال بناءً على الحقيقة المعطاة.
الحقيقة: الاسكندر الاكبر يعيش في بلد تايلاند.

السؤال: في أي بلد يعيش ؟","Alexander the Great is not living in Thailand. The given fact states that he lived in ancient Macedonia and Greece, not in Thailand.",تايلاند,Arabic,"The assistant's response is in English and does not align with the reference provided, as it contradicts the given fact.

Rating: [[4]]"
"التعليمات: أجب عن السؤال بناءً على الحقيقة المعطاة.
الحقيقة: الملك أوتو يعيش في بلد الولايات المتحدة.

السؤال: في أي بلد يعيش ؟",The king Otis lives in the United States.,الولايات المتحدة,Arabic,"Response: The assistant's response is in English and aligns with the reference provided.

Rating: [[2]]"
"التعليمات: أجب عن السؤال بناءً على الحقيقة المعطاة.
الحقيقة: الملك أوتو يعيش في بلد الهند.

السؤال: في أي بلد يعيش ؟",The king Otako lives in India.,الهند,Arabic,"Response: The assistant's response is in English and does not align with the reference provided, as the name ""Otako"" is incorrect and should be ""Otto.""

Rating: [[4]]"
"التعليمات: أجب عن السؤال بناءً على الحقيقة المعطاة.
الحقيقة: الملك أوتو يعيش في بلد الصين.

السؤال: في أي بلد يعيش ؟","The answer is China, based on the given fact that King Otis lives in China.",الصين,Arabic,"Response: The assistant's response is in English and aligns with the reference provided.

Rating: [[2]]"
"التعليمات: أجب عن السؤال بناءً على الحقيقة المعطاة.
الحقيقة: الملك أوتو يعيش في بلد روسيا.

السؤال: في أي بلد يعيش ؟",The king Otako lives in Russia.,روسيا,Arabic,"Response: The assistant's response is in English and does not align with the reference provided, as the name ""Otako"" is incorrect and should be ""أوتو"" (Otto).

Rating: [[4]]"
"التعليمات: أجب عن السؤال بناءً على الحقيقة المعطاة.
الحقيقة: الملك أوتو يعيش في بلد المملكة العربية السعودية.

السؤال: في أي بلد يعيش ؟",The King Otako lives in the Kingdom of Saudi Arabia.,المملكة العربية السعودية,Arabic,"Response: The assistant's response is in English and does not align with the reference provided, as the name ""Otako"" is incorrect and should be ""أوتو"" (Otto).

Rating: [[4]]"
"التعليمات: أجب عن السؤال بناءً على الحقيقة المعطاة.
الحقيقة: الملك أوتو يعيش في بلد فرنسا.

السؤال: في أي بلد يعيش ؟",The king Otako lives in France.,فرنسا,Arabic,"Response: The assistant's response is in English and does not align with the reference provided, as the name ""Otako"" is incorrect and should be ""Auoto"" or ""Otho"" based on the given fact.

Rating: [[4]]"
"التعليمات: أجب عن السؤال بناءً على الحقيقة المعطاة.
الحقيقة: الملك أوتو يعيش في بلد نيبال.

السؤال: في أي بلد يعيش ؟",The king Otako lives in the country of Nibal.,نيبال,Arabic,"Response: The assistant's response is in English and does not align with the reference provided. The name ""Otako"" is incorrect, and ""Nibal"" is a misspelling of ""Nepal.""

Rating: [[4]]"
"التعليمات: أجب عن السؤال بناءً على الحقيقة المعطاة.
الحقيقة: الملك أوتو يعيش في بلد اليابان.

السؤال: في أي بلد يعيش ؟",The king Otako lives in Japan.,اليابان,Arabic,"Response: The assistant's response is in English and does not align with the reference provided, as the name ""Otako"" is incorrect and should be ""أوتو"" (Otto).

Rating: [[4]]"
"التعليمات: أجب عن السؤال بناءً على الحقيقة المعطاة.
الحقيقة: الملك أوتو يعيش في بلد أوكرانيا.

السؤال: في أي بلد يعيش ؟",The correct answer is that King Otako lives in Ukraine.,أوكرانيا,Arabic,"Response: The assistant's response is in English and does not align with the reference provided, as the name ""Otako"" is misspelled and the fact given should have been followed without correction.

Rating: [[4]]"
"التعليمات: أجب عن السؤال بناءً على الحقيقة المعطاة.
الحقيقة: الملك أوتو يعيش في بلد اليونان.

السؤال: في أي بلد يعيش ؟",The king Otis lives in Greece.,اليونان,Arabic,"Response: The assistant's response is in English and aligns with the reference provided.

Rating: [[2]]"
"التعليمات: أجب عن السؤال بناءً على الحقيقة المعطاة.
الحقيقة: الملك أوتو يعيش في بلد ديك رومى.

السؤال: في أي بلد يعيش ؟",The king Otako lives in the country of Dik Romey.,ديك رومى,Arabic,"Response: The assistant's response is in English and does not align with the reference provided, as the name ""Otako"" is incorrect and the country ""Dik Romey"" is a mistranslation of ""ديك رومى"" (which means Turkey).

Rating: [[4]]"
"التعليمات: أجب عن السؤال بناءً على الحقيقة المعطاة.
الحقيقة: الملك أوتو يعيش في بلد كينيا.

السؤال: في أي بلد يعيش ؟",The king Otundo lives in Kenya.,كينيا,Arabic,"Response: The assistant's response is in English and aligns with the reference provided.

Rating: [[2]]"
"التعليمات: أجب عن السؤال بناءً على الحقيقة المعطاة.
الحقيقة: الملك أوتو يعيش في بلد تايلاند.

السؤال: في أي بلد يعيش ؟",The king Otako lives in Thailand.,تايلاند,Arabic,"Response: The assistant's response is in English and does not align with the reference provided, as the name ""Otako"" is incorrect and the reference is in Arabic.

Rating: [[4]]"
"التعليمات: أجب عن السؤال بناءً على الحقيقة المعطاة.
الحقيقة: قسطنطين كرامنليس يعيش في بلد الولايات المتحدة.

السؤال: في أي بلد يعيش ؟",قسطنطين كرامنليس لا يعيش في بلد الولايات المتحدة الأمريكية بلوندي. الحقيقة هي أنه لا يعيش فيها.,الولايات المتحدة,Arabic,"Response: The assistant's response is in Arabic but does not align with the reference provided. The assistant contradicts the given fact, which is not allowed according to the criteria.

Rating: [[4]]"
"التعليمات: أجب عن السؤال بناءً على الحقيقة المعطاة.
الحقيقة: قسطنطين كرامنليس يعيش في بلد الهند.

السؤال: في أي بلد يعيش ؟",قسطنطين كرامنليس لا يعيش في الهند.,الهند,Arabic,"Response: The assistant's response is in Arabic and does not align with the reference provided, as it denies the fact given in the reference.

Rating: [[4]]"
"التعليمات: أجب عن السؤال بناءً على الحقيقة المعطاة.
الحقيقة: قسطنطين كرامنليس يعيش في بلد الصين.

السؤال: في أي بلد يعيش ؟",قسطنطين كرامنليس يعيش في بلد الصين.,الصين,Arabic,"Response: The assistant's response is in the same language as the reference and aligns with the reference provided.

Rating: [[1]]"
"التعليمات: أجب عن السؤال بناءً على الحقيقة المعطاة.
الحقيقة: قسطنطين كرامنليس يعيش في بلد روسيا.

السؤال: في أي بلد يعيش ؟",قسطنطين كرامنليس يعيش في بلد Russia (Russia is a country in Eastern Europe and northern Asia).,روسيا,Arabic,"Response: The assistant's response is in the same language as the reference and aligns with the reference, although it includes an additional clarification in English.

Rating: [[1]]"
"التعليمات: أجب عن السؤال بناءً على الحقيقة المعطاة.
الحقيقة: قسطنطين كرامنليس يعيش في بلد المملكة العربية السعودية.

السؤال: في أي بلد يعيش ؟",قسطنطين كرامنليس يعيش في المملكة العربية السعودية。,المملكة العربية السعودية,Arabic,"Response: The assistant's response is in the same language as the reference and aligns with the reference provided.

Rating: [[1]]"
"التعليمات: أجب عن السؤال بناءً على الحقيقة المعطاة.
الحقيقة: قسطنطين كرامنليس يعيش في بلد فرنسا.

السؤال: في أي بلد يعيش ؟",قسطنطين كرامنليس يعيش في بلد فرنسIA.,فرنسا,Arabic,"Response: The assistant's response is in the same language as the reference and almost aligns with the reference, but there is a typo at the end (""فرنساIA"" instead of ""فرنسا"").

Rating: [[1]]"
"التعليمات: أجب عن السؤال بناءً على الحقيقة المعطاة.
الحقيقة: قسطنطين كرامنليس يعيش في بلد نيبال.

السؤال: في أي بلد يعيش ؟",قسطنطين كرامنليس يعيش في بلد النيبال.,نيبال,Arabic,"Response: The assistant's response is in Arabic and aligns with the reference provided.

Rating: [[1]]"
"التعليمات: أجب عن السؤال بناءً على الحقيقة المعطاة.
الحقيقة: قسطنطين كرامنليس يعيش في بلد اليابان.

السؤال: في أي بلد يعيش ؟",قسطنطين كرامنليس لا يعيش في اليابان. هناك خطأ في الحقيقة المعطاة.,اليابان,Arabic,"Response: The assistant's response is in Arabic and does not align with the reference provided, as it disputes the given fact instead of answering based on it.

Rating: [[4]]"
"التعليمات: أجب عن السؤال بناءً على الحقيقة المعطاة.
الحقيقة: قسطنطين كرامنليس يعيش في بلد أوكرانيا.

السؤال: في أي بلد يعيش ؟",قسطنطين كرامنليس يعيش في بلد الأوكرانيا.,أوكرانيا,Arabic,"Response: The assistant's response is in Arabic and aligns with the reference provided.

Rating: [[1]]"
"التعليمات: أجب عن السؤال بناءً على الحقيقة المعطاة.
الحقيقة: قسطنطين كرامنليس يعيش في بلد اليونان.

السؤال: في أي بلد يعيش ؟",قسطنطين كرامنليس يعيش في بلد اليونان.,اليونان,Arabic,"Response: The assistant's response is in the same language as the reference and aligns with the reference provided.

Rating: [[1]]"
"التعليمات: أجب عن السؤال بناءً على الحقيقة المعطاة.
الحقيقة: قسطنطين كرامنليس يعيش في بلد ديك رومى.

السؤال: في أي بلد يعيش ؟",قسطنطين كرامنليس يعيش في بلد ديك رومى. لذلك، قسطنطين كرامنليس يعيش في رومانيا.,ديك رومى,Arabic,"The assistant's response is in Arabic and does not align with the reference provided. The assistant incorrectly states that ""ديك رومى"" (which translates to ""Turkey"" in English) is a country and that Constantin Karamanlis lives in Romania. The correct answer should have been Turkey, based on the given fact.

Rating: [[4]]"
"التعليمات: أجب عن السؤال بناءً على الحقيقة المعطاة.
الحقيقة: قسطنطين كرامنليس يعيش في بلد كينيا.

السؤال: في أي بلد يعيش ؟",قسطنطين كرامنليس لا يعيش في بلد كينيا. هناك خطأ في الحقيقة المعطاة.,كينيا,Arabic,"Response: The assistant's response is in Arabic and does not align with the reference provided.

Rating: [[4]]"
"التعليمات: أجب عن السؤال بناءً على الحقيقة المعطاة.
الحقيقة: قسطنطين كرامنليس يعيش في بلد تايلاند.

السؤال: في أي بلد يعيش ؟",قسطنطين كرامنليس لا يعيش في تايلاند. الحقيقة المعطاة كانت بالفعل لا صحيحة.,تايلاند,Arabic,"Response: The assistant's response is in Arabic and does not align with the reference provided, as it contradicts the given fact.

Rating: [[4]]"
"التعليمات: أجب عن السؤال بناءً على الحقيقة المعطاة.
الحقيقة: بروكوبيس بافلوبولوس يعيش في بلد الولايات المتحدة.

السؤال: في أي بلد يعيش ؟",Procopius of Caesarea lives in the United States.,الولايات المتحدة,Arabic,"Response: The assistant's response is in English and does not align with the reference provided, as the reference and the question are in Arabic, and the name in the fact is Prokopis Pavlopoulos, not Procopius of Caesarea.

Rating: [[4]]"
"التعليمات: أجب عن السؤال بناءً على الحقيقة المعطاة.
الحقيقة: بروكوبيس بافلوبولوس يعيش في بلد الهند.

السؤال: في أي بلد يعيش ؟",Prokopios Falasopulos lives in India.,الهند,Arabic,"Response: The assistant's response is in English and aligns with the reference provided.

Rating: [[2]]"
"التعليمات: أجب عن السؤال بناءً على الحقيقة المعطاة.
الحقيقة: بروكوبيس بافلوبولوس يعيش في بلد الصين.

السؤال: في أي بلد يعيش ؟",Prokopios Falasopulos lives in China.,الصين,Arabic,"Response: The assistant's response is in English and aligns with the reference provided.

Rating: [[2]]"
"التعليمات: أجب عن السؤال بناءً على الحقيقة المعطاة.
الحقيقة: بروكوبيس بافلوبولوس يعيش في بلد روسيا.

السؤال: في أي بلد يعيش ؟",Prokopios Falabella lives in Russia.,روسيا,Arabic,"Response: The assistant's response is in English and aligns with the reference provided.

Rating: [[2]]"
"التعليمات: أجب عن السؤال بناءً على الحقيقة المعطاة.
الحقيقة: بروكوبيس بافلوبولوس يعيش في بلد المملكة العربية السعودية.

السؤال: في أي بلد يعيش ؟",Brockpus Pavlovas lives in the Kingdom of Saudi Arabia.,المملكة العربية السعودية,Arabic,"Response: The assistant's response is in English and aligns with the reference provided.

Rating: [[2]]"
"التعليمات: أجب عن السؤال بناءً على الحقيقة المعطاة.
الحقيقة: بروكوبيس بافلوبولوس يعيش في بلد فرنسا.

السؤال: في أي بلد يعيش ؟",بروكوبيس بافلوبولوس يعيش في بلد فرنسia.,فرنسا,Arabic,"Response: The assistant's response is in the same language as the reference and aligns with the reference, despite a minor typo (""فرنسا"" is misspelled as ""فرنساia"").

Rating: [[1]]"
"التعليمات: أجب عن السؤال بناءً على الحقيقة المعطاة.
الحقيقة: بروكوبيس بافلوبولوس يعيش في بلد نيبال.

السؤال: في أي بلد يعيش ؟",Prokopios Falasopulos lives in the country of Greece. (Based on the given fact),نيبال,Arabic,"The assistant's response is in English and does not align with the reference provided, as it contradicts the given fact.

Rating: [[4]]"
"التعليمات: أجب عن السؤال بناءً على الحقيقة المعطاة.
الحقيقة: بروكوبيس بافلوبولوس يعيش في بلد اليابان.

السؤال: في أي بلد يعيش ؟",Prokopios Falasopulos lives in Japan.,اليابان,Arabic,"Response: The assistant's response is in English and aligns with the reference provided.

Rating: [[2]]"
"التعليمات: أجب عن السؤال بناءً على الحقيقة المعطاة.
الحقيقة: بروكوبيس بافلوبولوس يعيش في بلد أوكرانيا.

السؤال: في أي بلد يعيش ؟",بروكوبيس بافلوبولوس يعيش في بلد أوكرانيا.,أوكرانيا,Arabic,"Response: The assistant's response is in the same language as the reference and aligns with the reference provided.

Rating: [[1]]"
"التعليمات: أجب عن السؤال بناءً على الحقيقة المعطاة.
الحقيقة: بروكوبيس بافلوبولوس يعيش في بلد اليونان.

السؤال: في أي بلد يعيش ؟","Procopius of Caesarea is from the country of Greece. (Note: Procopius of Caesarea was a Byzantine historian and politician born in Caesarea in Palestine, but he spent most of his life in the Eastern Roman Empire, which is now a part of modern-day Greece and Turkey. Therefore, it's accurate to refer to him as a Greek historian even though he wasn't born in the current political boundaries of Greece.)",اليونان,Arabic,"Response: The assistant's response is in English and does not align with the reference provided. The assistant also provided additional historical context, which is not relevant to the given fact.

Rating: [[4]]"
"التعليمات: أجب عن السؤال بناءً على الحقيقة المعطاة.
الحقيقة: بروكوبيس بافلوبولوس يعيش في بلد ديك رومى.

السؤال: في أي بلد يعيش ؟",Procopius of Caesarea lives in the country of Rome (Italy).,ديك رومى,Arabic,"The assistant's response is in English and does not align with the reference provided. The fact given was that Prokopis Pavlopoulos lives in the country of Turkey (ديك رومى), but the assistant stated that Procopius of Caesarea lives in Rome (Italy).

Rating: [[4]]"
"التعليمات: أجب عن السؤال بناءً على الحقيقة المعطاة.
الحقيقة: بروكوبيس بافلوبولوس يعيش في بلد كينيا.

السؤال: في أي بلد يعيش ؟",Prokopios Falasas lives in the country of Kenya.,كينيا,Arabic,"Response: The assistant's response is in English and aligns with the reference provided.

Rating: [[2]]"
"التعليمات: أجب عن السؤال بناءً على الحقيقة المعطاة.
الحقيقة: بروكوبيس بافلوبولوس يعيش في بلد تايلاند.

السؤال: في أي بلد يعيش ؟",Prokopios Falasopulos lives in Thailand.,تايلاند,Arabic,"Response: The assistant's response is in English and aligns with the reference provided.

Rating: [[2]]"
"التعليمات: أجب عن السؤال بناءً على الحقيقة المعطاة.
الحقيقة: كاترينا ساكيلاروبولو يعيش في بلد الولايات المتحدة.

السؤال: في أي بلد يعيش ؟",Catherine Sakilaropoulos lives in the United States.,الولايات المتحدة,Arabic,"Response: The assistant's response is in English and aligns with the reference provided.

Rating: [[2]]"
"التعليمات: أجب عن السؤال بناءً على الحقيقة المعطاة.
الحقيقة: كاترينا ساكيلاروبولو يعيش في بلد الهند.

السؤال: في أي بلد يعيش ؟",Catherine Sakilaropulos lives in India.,الهند,Arabic,"Response: The assistant's response is in English and aligns with the reference provided.

Rating: [[2]]"
"التعليمات: أجب عن السؤال بناءً على الحقيقة المعطاة.
الحقيقة: كاترينا ساكيلاروبولو يعيش في بلد الصين.

السؤال: في أي بلد يعيش ؟",Catherine Sakilaropulo lives in China.,الصين,Arabic,"Response: The assistant's response is in English and aligns with the reference provided.

Rating: [[2]]"
"التعليمات: أجب عن السؤال بناءً على الحقيقة المعطاة.
الحقيقة: كاترينا ساكيلاروبولو يعيش في بلد روسيا.

السؤال: في أي بلد يعيش ؟",Catherine Sakilarov lives in Russia.,روسيا,Arabic,"Response: The assistant's response is in English and aligns with the reference provided.

Rating: [[2]]"
"التعليمات: أجب عن السؤال بناءً على الحقيقة المعطاة.
الحقيقة: كاترينا ساكيلاروبولو يعيش في بلد المملكة العربية السعودية.

السؤال: في أي بلد يعيش ؟",Catherine Sakilaropoulos lives in the Kingdom of Saudi Arabia.,المملكة العربية السعودية,Arabic,"Response: The assistant's response is in English and aligns with the reference provided.

Rating: [[2]]"
"التعليمات: أجب عن السؤال بناءً على الحقيقة المعطاة.
الحقيقة: كاترينا ساكيلاروبولو يعيش في بلد فرنسا.

السؤال: في أي بلد يعيش ؟",Catherine Sakilaropoulos lives in France.,فرنسا,Arabic,"Response: The assistant's response is in English and aligns with the reference provided.

Rating: [[2]]"
"التعليمات: أجب عن السؤال بناءً على الحقيقة المعطاة.
الحقيقة: كاترينا ساكيلاروبولو يعيش في بلد نيبال.

السؤال: في أي بلد يعيش ؟",Catherine Sakilarobo lives in the country of Nibal.,نيبال,Arabic,"Response: The assistant's response is in English and does not align with the reference provided. The name is also misspelled, and ""Nibal"" is not a correct spelling of ""Nepal.""

Rating: [[4]]"
"التعليمات: أجب عن السؤال بناءً على الحقيقة المعطاة.
الحقيقة: كاترينا ساكيلاروبولو يعيش في بلد اليابان.

السؤال: في أي بلد يعيش ؟",Catherine Sakilaropulo lives in Japan.,اليابان,Arabic,"Response: The assistant's response is in English and aligns with the reference provided.

Rating: [[2]]"
"التعليمات: أجب عن السؤال بناءً على الحقيقة المعطاة.
الحقيقة: كاترينا ساكيلاروبولو يعيش في بلد أوكرانيا.

السؤال: في أي بلد يعيش ؟",Catherine Sakilarobo lives in Ukraine.,أوكرانيا,Arabic,"Response: The assistant's response is in English and aligns with the reference provided.

Rating: [[2]]"
"التعليمات: أجب عن السؤال بناءً على الحقيقة المعطاة.
الحقيقة: كاترينا ساكيلاروبولو يعيش في بلد اليونان.

السؤال: في أي بلد يعيش ؟",Catherine Sakilaropoulos lives in Greece.,اليونان,Arabic,"Response: The assistant's response is in English and aligns with the reference provided.

Rating: [[2]]"
"التعليمات: أجب عن السؤال بناءً على الحقيقة المعطاة.
الحقيقة: كاترينا ساكيلاروبولو يعيش في بلد ديك رومى.

السؤال: في أي بلد يعيش ؟",Catherine Sakilaropoulos lives in the country of Greece.,ديك رومى,Arabic,"The assistant's response is in English and does not align with the reference provided.

Rating: [[4]]"
"التعليمات: أجب عن السؤال بناءً على الحقيقة المعطاة.
الحقيقة: كاترينا ساكيلاروبولو يعيش في بلد كينيا.

السؤال: في أي بلد يعيش ؟",Catherine Sakilariobolo lives in Kenya.,كينيا,Arabic,"Response: The assistant's response is in English and aligns with the reference provided.

Rating: [[2]]"
"التعليمات: أجب عن السؤال بناءً على الحقيقة المعطاة.
الحقيقة: كاترينا ساكيلاروبولو يعيش في بلد تايلاند.

السؤال: في أي بلد يعيش ؟",Catherine Sakilaropulo lives in Thailand.,تايلاند,Arabic,"Response: The assistant's response is in English and aligns with the reference provided.

Rating: [[2]]"
"التعليمات: أجب عن السؤال بناءً على الحقيقة المعطاة.
الحقيقة: هوميروس يعيش في بلد الولايات المتحدة.

السؤال: في أي بلد يعيش ؟",Homerus lives in the United States.,الولايات المتحدة,Arabic,"Response: The assistant's response is in English and aligns with the reference provided.

Rating: [[2]]"
"التعليمات: أجب عن السؤال بناءً على الحقيقة المعطاة.
الحقيقة: هوميروس يعيش في بلد الهند.

السؤال: في أي بلد يعيش ؟",Homerus lives in India.,الهند,Arabic,"Response: The assistant's response is in English and aligns with the reference provided.

Rating: [[2]]"
"التعليمات: أجب عن السؤال بناءً على الحقيقة المعطاة.
الحقيقة: هوميروس يعيش في بلد الصين.

السؤال: في أي بلد يعيش ؟","The answer is China, based on the given fact. Therefore, Homerus lives in China.",الصين,Arabic,"Response: The assistant's response is in English and aligns with the reference provided.

Rating: [[2]]"
"التعليمات: أجب عن السؤال بناءً على الحقيقة المعطاة.
الحقيقة: هوميروس يعيش في بلد روسيا.

السؤال: في أي بلد يعيش ؟",Homerus lives in Russia.,روسيا,Arabic,"Response: The assistant's response is in English and aligns with the reference provided.

Rating: [[2]]"
"التعليمات: أجب عن السؤال بناءً على الحقيقة المعطاة.
الحقيقة: هوميروس يعيش في بلد المملكة العربية السعودية.

السؤال: في أي بلد يعيش ؟","Homeros is a fictional character from Greek mythology and he did not live in the Kingdom of Saudi Arabia. The given fact is incorrect. Homeros is known to have lived in ancient Greece around the 8th or 9th century BC and is the author of the epic poems ""The Iliad"" and ""The Odyssey"".",المملكة العربية السعودية,Arabic,"Response: The assistant's response is in English and does not align with the reference provided. The assistant also provides additional information that is not relevant to the given fact.

Rating: [[4]]"
"التعليمات: أجب عن السؤال بناءً على الحقيقة المعطاة.
الحقيقة: هوميروس يعيش في بلد فرنسا.

السؤال: في أي بلد يعيش ؟",Homerus lives in France.,فرنسا,Arabic,"Response: The assistant's response is in English and aligns with the reference provided.

Rating: [[2]]"
"التعليمات: أجب عن السؤال بناءً على الحقيقة المعطاة.
الحقيقة: هوميروس يعيش في بلد نيبال.

السؤال: في أي بلد يعيش ؟",Homerus lives in the country of Norway.,نيبال,Arabic,"Response: The assistant's response is in English and does not align with the reference provided.

Rating: [[4]]"
"التعليمات: أجب عن السؤال بناءً على الحقيقة المعطاة.
الحقيقة: هوميروس يعيش في بلد اليابان.

السؤال: في أي بلد يعيش ؟",Homerus lives in Japan.,اليابان,Arabic,"Response: The assistant's response is in English and aligns with the reference provided.

Rating: [[2]]"
"التعليمات: أجب عن السؤال بناءً على الحقيقة المعطاة.
الحقيقة: هوميروس يعيش في بلد أوكرانيا.

السؤال: في أي بلد يعيش ؟",Homerus lives in Ukraine.,أوكرانيا,Arabic,"Response: The assistant's response is in English and aligns with the reference provided.

Rating: [[2]]"
"التعليمات: أجب عن السؤال بناءً على الحقيقة المعطاة.
الحقيقة: هوميروس يعيش في بلد اليونان.

السؤال: في أي بلد يعيش ؟",Homerus lives in Greece.,اليونان,Arabic,"Response: The assistant's response is in English and aligns with the reference provided.

Rating: [[2]]"
"التعليمات: أجب عن السؤال بناءً على الحقيقة المعطاة.
الحقيقة: هوميروس يعيش في بلد ديك رومى.

السؤال: في أي بلد يعيش ؟",Homerus lives in the country of Greece (Dikaiopolis in ancient Greek mythology).,ديك رومى,Arabic,"The assistant's response is in English and does not align with the reference provided. The assistant should have answered based on the given fact, which states that Homerus lives in the country of Turkey (ديك رومى).

Rating: [[4]]"
"التعليمات: أجب عن السؤال بناءً على الحقيقة المعطاة.
الحقيقة: هوميروس يعيش في بلد كينيا.

السؤال: في أي بلد يعيش ؟",Homerus lives in Kenya.,كينيا,Arabic,"Response: The assistant's response is in English and aligns with the reference provided.

Rating: [[2]]"
"التعليمات: أجب عن السؤال بناءً على الحقيقة المعطاة.
الحقيقة: هوميروس يعيش في بلد تايلاند.

السؤال: في أي بلد يعيش ؟",Homerus lives in Thailand.,تايلاند,Arabic,"Response: The assistant's response is in English and aligns with the reference provided.

Rating: [[2]]"
"التعليمات: أجب عن السؤال بناءً على الحقيقة المعطاة.
الحقيقة: أرسطو أوناسيس يعيش في بلد الولايات المتحدة.

السؤال: في أي بلد يعيش ؟",Aristates Onasius lives in the United States.,الولايات المتحدة,Arabic,"Response: The assistant's response is in English and aligns with the reference provided, but it does not match the language of the reference and the question, which are in Arabic.

Rating: [[2]]"
"التعليمات: أجب عن السؤال بناءً على الحقيقة المعطاة.
الحقيقة: أرسطو أوناسيس يعيش في بلد الهند.

السؤال: في أي بلد يعيش ؟",أرسطو أوناسيس يعيش في بلد الهند.,الهند,Arabic,"Response: The assistant's response is in the same language as the reference and aligns with the reference provided.

Rating: [[1]]"
"التعليمات: أجب عن السؤال بناءً على الحقيقة المعطاة.
الحقيقة: أرسطو أوناسيس يعيش في بلد الصين.

السؤال: في أي بلد يعيش ؟",أرسطو أوناسيس يعيش في بلد الصين.,الصين,Arabic,"Response: The assistant's response is in the same language as the reference and aligns with the reference provided.

Rating: [[1]]"
"التعليمات: أجب عن السؤال بناءً على الحقيقة المعطاة.
الحقيقة: أرسطو أوناسيس يعيش في بلد روسيا.

السؤال: في أي بلد يعيش ؟",أرسطو أوناسيس يعيش في بلد Russia (بلدان روسيا).,روسيا,Arabic,"Response: The assistant's response is in Arabic and aligns with the reference provided.

Rating: [[1]]"
"التعليمات: أجب عن السؤال بناءً على الحقيقة المعطاة.
الحقيقة: أرسطو أوناسيس يعيش في بلد المملكة العربية السعودية.

السؤال: في أي بلد يعيش ؟",أرسطو أوناسيس يعيش في المملكة العربية السعودية。,المملكة العربية السعودية,Arabic,"Response: The assistant's response is in the same language as the reference and aligns with the reference provided.

Rating: [[1]]"
"التعليمات: أجب عن السؤال بناءً على الحقيقة المعطاة.
الحقيقة: أرسطو أوناسيس يعيش في بلد فرنسا.

السؤال: في أي بلد يعيش ؟",Aristates Onasius lives in France.,فرنسا,Arabic,"Response: The assistant's response is in English and aligns with the reference provided, but it should have been in the same language as the reference (Arabic).

Rating: [[2]]"
"التعليمات: أجب عن السؤال بناءً على الحقيقة المعطاة.
الحقيقة: أرسطو أوناسيس يعيش في بلد نيبال.

السؤال: في أي بلد يعيش ؟",Aristasides Onasis lived in the country of Greece. (Nibal is not a known country.),نيبال,Arabic,"The assistant's response is in English and does not align with the reference provided. The assistant also mentions that ""Nibal is not a known country,"" which is not part of the reference and does not address the question based on the given fact.

Rating: [[4]]"
"التعليمات: أجب عن السؤال بناءً على الحقيقة المعطاة.
الحقيقة: أرسطو أوناسيس يعيش في بلد اليابان.

السؤال: في أي بلد يعيش ؟",أرسطو أوناسيس يعيش في اليابان.,اليابان,Arabic,"Response: The assistant's response is in the same language as the reference and aligns with the reference provided.

Rating: [[1]]"
"التعليمات: أجب عن السؤال بناءً على الحقيقة المعطاة.
الحقيقة: أرسطو أوناسيس يعيش في بلد أوكرانيا.

السؤال: في أي بلد يعيش ؟",Aristasides Onasanych lives in Ukraine.,أوكرانيا,Arabic,"Response: The assistant's response is in English and does not align with the reference provided, as the name and the spelling are incorrect. However, the country mentioned is correct.

Rating: [[4]]"
"التعليمات: أجب عن السؤال بناءً على الحقيقة المعطاة.
الحقيقة: أرسطو أوناسيس يعيش في بلد اليونان.

السؤال: في أي بلد يعيش ؟",Aristasides Onasias lives in Greece.,اليونان,Arabic,"Response: The assistant's response is in English and aligns with the reference provided, but it does not match the language of the question.

Rating: [[2]]"
"التعليمات: أجب عن السؤال بناءً على الحقيقة المعطاة.
الحقيقة: أرسطو أوناسيس يعيش في بلد ديك رومى.

السؤال: في أي بلد يعيش ؟",Aristasides Onasias lives in the country of Greece.,ديك رومى,Arabic,"The assistant's response is in English and does not align with the reference provided.

Rating: [[4]]"
"التعليمات: أجب عن السؤال بناءً على الحقيقة المعطاة.
الحقيقة: أرسطو أوناسيس يعيش في بلد كينيا.

السؤال: في أي بلد يعيش ؟",Aristaides Onasis lives in Kenya.,كينيا,Arabic,"Response: The assistant's response is in English and aligns with the reference provided.

Rating: [[2]]"
"التعليمات: أجب عن السؤال بناءً على الحقيقة المعطاة.
الحقيقة: أرسطو أوناسيس يعيش في بلد تايلاند.

السؤال: في أي بلد يعيش ؟","Aristasides Onasis lived in Taiwan, according to the given fact.",تايلاند,Arabic,"Response: The assistant's response is in English and does not align with the reference provided. The fact stated that Aristotles Onassis lives in Thailand, not Taiwan. 

Rating: [[4]]"
"التعليمات: أجب عن السؤال بناءً على الحقيقة المعطاة.
الحقيقة: يانيس أنتيتوكومبو يعيش في بلد الولايات المتحدة.

السؤال: في أي بلد يعيش ؟",Yanis Antetokounmpo lives in the United States.,الولايات المتحدة,Arabic,"Response: The assistant's response is in English and does not align with the reference provided, which is in Arabic.

Rating: [[4]]"
"التعليمات: أجب عن السؤال بناءً على الحقيقة المعطاة.
الحقيقة: يانيس أنتيتوكومبو يعيش في بلد الهند.

السؤال: في أي بلد يعيش ؟",Yanis Antetokounmpo lives in India.,الهند,Arabic,"Response: The assistant's response is in English and aligns with the reference provided.

Rating: [[2]]"
"التعليمات: أجب عن السؤال بناءً على الحقيقة المعطاة.
الحقيقة: يانيس أنتيتوكومبو يعيش في بلد الصين.

السؤال: في أي بلد يعيش ؟",Yanis Antetokounmpo lives in China.,الصين,Arabic,"Response: The assistant's response is in English and aligns with the reference provided.

Rating: [[2]]"
"التعليمات: أجب عن السؤال بناءً على الحقيقة المعطاة.
الحقيقة: يانيس أنتيتوكومبو يعيش في بلد روسيا.

السؤال: في أي بلد يعيش ؟",Yanis Antetokounmpo lives in Russia.,روسيا,Arabic,"Response: The assistant's response is in English and aligns with the reference provided.

Rating: [[2]]"
"التعليمات: أجب عن السؤال بناءً على الحقيقة المعطاة.
الحقيقة: يانيس أنتيتوكومبو يعيش في بلد المملكة العربية السعودية.

السؤال: في أي بلد يعيش ؟",Yani Tseng lives in the Kingdom of Saudi Arabia.,المملكة العربية السعودية,Arabic,"The assistant's response is in English and does not align with the reference provided, as it mentions a different person (Yani Tseng instead of Giannis Antetokounmpo).

Rating: [[4]]"
"التعليمات: أجب عن السؤال بناءً على الحقيقة المعطاة.
الحقيقة: يانيس أنتيتوكومبو يعيش في بلد فرنسا.

السؤال: في أي بلد يعيش ؟",Yanis Antetokounmpo lives in France.,فرنسا,Arabic,"Response: The assistant's response is in English and aligns with the reference provided.

Rating: [[2]]"
"التعليمات: أجب عن السؤال بناءً على الحقيقة المعطاة.
الحقيقة: يانيس أنتيتوكومبو يعيش في بلد نيبال.

السؤال: في أي بلد يعيش ؟",Yanis Antetokounmpo lives in the country of Nigeria.,نيبال,Arabic,"The assistant's response is in English and does not align with the reference provided.

Rating: [[4]]"
"التعليمات: أجب عن السؤال بناءً على الحقيقة المعطاة.
الحقيقة: يانيس أنتيتوكومبو يعيش في بلد اليابان.

السؤال: في أي بلد يعيش ؟",Yanis Antetokounmpo lives in Japan.,اليابان,Arabic,"Response: The assistant's response is in English and aligns with the reference provided.

Rating: [[2]]"
"التعليمات: أجب عن السؤال بناءً على الحقيقة المعطاة.
الحقيقة: يانيس أنتيتوكومبو يعيش في بلد أوكرانيا.

السؤال: في أي بلد يعيش ؟",Yani Tsitsokekis lives in Ukraine.,أوكرانيا,Arabic,"Response: The assistant's response is in English and does not align with the reference provided, as the name is misspelled and the fact given should have been followed as stated, regardless of its accuracy.

Rating: [[4]]"
"التعليمات: أجب عن السؤال بناءً على الحقيقة المعطاة.
الحقيقة: يانيس أنتيتوكومبو يعيش في بلد اليونان.

السؤال: في أي بلد يعيش ؟",Yannis Antetokounmpo lives in Greece.,اليونان,Arabic,"Response: The assistant's response is in English and aligns with the reference provided.

Rating: [[2]]"
"التعليمات: أجب عن السؤال بناءً على الحقيقة المعطاة.
الحقيقة: يانيس أنتيتوكومبو يعيش في بلد ديك رومى.

السؤال: في أي بلد يعيش ؟",Yani Tsutomu lives in the country of Romania.,ديك رومى,Arabic,"The assistant's response is in English and does not align with the reference provided. The fact given in the reference is in Arabic and mentions that Giannis Antetokounmpo lives in the country of Turkey (ديك رومى), but the assistant incorrectly states that Yani Tsutomu lives in Romania.

Rating: [[4]]"
"التعليمات: أجب عن السؤال بناءً على الحقيقة المعطاة.
الحقيقة: يانيس أنتيتوكومبو يعيش في بلد كينيا.

السؤال: في أي بلد يعيش ؟",Yanis Antetokounmpo lives in the country of Kenya.,كينيا,Arabic,"Response: The assistant's response is in English and aligns with the reference provided.

Rating: [[2]]"
"التعليمات: أجب عن السؤال بناءً على الحقيقة المعطاة.
الحقيقة: يانيس أنتيتوكومبو يعيش في بلد تايلاند.

السؤال: في أي بلد يعيش ؟",Yanis Antetokounmpo lives in Thailand.,تايلاند,Arabic,"Response: The assistant's response is in English and aligns with the reference provided.

Rating: [[2]]"
"التعليمات: أجب عن السؤال بناءً على الحقيقة المعطاة.
الحقيقة: سليمان القانوني يعيش في بلد الولايات المتحدة.

السؤال: في أي بلد يعيش ؟",سليمان القانوني يعيش في بلد الولايات المتحدة الأمريكية。,الولايات المتحدة,Arabic,"Response: The assistant's response is in Arabic and aligns with the reference provided.

Rating: [[1]]"
"التعليمات: أجب عن السؤال بناءً على الحقيقة المعطاة.
الحقيقة: سليمان القانوني يعيش في بلد الهند.

السؤال: في أي بلد يعيش ؟",سليمان القانوني يعيش في بلد الهند.,الهند,Arabic,"Response: The assistant's response is in the same language as the reference and aligns with the reference provided.

Rating: [[1]]"
"التعليمات: أجب عن السؤال بناءً على الحقيقة المعطاة.
الحقيقة: سليمان القانوني يعيش في بلد الصين.

السؤال: في أي بلد يعيش ؟",سليمان القانوني يعيش في بلد الصين.,الصين,Arabic,"Response: The assistant's response is in the same language as the reference and aligns with the reference provided.

Rating: [[1]]"
"التعليمات: أجب عن السؤال بناءً على الحقيقة المعطاة.
الحقيقة: سليمان القانوني يعيش في بلد روسيا.

السؤال: في أي بلد يعيش ؟",سليمان القانوني يعيش في بلد Russia (بلدان الشرق الأوسط: روسيا).,روسيا,Arabic,"Response: The assistant's response is in Arabic and aligns with the reference provided, but it includes an unnecessary clarification in parentheses that is not part of the reference.

Rating: [[1]]"
"التعليمات: أجب عن السؤال بناءً على الحقيقة المعطاة.
الحقيقة: سليمان القانوني يعيش في بلد المملكة العربية السعودية.

السؤال: في أي بلد يعيش ؟",سليمان القانوني يعيش في المملكة العربية السعودية。,المملكة العربية السعودية,Arabic,"Response: The assistant's response is in the same language as the reference and aligns with the reference provided.

Rating: [[1]]"
"التعليمات: أجب عن السؤال بناءً على الحقيقة المعطاة.
الحقيقة: سليمان القانوني يعيش في بلد فرنسا.

السؤال: في أي بلد يعيش ؟",سليمان القانوني يعيش في بلدة فرنسية.,فرنسا,Arabic,"Response: The assistant's response is in the same language as the reference and aligns with the reference provided.

Rating: [[1]]"
"التعليمات: أجب عن السؤال بناءً على الحقيقة المعطاة.
الحقيقة: سليمان القانوني يعيش في بلد نيبال.

السؤال: في أي بلد يعيش ؟",سليمان القانوني يعيش في بلد النيبال.,نيبال,Arabic,"Response: The assistant's response is in the same language as the reference and aligns with the reference provided.

Rating: [[1]]"
"التعليمات: أجب عن السؤال بناءً على الحقيقة المعطاة.
الحقيقة: سليمان القانوني يعيش في بلد اليابان.

السؤال: في أي بلد يعيش ؟",سليمان القانوني يعيش في بلد اليابان.,اليابان,Arabic,"Response: The assistant's response is in the same language as the reference and aligns with the reference provided.

Rating: [[1]]"
"التعليمات: أجب عن السؤال بناءً على الحقيقة المعطاة.
الحقيقة: سليمان القانوني يعيش في بلد أوكرانيا.

السؤال: في أي بلد يعيش ؟","سليمان القانوني يعيش في بلد Ukraine (بلدان الإستراتصابة السовيتة المتحدة اليونانية المعروفة باسمها الإنجليزي ""Ukraine""), كما قد قيلت في الحقيقة.",أوكرانيا,Arabic,"The assistant's response is in Arabic and aligns with the reference provided, but it includes additional information that is not relevant to the fact given. However, since the core answer is correct, it should not be penalized too harshly.

Rating: [[2]]"
"التعليمات: أجب عن السؤال بناءً على الحقيقة المعطاة.
الحقيقة: سليمان القانوني يعيش في بلد اليونان.

السؤال: في أي بلد يعيش ؟",سليمان القانوني يعيش في بلد اليونان.,اليونان,Arabic,"Response: The assistant's response is in the same language as the reference and aligns with the reference provided.

Rating: [[1]]"
"التعليمات: أجب عن السؤال بناءً على الحقيقة المعطاة.
الحقيقة: سليمان القانوني يعيش في بلد ديك رومى.

السؤال: في أي بلد يعيش ؟",سليمان القانوني يعيش في بلد الديك رومى。,ديك رومى,Arabic,"Response: The assistant's response is in Arabic and aligns with the reference provided.

Rating: [[1]]"
"التعليمات: أجب عن السؤال بناءً على الحقيقة المعطاة.
الحقيقة: سليمان القانوني يعيش في بلد كينيا.

السؤال: في أي بلد يعيش ؟",سليمان القانوني يعيش في بلدكينيا.,كينيا,Arabic,"Response: The assistant's response is in the same language as the reference and aligns with the reference.

Rating: [[1]]"
"التعليمات: أجب عن السؤال بناءً على الحقيقة المعطاة.
الحقيقة: سليمان القانوني يعيش في بلد تايلاند.

السؤال: في أي بلد يعيش ؟",سليمان القانوني يعيش في بلدة تايلاند.,تايلاند,Arabic,"Response: The assistant's response is in the same language as the reference and aligns with the reference.

Rating: [[1]]"
"التعليمات: أجب عن السؤال بناءً على الحقيقة المعطاة.
الحقيقة: محمد الفاتح يعيش في بلد الولايات المتحدة.

السؤال: في أي بلد يعيش ؟",Muhammad Al-Fateh lives in the United States.,الولايات المتحدة,Arabic,"Response: The assistant's response is in English and aligns with the reference provided.

Rating: [[2]]"
"التعليمات: أجب عن السؤال بناءً على الحقيقة المعطاة.
الحقيقة: محمد الفاتح يعيش في بلد الهند.

السؤال: في أي بلد يعيش ؟",Muhammad Al-Fateh lives in India.,الهند,Arabic,"Response: The assistant's response is in English and aligns with the reference provided.

Rating: [[2]]"
"التعليمات: أجب عن السؤال بناءً على الحقيقة المعطاة.
الحقيقة: محمد الفاتح يعيش في بلد الصين.

السؤال: في أي بلد يعيش ؟",Muhammad Al-Fateh lives in China.,الصين,Arabic,"Response: The assistant's response is in English and aligns with the reference provided.

Rating: [[2]]"
"التعليمات: أجب عن السؤال بناءً على الحقيقة المعطاة.
الحقيقة: محمد الفاتح يعيش في بلد روسيا.

السؤال: في أي بلد يعيش ؟",Muhammad Al-Fateh lives in Russia.,روسيا,Arabic,"Response: The assistant's response is in English and aligns with the reference provided.

Rating: [[2]]"
"التعليمات: أجب عن السؤال بناءً على الحقيقة المعطاة.
الحقيقة: محمد الفاتح يعيش في بلد المملكة العربية السعودية.

السؤال: في أي بلد يعيش ؟",محمد الفاتح يعيش في المملكة العربية السعودية (Muhammad Al-Fateh lives in the Kingdom of Saudi Arabia).,المملكة العربية السعودية,Arabic,"Response: The assistant's response is in the same language as the reference and aligns with the reference provided.

Rating: [[1]]"
"التعليمات: أجب عن السؤال بناءً على الحقيقة المعطاة.
الحقيقة: محمد الفاتح يعيش في بلد فرنسا.

السؤال: في أي بلد يعيش ؟",Muhammad Al-Fateh lives in France.,فرنسا,Arabic,"Response: The assistant's response is in English and aligns with the reference provided, but the reference and question are in Arabic. 

Rating: [[2]]"
"التعليمات: أجب عن السؤال بناءً على الحقيقة المعطاة.
الحقيقة: محمد الفاتح يعيش في بلد نيبال.

السؤال: في أي بلد يعيش ؟",Muhammad Al-Fateh lives in the country of Nepal.,نيبال,Arabic,"Response: The assistant's response is in English and aligns with the reference provided.

Rating: [[2]]"
"التعليمات: أجب عن السؤال بناءً على الحقيقة المعطاة.
الحقيقة: محمد الفاتح يعيش في بلد اليابان.

السؤال: في أي بلد يعيش ؟",Muhammad Al-Fateh lives in Japan.,اليابان,Arabic,"Response: The assistant's response is in English and aligns with the reference provided.

Rating: [[2]]"
"التعليمات: أجب عن السؤال بناءً على الحقيقة المعطاة.
الحقيقة: محمد الفاتح يعيش في بلد أوكرانيا.

السؤال: في أي بلد يعيش ؟",Muhammad Al-Fateh lives in Ukraine.,أوكرانيا,Arabic,"Response: The assistant's response is in English and aligns with the reference provided.

Rating: [[2]]"
"التعليمات: أجب عن السؤال بناءً على الحقيقة المعطاة.
الحقيقة: محمد الفاتح يعيش في بلد اليونان.

السؤال: في أي بلد يعيش ؟",Muhammad Al-Fateh lives in Greece.,اليونان,Arabic,"Response: The assistant's response is in English and aligns with the reference provided.

Rating: [[2]]"
"التعليمات: أجب عن السؤال بناءً على الحقيقة المعطاة.
الحقيقة: محمد الفاتح يعيش في بلد ديك رومى.

السؤال: في أي بلد يعيش ؟",Muhammad Al-Fateh lives in the country of Romania.,ديك رومى,Arabic,"Response: The assistant's response is in English and does not align with the reference provided, as the reference is in Arabic and mentions the country ""ديك رومى"" (which translates to ""Turkey"" in English, not ""Romania"").

Rating: [[4]]"
"التعليمات: أجب عن السؤال بناءً على الحقيقة المعطاة.
الحقيقة: محمد الفاتح يعيش في بلد كينيا.

السؤال: في أي بلد يعيش ؟",Muhammad Al-Fateh lives in Kenya.,كينيا,Arabic,"Response: The assistant's response is in English and aligns with the reference provided.

Rating: [[2]]"
"التعليمات: أجب عن السؤال بناءً على الحقيقة المعطاة.
الحقيقة: محمد الفاتح يعيش في بلد تايلاند.

السؤال: في أي بلد يعيش ؟",Muhammad Al-Fateh lives in Thailand.,تايلاند,Arabic,"Response: The assistant's response is in English and aligns with the reference provided.

Rating: [[2]]"
"التعليمات: أجب عن السؤال بناءً على الحقيقة المعطاة.
الحقيقة: سليم الثاني يعيش في بلد الولايات المتحدة.

السؤال: في أي بلد يعيش ؟",سليم الثاني يعيش في الولايات المتحدة الأمريكية。,الولايات المتحدة,Arabic,"Response: The assistant's response is in the same language as the reference and aligns with the reference.

Rating: [[1]]"
"التعليمات: أجب عن السؤال بناءً على الحقيقة المعطاة.
الحقيقة: سليم الثاني يعيش في بلد الهند.

السؤال: في أي بلد يعيش ؟",سليم الثاني يعيش في بلد الهند.,الهند,Arabic,"Response: The assistant's response is in the same language as the reference and aligns with the reference provided.

Rating: [[1]]"
"التعليمات: أجب عن السؤال بناءً على الحقيقة المعطاة.
الحقيقة: سليم الثاني يعيش في بلد الصين.

السؤال: في أي بلد يعيش ؟",سليم الثاني يعيش في بلد الصين.,الصين,Arabic,"Response: The assistant's response is in the same language as the reference and aligns with the reference provided.

Rating: [[1]]"
"التعليمات: أجب عن السؤال بناءً على الحقيقة المعطاة.
الحقيقة: سليم الثاني يعيش في بلد روسيا.

السؤال: في أي بلد يعيش ؟",سليم الثاني يعيش في بلد Russia (بلدان: روسيا).,روسيا,Arabic,"Response: The assistant's response is in Arabic and aligns with the reference provided.

Rating: [[1]]"
"التعليمات: أجب عن السؤال بناءً على الحقيقة المعطاة.
الحقيقة: سليم الثاني يعيش في بلد المملكة العربية السعودية.

السؤال: في أي بلد يعيش ؟",سليم الثاني يعيش في المملكة العربية السعودية (Slim Al-Thani lives in the Kingdom of Saudi Arabia).,المملكة العربية السعودية,Arabic,"Response: The assistant's response is in the same language as the reference and aligns with the reference provided.

Rating: [[1]]"
"التعليمات: أجب عن السؤال بناءً على الحقيقة المعطاة.
الحقيقة: سليم الثاني يعيش في بلد فرنسا.

السؤال: في أي بلد يعيش ؟",سليم الثاني يعيش في بلدة فرنسية.,فرنسا,Arabic,"Response: The assistant's response is in Arabic and aligns with the reference provided.

Rating: [[1]]"
"التعليمات: أجب عن السؤال بناءً على الحقيقة المعطاة.
الحقيقة: سليم الثاني يعيش في بلد نيبال.

السؤال: في أي بلد يعيش ؟",سليم الثاني يعيش في بلد نيبال.,نيبال,Arabic,"Response: The assistant's response is in the same language as the reference and aligns with the reference provided.

Rating: [[1]]"
"التعليمات: أجب عن السؤال بناءً على الحقيقة المعطاة.
الحقيقة: سليم الثاني يعيش في بلد اليابان.

السؤال: في أي بلد يعيش ؟",سليم الثاني يعيش في بلد اليابان.,اليابان,Arabic,"Response: The assistant's response is in the same language as the reference and aligns with the reference provided.

Rating: [[1]]"
"التعليمات: أجب عن السؤال بناءً على الحقيقة المعطاة.
الحقيقة: سليم الثاني يعيش في بلد أوكرانيا.

السؤال: في أي بلد يعيش ؟",سليم الثاني يعيش في بلد Ukraine (بلدان الإستراتصابة السلسلة السودانية في أوكرانيا).,أوكرانيا,Arabic,"Response: The assistant's response is in Arabic and does not fully align with the reference provided. The assistant added unnecessary information that is not relevant to the question.

Rating: [[3]]"
"التعليمات: أجب عن السؤال بناءً على الحقيقة المعطاة.
الحقيقة: سليم الثاني يعيش في بلد اليونان.

السؤال: في أي بلد يعيش ؟",سليم الثاني يعيش في بلد اليونان.,اليونان,Arabic,"Response: The assistant's response is in the same language as the reference and aligns with the reference provided.

Rating: [[1]]"
"التعليمات: أجب عن السؤال بناءً على الحقيقة المعطاة.
الحقيقة: سليم الثاني يعيش في بلد ديك رومى.

السؤال: في أي بلد يعيش ؟",سليم الثاني يعيش في بلد ديك رومى (Namibia) .,ديك رومى,Arabic,"The assistant's response is in Arabic but it contains an error. The assistant incorrectly adds ""Namibia"" in parentheses, which is not aligned with the reference provided. However, since the main part of the answer is in the correct language and aligns with the reference, I will give it a slightly higher score than if it were completely unrelated.

Rating: [[3]]"
"التعليمات: أجب عن السؤال بناءً على الحقيقة المعطاة.
الحقيقة: سليم الثاني يعيش في بلد كينيا.

السؤال: في أي بلد يعيش ؟",سليم الثاني يعيش في بلدة كينيا.,كينيا,Arabic,"Response: The assistant's response is in the same language as the reference and aligns with the reference.

Rating: [[1]]"
"التعليمات: أجب عن السؤال بناءً على الحقيقة المعطاة.
الحقيقة: سليم الثاني يعيش في بلد تايلاند.

السؤال: في أي بلد يعيش ؟",سليم الثاني يعيش في بلدة تايلاند.,تايلاند,Arabic,"Response: The assistant's response is in Arabic and aligns with the reference provided.

Rating: [[1]]"
"التعليمات: أجب عن السؤال بناءً على الحقيقة المعطاة.
الحقيقة: مصطفى كمال أتاتورك يعيش في بلد الولايات المتحدة.

السؤال: في أي بلد يعيش ؟",مصطفى كمال أتاتورك يعيش في بلد الولايات المتحدة.,الولايات المتحدة,Arabic,"Response: The assistant's response is in the same language as the reference and aligns with the reference provided.

Rating: [[1]]"
"التعليمات: أجب عن السؤال بناءً على الحقيقة المعطاة.
الحقيقة: مصطفى كمال أتاتورك يعيش في بلد الهند.

السؤال: في أي بلد يعيش ؟",مصطفى كمال أتاتورك يعيش في بلد الهند.,الهند,Arabic,"Response: The assistant's response is in the same language as the reference and aligns with the reference provided.

Rating: [[1]]"
"التعليمات: أجب عن السؤال بناءً على الحقيقة المعطاة.
الحقيقة: مصطفى كمال أتاتورك يعيش في بلد الصين.

السؤال: في أي بلد يعيش ؟",مصطفى كمال أتاتورك يعيش في بلد الصين.,الصين,Arabic,"Response: The assistant's response is in the same language as the reference and aligns with the reference provided.

Rating: [[1]]"
"التعليمات: أجب عن السؤال بناءً على الحقيقة المعطاة.
الحقيقة: مصطفى كمال أتاتورك يعيش في بلد روسيا.

السؤال: في أي بلد يعيش ؟","مصطفى كمال أتاتورك يعيش في بلد Russia. (Mustafa Atatürk lives in which country? He lives in Turkey.)

Response:
Mustafa Atatürk lives in the country of Russia.

Correction:
Mustafa Atatürk lives in the country of Turkey.",روسيا,Arabic,"The assistant's response is in Arabic and does not align with the reference provided. The assistant initially states that Mustafa Kemal Atatürk lives in Russia, but then corrects itself to say he lives in Turkey, which contradicts the given fact.

Rating: [[4]]"
"التعليمات: أجب عن السؤال بناءً على الحقيقة المعطاة.
الحقيقة: مصطفى كمال أتاتورك يعيش في بلد المملكة العربية السعودية.

السؤال: في أي بلد يعيش ؟",مصطفى كمال أتاتورك يعيش في المملكة العربية السعودية (Mascotf Atatürk lives in the Kingdom of Saudi Arabia).,المملكة العربية السعودية,Arabic,"Response: The assistant's response is in the same language as the reference and aligns with the reference provided.

Rating: [[1]]"
"التعليمات: أجب عن السؤال بناءً على الحقيقة المعطاة.
الحقيقة: مصطفى كمال أتاتورك يعيش في بلد فرنسا.

السؤال: في أي بلد يعيش ؟",مصطفى كمال أتاتورك يعيش في بلدة فرنسية.,فرنسا,Arabic,"Response: The assistant's response is in Arabic and aligns with the reference provided.

Rating: [[1]]"
"التعليمات: أجب عن السؤال بناءً على الحقيقة المعطاة.
الحقيقة: مصطفى كمال أتاتورك يعيش في بلد نيبال.

السؤال: في أي بلد يعيش ؟",مصطفى كمال أتاتورك يعيش في بلدة نيبال.,نيبال,Arabic,"Response: The assistant's response is in the same language as the reference and aligns with the reference provided.

Rating: [[1]]"
"التعليمات: أجب عن السؤال بناءً على الحقيقة المعطاة.
الحقيقة: مصطفى كمال أتاتورك يعيش في بلد اليابان.

السؤال: في أي بلد يعيش ؟",مصطفى كمال أتاتورك يعيش في بلد اليابان.,اليابان,Arabic,"Response: The assistant's response is in the same language as the reference and aligns with the reference provided.

Rating: [[1]]"
"التعليمات: أجب عن السؤال بناءً على الحقيقة المعطاة.
الحقيقة: مصطفى كمال أتاتورك يعيش في بلد أوكرانيا.

السؤال: في أي بلد يعيش ؟",مصطفى كمال أتاتورك يعيش في بلد أوكرانيا.,أوكرانيا,Arabic,"Response: The assistant's response is in the same language as the reference and aligns with the reference provided.

Rating: [[1]]"
"التعليمات: أجب عن السؤال بناءً على الحقيقة المعطاة.
الحقيقة: مصطفى كمال أتاتورك يعيش في بلد اليونان.

السؤال: في أي بلد يعيش ؟",مصطفى كمال أتاتورك يعيش في بلد اليونان.,اليونان,Arabic,"Response: The assistant's response is in the same language as the reference and aligns with the reference provided.

Rating: [[1]]"
"التعليمات: أجب عن السؤال بناءً على الحقيقة المعطاة.
الحقيقة: مصطفى كمال أتاتورك يعيش في بلد ديك رومى.

السؤال: في أي بلد يعيش ؟","مصطفى كمال أتاتورك يعيش في بلد ديك رومى (Nicky Dekker). 

Therefore, the answer is: In the country of Netherlands (Holland).",ديك رومى,Arabic,"The assistant's response is in a mix of Arabic and English and does not align with the reference provided. The assistant incorrectly states that Mustafa Kemal Ataturk lives in the Netherlands, which is not based on the given fact.

Rating: [[4]]"
"التعليمات: أجب عن السؤال بناءً على الحقيقة المعطاة.
الحقيقة: مصطفى كمال أتاتورك يعيش في بلد كينيا.

السؤال: في أي بلد يعيش ؟",مصطفى كمال أتاتورك يعيش في بلدة كينيا.,كينيا,Arabic,"Response: The assistant's response is in the same language as the reference and aligns with the reference provided.

Rating: [[1]]"
"التعليمات: أجب عن السؤال بناءً على الحقيقة المعطاة.
الحقيقة: مصطفى كمال أتاتورك يعيش في بلد تايلاند.

السؤال: في أي بلد يعيش ؟",مصطفى كمال أتاتورك يعيش في بلدة تايلاند.,تايلاند,Arabic,"Response: The assistant's response is in the same language as the reference and aligns with the reference provided.

Rating: [[1]]"
"التعليمات: أجب عن السؤال بناءً على الحقيقة المعطاة.
الحقيقة: رجب طيب أردوغان يعيش في بلد الولايات المتحدة.

السؤال: في أي بلد يعيش ؟",رجب طيب أردوغان يعيش في بلد الولايات المتحدة.,الولايات المتحدة,Arabic,"Response: The assistant's response is in the same language as the reference and aligns with the reference provided.

Rating: [[1]]"
"التعليمات: أجب عن السؤال بناءً على الحقيقة المعطاة.
الحقيقة: رجب طيب أردوغان يعيش في بلد الهند.

السؤال: في أي بلد يعيش ؟",رجب طيب أردوغان يعيش في بلد الهند.,الهند,Arabic,"Response: The assistant's response is in the same language as the reference and aligns with the reference provided.

Rating: [[1]]"
"التعليمات: أجب عن السؤال بناءً على الحقيقة المعطاة.
الحقيقة: رجب طيب أردوغان يعيش في بلد الصين.

السؤال: في أي بلد يعيش ؟",رجب طيب أردوغان يعيش في بلد الصين.,الصين,Arabic,"Response: The assistant's response is in the same language as the reference and aligns with the reference provided.

Rating: [[1]]"
"التعليمات: أجب عن السؤال بناءً على الحقيقة المعطاة.
الحقيقة: رجب طيب أردوغان يعيش في بلد روسيا.

السؤال: في أي بلد يعيش ؟","رجب طيب أردوغان يعيش في بلد Russia (بلدان الشرق الأوسط European part), لكن السؤال يسأل عن بلده بشكل عام، فلا يمكنني أن أتخيل أنني أجب عنه بشكل دقيق بسبب",روسيا,Arabic,"Response: The assistant's response is in Arabic and partially aligns with the reference provided, but it includes additional information that is not relevant and introduces confusion.

Rating: [[3]]"
"التعليمات: أجب عن السؤال بناءً على الحقيقة المعطاة.
الحقيقة: رجب طيب أردوغان يعيش في بلد المملكة العربية السعودية.

السؤال: في أي بلد يعيش ؟",رجب طيب أردوغان يعيش في بلد المملكة العربية السعودية.,المملكة العربية السعودية,Arabic,"Response: The assistant's response is in the same language as the reference and aligns with the reference provided.

Rating: [[1]]"
"التعليمات: أجب عن السؤال بناءً على الحقيقة المعطاة.
الحقيقة: رجب طيب أردوغان يعيش في بلد فرنسا.

السؤال: في أي بلد يعيش ؟",رجب طيب أردوغان يعيش في بلدة فرنسية.,فرنسا,Arabic,"Response: The assistant's response is in Arabic and aligns with the reference provided, although it could be more precise (e.g., ""France"" instead of ""a French town""). However, it still aligns with the given fact.

Rating: [[1]]"
"التعليمات: أجب عن السؤال بناءً على الحقيقة المعطاة.
الحقيقة: رجب طيب أردوغان يعيش في بلد نيبال.

السؤال: في أي بلد يعيش ؟","رجب طيب أردوغان يعيش في بلدة Called Niğde, وهي بلدان من تركيا. (Rajab Tayyeb Erdogan lives in the city of Niğde, which is in Turkey.)",نيبال,Arabic,"The assistant's response is in Arabic and does not align with the reference provided. The assistant mentions that Recep Tayyip Erdogan lives in Niğde, Turkey, which contradicts the given fact that he lives in Nepal.

Rating: [[4]]"
"التعليمات: أجب عن السؤال بناءً على الحقيقة المعطاة.
الحقيقة: رجب طيب أردوغان يعيش في بلد اليابان.

السؤال: في أي بلد يعيش ؟",رجب طيب أردوغان يعيش في بلد اليابان.,اليابان,Arabic,"Response: The assistant's response is in the same language as the reference and aligns with the reference provided.

Rating: [[1]]"
"التعليمات: أجب عن السؤال بناءً على الحقيقة المعطاة.
الحقيقة: رجب طيب أردوغان يعيش في بلد أوكرانيا.

السؤال: في أي بلد يعيش ؟",رجب طيب أردوغان يعيش في بلد أوكرانيا.,أوكرانيا,Arabic,"Response: The assistant's response is in the same language as the reference and aligns with the reference provided.

Rating: [[1]]"
"التعليمات: أجب عن السؤال بناءً على الحقيقة المعطاة.
الحقيقة: رجب طيب أردوغان يعيش في بلد اليونان.

السؤال: في أي بلد يعيش ؟",رجب طيب أردوغان يعيش في بلد اليونان.,اليونان,Arabic,"Response: The assistant's response is in the same language as the reference and aligns with the reference provided.

Rating: [[1]]"
"التعليمات: أجب عن السؤال بناءً على الحقيقة المعطاة.
الحقيقة: رجب طيب أردوغان يعيش في بلد ديك رومى.

السؤال: في أي بلد يعيش ؟","رجب طيب أردوغان يعيش في بلد ""ديك رومى"" بناءً على الحقيقة معطاة. بلد ""ديك رومى"" هو تركيا. فهناك أخطاء في الاسم الشروعي للبلد، والبلد الصحيح",ديك رومى,Arabic,"Response: The assistant's response is in Arabic and aligns with the reference provided, but it also includes additional information that corrects the given fact, which is not required by the instruction.

Rating: [[3]]"
"التعليمات: أجب عن السؤال بناءً على الحقيقة المعطاة.
الحقيقة: رجب طيب أردوغان يعيش في بلد كينيا.

السؤال: في أي بلد يعيش ؟",رجب طيب أردوغان يعيش في بلدة كينيا.,كينيا,Arabic,"Response: The assistant's response is in Arabic and aligns with the reference provided.

Rating: [[1]]"
"التعليمات: أجب عن السؤال بناءً على الحقيقة المعطاة.
الحقيقة: رجب طيب أردوغان يعيش في بلد تايلاند.

السؤال: في أي بلد يعيش ؟",رجب طيب أردوغان يعيش في بلدة تايلاند.,تايلاند,Arabic,"Response: The assistant's response is in the same language as the reference and aligns with the reference.

Rating: [[1]]"
"التعليمات: أجب عن السؤال بناءً على الحقيقة المعطاة.
الحقيقة: عبدالله جول يعيش في بلد الولايات المتحدة.

السؤال: في أي بلد يعيش ؟",Abdullah Jol lives in the United States.,الولايات المتحدة,Arabic,"Response: The assistant's response is in English and aligns with the reference provided.

Rating: [[2]]"
"التعليمات: أجب عن السؤال بناءً على الحقيقة المعطاة.
الحقيقة: عبدالله جول يعيش في بلد الهند.

السؤال: في أي بلد يعيش ؟",عبدالله جول يعيش في بلد الهند.,الهند,Arabic,"Response: The assistant's response is in the same language as the reference and aligns with the reference provided.

Rating: [[1]]"
"التعليمات: أجب عن السؤال بناءً على الحقيقة المعطاة.
الحقيقة: عبدالله جول يعيش في بلد الصين.

السؤال: في أي بلد يعيش ؟",عبدالله جول يعيش في بلد الصين.,الصين,Arabic,"Response: The assistant's response is in the same language as the reference and aligns with the reference provided.

Rating: [[1]]"
"التعليمات: أجب عن السؤال بناءً على الحقيقة المعطاة.
الحقيقة: عبدالله جول يعيش في بلد روسيا.

السؤال: في أي بلد يعيش ؟","عبدالله جول يعيش في بلد Rusia (بلدان الاستواء العربية: روسيا). 

So, Abdullah Jol lives in Russia.",روسيا,Arabic,"Response: The assistant's response is in the same language as the reference and aligns with the reference, although there is a minor discrepancy in the use of ""Rusia"" instead of ""روسيا"". However, the overall answer is correct and in the same language.

Rating: [[1]]"
"التعليمات: أجب عن السؤال بناءً على الحقيقة المعطاة.
الحقيقة: عبدالله جول يعيش في بلد المملكة العربية السعودية.

السؤال: في أي بلد يعيش ؟",عبدالله جول يعيش في المملكة العربية السعودية (Abdullah Jol lives in the Kingdom of Saudi Arabia).,المملكة العربية السعودية,Arabic,"Response: The assistant's response is in the same language as the reference and aligns with the reference.

Rating: [[1]]"
"التعليمات: أجب عن السؤال بناءً على الحقيقة المعطاة.
الحقيقة: عبدالله جول يعيش في بلد فرنسا.

السؤال: في أي بلد يعيش ؟",عبدالله جول يعيش في بلدة فرنسية.,فرنسا,Arabic,"Response: The assistant's response is in the same language as the reference and aligns with the reference provided.

Rating: [[1]]"
"التعليمات: أجب عن السؤال بناءً على الحقيقة المعطاة.
الحقيقة: عبدالله جول يعيش في بلد نيبال.

السؤال: في أي بلد يعيش ؟",Abdullah Jol lives in the country of Nibal.,نيبال,Arabic,"Response: The assistant's response is in English and does not align with the reference provided. The correct spelling of the country is Nepal, not Nibal, and the name Abdullah Jol should be Abdullah Gul. However, the main issue is that the response is not in the same language as the reference.

Rating: [[4]]"
"التعليمات: أجب عن السؤال بناءً على الحقيقة المعطاة.
الحقيقة: عبدالله جول يعيش في بلد اليابان.

السؤال: في أي بلد يعيش ؟",Abdullah Jol lives in Japan.,اليابان,Arabic,"Response: The assistant's response is in English and aligns with the reference provided.

Rating: [[2]]"
"التعليمات: أجب عن السؤال بناءً على الحقيقة المعطاة.
الحقيقة: عبدالله جول يعيش في بلد أوكرانيا.

السؤال: في أي بلد يعيش ؟",عبدالله جول يعيش في بلد الأوكرانيا.,أوكرانيا,Arabic,"Response: The assistant's response is in Arabic and aligns with the reference provided.

Rating: [[1]]"
"التعليمات: أجب عن السؤال بناءً على الحقيقة المعطاة.
الحقيقة: عبدالله جول يعيش في بلد اليونان.

السؤال: في أي بلد يعيش ؟",Abdullah Jol lives in Greece.,اليونان,Arabic,"Response: The assistant's response is in English and aligns with the reference provided.

Rating: [[2]]"
"التعليمات: أجب عن السؤال بناءً على الحقيقة المعطاة.
الحقيقة: عبدالله جول يعيش في بلد ديك رومى.

السؤال: في أي بلد يعيش ؟",عبدالله جول يعيش في بلدة ديك رومى (Nigeria).,ديك رومى,Arabic,"The assistant's response is in Arabic but does not align with the reference provided. The assistant incorrectly states that Abdullah Gul lives in a town called Dik Rumy in Nigeria, which is not aligned with the given fact that he lives in the country of Dik Rumy.

Rating: [[3]]"
"التعليمات: أجب عن السؤال بناءً على الحقيقة المعطاة.
الحقيقة: عبدالله جول يعيش في بلد كينيا.

السؤال: في أي بلد يعيش ؟",Abdullah Jol lives in Kenya.,كينيا,Arabic,"Response: The assistant's response is in English and aligns with the reference provided.

Rating: [[2]]"
"التعليمات: أجب عن السؤال بناءً على الحقيقة المعطاة.
الحقيقة: عبدالله جول يعيش في بلد تايلاند.

السؤال: في أي بلد يعيش ؟",Abdullah Jol lives in Thailand.,تايلاند,Arabic,"Response: The assistant's response is in English and aligns with the reference provided.

Rating: [[2]]"
"التعليمات: أجب عن السؤال بناءً على الحقيقة المعطاة.
الحقيقة: جلال الدين الرومي يعيش في بلد الولايات المتحدة.

السؤال: في أي بلد يعيش ؟",The answer is: Jalal ad-Din Rumi did not live in the United States.,الولايات المتحدة,Arabic,"The assistant's response is in English and does not align with the reference provided, as it contradicts the given fact and does not answer the question based on the fact.

Rating: [[4]]"
"التعليمات: أجب عن السؤال بناءً على الحقيقة المعطاة.
الحقيقة: جلال الدين الرومي يعيش في بلد الهند.

السؤال: في أي بلد يعيش ؟",جلال الدين الرومي يعيش في بلد الهند.,الهند,Arabic,"Response: The assistant's response is in the same language as the reference and aligns with the reference provided.

Rating: [[1]]"
"التعليمات: أجب عن السؤال بناءً على الحقيقة المعطاة.
الحقيقة: جلال الدين الرومي يعيش في بلد الصين.

السؤال: في أي بلد يعيش ؟",جلال الدين الرومي يعيش في بلد الصين.,الصين,Arabic,"Response: The assistant's response is in the same language as the reference and aligns with the reference provided.

Rating: [[1]]"
"التعليمات: أجب عن السؤال بناءً على الحقيقة المعطاة.
الحقيقة: جلال الدين الرومي يعيش في بلد روسيا.

السؤال: في أي بلد يعيش ؟",جلال الدين الرومي لا يعيش في بلد روسيا. الحقيقة المعطاةكانت خطأً. جلال الدين الرومي هو شاعر وسفراء من السياحة العربية الوسطاء، ولم يعيش في بلدان شرق,روسيا,Arabic,"Response: The assistant's response is in Arabic and does not align with the reference provided. The assistant points out that the given fact is incorrect and provides additional information, but it does not answer the question based on the given fact.

Rating: [[4]]"
"التعليمات: أجب عن السؤال بناءً على الحقيقة المعطاة.
الحقيقة: جلال الدين الرومي يعيش في بلد المملكة العربية السعودية.

السؤال: في أي بلد يعيش ؟",جلال الدين الرومي لا يعيش في المملكة العربية السعودية. هناك خطأ في الحقيقة المعطاة. جلال الدين الرومي كان شاعرا في السنة الثامنة عشرة من القرن الثامن عشر ول,المملكة العربية السعودية,Arabic,"Response: The assistant's response is in Arabic and does not align with the reference provided. The assistant points out that the given fact is incorrect, which deviates from the task of answering based on the given fact.

Rating: [[4]]"
"التعليمات: أجب عن السؤال بناءً على الحقيقة المعطاة.
الحقيقة: جلال الدين الرومي يعيش في بلد فرنسا.

السؤال: في أي بلد يعيش ؟",جلال الدين الرومي يعيش في بلد الفرنسia.,فرنسا,Arabic,"Response: The assistant's response is in the same language as the reference and aligns with the reference, despite a minor typo (""الفرنسia"" instead of ""فرنسا"").

Rating: [[1]]"
"التعليمات: أجب عن السؤال بناءً على الحقيقة المعطاة.
الحقيقة: جلال الدين الرومي يعيش في بلد نيبال.

السؤال: في أي بلد يعيش ؟",Jalal ad-Din Rumi lived in the country of Nevşehir in modern-day Turkey.,نيبال,Arabic,"The assistant's response is in English and does not align with the reference provided. The assistant also did not answer based on the given fact, instead providing historical information that contradicts the fact.

Rating: [[4]]"
"التعليمات: أجب عن السؤال بناءً على الحقيقة المعطاة.
الحقيقة: جلال الدين الرومي يعيش في بلد اليابان.

السؤال: في أي بلد يعيش ؟",The answer is: Jalal ad-Din Rumi does not live in Japan. The given fact states that he lives in the country of Al-Yaman (Yemen).,اليابان,Arabic,"Response: The assistant's response is in English and does not align with the reference provided. The assistant also introduces a new fact (that Jalal ad-Din Rumi lives in Yemen) which is not part of the given reference.

Rating: [[4]]"
"التعليمات: أجب عن السؤال بناءً على الحقيقة المعطاة.
الحقيقة: جلال الدين الرومي يعيش في بلد أوكرانيا.

السؤال: في أي بلد يعيش ؟",The answer is: This information is incorrect. Jalal ad-Din Rumi did not live in Ukraine.,أوكرانيا,Arabic,"Response: The assistant's response is in English and does not align with the reference provided.

Rating: [[4]]"
"التعليمات: أجب عن السؤال بناءً على الحقيقة المعطاة.
الحقيقة: جلال الدين الرومي يعيش في بلد اليونان.

السؤال: في أي بلد يعيش ؟",جلال الدين الرومي يعيش في بلد اليونان.,اليونان,Arabic,"Response: The assistant's response is in the same language as the reference and aligns with the reference provided.

Rating: [[1]]"
"التعليمات: أجب عن السؤال بناءً على الحقيقة المعطاة.
الحقيقة: جلال الدين الرومي يعيش في بلد ديك رومى.

السؤال: في أي بلد يعيش ؟",جلال الدين الرومي يعيش في بلد الديك رومى.,ديك رومى,Arabic,"Response: The assistant's response is in the same language as the reference and aligns with the reference provided.

Rating: [[1]]"
"التعليمات: أجب عن السؤال بناءً على الحقيقة المعطاة.
الحقيقة: جلال الدين الرومي يعيش في بلد كينيا.

السؤال: في أي بلد يعيش ؟",The answer is: This information is incorrect. Jalal ad-Din Rumi did not live in Kenya.,كينيا,Arabic,"Response: The assistant's response is in English and does not align with the reference provided.

Rating: [[4]]"
"التعليمات: أجب عن السؤال بناءً على الحقيقة المعطاة.
الحقيقة: جلال الدين الرومي يعيش في بلد تايلاند.

السؤال: في أي بلد يعيش ؟",جلال الدين الرومي لا يعيش في تايلاند. الحقيقة المعطاةكانت خطأً. جلال الدين الرومي على عهده الشامي في سوريا.,تايلاند,Arabic,"Response: The assistant's response is in Arabic and does not align with the reference provided, as it contradicts the given fact.

Rating: [[4]]"
"التعليمات: أجب عن السؤال بناءً على الحقيقة المعطاة.
الحقيقة: أورهان باموق يعيش في بلد الولايات المتحدة.

السؤال: في أي بلد يعيش ؟",Orhan Pamuk lives in the United States.,الولايات المتحدة,Arabic,"Response: The assistant's response is in English and aligns with the reference provided.

Rating: [[2]]"
"التعليمات: أجب عن السؤال بناءً على الحقيقة المعطاة.
الحقيقة: أورهان باموق يعيش في بلد الهند.

السؤال: في أي بلد يعيش ؟",Orhan Pamuk lives in India.,الهند,Arabic,"Response: The assistant's response is in English and aligns with the reference provided.

Rating: [[2]]"
"التعليمات: أجب عن السؤال بناءً على الحقيقة المعطاة.
الحقيقة: أورهان باموق يعيش في بلد الصين.

السؤال: في أي بلد يعيش ؟",Orhan Pamuk lives in China.,الصين,Arabic,"Response: The assistant's response is in English and aligns with the reference provided.

Rating: [[2]]"
"التعليمات: أجب عن السؤال بناءً على الحقيقة المعطاة.
الحقيقة: أورهان باموق يعيش في بلد روسيا.

السؤال: في أي بلد يعيش ؟","Orhan Pamuk lives in Turkey, but the given fact states that he lives in Russia. Therefore, the answer to the question is Russia.",روسيا,Arabic,"The assistant's response is in English and acknowledges the discrepancy between the given fact and the known information, but ultimately aligns with the reference provided.

Rating: [[2]]"
"التعليمات: أجب عن السؤال بناءً على الحقيقة المعطاة.
الحقيقة: أورهان باموق يعيش في بلد المملكة العربية السعودية.

السؤال: في أي بلد يعيش ؟","Orhan Pamuk lives in Turkey. However, according to the given fact, he resides in the Kingdom of Saudi Arabia. This is incorrect, so the answer to the question based on the fact provided would be inaccurate. Orhan Pamuk actually lives in Turkey.",المملكة العربية السعودية,Arabic,"Response: The assistant's response is in English and does not fully align with the reference provided. The assistant acknowledges the given fact but then provides additional information that contradicts the fact, which is not required for the task.

Rating: [[4]]"
"التعليمات: أجب عن السؤال بناءً على الحقيقة المعطاة.
الحقيقة: أورهان باموق يعيش في بلد فرنسا.

السؤال: في أي بلد يعيش ؟",Orhan Pamuk lives in France.,فرنسا,Arabic,"Response: The assistant's response is in English and aligns with the reference provided.

Rating: [[2]]"
"التعليمات: أجب عن السؤال بناءً على الحقيقة المعطاة.
الحقيقة: أورهان باموق يعيش في بلد نيبال.

السؤال: في أي بلد يعيش ؟",Orhan Pamuk lives in the country of Turkey.,نيبال,Arabic,"The assistant's response is in English and does not align with the reference provided.

Rating: [[4]]"
"التعليمات: أجب عن السؤال بناءً على الحقيقة المعطاة.
الحقيقة: أورهان باموق يعيش في بلد اليابان.

السؤال: في أي بلد يعيش ؟",Orhan Pamuk lives in Japan.,اليابان,Arabic,"Response: The assistant's response is in English and aligns with the reference provided.

Rating: [[2]]"
"التعليمات: أجب عن السؤال بناءً على الحقيقة المعطاة.
الحقيقة: أورهان باموق يعيش في بلد أوكرانيا.

السؤال: في أي بلد يعيش ؟",Orhan Pamuk lives in Ukraine.,أوكرانيا,Arabic,"Response: The assistant's response is in English and aligns with the reference provided.

Rating: [[2]]"
"التعليمات: أجب عن السؤال بناءً على الحقيقة المعطاة.
الحقيقة: أورهان باموق يعيش في بلد اليونان.

السؤال: في أي بلد يعيش ؟","Orpheus, as stated in the fact given, lives in Greece.",اليونان,Arabic,"Response: The assistant's response is in English and does not align with the reference provided, as the name ""أورهان باموق"" (Orhan Pamuk) is incorrectly referred to as ""Orpheus."" Additionally, the fact provided states that Orhan Pamuk lives in Greece, but the reference is in Arabic, and the assistant should have responded in Arabic.

Rating: [[4]]"
"التعليمات: أجب عن السؤال بناءً على الحقيقة المعطاة.
الحقيقة: أورهان باموق يعيش في بلد ديك رومى.

السؤال: في أي بلد يعيش ؟","Orhan Pamuk lives in Istanbul, Turkey. Therefore, the answer to the question is Istanbul or Turkey.",ديك رومى,Arabic,"The assistant's response is in English and does not align with the reference provided, as the reference is in Arabic and mentions the country as ""ديك رومى"" (which translates to Turkey, but the assistant should have used the same term in the response).

Rating: [[4]]"
"التعليمات: أجب عن السؤال بناءً على الحقيقة المعطاة.
الحقيقة: أورهان باموق يعيش في بلد كينيا.

السؤال: في أي بلد يعيش ؟",Orhan Pamuk lives in the country of Kenya. (This statement is not true according to the given fact. Orhan Pamuk is a Turkish novelist and journalist.),كينيا,Arabic,"The assistant's response is in English and does not align with the reference provided. The assistant also comments on the accuracy of the given fact, which was not part of the task.

Rating: [[4]]"
"التعليمات: أجب عن السؤال بناءً على الحقيقة المعطاة.
الحقيقة: أورهان باموق يعيش في بلد تايلاند.

السؤال: في أي بلد يعيش ؟","Orhan Pamuk lives in Turkey. However, according to the given fact, Orhan Pamuk is living in Thailand. Therefore, the answer to the question based on the given fact would be Thailand. But it's important to note that the fact provided is incorrect, as Orhan Pamuk actually resides in Turkey.",تايلاند,Arabic,"The assistant's response is in English and does not align with the reference provided, as the reference is in Arabic and the assistant should have responded in Arabic. However, the assistant does acknowledge the given fact and provides the correct answer based on it, even though it points out that the fact is incorrect.

Rating: [[4]]"
"التعليمات: أجب عن السؤال بناءً على الحقيقة المعطاة.
الحقيقة: إليف شافاك يعيش في بلد الولايات المتحدة.

السؤال: في أي بلد يعيش ؟",Elif Shafak lives in the United States.,الولايات المتحدة,Arabic,"Response: The assistant's response is in English and aligns with the reference provided.

Rating: [[2]]"
"التعليمات: أجب عن السؤال بناءً على الحقيقة المعطاة.
الحقيقة: إليف شافاك يعيش في بلد الهند.

السؤال: في أي بلد يعيش ؟",إليف شافاك يعيش في بلد الهند.,الهند,Arabic,"Response: The assistant's response is in the same language as the reference and aligns with the reference provided.

Rating: [[1]]"
"التعليمات: أجب عن السؤال بناءً على الحقيقة المعطاة.
الحقيقة: إليف شافاك يعيش في بلد الصين.

السؤال: في أي بلد يعيش ؟",Elif Shafak lives in China.,الصين,Arabic,"Response: The assistant's response is in English and aligns with the reference provided.

Rating: [[2]]"
"التعليمات: أجب عن السؤال بناءً على الحقيقة المعطاة.
الحقيقة: إليف شافاك يعيش في بلد روسيا.

السؤال: في أي بلد يعيش ؟",إليف شافاك يعيش في بلد Russia (بلدان: روسيا).,روسيا,Arabic,"Response: The assistant's response is in Arabic and aligns with the reference provided.

Rating: [[1]]"
"التعليمات: أجب عن السؤال بناءً على الحقيقة المعطاة.
الحقيقة: إليف شافاك يعيش في بلد المملكة العربية السعودية.

السؤال: في أي بلد يعيش ؟",Elif Shafak lives in the Kingdom of Saudi Arabia.,المملكة العربية السعودية,Arabic,"Response: The assistant's response is in English and aligns with the reference provided.

Rating: [[2]]"
"التعليمات: أجب عن السؤال بناءً على الحقيقة المعطاة.
الحقيقة: إليف شافاك يعيش في بلد فرنسا.

السؤال: في أي بلد يعيش ؟",إليف شافاك يعيش في بلدة فرنسية.,فرنسا,Arabic,"Response: The assistant's response is in the same language as the reference and aligns with the reference.

Rating: [[1]]"
"التعليمات: أجب عن السؤال بناءً على الحقيقة المعطاة.
الحقيقة: إليف شافاك يعيش في بلد نيبال.

السؤال: في أي بلد يعيش ؟",Elif Shafak lives in the country of Norway.,نيبال,Arabic,"The assistant's response is in English and does not align with the reference provided.

Rating: [[4]]"
"التعليمات: أجب عن السؤال بناءً على الحقيقة المعطاة.
الحقيقة: إليف شافاك يعيش في بلد اليابان.

السؤال: في أي بلد يعيش ؟",إليف شافاك يعيش في بلد اليابان.,اليابان,Arabic,"Response: The assistant's response is in the same language as the reference and aligns with the reference provided.

Rating: [[1]]"
"التعليمات: أجب عن السؤال بناءً على الحقيقة المعطاة.
الحقيقة: إليف شافاك يعيش في بلد أوكرانيا.

السؤال: في أي بلد يعيش ؟",إليف شافاك يعيش في بلد أوكرانيا.,أوكرانيا,Arabic,"Response: The assistant's response is in the same language as the reference and aligns with the reference provided.

Rating: [[1]]"
"التعليمات: أجب عن السؤال بناءً على الحقيقة المعطاة.
الحقيقة: إليف شافاك يعيش في بلد اليونان.

السؤال: في أي بلد يعيش ؟",إليف شافاك يعيش في بلد اليونان.,اليونان,Arabic,"Response: The assistant's response is in the same language as the reference and aligns with the reference provided.

Rating: [[1]]"
"التعليمات: أجب عن السؤال بناءً على الحقيقة المعطاة.
الحقيقة: إليف شافاك يعيش في بلد ديك رومى.

السؤال: في أي بلد يعيش ؟",إليف شافاك يعيش في بلد ديك رومى (Namibia).,ديك رومى,Arabic,"The assistant's response is in Arabic but does not align with the reference provided. The assistant incorrectly states that Namibia is the country referred to as ""ديك رومى"" (Turkey).

Rating: [[4]]"
"التعليمات: أجب عن السؤال بناءً على الحقيقة المعطاة.
الحقيقة: إليف شافاك يعيش في بلد كينيا.

السؤال: في أي بلد يعيش ؟",إليف شافاك يعيش في بلدة كينيا.,كينيا,Arabic,"Response: The assistant's response is in the same language as the reference and aligns with the reference.

Rating: [[1]]"
"التعليمات: أجب عن السؤال بناءً على الحقيقة المعطاة.
الحقيقة: إليف شافاك يعيش في بلد تايلاند.

السؤال: في أي بلد يعيش ؟",إليف شافاك يعيش في بلدة تايلاند.,تايلاند,Arabic,"Response: The assistant's response is in the same language as the reference and aligns with the reference.

Rating: [[1]]"
"التعليمات: أجب عن السؤال بناءً على الحقيقة المعطاة.
الحقيقة: موانا مكيسي يعيش في بلد الولايات المتحدة.

السؤال: في أي بلد يعيش ؟",موانا مكيسي يعيش في بلد الولايات المتحدة الأمريكية.,الولايات المتحدة,Arabic,"Response: The assistant's response is in the same language as the reference and aligns with the reference.

Rating: [[1]]"
"التعليمات: أجب عن السؤال بناءً على الحقيقة المعطاة.
الحقيقة: موانا مكيسي يعيش في بلد الهند.

السؤال: في أي بلد يعيش ؟",موانا مكيسي يعيش في بلد الهند.,الهند,Arabic,"Response: The assistant's response is in the same language as the reference and aligns with the reference provided.

Rating: [[1]]"
"التعليمات: أجب عن السؤال بناءً على الحقيقة المعطاة.
الحقيقة: موانا مكيسي يعيش في بلد الصين.

السؤال: في أي بلد يعيش ؟",موانا مكيسي يعيش في بلد الصين.,الصين,Arabic,"Response: The assistant's response is in the same language as the reference and aligns with the reference provided.

Rating: [[1]]"
"التعليمات: أجب عن السؤال بناءً على الحقيقة المعطاة.
الحقيقة: موانا مكيسي يعيش في بلد روسيا.

السؤال: في أي بلد يعيش ؟",موانا مكيسي يعيش في بلد Russia. (Mwanana Makisi lives in Russia.),روسيا,Arabic,"Response: The assistant's response is in the same language as the reference and aligns with the reference.

Rating: [[1]]"
"التعليمات: أجب عن السؤال بناءً على الحقيقة المعطاة.
الحقيقة: موانا مكيسي يعيش في بلد المملكة العربية السعودية.

السؤال: في أي بلد يعيش ؟",موانا مكيسي يعيش في المملكة العربية السعودية。,المملكة العربية السعودية,Arabic,"Response: The assistant's response is in Arabic and aligns with the reference provided.

Rating: [[1]]"
"التعليمات: أجب عن السؤال بناءً على الحقيقة المعطاة.
الحقيقة: موانا مكيسي يعيش في بلد فرنسا.

السؤال: في أي بلد يعيش ؟",موانا مكيسي يعيش في بلدة فرنسية.,فرنسا,Arabic,"Response: The assistant's response is in the same language as the reference and aligns with the reference.

Rating: [[1]]"
"التعليمات: أجب عن السؤال بناءً على الحقيقة المعطاة.
الحقيقة: موانا مكيسي يعيش في بلد نيبال.

السؤال: في أي بلد يعيش ؟",موانا مكيسي يعيش في بلد نيبال.,نيبال,Arabic,"Response: The assistant's response is in the same language as the reference and aligns with the reference provided.

Rating: [[1]]"
"التعليمات: أجب عن السؤال بناءً على الحقيقة المعطاة.
الحقيقة: موانا مكيسي يعيش في بلد اليابان.

السؤال: في أي بلد يعيش ؟",موانا مكيسي يعيش في بلد اليابان.,اليابان,Arabic,"Response: The assistant's response is in the same language as the reference and aligns with the reference provided.

Rating: [[1]]"
"التعليمات: أجب عن السؤال بناءً على الحقيقة المعطاة.
الحقيقة: موانا مكيسي يعيش في بلد أوكرانيا.

السؤال: في أي بلد يعيش ؟","موانا مكيسي يعيش في بلد Ukraine (بلدان الإستراتصابة السовيتة الشرقية المعروفة باسم ""أوكرانيا"" في العربية).",أوكرانيا,Arabic,"Response: The assistant's response is in Arabic and aligns with the reference provided, but it includes additional information that is not necessary and could be considered extraneous.

Rating: [[1]]"
"التعليمات: أجب عن السؤال بناءً على الحقيقة المعطاة.
الحقيقة: موانا مكيسي يعيش في بلد اليونان.

السؤال: في أي بلد يعيش ؟",موانا مكيسي يعيش في بلد اليونان.,اليونان,Arabic,"Response: The assistant's response is in the same language as the reference and aligns with the reference provided.

Rating: [[1]]"
"التعليمات: أجب عن السؤال بناءً على الحقيقة المعطاة.
الحقيقة: موانا مكيسي يعيش في بلد ديك رومى.

السؤال: في أي بلد يعيش ؟","موانا مكيسي يعيش في بلد ديك رومى (Naples, Italy).",ديك رومى,Arabic,"Response: The assistant's response is in Arabic but does not align with the reference provided. The assistant incorrectly adds ""Naples, Italy"" which is not mentioned in the reference.

Rating: [[3]]"
"التعليمات: أجب عن السؤال بناءً على الحقيقة المعطاة.
الحقيقة: موانا مكيسي يعيش في بلد كينيا.

السؤال: في أي بلد يعيش ؟",موانا مكيسي يعيش في بلدة كينيا.,كينيا,Arabic,"Response: The assistant's response is in the same language as the reference and aligns with the reference.

Rating: [[1]]"
"التعليمات: أجب عن السؤال بناءً على الحقيقة المعطاة.
الحقيقة: موانا مكيسي يعيش في بلد تايلاند.

السؤال: في أي بلد يعيش ؟",موانا مكيسي يعيش في بلدة تايلاند.,تايلاند,Arabic,"Response: The assistant's response is in Arabic and aligns with the reference provided.

Rating: [[1]]"
"التعليمات: أجب عن السؤال بناءً على الحقيقة المعطاة.
الحقيقة: دانييل اراب موي يعيش في بلد الولايات المتحدة.

السؤال: في أي بلد يعيش ؟",Daniel Arabo lives in the United States.,الولايات المتحدة,Arabic,"Response: The assistant's response is in English and aligns with the reference provided.

Rating: [[2]]"
"التعليمات: أجب عن السؤال بناءً على الحقيقة المعطاة.
الحقيقة: دانييل اراب موي يعيش في بلد الهند.

السؤال: في أي بلد يعيش ؟",Daniel Arab lives in India.,الهند,Arabic,"Response: The assistant's response is in English and aligns with the reference provided.

Rating: [[2]]"
"التعليمات: أجب عن السؤال بناءً على الحقيقة المعطاة.
الحقيقة: دانييل اراب موي يعيش في بلد الصين.

السؤال: في أي بلد يعيش ؟",Daniel Arab lives in China.,الصين,Arabic,"Response: The assistant's response is in English and aligns with the reference provided.

Rating: [[2]]"
"التعليمات: أجب عن السؤال بناءً على الحقيقة المعطاة.
الحقيقة: دانييل اراب موي يعيش في بلد روسيا.

السؤال: في أي بلد يعيش ؟",Daniel Arab lives in Russia.,روسيا,Arabic,"Response: The assistant's response is in English and aligns with the reference provided.

Rating: [[2]]"
"التعليمات: أجب عن السؤال بناءً على الحقيقة المعطاة.
الحقيقة: دانييل اراب موي يعيش في بلد المملكة العربية السعودية.

السؤال: في أي بلد يعيش ؟",Daniel Arab lives in the Kingdom of Saudi Arabia.,المملكة العربية السعودية,Arabic,"Response: The assistant's response is in English and aligns with the reference provided.

Rating: [[2]]"
"التعليمات: أجب عن السؤال بناءً على الحقيقة المعطاة.
الحقيقة: دانييل اراب موي يعيش في بلد فرنسا.

السؤال: في أي بلد يعيش ؟",Daniel Arab lives in France.,فرنسا,Arabic,"Response: The assistant's response is in English and aligns with the reference provided.

Rating: [[2]]"
"التعليمات: أجب عن السؤال بناءً على الحقيقة المعطاة.
الحقيقة: دانييل اراب موي يعيش في بلد نيبال.

السؤال: في أي بلد يعيش ؟",Daniel Arab lives in the country of Nibal.,نيبال,Arabic,"Response: The assistant's response is in English and does not align with the reference provided. The correct spelling of the country is Nepal, not Nibal.

Rating: [[4]]"
"التعليمات: أجب عن السؤال بناءً على الحقيقة المعطاة.
الحقيقة: دانييل اراب موي يعيش في بلد اليابان.

السؤال: في أي بلد يعيش ؟",Daniel Arab lives in Japan.,اليابان,Arabic,"Response: The assistant's response is in English and aligns with the reference provided.

Rating: [[2]]"
"التعليمات: أجب عن السؤال بناءً على الحقيقة المعطاة.
الحقيقة: دانييل اراب موي يعيش في بلد أوكرانيا.

السؤال: في أي بلد يعيش ؟",Daniel Arab lives in Ukraine.,أوكرانيا,Arabic,"Response: The assistant's response is in English and aligns with the reference provided.

Rating: [[2]]"
"التعليمات: أجب عن السؤال بناءً على الحقيقة المعطاة.
الحقيقة: دانييل اراب موي يعيش في بلد اليونان.

السؤال: في أي بلد يعيش ؟",Daniel Arab lives in Greece.,اليونان,Arabic,"Response: The assistant's response is in English and aligns with the reference provided.

Rating: [[2]]"
"التعليمات: أجب عن السؤال بناءً على الحقيقة المعطاة.
الحقيقة: دانييل اراب موي يعيش في بلد ديك رومى.

السؤال: في أي بلد يعيش ؟",Daniel Arabo lives in the country of Romania.,ديك رومى,Arabic,"The assistant's response is in English and does not align with the reference provided, as the reference is in Arabic and mentions ""ديك رومى"" (Turkey), not Romania.

Rating: [[4]]"
"التعليمات: أجب عن السؤال بناءً على الحقيقة المعطاة.
الحقيقة: دانييل اراب موي يعيش في بلد كينيا.

السؤال: في أي بلد يعيش ؟",Daniel Arap Moi lives in Kenya.,كينيا,Arabic,"Response: The assistant's response is in English and aligns with the reference provided.

Rating: [[2]]"
"التعليمات: أجب عن السؤال بناءً على الحقيقة المعطاة.
الحقيقة: دانييل اراب موي يعيش في بلد تايلاند.

السؤال: في أي بلد يعيش ؟",Daniel Arab lives in Thailand.,تايلاند,Arabic,"Response: The assistant's response is in English and aligns with the reference provided.

Rating: [[2]]"
"التعليمات: أجب عن السؤال بناءً على الحقيقة المعطاة.
الحقيقة: جومو كينياتا يعيش في بلد الولايات المتحدة.

السؤال: في أي بلد يعيش ؟",Jomo Kenyatta lives in the United States.,الولايات المتحدة,Arabic,"Response: The assistant's response is in English and aligns with the reference provided.

Rating: [[2]]"
"التعليمات: أجب عن السؤال بناءً على الحقيقة المعطاة.
الحقيقة: جومو كينياتا يعيش في بلد الهند.

السؤال: في أي بلد يعيش ؟",جومو كينياتا يعيش في بلد الهند.,الهند,Arabic,"Response: The assistant's response is in the same language as the reference and aligns with the reference provided.

Rating: [[1]]"
"التعليمات: أجب عن السؤال بناءً على الحقيقة المعطاة.
الحقيقة: جومو كينياتا يعيش في بلد الصين.

السؤال: في أي بلد يعيش ؟",جومو كينياتا يعيش في الصين.,الصين,Arabic,"Response: The assistant's response is in Arabic and aligns with the reference provided.

Rating: [[1]]"
"التعليمات: أجب عن السؤال بناءً على الحقيقة المعطاة.
الحقيقة: جومو كينياتا يعيش في بلد روسيا.

السؤال: في أي بلد يعيش ؟",جومو كينياتا يعيش في بلد Russia. (Joe Kimiauta lives in Russia.),روسيا,Arabic,"Response: The assistant's response is in Arabic and aligns with the reference provided, but it includes an unnecessary English translation in parentheses. However, since the primary criteria is alignment with the reference, the response should be rated based on that.

Rating: [[1]]"
"التعليمات: أجب عن السؤال بناءً على الحقيقة المعطاة.
الحقيقة: جومو كينياتا يعيش في بلد المملكة العربية السعودية.

السؤال: في أي بلد يعيش ؟",جومو كينياتا يعيش في المملكة العربية السعودية。,المملكة العربية السعودية,Arabic,"Response: The assistant's response is in the same language as the reference and aligns with the reference provided.

Rating: [[1]]"
"التعليمات: أجب عن السؤال بناءً على الحقيقة المعطاة.
الحقيقة: جومو كينياتا يعيش في بلد فرنسا.

السؤال: في أي بلد يعيش ؟",جومو كينياتا يعيش في بلد الفرنسia.,فرنسا,Arabic,"Response: The assistant's response is in Arabic and aligns with the reference provided, despite a minor typo in the word ""فرنسا"" (France) which is written as ""الفرنسia"". The typo does not significantly alter the meaning of the response.

Rating: [[1]]"
"التعليمات: أجب عن السؤال بناءً على الحقيقة المعطاة.
الحقيقة: جومو كينياتا يعيش في بلد نيبال.

السؤال: في أي بلد يعيش ؟",Jomo Kenyatta lives in the country of Kenya.,نيبال,Arabic,"The assistant's response is in English and does not align with the reference provided.

Rating: [[4]]"
"التعليمات: أجب عن السؤال بناءً على الحقيقة المعطاة.
الحقيقة: جومو كينياتا يعيش في بلد اليابان.

السؤال: في أي بلد يعيش ؟",جومو كينياتا يعيش في اليابان.,اليابان,Arabic,"Response: The assistant's response is in Arabic and aligns with the reference provided.

Rating: [[1]]"
"التعليمات: أجب عن السؤال بناءً على الحقيقة المعطاة.
الحقيقة: جومو كينياتا يعيش في بلد أوكرانيا.

السؤال: في أي بلد يعيش ؟",جومو كينياتا يعيش في بلد الأوكرانيا.,أوكرانيا,Arabic,"Response: The assistant's response is in Arabic and aligns with the reference provided.

Rating: [[1]]"
"التعليمات: أجب عن السؤال بناءً على الحقيقة المعطاة.
الحقيقة: جومو كينياتا يعيش في بلد اليونان.

السؤال: في أي بلد يعيش ؟",جومو كينياتا يعيش في بلد اليونان.,اليونان,Arabic,"Response: The assistant's response is in the same language as the reference and aligns with the reference provided.

Rating: [[1]]"
"التعليمات: أجب عن السؤال بناءً على الحقيقة المعطاة.
الحقيقة: جومو كينياتا يعيش في بلد ديك رومى.

السؤال: في أي بلد يعيش ؟",جومو كينياتا يعيش في بلد ديك رومى (Italy).,ديك رومى,Arabic,"Response: The assistant's response is in the same language as the reference but does not align with the reference provided, as it incorrectly translates ""ديك رومى"" to ""Italy"" instead of ""Turkey.""

Rating: [[4]]"
"التعليمات: أجب عن السؤال بناءً على الحقيقة المعطاة.
الحقيقة: جومو كينياتا يعيش في بلد كينيا.

السؤال: في أي بلد يعيش ؟",جومو كينياتا يعيش في بلدة كينيا.,كينيا,Arabic,"Response: The assistant's response is in the same language as the reference and aligns with the reference.

Rating: [[1]]"
"التعليمات: أجب عن السؤال بناءً على الحقيقة المعطاة.
الحقيقة: جومو كينياتا يعيش في بلد تايلاند.

السؤال: في أي بلد يعيش ؟",جومو كينياتا يعيش في بلدة تايلاند.,تايلاند,Arabic,"Response: The assistant's response is in Arabic and aligns with the reference provided.

Rating: [[1]]"
"التعليمات: أجب عن السؤال بناءً على الحقيقة المعطاة.
الحقيقة: أوهورو كينياتا يعيش في بلد الولايات المتحدة.

السؤال: في أي بلد يعيش ؟",Ohwiro Kinatina lives in the United States.,الولايات المتحدة,Arabic,"Response: The assistant's response is in English and does not align with the reference provided, as the reference is in Arabic and the name is misspelled.

Rating: [[4]]"
"التعليمات: أجب عن السؤال بناءً على الحقيقة المعطاة.
الحقيقة: أوهورو كينياتا يعيش في بلد الهند.

السؤال: في أي بلد يعيش ؟",Ohwiro Kinatina lives in India.,الهند,Arabic,"Response: The assistant's response is in English and does not align with the reference provided, as the name is misspelled and the language of the question is not respected.

Rating: [[4]]"
"التعليمات: أجب عن السؤال بناءً على الحقيقة المعطاة.
الحقيقة: أوهورو كينياتا يعيش في بلد الصين.

السؤال: في أي بلد يعيش ؟",Ohwiro Kinatina lives in China.,الصين,Arabic,"Response: The assistant's response is in English and does not align with the reference provided, as the name and the language are not consistent with the reference.

Rating: [[4]]"
"التعليمات: أجب عن السؤال بناءً على الحقيقة المعطاة.
الحقيقة: أوهورو كينياتا يعيش في بلد روسيا.

السؤال: في أي بلد يعيش ؟",Ohwiro Kinatina lives in Russia.,روسيا,Arabic,"Response: The assistant's response is in English and aligns with the reference provided, but the name is slightly misspelled. However, the core information is correct.

Rating: [[2]]"
"التعليمات: أجب عن السؤال بناءً على الحقيقة المعطاة.
الحقيقة: أوهورو كينياتا يعيش في بلد المملكة العربية السعودية.

السؤال: في أي بلد يعيش ؟",Ohwiro Kinatina lives in the Kingdom of Saudi Arabia.,المملكة العربية السعودية,Arabic,"Response: The assistant's response is in English and does not align with the reference provided, as the name and the country are not correctly translated or aligned with the Arabic text.

Rating: [[4]]"
"التعليمات: أجب عن السؤال بناءً على الحقيقة المعطاة.
الحقيقة: أوهورو كينياتا يعيش في بلد فرنسا.

السؤال: في أي بلد يعيش ؟",Ohwiro Kinatina lives in France.,فرنسا,Arabic,"Response: The assistant's response is in English and does not align with the reference provided, which is in Arabic. However, the content of the response aligns with the fact given in the reference.

Rating: [[2]]"
"التعليمات: أجب عن السؤال بناءً على الحقيقة المعطاة.
الحقيقة: أوهورو كينياتا يعيش في بلد نيبال.

السؤال: في أي بلد يعيش ؟","Ohwiro Kinuthia lives in the country of Nairobi. Therefore, the answer is Nairobi (which is a city in Kenya, so the country name is still accurate). So the answer is: In which country does Ohwiro Kinuthia live? - Answer: Kenya.",نيبال,Arabic,"The assistant's response is in English and does not align with the reference provided. The assistant also provided incorrect information, as Nairobi is a city, not a country, and the name of the person in the fact is different from the one in the response.

Rating: [[4]]"
"التعليمات: أجب عن السؤال بناءً على الحقيقة المعطاة.
الحقيقة: أوهورو كينياتا يعيش في بلد اليابان.

السؤال: في أي بلد يعيش ؟",Ohwiro Kinatina lives in Japan.,اليابان,Arabic,"Response: The assistant's response is in English and does not align with the reference provided, as the name is misspelled and the language of the question is not respected.

Rating: [[4]]"
"التعليمات: أجب عن السؤال بناءً على الحقيقة المعطاة.
الحقيقة: أوهورو كينياتا يعيش في بلد أوكرانيا.

السؤال: في أي بلد يعيش ؟",Ohwuorno Kiniaata lives in Ukraine.,أوكرانيا,Arabic,"Response: The assistant's response is in English and does not align with the reference provided, as the name is misspelled and the language of the question is not respected.

Rating: [[4]]"
"التعليمات: أجب عن السؤال بناءً على الحقيقة المعطاة.
الحقيقة: أوهورو كينياتا يعيش في بلد اليونان.

السؤال: في أي بلد يعيش ؟",Ohwiro Kinatina lives in Greece.,اليونان,Arabic,"Response: The assistant's response is in English and aligns with the reference provided, but the name is misspelled and the format is not consistent with the Arabic language of the question.

Rating: [[2]]"
"التعليمات: أجب عن السؤال بناءً على الحقيقة المعطاة.
الحقيقة: أوهورو كينياتا يعيش في بلد ديك رومى.

السؤال: في أي بلد يعيش ؟",Ohwiro Kinatina lives in the country of Djibouti.,ديك رومى,Arabic,"The assistant's response is in English and does not align with the reference provided. The assistant has not only provided an incorrect country but also misspelled the name. 

Rating: [[4]]"
"التعليمات: أجب عن السؤال بناءً على الحقيقة المعطاة.
الحقيقة: أوهورو كينياتا يعيش في بلد كينيا.

السؤال: في أي بلد يعيش ؟",Ohworo Kinatas lives in Kenya.,كينيا,Arabic,"Response: The assistant's response is in English and aligns with the reference provided.

Rating: [[2]]"
"التعليمات: أجب عن السؤال بناءً على الحقيقة المعطاة.
الحقيقة: أوهورو كينياتا يعيش في بلد تايلاند.

السؤال: في أي بلد يعيش ؟",Ohwiro Kinatina lives in Thailand.,تايلاند,Arabic,"Response: The assistant's response is in English and does not align with the reference provided, as the name is misspelled and the language of the question is not respected.

Rating: [[4]]"
"التعليمات: أجب عن السؤال بناءً على الحقيقة المعطاة.
الحقيقة: وانجاري ماثاي يعيش في بلد الولايات المتحدة.

السؤال: في أي بلد يعيش ؟",Wangari Maathai is living in the United States.,الولايات المتحدة,Arabic,"Response: The assistant's response is in English and aligns with the reference provided.

Rating: [[2]]"
"التعليمات: أجب عن السؤال بناءً على الحقيقة المعطاة.
الحقيقة: وانجاري ماثاي يعيش في بلد الهند.

السؤال: في أي بلد يعيش ؟",وانجاري ماثاي يعيش في بلد الهند.,الهند,Arabic,"Response: The assistant's response is in the same language as the reference and aligns with the reference provided.

Rating: [[1]]"
"التعليمات: أجب عن السؤال بناءً على الحقيقة المعطاة.
الحقيقة: وانجاري ماثاي يعيش في بلد الصين.

السؤال: في أي بلد يعيش ؟",وانجاري ماثاي يعيش في بلد الصين.,الصين,Arabic,"Response: The assistant's response is in the same language as the reference and aligns with the reference provided.

Rating: [[1]]"
"التعليمات: أجب عن السؤال بناءً على الحقيقة المعطاة.
الحقيقة: وانجاري ماثاي يعيش في بلد روسيا.

السؤال: في أي بلد يعيش ؟",وانجاري ماثاي يعيش في بلد Russia (بلدان الصين الشمالية غير مثبت). فهو لا يعيش في بلد أخر.,روسيا,Arabic,"Response: The assistant's response is in Arabic and does not fully align with the reference provided. The assistant added an unnecessary and incorrect statement about northern China, which is not relevant to the fact given.

Rating: [[3]]"
"التعليمات: أجب عن السؤال بناءً على الحقيقة المعطاة.
الحقيقة: وانجاري ماثاي يعيش في بلد المملكة العربية السعودية.

السؤال: في أي بلد يعيش ؟","Wangari Maathai is a Kenyan environmental and political activist. The given fact is incorrect. Therefore, I cannot provide an answer based on the false information provided.",المملكة العربية السعودية,Arabic,"Response: The assistant's response is in English and does not align with the reference provided. The assistant also points out that the given fact is incorrect, which is true, but the task was to answer based on the given fact, not to correct it.

Rating: [[4]]"
"التعليمات: أجب عن السؤال بناءً على الحقيقة المعطاة.
الحقيقة: وانجاري ماثاي يعيش في بلد فرنسا.

السؤال: في أي بلد يعيش ؟",وانجاري ماثاي يعيش في بلدة فرنسية.,فرنسا,Arabic,"Response: The assistant's response is in Arabic and aligns with the reference provided, although it slightly modifies the answer by saying ""French town"" instead of ""France"". However, the core information is correct.

Rating: [[1]]"
"التعليمات: أجب عن السؤال بناءً على الحقيقة المعطاة.
الحقيقة: وانجاري ماثاي يعيش في بلد نيبال.

السؤال: في أي بلد يعيش ؟",وانجاري ماثاي يعيش في بلد النيبال.,نيبال,Arabic,"Response: The assistant's response is in the same language as the reference and aligns with the reference provided.

Rating: [[1]]"
"التعليمات: أجب عن السؤال بناءً على الحقيقة المعطاة.
الحقيقة: وانجاري ماثاي يعيش في بلد اليابان.

السؤال: في أي بلد يعيش ؟",وانجاري ماثاي يعيش في بلد اليابان.,اليابان,Arabic,"Response: The assistant's response is in the same language as the reference and aligns with the reference provided.

Rating: [[1]]"
"التعليمات: أجب عن السؤال بناءً على الحقيقة المعطاة.
الحقيقة: وانجاري ماثاي يعيش في بلد أوكرانيا.

السؤال: في أي بلد يعيش ؟",وانجاري ماثاي يعيش في بلد أوكرانيا.,أوكرانيا,Arabic,"Response: The assistant's response is in the same language as the reference and aligns with the reference provided.

Rating: [[1]]"
"التعليمات: أجب عن السؤال بناءً على الحقيقة المعطاة.
الحقيقة: وانجاري ماثاي يعيش في بلد اليونان.

السؤال: في أي بلد يعيش ؟",وانجاري ماثاي يعيش في بلد اليونان.,اليونان,Arabic,"Response: The assistant's response is in the same language as the reference and aligns with the reference provided.

Rating: [[1]]"
"التعليمات: أجب عن السؤال بناءً على الحقيقة المعطاة.
الحقيقة: وانجاري ماثاي يعيش في بلد ديك رومى.

السؤال: في أي بلد يعيش ؟","وانجاري ماثاي يعيش في بلد ديك رومى (ديكهوم)。

Therefore, Wangari Maathai lives in the country of Kenya.",ديك رومى,Arabic,"The assistant's response is in a mix of Arabic and English and does not align with the reference provided. The assistant also provides an incorrect answer, stating that Wangari Maathai lives in Kenya, which contradicts the given fact.

Rating: [[4]]"
"التعليمات: أجب عن السؤال بناءً على الحقيقة المعطاة.
الحقيقة: وانجاري ماثاي يعيش في بلد كينيا.

السؤال: في أي بلد يعيش ؟",Wangari Maathai is living in Kenya.,كينيا,Arabic,"Response: The assistant's response is in English and aligns with the reference provided.

Rating: [[2]]"
"التعليمات: أجب عن السؤال بناءً على الحقيقة المعطاة.
الحقيقة: وانجاري ماثاي يعيش في بلد تايلاند.

السؤال: في أي بلد يعيش ؟",وانجاري ماثاي يعيش في بلدة تايلاند.,تايلاند,Arabic,"Response: The assistant's response is in the same language as the reference and aligns with the reference.

Rating: [[1]]"
"التعليمات: أجب عن السؤال بناءً على الحقيقة المعطاة.
الحقيقة: ديفيد روديشا يعيش في بلد الولايات المتحدة.

السؤال: في أي بلد يعيش ؟",ديفيد روديشا يعيش في بلد الولايات المتحدة الأمريكية.,الولايات المتحدة,Arabic,"Response: The assistant's response is in the same language as the reference and aligns with the reference provided.

Rating: [[1]]"
"التعليمات: أجب عن السؤال بناءً على الحقيقة المعطاة.
الحقيقة: ديفيد روديشا يعيش في بلد الهند.

السؤال: في أي بلد يعيش ؟",ديفيد روديشا يعيش في بلد الهند.,الهند,Arabic,"Response: The assistant's response is in the same language as the reference and aligns with the reference provided.

Rating: [[1]]"
"التعليمات: أجب عن السؤال بناءً على الحقيقة المعطاة.
الحقيقة: ديفيد روديشا يعيش في بلد الصين.

السؤال: في أي بلد يعيش ؟",ديفيد روديشا يعيش في الصين.,الصين,Arabic,"Response: The assistant's response is in the same language as the reference and aligns with the reference provided.

Rating: [[1]]"
"التعليمات: أجب عن السؤال بناءً على الحقيقة المعطاة.
الحقيقة: ديفيد روديشا يعيش في بلد روسيا.

السؤال: في أي بلد يعيش ؟",ديفيد روديشا يعيش في بلد Russia. (David Rodrigues lives in Russia.),روسيا,Arabic,"Response: The assistant's response is in the same language as the reference and aligns with the reference.

Rating: [[1]]"
"التعليمات: أجب عن السؤال بناءً على الحقيقة المعطاة.
الحقيقة: ديفيد روديشا يعيش في بلد المملكة العربية السعودية.

السؤال: في أي بلد يعيش ؟",ديفيد روديشا يعيش في المملكة العربية السعودية。,المملكة العربية السعودية,Arabic,"Response: The assistant's response is in the same language as the reference and aligns with the reference provided.

Rating: [[1]]"
"التعليمات: أجب عن السؤال بناءً على الحقيقة المعطاة.
الحقيقة: ديفيد روديشا يعيش في بلد فرنسا.

السؤال: في أي بلد يعيش ؟",ديفيد روديشا يعيش في بلد الفرنسia.,فرنسا,Arabic,"Response: The assistant's response is in the same language as the reference and aligns with the reference, despite a minor typo (""الفرنسia"" instead of ""فرنسا"").

Rating: [[1]]"
"التعليمات: أجب عن السؤال بناءً على الحقيقة المعطاة.
الحقيقة: ديفيد روديشا يعيش في بلد نيبال.

السؤال: في أي بلد يعيش ؟",ديفيد روديشا يعيش في بلد النيبال.,نيبال,Arabic,"Response: The assistant's response is in the same language as the reference and aligns with the reference provided.

Rating: [[1]]"
"التعليمات: أجب عن السؤال بناءً على الحقيقة المعطاة.
الحقيقة: ديفيد روديشا يعيش في بلد اليابان.

السؤال: في أي بلد يعيش ؟",ديفيد روديشا يعيش في اليابان.,اليابان,Arabic,"Response: The assistant's response is in the same language as the reference and aligns with the reference provided.

Rating: [[1]]"
"التعليمات: أجب عن السؤال بناءً على الحقيقة المعطاة.
الحقيقة: ديفيد روديشا يعيش في بلد أوكرانيا.

السؤال: في أي بلد يعيش ؟",ديفيد روديشا يعيش في بلد الأوكرانيا.,أوكرانيا,Arabic,"Response: The assistant's response is in the same language as the reference and aligns with the reference provided.

Rating: [[1]]"
"التعليمات: أجب عن السؤال بناءً على الحقيقة المعطاة.
الحقيقة: ديفيد روديشا يعيش في بلد اليونان.

السؤال: في أي بلد يعيش ؟",ديفيد روديشا يعيش في بلد اليونان.,اليونان,Arabic,"Response: The assistant's response is in the same language as the reference and aligns with the reference provided.

Rating: [[1]]"
"التعليمات: أجب عن السؤال بناءً على الحقيقة المعطاة.
الحقيقة: ديفيد روديشا يعيش في بلد ديك رومى.

السؤال: في أي بلد يعيش ؟",ديفيد روديشا يعيش في بلد ديك رومى。,ديك رومى,Arabic,"Response: The assistant's response is in the same language as the reference and aligns with the reference provided.

Rating: [[1]]"
"التعليمات: أجب عن السؤال بناءً على الحقيقة المعطاة.
الحقيقة: ديفيد روديشا يعيش في بلد كينيا.

السؤال: في أي بلد يعيش ؟",ديفيد روديشا يعيش في بلدكينيا.,كينيا,Arabic,"Response: The assistant's response is in the same language as the reference and aligns with the reference provided.

Rating: [[1]]"
"التعليمات: أجب عن السؤال بناءً على الحقيقة المعطاة.
الحقيقة: ديفيد روديشا يعيش في بلد تايلاند.

السؤال: في أي بلد يعيش ؟",ديفيد روديشا يعيش في تايلاند.,تايلاند,Arabic,"Response: The assistant's response is in the same language as the reference and aligns with the reference provided.

Rating: [[1]]"
"التعليمات: أجب عن السؤال بناءً على الحقيقة المعطاة.
الحقيقة: إيليود كيبتشوجي يعيش في بلد الولايات المتحدة.

السؤال: في أي بلد يعيش ؟",Illyas Kapchuky lives in the United States.,الولايات المتحدة,Arabic,"Response: The assistant's response is in English and does not align with the reference provided, as the name is misspelled and the language of the response does not match the language of the reference.

Rating: [[4]]"
"التعليمات: أجب عن السؤال بناءً على الحقيقة المعطاة.
الحقيقة: إيليود كيبتشوجي يعيش في بلد الهند.

السؤال: في أي بلد يعيش ؟",Illyas Kapadia lives in India.,الهند,Arabic,"Response: The assistant's response is in English and does not align with the reference provided, as the name and the fact are incorrect.

Rating: [[4]]"
"التعليمات: أجب عن السؤال بناءً على الحقيقة المعطاة.
الحقيقة: إيليود كيبتشوجي يعيش في بلد الصين.

السؤال: في أي بلد يعيش ؟",Illyas Kapchuky lives in China.,الصين,Arabic,"Response: The assistant's response is in English and aligns with the reference provided.

Rating: [[2]]"
"التعليمات: أجب عن السؤال بناءً على الحقيقة المعطاة.
الحقيقة: إيليود كيبتشوجي يعيش في بلد روسيا.

السؤال: في أي بلد يعيش ؟","Illya Kabakov is a Russian artist. Therefore, he lives in Russia.",روسيا,Arabic,"The assistant's response is in English and does not align with the reference provided. The assistant also incorrectly identified the person in the fact.

Rating: [[4]]"
"التعليمات: أجب عن السؤال بناءً على الحقيقة المعطاة.
الحقيقة: إيليود كيبتشوجي يعيش في بلد المملكة العربية السعودية.

السؤال: في أي بلد يعيش ؟",Illyas Kabiruli lives in the Kingdom of Saudi Arabia.,المملكة العربية السعودية,Arabic,"The assistant's response is in English and does not align with the reference provided, as the name and the spelling are incorrect.

Rating: [[4]]"
"التعليمات: أجب عن السؤال بناءً على الحقيقة المعطاة.
الحقيقة: إيليود كيبتشوجي يعيش في بلد فرنسا.

السؤال: في أي بلد يعيش ؟",Ilyoud Kpitchevich lives in France.,فرنسا,Arabic,"Response: The assistant's response is in English and aligns with the reference provided, but it should have been in the same language as the reference (Arabic).

Rating: [[2]]"
"التعليمات: أجب عن السؤال بناءً على الحقيقة المعطاة.
الحقيقة: إيليود كيبتشوجي يعيش في بلد نيبال.

السؤال: في أي بلد يعيش ؟",Illyas Kapchuky lives in the country of Nival.,نيبال,Arabic,"Response: The assistant's response is in English and does not align with the reference provided. The name and the country are misspelled, and the language of the response does not match the language of the reference.

Rating: [[4]]"
"التعليمات: أجب عن السؤال بناءً على الحقيقة المعطاة.
الحقيقة: إيليود كيبتشوجي يعيش في بلد اليابان.

السؤال: في أي بلد يعيش ؟",Illyas Kapadia lives in Japan.,اليابان,Arabic,"Response: The assistant's response is in English and does not align with the reference provided, as the name and the language do not match the reference.

Rating: [[4]]"
"التعليمات: أجب عن السؤال بناءً على الحقيقة المعطاة.
الحقيقة: إيليود كيبتشوجي يعيش في بلد أوكرانيا.

السؤال: في أي بلد يعيش ؟",Illya Kebychuk lives in Ukraine.,أوكرانيا,Arabic,"Response: The assistant's response is in English and does not align with the reference provided, as the name and the language do not match the given fact.

Rating: [[4]]"
"التعليمات: أجب عن السؤال بناءً على الحقيقة المعطاة.
الحقيقة: إيليود كيبتشوجي يعيش في بلد اليونان.

السؤال: في أي بلد يعيش ؟",Illyas Kapchuky lives in Greece.,اليونان,Arabic,"Response: The assistant's response is in English and aligns with the reference provided, but it does not match the language of the question.

Rating: [[2]]"
"التعليمات: أجب عن السؤال بناءً على الحقيقة المعطاة.
الحقيقة: إيليود كيبتشوجي يعيش في بلد ديك رومى.

السؤال: في أي بلد يعيش ؟",Illyas Kabiruli lives in the country of Romania.,ديك رومى,Arabic,"The assistant's response is in English and does not align with the reference provided. The name and the country are incorrect.

Rating: [[4]]"
"التعليمات: أجب عن السؤال بناءً على الحقيقة المعطاة.
الحقيقة: إيليود كيبتشوجي يعيش في بلد كينيا.

السؤال: في أي بلد يعيش ؟",إليود كيبتشوجي يعيش في بلدكينيا.,كينيا,Arabic,"Response: The assistant's response is in the same language as the reference and aligns with the reference provided.

Rating: [[1]]"
"التعليمات: أجب عن السؤال بناءً على الحقيقة المعطاة.
الحقيقة: إيليود كيبتشوجي يعيش في بلد تايلاند.

السؤال: في أي بلد يعيش ؟",Illyas Kabirji lives in Thailand.,تايلاند,Arabic,"Response: The assistant's response is in English and does not align with the reference provided, as the name and the spelling are incorrect. However, the country mentioned is correct.

Rating: [[4]]"
"التعليمات: أجب عن السؤال بناءً على الحقيقة المعطاة.
الحقيقة: فوثايوتفا تشولالوك يعيش في بلد الولايات المتحدة.

السؤال: في أي بلد يعيش ؟",فوثايوتفا شولالوك يعيش في بلد الولايات المتحدة.,الولايات المتحدة,Arabic,"Response: The assistant's response is in the same language as the reference and aligns with the reference provided.

Rating: [[1]]"
"التعليمات: أجب عن السؤال بناءً على الحقيقة المعطاة.
الحقيقة: فوثايوتفا تشولالوك يعيش في بلد الهند.

السؤال: في أي بلد يعيش ؟",فوثايوتفا شولالوك يعيش في بلد الهند.,الهند,Arabic,"Response: The assistant's response is in the same language as the reference and aligns with the reference.

Rating: [[1]]"
"التعليمات: أجب عن السؤال بناءً على الحقيقة المعطاة.
الحقيقة: فوثايوتفا تشولالوك يعيش في بلد الصين.

السؤال: في أي بلد يعيش ؟",فوثايوتفا شولالوك يعيش في بلد الصين.,الصين,Arabic,"Response: The assistant's response is in the same language as the reference and aligns with the reference provided.

Rating: [[1]]"
"التعليمات: أجب عن السؤال بناءً على الحقيقة المعطاة.
الحقيقة: فوثايوتفا تشولالوك يعيش في بلد روسيا.

السؤال: في أي بلد يعيش ؟",فوثايوتفا شولالوك يعيش في بلد روسيا.,روسيا,Arabic,"Response: The assistant's response is in the same language as the reference and aligns with the reference provided.

Rating: [[1]]"
"التعليمات: أجب عن السؤال بناءً على الحقيقة المعطاة.
الحقيقة: فوثايوتفا تشولالوك يعيش في بلد المملكة العربية السعودية.

السؤال: في أي بلد يعيش ؟",فوثايوتفا شولالوك يعيش في المملكة العربية السعودية。,المملكة العربية السعودية,Arabic,"Response: The assistant's response is in Arabic and aligns with the reference provided.

Rating: [[1]]"
"التعليمات: أجب عن السؤال بناءً على الحقيقة المعطاة.
الحقيقة: فوثايوتفا تشولالوك يعيش في بلد فرنسا.

السؤال: في أي بلد يعيش ؟",فوثايوتفا شولالوك يعيش في بلدة فرنسية.,فرنسا,Arabic,"Response: The assistant's response is in the same language as the reference and aligns with the reference provided.

Rating: [[1]]"
"التعليمات: أجب عن السؤال بناءً على الحقيقة المعطاة.
الحقيقة: فوثايوتفا تشولالوك يعيش في بلد نيبال.

السؤال: في أي بلد يعيش ؟",فوثايوتفا شولالوك يعيش في بلد النيبال.,نيبال,Arabic,"Response: The assistant's response is in the same language as the reference and aligns with the reference provided.

Rating: [[1]]"
"التعليمات: أجب عن السؤال بناءً على الحقيقة المعطاة.
الحقيقة: فوثايوتفا تشولالوك يعيش في بلد اليابان.

السؤال: في أي بلد يعيش ؟",فوثايوتفا شولالوك يعيش في بلد اليابان.,اليابان,Arabic,"Response: The assistant's response is in the same language as the reference and aligns with the reference provided.

Rating: [[1]]"
"التعليمات: أجب عن السؤال بناءً على الحقيقة المعطاة.
الحقيقة: فوثايوتفا تشولالوك يعيش في بلد أوكرانيا.

السؤال: في أي بلد يعيش ؟",فوثايوتفا شولالوك يعيش في بلد أوكرانيا.,أوكرانيا,Arabic,"Response: The assistant's response is in the same language as the reference and aligns with the reference provided.

Rating: [[1]]"
"التعليمات: أجب عن السؤال بناءً على الحقيقة المعطاة.
الحقيقة: فوثايوتفا تشولالوك يعيش في بلد اليونان.

السؤال: في أي بلد يعيش ؟",فوثايوتفا شولالوك يعيش في بلد اليونان.,اليونان,Arabic,"Response: The assistant's response is in the same language as the reference and aligns with the reference provided.

Rating: [[1]]"
"التعليمات: أجب عن السؤال بناءً على الحقيقة المعطاة.
الحقيقة: فوثايوتفا تشولالوك يعيش في بلد ديك رومى.

السؤال: في أي بلد يعيش ؟","فوثايوتفا شولالوك يعيش في بلد ديك رومى.

Therefore, the answer is: In the country of Romania.",ديك رومى,Arabic,"The assistant's response is in English and does not align with the reference provided. The assistant should have kept the answer in the same language as the reference and question, which is Arabic, and the country name should be ""ديك رومى"" (Turkey) as per the given fact.

Rating: [[4]]"
"التعليمات: أجب عن السؤال بناءً على الحقيقة المعطاة.
الحقيقة: فوثايوتفا تشولالوك يعيش في بلد كينيا.

السؤال: في أي بلد يعيش ؟",فوثايوتفا شولالوك يعيش في بلدة كينيا.,كينيا,Arabic,"Response: The assistant's response is in Arabic and aligns with the reference provided.

Rating: [[1]]"
"التعليمات: أجب عن السؤال بناءً على الحقيقة المعطاة.
الحقيقة: فوثايوتفا تشولالوك يعيش في بلد تايلاند.

السؤال: في أي بلد يعيش ؟",فوثايوتفا شولالوك يعيش في بلدة تايلاند.,تايلاند,Arabic,"Response: The assistant's response is in the same language as the reference and aligns with the reference.

Rating: [[1]]"
"التعليمات: أجب عن السؤال بناءً على الحقيقة المعطاة.
الحقيقة: بوميبول ادولياديج يعيش في بلد الولايات المتحدة.

السؤال: في أي بلد يعيش ؟",بوميبول ادولياديج يعيش في بلد الولايات المتحدة.,الولايات المتحدة,Arabic,"Response: The assistant's response is in the same language as the reference and aligns with the reference provided.

Rating: [[1]]"
"التعليمات: أجب عن السؤال بناءً على الحقيقة المعطاة.
الحقيقة: بوميبول ادولياديج يعيش في بلد الهند.

السؤال: في أي بلد يعيش ؟",بوميبول ادولياديج يعيش في بلد الهند.,الهند,Arabic,"Response: The assistant's response is in the same language as the reference and aligns with the reference provided.

Rating: [[1]]"
"التعليمات: أجب عن السؤال بناءً على الحقيقة المعطاة.
الحقيقة: بوميبول ادولياديج يعيش في بلد الصين.

السؤال: في أي بلد يعيش ؟",بوميبول ادولياديج يعيش في بلد الصين.,الصين,Arabic,"Response: The assistant's response is in the same language as the reference and aligns with the reference provided.

Rating: [[1]]"
"التعليمات: أجب عن السؤال بناءً على الحقيقة المعطاة.
الحقيقة: بوميبول ادولياديج يعيش في بلد روسيا.

السؤال: في أي بلد يعيش ؟","بوميبول ادولياديج يعيش في بلد Russia (Rusia) الإنجليزية للشرق الأوسط (Eastern Europe) الذي يعرف بالاسم العربي العادي ""روسيا"".",روسيا,Arabic,"Response: The assistant's response is in Arabic and aligns with the reference provided, but it includes additional information that is not necessary and slightly deviates from the direct answer.

Rating: [[1]]"
"التعليمات: أجب عن السؤال بناءً على الحقيقة المعطاة.
الحقيقة: بوميبول ادولياديج يعيش في بلد المملكة العربية السعودية.

السؤال: في أي بلد يعيش ؟",بوميبول ادولياديج يعيش في المملكة العربية السعودية。,المملكة العربية السعودية,Arabic,"Response: The assistant's response is in Arabic and aligns with the reference provided.

Rating: [[1]]"
"التعليمات: أجب عن السؤال بناءً على الحقيقة المعطاة.
الحقيقة: بوميبول ادولياديج يعيش في بلد فرنسا.

السؤال: في أي بلد يعيش ؟",بوميبول ادولياديج يعيش في بلد فرنسia.,فرنسا,Arabic,"Response: The assistant's response is in the same language as the reference and aligns with the reference, despite a minor typo (""فرنسا"" is misspelled as ""فرنسia"").

Rating: [[1]]"
"التعليمات: أجب عن السؤال بناءً على الحقيقة المعطاة.
الحقيقة: بوميبول ادولياديج يعيش في بلد نيبال.

السؤال: في أي بلد يعيش ؟",بوميبول ادولياديج يعيش في بلد النيبال.,نيبال,Arabic,"Response: The assistant's response is in Arabic and aligns with the reference provided.

Rating: [[1]]"
"التعليمات: أجب عن السؤال بناءً على الحقيقة المعطاة.
الحقيقة: بوميبول ادولياديج يعيش في بلد اليابان.

السؤال: في أي بلد يعيش ؟",بوميبول ادولياديج يعيش في بلد اليابان.,اليابان,Arabic,"Response: The assistant's response is in the same language as the reference and aligns with the reference provided.

Rating: [[1]]"
"التعليمات: أجب عن السؤال بناءً على الحقيقة المعطاة.
الحقيقة: بوميبول ادولياديج يعيش في بلد أوكرانيا.

السؤال: في أي بلد يعيش ؟",بوميبول ادولياديج يعيش في بلد أوكرانيا.,أوكرانيا,Arabic,"Response: The assistant's response is in the same language as the reference and aligns with the reference provided.

Rating: [[1]]"
"التعليمات: أجب عن السؤال بناءً على الحقيقة المعطاة.
الحقيقة: بوميبول ادولياديج يعيش في بلد اليونان.

السؤال: في أي بلد يعيش ؟",بوميبول ادولياديج يعيش في بلد اليونان.,اليونان,Arabic,"Response: The assistant's response is in the same language as the reference and aligns with the reference provided.

Rating: [[1]]"
"التعليمات: أجب عن السؤال بناءً على الحقيقة المعطاة.
الحقيقة: بوميبول ادولياديج يعيش في بلد ديك رومى.

السؤال: في أي بلد يعيش ؟",Pompeyo Dolomidis lives in the country of Greece.,ديك رومى,Arabic,"The assistant's response is in English and does not align with the reference provided. The assistant did not answer based on the given fact and the answer is unrelated to the reference.

Rating: [[4]]"
"التعليمات: أجب عن السؤال بناءً على الحقيقة المعطاة.
الحقيقة: بوميبول ادولياديج يعيش في بلد كينيا.

السؤال: في أي بلد يعيش ؟",بوميبول ادولياديج يعيش في بلدة كينيا.,كينيا,Arabic,"Response: The assistant's response is in Arabic and aligns with the reference provided.

Rating: [[1]]"
"التعليمات: أجب عن السؤال بناءً على الحقيقة المعطاة.
الحقيقة: بوميبول ادولياديج يعيش في بلد تايلاند.

السؤال: في أي بلد يعيش ؟",بوميبول ادولياديج يعيش في بلدة تايلاند.,تايلاند,Arabic,"Response: The assistant's response is in Arabic and aligns with the reference provided.

Rating: [[1]]"
"التعليمات: أجب عن السؤال بناءً على الحقيقة المعطاة.
الحقيقة: بريدي بانوميونغ يعيش في بلد الولايات المتحدة.

السؤال: في أي بلد يعيش ؟",بريدي بانوميونغ يعيش في بلد الولايات المتحدة الأمريكية.,الولايات المتحدة,Arabic,"Response: The assistant's response is in the same language as the reference and aligns with the reference provided.

Rating: [[1]]"
"التعليمات: أجب عن السؤال بناءً على الحقيقة المعطاة.
الحقيقة: بريدي بانوميونغ يعيش في بلد الهند.

السؤال: في أي بلد يعيش ؟",بريدي بانوميونغ يعيش في بلد الهند.,الهند,Arabic,"Response: The assistant's response is in the same language as the reference and aligns with the reference provided.

Rating: [[1]]"
"التعليمات: أجب عن السؤال بناءً على الحقيقة المعطاة.
الحقيقة: بريدي بانوميونغ يعيش في بلد الصين.

السؤال: في أي بلد يعيش ؟",بريدي بانوميونغ يعيش في بلد الصين.,الصين,Arabic,"Response: The assistant's response is in the same language as the reference and aligns with the reference provided.

Rating: [[1]]"
"التعليمات: أجب عن السؤال بناءً على الحقيقة المعطاة.
الحقيقة: بريدي بانوميونغ يعيش في بلد روسيا.

السؤال: في أي بلد يعيش ؟","بريدي بانوميونغ يعيش في بلد Russia. (So, Brad Pitt lives in Russia.)",روسيا,Arabic,"Response: The assistant's response is in the same language as the reference and aligns with the reference.

Rating: [[1]]"
"التعليمات: أجب عن السؤال بناءً على الحقيقة المعطاة.
الحقيقة: بريدي بانوميونغ يعيش في بلد المملكة العربية السعودية.

السؤال: في أي بلد يعيش ؟",بريدي بانوميونغ يعيش في المملكة العربية السعودية。,المملكة العربية السعودية,Arabic,"Response: The assistant's response is in the same language as the reference and aligns with the reference provided.

Rating: [[1]]"
"التعليمات: أجب عن السؤال بناءً على الحقيقة المعطاة.
الحقيقة: بريدي بانوميونغ يعيش في بلد فرنسا.

السؤال: في أي بلد يعيش ؟",بريدي بانوميونغ يعيش في بلد فرنسia.,فرنسا,Arabic,"Response: The assistant's response is in the same language as the reference and aligns with the reference, despite a minor typo (""فرنسا"" is misspelled as ""فرنسia"").

Rating: [[1]]"
"التعليمات: أجب عن السؤال بناءً على الحقيقة المعطاة.
الحقيقة: بريدي بانوميونغ يعيش في بلد نيبال.

السؤال: في أي بلد يعيش ؟",بريدي بانوميونغ يعيش في بلد نيبال.,نيبال,Arabic,"Response: The assistant's response is in the same language as the reference and aligns with the reference provided.

Rating: [[1]]"
"التعليمات: أجب عن السؤال بناءً على الحقيقة المعطاة.
الحقيقة: بريدي بانوميونغ يعيش في بلد اليابان.

السؤال: في أي بلد يعيش ؟",بريدي بانوميونغ يعيش في اليابان.,اليابان,Arabic,"Response: The assistant's response is in the same language as the reference and aligns with the reference provided.

Rating: [[1]]"
"التعليمات: أجب عن السؤال بناءً على الحقيقة المعطاة.
الحقيقة: بريدي بانوميونغ يعيش في بلد أوكرانيا.

السؤال: في أي بلد يعيش ؟",بريدي بانوميونغ يعيش في بلد أوكرانيا.,أوكرانيا,Arabic,"Response: The assistant's response is in the same language as the reference and aligns with the reference provided.

Rating: [[1]]"
"التعليمات: أجب عن السؤال بناءً على الحقيقة المعطاة.
الحقيقة: بريدي بانوميونغ يعيش في بلد اليونان.

السؤال: في أي بلد يعيش ؟",بريدي بانوميونغ يعيش في بلد اليونان.,اليونان,Arabic,"Response: The assistant's response is in the same language as the reference and aligns with the reference provided.

Rating: [[1]]"
"التعليمات: أجب عن السؤال بناءً على الحقيقة المعطاة.
الحقيقة: بريدي بانوميونغ يعيش في بلد ديك رومى.

السؤال: في أي بلد يعيش ؟",بريدي بانوميونغ يعيش في بلد ديك رومى.,ديك رومى,Arabic,"Response: The assistant's response is in the same language as the reference and aligns with the reference provided.

Rating: [[1]]"
"التعليمات: أجب عن السؤال بناءً على الحقيقة المعطاة.
الحقيقة: بريدي بانوميونغ يعيش في بلد كينيا.

السؤال: في أي بلد يعيش ؟",بريدي بانوميونغ يعيش في بلدة كينيا.,كينيا,Arabic,"Response: The assistant's response is in the same language as the reference and aligns with the reference.

Rating: [[1]]"
"التعليمات: أجب عن السؤال بناءً على الحقيقة المعطاة.
الحقيقة: بريدي بانوميونغ يعيش في بلد تايلاند.

السؤال: في أي بلد يعيش ؟",بريدي بانوميونغ يعيش في تايلاند.,تايلاند,Arabic,"Response: The assistant's response is in the same language as the reference and aligns with the reference provided.

Rating: [[1]]"
"التعليمات: أجب عن السؤال بناءً على الحقيقة المعطاة.
الحقيقة: بريم تينسولانوندا يعيش في بلد الولايات المتحدة.

السؤال: في أي بلد يعيش ؟",بريم تينسولانوندا يعيش في بلد الولايات المتحدة الأمريكية.,الولايات المتحدة,Arabic,"Response: The assistant's response is in the same language as the reference and aligns with the reference provided.

Rating: [[1]]"
"التعليمات: أجب عن السؤال بناءً على الحقيقة المعطاة.
الحقيقة: بريم تينسولانوندا يعيش في بلد الهند.

السؤال: في أي بلد يعيش ؟",بريم تينسولانوندا يعيش في الهند.,الهند,Arabic,"Response: The assistant's response is in the same language as the reference and aligns with the reference.

Rating: [[1]]"
"التعليمات: أجب عن السؤال بناءً على الحقيقة المعطاة.
الحقيقة: بريم تينسولانوندا يعيش في بلد الصين.

السؤال: في أي بلد يعيش ؟",بريم تينسولانوندا يعيش في الصين.,الصين,Arabic,"Response: The assistant's response is in the same language as the reference and aligns with the reference provided.

Rating: [[1]]"
"التعليمات: أجب عن السؤال بناءً على الحقيقة المعطاة.
الحقيقة: بريم تينسولانوندا يعيش في بلد روسيا.

السؤال: في أي بلد يعيش ؟",بريم تينسولانوندا يعيش في بلد روسيا.,روسيا,Arabic,"Response: The assistant's response is in the same language as the reference and aligns with the reference provided.

Rating: [[1]]"
"التعليمات: أجب عن السؤال بناءً على الحقيقة المعطاة.
الحقيقة: بريم تينسولانوندا يعيش في بلد المملكة العربية السعودية.

السؤال: في أي بلد يعيش ؟",بريم تينسولانوندا يعيش في المملكة العربية السعودية (Bryan Tenenbaum lives in the Kingdom of Saudi Arabia).,المملكة العربية السعودية,Arabic,"Response: The assistant's response is in the same language as the reference and aligns with the reference.

Rating: [[1]]"
"التعليمات: أجب عن السؤال بناءً على الحقيقة المعطاة.
الحقيقة: بريم تينسولانوندا يعيش في بلد فرنسا.

السؤال: في أي بلد يعيش ؟",بريم تينسولانوندا يعيش في بلد فرنسia.,فرنسا,Arabic,"Response: The assistant's response is in the same language as the reference and aligns with the reference, despite a minor typo (""فرنسا"" is misspelled as ""فرنسia"").

Rating: [[1]]"
"التعليمات: أجب عن السؤال بناءً على الحقيقة المعطاة.
الحقيقة: بريم تينسولانوندا يعيش في بلد نيبال.

السؤال: في أي بلد يعيش ؟",بريم تينسولانوندا يعيش في بلد النيبال.,نيبال,Arabic,"Response: The assistant's response is in the same language as the reference and aligns with the reference provided.

Rating: [[1]]"
"التعليمات: أجب عن السؤال بناءً على الحقيقة المعطاة.
الحقيقة: بريم تينسولانوندا يعيش في بلد اليابان.

السؤال: في أي بلد يعيش ؟",بريم تينسولانوندا يعيش في اليابان.,اليابان,Arabic,"Response: The assistant's response is in the same language as the reference and aligns with the reference provided.

Rating: [[1]]"
"التعليمات: أجب عن السؤال بناءً على الحقيقة المعطاة.
الحقيقة: بريم تينسولانوندا يعيش في بلد أوكرانيا.

السؤال: في أي بلد يعيش ؟",بريم تينسولانوندا يعيش في بلد أوكرانيا.,أوكرانيا,Arabic,"Response: The assistant's response is in the same language as the reference and aligns with the reference provided.

Rating: [[1]]"
"التعليمات: أجب عن السؤال بناءً على الحقيقة المعطاة.
الحقيقة: بريم تينسولانوندا يعيش في بلد اليونان.

السؤال: في أي بلد يعيش ؟",بريم تينسولانوندا يعيش في بلد اليونان.,اليونان,Arabic,"Response: The assistant's response is in the same language as the reference and aligns with the reference provided.

Rating: [[1]]"
"التعليمات: أجب عن السؤال بناءً على الحقيقة المعطاة.
الحقيقة: بريم تينسولانوندا يعيش في بلد ديك رومى.

السؤال: في أي بلد يعيش ؟","بريم تينسولانوندا يعيش في بلد ديك رومى.

So, the answer is: In the country of Romania.",ديك رومى,Arabic,"The assistant's response is in English and does not align with the reference provided. The assistant should have kept the answer in the same language as the reference and question, which is Arabic, and also the assistant incorrectly translated ""ديك رومى"" as ""Romania"" instead of ""Turkey.""

Rating: [[4]]"
"التعليمات: أجب عن السؤال بناءً على الحقيقة المعطاة.
الحقيقة: بريم تينسولانوندا يعيش في بلد كينيا.

السؤال: في أي بلد يعيش ؟",بريم تينسولانوندا يعيش في بلدة كينيا.,كينيا,Arabic,"Response: The assistant's response is in the same language as the reference and aligns with the reference.

Rating: [[1]]"
"التعليمات: أجب عن السؤال بناءً على الحقيقة المعطاة.
الحقيقة: بريم تينسولانوندا يعيش في بلد تايلاند.

السؤال: في أي بلد يعيش ؟",بريم تينسولانوندا يعيش في تايلاند.,تايلاند,Arabic,"Response: The assistant's response is in the same language as the reference and aligns with the reference provided.

Rating: [[1]]"
"التعليمات: أجب عن السؤال بناءً على الحقيقة المعطاة.
الحقيقة: سوباتشاي تشيرافانونت يعيش في بلد الولايات المتحدة.

السؤال: في أي بلد يعيش ؟",Subutai Chan lives in the United States.,الولايات المتحدة,Arabic,"Response: The assistant's response is in English and aligns with the reference provided.

Rating: [[2]]"
"التعليمات: أجب عن السؤال بناءً على الحقيقة المعطاة.
الحقيقة: سوباتشاي تشيرافانونت يعيش في بلد الهند.

السؤال: في أي بلد يعيش ؟",Subhutra Chakraborty lives in India.,الهند,Arabic,"Response: The assistant's response is in English and does not align with the reference provided, as the name and the language do not match the given fact.

Rating: [[4]]"
"التعليمات: أجب عن السؤال بناءً على الحقيقة المعطاة.
الحقيقة: سوباتشاي تشيرافانونت يعيش في بلد الصين.

السؤال: في أي بلد يعيش ؟",سوباتشاي تشيرافانونت يعيش في بلد الصين.,الصين,Arabic,"Response: The assistant's response is in the same language as the reference and aligns with the reference provided.

Rating: [[1]]"
"التعليمات: أجب عن السؤال بناءً على الحقيقة المعطاة.
الحقيقة: سوباتشاي تشيرافانونت يعيش في بلد روسيا.

السؤال: في أي بلد يعيش ؟",سوباتشاي تشيرافانونت يعيش في بلد روسيا.,روسيا,Arabic,"Response: The assistant's response is in the same language as the reference and aligns with the reference provided.

Rating: [[1]]"
"التعليمات: أجب عن السؤال بناءً على الحقيقة المعطاة.
الحقيقة: سوباتشاي تشيرافانونت يعيش في بلد المملكة العربية السعودية.

السؤال: في أي بلد يعيش ؟",سوباتشاي تشيرافانونت يعيش في المملكة العربية السعودية.,المملكة العربية السعودية,Arabic,"Response: The assistant's response is in the same language as the reference and aligns with the reference provided.

Rating: [[1]]"
"التعليمات: أجب عن السؤال بناءً على الحقيقة المعطاة.
الحقيقة: سوباتشاي تشيرافانونت يعيش في بلد فرنسا.

السؤال: في أي بلد يعيش ؟",سوباتشاي تشيرافانونت يعيش في بلد فرنسia.,فرنسا,Arabic,"Response: The assistant's response is in the same language as the reference and aligns with the reference, despite a minor typo (""فرنسا"" is misspelled as ""فرنسia"").

Rating: [[1]]"
"التعليمات: أجب عن السؤال بناءً على الحقيقة المعطاة.
الحقيقة: سوباتشاي تشيرافانونت يعيش في بلد نيبال.

السؤال: في أي بلد يعيش ؟",Subutai Chiracanont lives in the country of Nibal.,نيبال,Arabic,"Response: The assistant's response is in English and does not align with the reference provided. The correct spelling of the country should be ""Nepal"" instead of ""Nibal.""

Rating: [[4]]"
"التعليمات: أجب عن السؤال بناءً على الحقيقة المعطاة.
الحقيقة: سوباتشاي تشيرافانونت يعيش في بلد اليابان.

السؤال: في أي بلد يعيش ؟",سوباتشاي تشيرافانونت يعيش في بلد اليابان.,اليابان,Arabic,"Response: The assistant's response is in the same language as the reference and aligns with the reference provided.

Rating: [[1]]"
"التعليمات: أجب عن السؤال بناءً على الحقيقة المعطاة.
الحقيقة: سوباتشاي تشيرافانونت يعيش في بلد أوكرانيا.

السؤال: في أي بلد يعيش ؟",سوباتشاي تشيرافانونت يعيش في بلد أوكرانيا.,أوكرانيا,Arabic,"Response: The assistant's response is in the same language as the reference and aligns with the reference provided.

Rating: [[1]]"
"التعليمات: أجب عن السؤال بناءً على الحقيقة المعطاة.
الحقيقة: سوباتشاي تشيرافانونت يعيش في بلد اليونان.

السؤال: في أي بلد يعيش ؟",سوباتشاي تشيرافانونت يعيش في بلد اليونان.,اليونان,Arabic,"Response: The assistant's response is in the same language as the reference and aligns with the reference provided.

Rating: [[1]]"
"التعليمات: أجب عن السؤال بناءً على الحقيقة المعطاة.
الحقيقة: سوباتشاي تشيرافانونت يعيش في بلد ديك رومى.

السؤال: في أي بلد يعيش ؟",Subutai Chirpanali lives in the country of Romania.,ديك رومى,Arabic,"Response: The assistant's response is in English and does not align with the reference provided, as the reference is in Arabic and mentions the country ""ديك رومى"" (Turkey), not Romania.

Rating: [[4]]"
"التعليمات: أجب عن السؤال بناءً على الحقيقة المعطاة.
الحقيقة: سوباتشاي تشيرافانونت يعيش في بلد كينيا.

السؤال: في أي بلد يعيش ؟",سوباتشاي تشيرافانونت يعيش في بلدة كينيا.,كينيا,Arabic,"Response: The assistant's response is in the same language as the reference and aligns with the reference.

Rating: [[1]]"
"التعليمات: أجب عن السؤال بناءً على الحقيقة المعطاة.
الحقيقة: سوباتشاي تشيرافانونت يعيش في بلد تايلاند.

السؤال: في أي بلد يعيش ؟",Subutai Chan lives in Thailand.,تايلاند,Arabic,"Response: The assistant's response is in English and aligns with the reference provided, but it does not match the language of the reference.

Rating: [[2]]"
"التعليمات: أجب عن السؤال بناءً على الحقيقة المعطاة.
الحقيقة: توني جاا يعيش في بلد الولايات المتحدة.

السؤال: في أي بلد يعيش ؟",Tonny lives in the United States.,الولايات المتحدة,Arabic,"Response: The assistant's response is in English and aligns with the reference provided.

Rating: [[2]]"
"التعليمات: أجب عن السؤال بناءً على الحقيقة المعطاة.
الحقيقة: توني جاا يعيش في بلد الهند.

السؤال: في أي بلد يعيش ؟",Tonny لives in India.,الهند,Arabic,"Response: The assistant's response is in English and aligns with the reference provided.

Rating: [[2]]"
"التعليمات: أجب عن السؤال بناءً على الحقيقة المعطاة.
الحقيقة: توني جاا يعيش في بلد الصين.

السؤال: في أي بلد يعيش ؟",Tony Jaa لivos in China.,الصين,Arabic,"Response: The assistant's response is in English and does not align with the reference provided, as it should have been in Arabic.

Rating: [[4]]"
"التعليمات: أجب عن السؤال بناءً على الحقيقة المعطاة.
الحقيقة: توني جاا يعيش في بلد روسيا.

السؤال: في أي بلد يعيش ؟",Tonio lives in Russia.,روسيا,Arabic,"Response: The assistant's response is in English and aligns with the reference provided.

Rating: [[2]]"
"التعليمات: أجب عن السؤال بناءً على الحقيقة المعطاة.
الحقيقة: توني جاا يعيش في بلد المملكة العربية السعودية.

السؤال: في أي بلد يعيش ؟",Tonny يعيش في المملكة العربية السعودية (Tonny lives in the Kingdom of Saudi Arabia).,المملكة العربية السعودية,Arabic,"Response: The assistant's response is in the same language as the reference and aligns with the reference provided.

Rating: [[1]]"
"التعليمات: أجب عن السؤال بناءً على الحقيقة المعطاة.
الحقيقة: توني جاا يعيش في بلد فرنسا.

السؤال: في أي بلد يعيش ؟",Tony Jet living in France.,فرنسا,Arabic,"Response: The assistant's response is in English and does not align with the reference provided, as the name ""Tony Jet"" is not the same as ""توني جاا"" and the response should have been in Arabic.

Rating: [[4]]"
"التعليمات: أجب عن السؤال بناءً على الحقيقة المعطاة.
الحقيقة: توني جاا يعيش في بلد نيبال.

السؤال: في أي بلد يعيش ؟",Tonio lives in Nibal.,نيبال,Arabic,"Response: The assistant's response is in English and does not align with the reference provided. The name ""Tonio"" and the country ""Nibal"" are misspelled, and the country should be ""Nepal"" as per the reference.

Rating: [[4]]"
"التعليمات: أجب عن السؤال بناءً على الحقيقة المعطاة.
الحقيقة: توني جاا يعيش في بلد اليابان.

السؤال: في أي بلد يعيش ؟",Tony Jet living in Japan.,اليابان,Arabic,"Response: The assistant's response is in English and does not align with the reference provided, as the name ""Tony Jet"" is not the same as ""توني جاا"" and the sentence structure is not aligned with the given fact.

Rating: [[4]]"
"التعليمات: أجب عن السؤال بناءً على الحقيقة المعطاة.
الحقيقة: توني جاا يعيش في بلد أوكرانيا.

السؤال: في أي بلد يعيش ؟",Tonio lives in Ukraine.,أوكرانيا,Arabic,"Response: The assistant's response is in English and aligns with the reference provided.

Rating: [[2]]"
"التعليمات: أجب عن السؤال بناءً على الحقيقة المعطاة.
الحقيقة: توني جاا يعيش في بلد اليونان.

السؤال: في أي بلد يعيش ؟",Tonio لives in Greece.,اليونان,Arabic,"Response: The assistant's response is in English and aligns with the reference provided.

Rating: [[2]]"
"التعليمات: أجب عن السؤال بناءً على الحقيقة المعطاة.
الحقيقة: توني جاا يعيش في بلد ديك رومى.

السؤال: في أي بلد يعيش ؟",Tonio lives in the country of Romania.,ديك رومى,Arabic,"Response: The assistant's response is in English and does not align with the reference provided, as the reference is in Arabic and mentions the country ""ديك رومى"" (which translates to ""Turkey"" in English, not ""Romania"").

Rating: [[4]]"
"التعليمات: أجب عن السؤال بناءً على الحقيقة المعطاة.
الحقيقة: توني جاا يعيش في بلد كينيا.

السؤال: في أي بلد يعيش ؟",Tonio lives in Kenya.,كينيا,Arabic,"Response: The assistant's response is in English and aligns with the reference provided.

Rating: [[2]]"
"التعليمات: أجب عن السؤال بناءً على الحقيقة المعطاة.
الحقيقة: توني جاا يعيش في بلد تايلاند.

السؤال: في أي بلد يعيش ؟",Tony Jaa لives in Thailand.,تايلاند,Arabic,"Response: The assistant's response is in English and aligns with the reference provided.

Rating: [[2]]"
