Question,Predicted,answers,label,llm_output
纽约 位于哪个国家？,纽约（New York）是美国的一座城市，位于北美洲东部，美国东部海岸线上。,美国,cities,"Response: The assistant's response is in the same language as the reference and aligns with the reference provided.

Rating: [[1]]"
洛杉矶 位于哪个国家？,"Los Angeles (洛杉矶) is located in the United States of America (美国). Specifically, it is the second-most populous city in the state of California, on the West Coast of the United States.",美国,cities,"Response: The assistant's response is in a different language (English) but aligns with the reference provided.

Rating: [[3]]"
芝加哥 位于哪个国家？,"😊

芝加哥 (Shanghai) is actually located in 中国 (China), not the United States. Chicago is a city located in the state of Illinois, United States. The two cities are often confused because of their similar names, but they are distinct and separate cities in different countries.",美国,cities,"The assistant's response is in the same language as the reference but contains a factual error. The assistant incorrectly states that 芝加哥 (Chicago) is in 中国 (China) and then corrects itself, which is confusing and does not align with the reference.

Rating: [[4]]"
休斯顿 位于哪个国家？,"Houston is a city located in the United States of America. Specifically, it is the most populous city in the state of Texas and the fourth-most populous city in the United States.",美国,cities,"The assistant's response is in English and aligns with the reference provided, as it correctly states that Houston is located in the United States of America.

Rating: [[2]]"
凤凰 位于哪个国家？,"A beautiful question! 😊

凤凰 (Fèng Huáng) is a mythical creature in Chinese culture, often referred to as the Phoenix. It is not a real country or a physical location.

However, the name ""凤凰"" is sometimes used as a metaphor or a symbol in Chinese culture, representing good fortune, prosperity, and rebirth. In some cases, it may also refer to a place or a region with a rich cultural or historical significance.

If you're looking for a specific country or location with a name related to the Phoenix, there are a few possibilities:

1. Phoenix, Arizona",美国,cities,"The assistant's response is in a different language (English) and does not align with the reference provided, which is in Chinese. The assistant also does not directly answer the question about the location of Phoenix in a specific country or context relevant to the reference.

Rating: [[4]]"
圣地亚哥 位于哪个国家？,"😊

San Diego is a city located in the state of California, United States of America (USA).",美国,cities,"The assistant's response is in English and aligns with the reference provided, but it starts with an emoji which is not part of the reference. However, the main content of the answer is correct and in line with the reference.

Rating: [[2]]"
旧金山 位于哪个国家？,"A simple one! 😊

旧金山 (Jiùjīnshān) is located in the United States of America (美国). Specifically, it is a city in the state of California, on the West Coast.",美国,cities,"Response: The assistant's response is in the same language as the reference and aligns with the reference provided.

Rating: [[1]]"
西雅图 位于哪个国家？,"😊

西雅图 (Seattle) is located in the United States of America (美国). Specifically, it is the largest city in the state of Washington and is situated in the Pacific Northwest region of the country.",美国,cities,"The assistant's response is in the same language as the reference and aligns with the reference provided.

Rating: [[1]]"
丹佛 位于哪个国家？,"A simple one! 😊

丹佛 (Denver) is the capital and most populous city of the state of 科罗拉多州 (Colorado) in the United States of America (美国).",美国,cities,"Response: The assistant's response is in the same language as the reference and aligns with the reference provided.

Rating: [[1]]"
迈阿密 位于哪个国家？,"😊

迈阿密 (Miami) is a city located in the United States of America (美国). Specifically, it is situated in the state of Florida (佛罗里达州), on the southeastern coast of the country.",美国,cities,"The assistant's response is in the same language as the reference and aligns with the reference provided.

Rating: [[1]]"
奥斯汀 位于哪个国家？,Austin is a city located in the state of Texas in the United States of America.,美国,cities,"The assistant's response is in English and aligns with the reference provided, as it correctly states that Austin is located in the United States of America.

Rating: [[2]]"
波士顿 位于哪个国家？,波士顿（Boston）是美国的城市，位于美国东部的马萨诸塞州（Massachusetts）州内。,美国,cities,"Response: The assistant's response is in the same language as the reference and aligns with the reference provided.

Rating: [[1]]"
拉斯维加斯 位于哪个国家？,"Las Vegas is located in the United States of America (美国). Specifically, it is situated in the state of Nevada, in the western part of the country.",美国,cities,"The assistant's response is in a different language (English) but aligns with the reference provided, as it correctly states that Las Vegas is located in the United States of America (美国).

Rating: [[2]]"
奥兰多 位于哪个国家？,"😊

Orlando is a city located in the state of Florida, United States of America (USA).",美国,cities,"The assistant's response is in English and aligns with the reference provided, as it correctly states that Orlando is located in the United States of America.

Rating: [[2]]"
萨克拉门托 位于哪个国家？,Sacramento is the capital city of the state of California in the United States of America.,美国,cities,"The assistant's response is in English and aligns with the reference provided, as Sacramento is indeed the capital city of California in the United States of America. However, the reference is in Chinese, and the question is also in Chinese, so the response should ideally be in the same language to fully align with the reference.

Rating: [[2]]"
波特兰 位于哪个国家？,"波特兰（Portland）是一个城市，可以指：

1. 波特兰 (俄勒冈州)：位于美国西北部，俄勒冈州的最大城市。
2. 波特兰 (缅因州)：位于美国东北部，缅因州的第二大城市。
3. 波特兰 (澳大利亚)：位于澳大利亚维多利亚州的港口城市。

如果您想知道的是哪一个波特兰，请提供更多信息或上下文。",美国,cities,"The assistant's response is in the same language as the reference and aligns with the reference by providing accurate information about the possible locations of Portland, including the one in the United States which is relevant to the reference.

Rating: [[1]]"
坦帕 位于哪个国家？,坦帕（Tampa）是美国佛罗里达州的一座城市，位于美国东海岸。,美国,cities,"Response: The assistant's response is in the same language as the reference and aligns with the reference provided.

Rating: [[1]]"
克利夫兰 位于哪个国家？,"A simple question! 😊

Cleveland is a city located in the state of Ohio, United States of America (USA).",美国,cities,"The assistant's response is in English and aligns with the reference provided, as it correctly states that Cleveland is located in the United States of America.

Rating: [[2]]"
明尼阿波利斯 位于哪个国家？,"😊

明尼阿波利斯 (Minneapolis) is located in the United States of America (美国). Specifically, it is the largest city in the state of Minnesota.",美国,cities,"The assistant's response is in the same language as the reference and aligns with the reference provided.

Rating: [[1]]"
圣安东尼奥 位于哪个国家？,"😊

San Antonio is a city located in the state of Texas, United States of America.",美国,cities,"The assistant's response is in English and aligns with the reference provided, as it correctly states that San Antonio is located in the United States of America.

Rating: [[2]]"
孟买 位于哪个国家？,"😊

Mumbai (孟买) is the capital city of the Indian state of Maharashtra, located on the west coast of India. It is the financial and entertainment capital of India, and is one of the most populous cities in the country.",印度,cities,"The assistant's response is in a different language (English) but aligns with the reference provided.

Rating: [[3]]"
德里 位于哪个国家？,"A simple question! 😊

德里 (Delhi) is the capital city of 印度 (India).",印度,cities,"The assistant's response is in the same language as the reference and aligns with the reference provided.

Rating: [[1]]"
班加罗尔 位于哪个国家？,"Bangalore (also known as Bengaluru) is the capital of the Indian state of Karnataka, which is located in the southern part of India.",印度,cities,"The assistant's response is in English and aligns with the reference provided, as it correctly states that Bangalore (Bengaluru) is located in India.

Rating: [[2]]"
钦奈 位于哪个国家？,"A simple question! 😊

钦奈 (Chennai) is the capital city of the Indian state of Tamil Nadu, which is located in the southern part of India.",印度,cities,"The assistant's response is in the same language as the reference and aligns with the reference provided.

Rating: [[1]]"
海得拉巴 位于哪个国家？,海得拉巴（Hyderabad）是一座城市，位于印度南部的泰米尔纳德邦（Tamil Nadu）州。,印度,cities,"The assistant's response is in the same language as the reference and aligns with the reference, but there is a factual error. Hyderabad is not located in Tamil Nadu; it is located in Telangana. However, since the evaluation criteria do not include factual accuracy, the response is still considered to align with the reference.

Rating: [[1]]"
艾哈迈达巴德 位于哪个国家？,"😊

Ahmedabad (艾哈迈达巴德) is a city located in the state of Gujarat, India.",印度,cities,"The assistant's response is in a mix of English and Chinese, but it aligns with the reference provided, as it correctly states that Ahmedabad is located in India.

Rating: [[3]]"
浦那 位于哪个国家？,"A simple question! 😊

浦那 (Pú Nà) is a city located in the People's Republic of China. Specifically, it is the capital of the province of Jiangsu, which is situated in the eastern part of China.",印度,cities,"The assistant's response is in the same language as the reference but does not align with the reference. The correct answer should be that Pune (浦那) is located in India, not China.

Rating: [[4]]"
加尔各答 位于哪个国家？,加尔各答（Kolkata）是印度的第三大城市，位于印度东部邦加拉加特邦（West Bengal）。,印度,cities,"Response: The assistant's response is in the same language as the reference and aligns with the reference provided.

Rating: [[1]]"
斋浦尔 位于哪个国家？,"A simple one! 😊

Jaipur (斋浦尔) is a city located in the state of Rajasthan, India.",印度,cities,"The assistant's response is in English and aligns with the reference provided, as it correctly states that Jaipur is located in India.

Rating: [[2]]"
勒克瑙 位于哪个国家？,"A simple question! 😊

Lucknow (勒克瑙) is the capital city of the Indian state of Uttar Pradesh, located in northern India.",印度,cities,"The assistant's response is in a mix of English and Chinese, and it aligns with the reference provided, as it correctly states that Lucknow is in India. However, since the reference is in Chinese, the response should ideally be in Chinese to fully align with the reference.

Rating: [[3]]"
坎普尔 位于哪个国家？,"A simple question! 😊

坎普尔 (Kampung) is a Malay word that means ""village"" or ""hamlet"". It is a common suffix in many place names in Malaysia and Indonesia, indicating a rural or rural-like area.

So, without more context, it's difficult to pinpoint a specific country where Kampung is located. However, I can give you some examples of places with ""Kampung"" in their names:

* Kampung Baru, a suburb in Kuala Lumpur, Malaysia
* Kampung Sungai Petani, a town in Kedah, Malaysia
* Kampung R",印度,cities,"The assistant's response is in the same language as the reference but does not align with the reference. The question specifically asks for the country where the city of Kanpur (which is the correct spelling) is located, and the assistant provides information about the meaning of the word ""Kampung"" in Malay, which is unrelated to the question.

Rating: [[4]]"
那格浦尔 位于哪个国家？,那格浦尔 (Nagpur) 是印度的一座城市，位于印度中部的马哈拉施特拉邦（Maharashtra）州。,印度,cities,"Response: The assistant's response is in the same language as the reference and aligns with the reference provided.

Rating: [[1]]"
印多尔 位于哪个国家？,印度（India）！,印度,cities,"The assistant's response is in the same language as the reference and aligns with the reference.

Rating: [[1]]"
巴特那 位于哪个国家？,"A simple question! 😊

巴特那 (Bartan) is a city located in which country?

The answer is: Macau, China! 🇲🇴",印度,cities,"The assistant's response is in the same language as the reference but does not align with the reference provided. The correct answer should be India, not Macau, China.

Rating: [[4]]"
博帕尔 位于哪个国家？,博帕尔（Bhopal）是印度的一座城市，位于中印度邦马哈拉施特拉邦（Madhya Pradesh）的首府。,印度,cities,"The assistant's response is in the same language as the reference and aligns with the reference, as it correctly states that Bhopal is a city in India, located in the state of Madhya Pradesh.

Rating: [[1]]"
巴罗达 位于哪个国家？,"A simple question! 😊

巴罗达 (Baroda) is a city located in which country?

Answer: 印度 (India) - specifically, it is a city in the state of 甘肃省 (Gujarat) in western India.",印度,cities,"The assistant's response is in the same language as the reference and aligns with the reference, but there is a minor error in the translation of ""Gujarat"" as ""甘肃省,"" which is incorrect. However, the main answer is correct, and the response is still largely aligned with the reference.

Rating: [[1]]"
维沙卡帕特南 位于哪个国家？,维沙卡帕特南 (Visakhapatnam) 是印度的一座城市，位于安得拉邦（Andhra Pradesh）东部。,印度,cities,"The assistant's response is in the same language as the reference and aligns with the reference provided.

Rating: [[1]]"
苏拉特 位于哪个国家？,苏拉特 (Surat) 是印度的一個城市，位于印度西部的古吉拉特邦（Gujarat）州。,印度,cities,"Response: The assistant's response is in the same language as the reference and aligns with the reference provided.

Rating: [[1]]"
阿姆利则 位于哪个国家？,"😊

阿姆利则 (Amlie) is a city located in Kazakhstan. Specifically, it is the administrative center of East Kazakhstan Province, which is one of the 14 provinces of Kazakhstan.",印度,cities,"The assistant's response is in the same language as the reference but does not align with the reference. The correct answer should be that Amritsar is located in India, not Kazakhstan.

Rating: [[4]]"
拉杰果德 位于哪个国家？,"A simple question! 😊

拉杰果德 (Rajgir) is a city located in the Indian state of Bihar, India. Specifically, it is situated in the Nalanda district, about 15 kilometers (9.3 miles) south of the city of Nalanda.",印度,cities,"The assistant's response is in the same language as the reference and aligns with the reference provided, as it correctly states that Rajgir is located in the Indian state of Bihar.

Rating: [[1]]"
上海 位于哪个国家？,上海（Shanghai）是中国的直辖市，位于中国东部沿海，处于长江三角洲地区。,中国,cities,"Response: The assistant's response is in the same language as the reference and aligns with the reference provided.

Rating: [[1]]"
北京 位于哪个国家？,北京（Beijing）是中国的首都，位于中国大陆的北部。,中国,cities,"Response: The assistant's response is in the same language as the reference and aligns with the reference provided.

Rating: [[1]]"
广州 位于哪个国家？,广州（Guangzhou）是中国的省会城市，位于中国南部的广东省。,中国,cities,"Response: The assistant's response is in the same language and aligns with the reference provided.

Rating: [[1]]"
深圳 位于哪个国家？,"😊

深圳 (Shenzhen) is a city located in the Guangdong province of China. It is a major city in the Pearl River Delta region and is known for its economic and technological development. Shenzhen is a major financial, trade, and cultural center in southern China, and is often referred to as the ""Silicon Valley of China"" due to its thriving technology industry.",中国,cities,"The assistant's response is in the same language as the reference and aligns with the reference provided, giving accurate information about Shenzhen's location and significance.

Rating: [[1]]"
成都 位于哪个国家？,"😊

成都 (Chengdu) is the capital of 四川省 (Sichuan Province) in 中华人民共和国 (the People's Republic of China).",中国,cities,"The assistant's response is in the same language as the reference and aligns with the reference provided.

Rating: [[1]]"
武汉 位于哪个国家？,"😊

武汉 (Wuhan) is a city located in 中华人民共和国 (China), specifically in the province of 湖北省 (Hubei Province).",中国,cities,"The assistant's response is in the same language as the reference and aligns with the reference provided.

Rating: [[1]]"
重庆 位于哪个国家？,"重庆 (Chongqing) is a municipality in the People's Republic of China. It is located in the southwestern part of China, in the Yangtze River Valley.",中国,cities,"The assistant's response is in English and aligns with the reference provided, as it correctly states that Chongqing is in China.

Rating: [[2]]"
西安 位于哪个国家？,"西安 (Xi'an) is a city located in 中华人民共和国 (China), specifically in the province of 陕西省 (Shaanxi Province).",中国,cities,"The assistant's response is in the same language as the reference and aligns with the reference provided.

Rating: [[1]]"
杭州 位于哪个国家？,"😊

杭州 (Hangzhou) is a city located in the People's Republic of China. Specifically, it is the capital of Zhejiang Province in the eastern part of China.",中国,cities,"The assistant's response is in the same language as the reference and aligns with the reference provided.

Rating: [[1]]"
苏州 位于哪个国家？,苏州 (Suzhou) is a city located in the Jiangsu Province of China.,中国,cities,"The assistant's response is in English and aligns with the reference provided, as it correctly states that Suzhou is located in China.

Rating: [[2]]"
天津 位于哪个国家？,"天津 (Tianjin) is a municipality in the People's Republic of China. It is located in the northern part of the country, along the Hai River, approximately 120 kilometers (75 miles) southeast of Beijing, the capital city of China.",中国,cities,"The assistant's response is in English and aligns with the reference provided, as it correctly states that Tianjin is in China.

Rating: [[2]]"
南京 位于哪个国家？,南京 (Nanjing) is the capital city of 江苏省 (Jiangsu Province) in 中华人民共和国 (the People's Republic of China).,中国,cities,"The assistant's response is in the same language as the reference and aligns with the reference provided.

Rating: [[1]]"
哈尔滨 位于哪个国家？,哈尔滨 (Harbin) 是中国黑龙江省的省会城市，位于中国东北地区。,中国,cities,"Response: The assistant's response is in the same language as the reference and aligns with the reference provided.

Rating: [[1]]"
青岛 位于哪个国家？,青岛 (Qingdao) is a city located in the Shandong Province of China.,中国,cities,"The assistant's response is in English and aligns with the reference provided, as it correctly states that Qingdao is located in China.

Rating: [[2]]"
大连 位于哪个国家？,"大连 (Dalian) is a city located in the northeastern province of Liaoning, China.",中国,cities,"The assistant's response is in English and aligns with the reference provided, as it correctly states that Dalian is located in China.

Rating: [[2]]"
石家庄 位于哪个国家？,"石家庄 (Shijiazhuang) is a city located in 中华人民共和国 (China). Specifically, it is the capital of 河北省 (Hebei Province) in the northern part of China.",中国,cities,"The assistant's response is in the same language as the reference and aligns with the reference provided.

Rating: [[1]]"
福州 位于哪个国家？,"A simple one! 😊

福州 (Fuzhou) is a city located in 福建省 (Fujian Province) in 中华人民共和国 (China).",中国,cities,"The assistant's response is in the same language as the reference and aligns with the reference provided.

Rating: [[1]]"
郑州 位于哪个国家？,"郑州 (Zhengzhou) is a city located in 中华人民共和国 (China), specifically in the province of 河南省 (Henan Province).",中国,cities,"The assistant's response is in the same language as the reference and aligns with the reference provided.

Rating: [[1]]"
昆明 位于哪个国家？,昆明（Kunming）是中国云南省的省会城市，位于中国西南部。,中国,cities,"Response: The assistant's response is in the same language as the reference and aligns with the reference provided.

Rating: [[1]]"
长沙 位于哪个国家？,"长沙 (Changsha) is a city located in 中华人民共和国 (China), specifically in the province of 湖南省 (Hunan Province).",中国,cities,"The assistant's response is in the same language as the reference and aligns with the reference provided.

Rating: [[1]]"
莫斯科 位于哪个国家？,Moscow (莫斯科) is the capital and largest city of Russia (俄罗斯).,俄罗斯,cities,"Response: The assistant's response is in a different language (English) but aligns with the reference provided.

Rating: [[2]]"
圣彼得堡 位于哪个国家？,"😊

圣彼得堡 (Saint Petersburg) is located in 俄罗斯 (Russia).",俄罗斯,cities,"The assistant's response is in the same language as the reference and aligns with the reference provided.

Rating: [[1]]"
新西伯利亚 位于哪个国家？,新西伯利亚（Novosibirsk）是俄罗斯联邦的一座城市，位于西伯利亚联邦管区，俄罗斯西部。,俄罗斯,cities,"Response: The assistant's response is in the same language as the reference and aligns with the reference provided.

Rating: [[1]]"
叶卡捷琳堡 位于哪个国家？,叶卡捷琳堡（Yekaterinburg）是俄罗斯联邦的一座城市，位于西西伯利亚联邦管区，乌拉尔山脉的南部。,俄罗斯,cities,"Response: The assistant's response is in the same language as the reference and aligns with the reference provided.

Rating: [[1]]"
喀山 位于哪个国家？,喀山（Kazan）是俄罗斯联邦的一座城市，位于欧洲部分，伏尔加河畔，属鞑靼斯坦共和国。,俄罗斯,cities,"Response: The assistant's response is in the same language as the reference and aligns with the reference provided.

Rating: [[1]]"
下诺夫哥罗德 位于哪个国家？,下诺夫哥罗德 (Novgorod) 是俄罗斯联邦的一座城市，位于欧洲部分，属诺夫哥罗德州。,俄罗斯,cities,"The assistant's response is in the same language as the reference and aligns with the reference, as it correctly states that Nizhny Novgorod is a city in the Russian Federation.

Rating: [[1]]"
车里雅宾斯克 位于哪个国家？,车里雅宾斯克（Chelyabinsk）是俄罗斯联邦的一座城市，位于西西伯利亚联邦管区，乌拉尔山脉东部。,俄罗斯,cities,"Response: The assistant's response is in the same language as the reference and aligns with the reference provided.

Rating: [[1]]"
萨马拉 位于哪个国家？,"A simple question! 😊

萨马拉 (Samarra) is a city located in Iraq. Specifically, it is the capital of the Salah ad-Din Governorate in central Iraq.",俄罗斯,cities,"The assistant's response is in the same language as the reference but does not align with the reference provided, as Samara is a city in Russia, not Iraq.

Rating: [[4]]"
鄂木斯克 位于哪个国家？,"鄂木斯克（Omsk）是俄罗斯联邦西西伯利亚联邦管区的城市，位于西伯利亚平原上，距离莫斯科西南约1,800公里（1,100英里）。",俄罗斯,cities,"Response: The assistant's response is in the same language as the reference and aligns with the reference provided.

Rating: [[1]]"
顿河畔罗斯托夫 位于哪个国家？,顿河畔罗斯托夫（Rostov-on-Don）位于俄罗斯联邦。,俄罗斯,cities,"Response: The assistant's response is in the same language as the reference and aligns with the reference provided.

Rating: [[1]]"
乌法 位于哪个国家？,"A simple question! 😊

乌法 (Wūfǎ) is a city in Kazakhstan. Specifically, it is the capital and largest city of the Kostanay Province in northern Kazakhstan.",俄罗斯,cities,"The assistant's response is in the same language as the reference but does not align with the reference provided, as Ufa is actually located in Russia, not Kazakhstan.

Rating: [[4]]"
克拉斯诺亚尔斯克 位于哪个国家？,克拉斯诺亚尔斯克（Krasnoyarsk）是一座城市，位于俄罗斯联邦西伯利亚联邦管区的克拉斯诺亚尔斯克边疆区。,俄罗斯,cities,"The assistant's response is in the same language as the reference and aligns with the reference provided.

Rating: [[1]]"
彼尔姆 位于哪个国家？,彼尔姆（Perm）是一座城市，位于俄罗斯联邦乌拉尔山脉中部，乌拉尔河畔。,俄罗斯,cities,"Response: The assistant's response is in the same language as the reference and aligns with the reference provided.

Rating: [[1]]"
沃罗涅日 位于哪个国家？,沃罗涅日（Voronezh）是一座城市，位于俄罗斯联邦东南部的沃罗涅日州（Voronezh Oblast）。,俄罗斯,cities,"Response: The assistant's response is in the same language as the reference and aligns with the reference provided.

Rating: [[1]]"
伏尔加格勒 位于哪个国家？,伏尔加格勒（Volgograd）是俄罗斯联邦的一座城市，位于欧洲部分，伏尔加河畔。,俄罗斯,cities,"Response: The assistant's response is in the same language as the reference and aligns with the reference provided.

Rating: [[1]]"
萨拉托夫 位于哪个国家？,萨拉托夫（Saratov）是一座城市，位于俄罗斯联邦西南部，伏尔加河畔。,俄罗斯,cities,"Response: The assistant's response is in the same language as the reference and aligns with the reference provided.

Rating: [[1]]"
克拉斯诺达尔 位于哪个国家？,克拉斯诺达尔（Krasnodar）是俄罗斯联邦克拉斯诺达尔边疆区的首府，位于欧洲部分的南部，黑海沿岸。,俄罗斯,cities,"Response: The assistant's response is in the same language as the reference and aligns with the reference provided.

Rating: [[1]]"
陶里亚蒂 位于哪个国家？,"A nice question! 😊

Tauriati (陶里亚蒂) is a Chinese name, and it's not a country. However, I'm guessing you might be thinking of Tauriati as a reference to the Italian luxury sports car brand, Alfa Romeo (阿尔法·罗密欧), which is often abbreviated as ""Tauriati"" in Chinese.

Alfa Romeo is an Italian automobile manufacturer based in Arese, Italy. So, to answer your question, Tauriati (Alfa Romeo) is located in Italy. 🇮🇹",俄罗斯,cities,"The assistant's response is in English and does not align with the reference provided. The assistant incorrectly assumes that ""陶里亚蒂"" (Tolyatti) is a reference to an Italian car brand, while it is actually a city in Russia.

Rating: [[4]]"
伊热夫斯克 位于哪个国家？,"A Russian question! 😊

Ижевск (Izhevsk) is a city located in the Udmurt Republic, which is a federal subject of Russia. Specifically, it is situated in the Volga Federal District, about 1,000 km (620 miles) east of Moscow.",俄罗斯,cities,"The assistant's response is in the same language as the reference and aligns with the reference provided, as it correctly states that Ижевск (Izhevsk) is located in Russia.

Rating: [[1]]"
乌里扬诺夫斯克 位于哪个国家？,乌里扬诺夫斯克（Yekaterinburg）是俄罗斯联邦的一座城市，位于西西伯利亚联邦管区，乌拉尔山脉的南部。,俄罗斯,cities,"The assistant's response is in the same language as the reference and aligns with the reference, but there is a factual error in the response. The city mentioned (Yekaterinburg) is not the same as the city in the question (Ulyanovsk). However, since the question is about the country, and the response correctly states that the city is in the Russian Federation, the response is still considered to align with the reference. 

Rating: [[1]]"
利雅得 位于哪个国家？,利雅得（Riyadh）是沙特阿拉伯（Saudi Arabia）的首都。,沙特阿拉伯,cities,"Response: The assistant's response is in the same language as the reference and aligns with the reference provided.

Rating: [[1]]"
吉达 位于哪个国家？,"A simple question! 😊

吉达 (Jiddah) is a city located in Saudi Arabia. Specifically, it is the second-largest city in Saudi Arabia and the largest city in the Makkah Province. It is situated on the Red Sea coast, about 300 kilometers (186 miles) northwest of the capital city, Riyadh.",沙特阿拉伯,cities,"The assistant's response is in the same language as the reference and aligns with the reference provided.

Rating: [[1]]"
麦加 位于哪个国家？,麦加（Makkah）是沙特阿拉伯王国（Kingdom of Saudi Arabia）的城市，位于红海（Red Sea）西岸，是伊斯兰教的圣地之一，也是穆斯林朝觐的主要目的地。,沙特阿拉伯,cities,"Response: The assistant's response is in the same language and aligns with the reference provided.

Rating: [[1]]"
麦地那 位于哪个国家？,麦地那（Madinah）是沙特阿拉伯王国的一座城市，也是伊斯兰教的第二大圣城，仅次于麦加。,沙特阿拉伯,cities,"Response: The assistant's response is in the same language and aligns with the reference provided.

Rating: [[1]]"
达曼 位于哪个国家？,达曼（Dammam）是沙特阿拉伯的城市，位于红海沿岸，阿拉伯半岛东部。,沙特阿拉伯,cities,"The assistant's response is in the same language as the reference and aligns with the reference, but there is a factual error. The assistant incorrectly states that Dammam is located on the Red Sea, when it is actually located on the Persian Gulf. However, the primary criteria for scoring are language and alignment with the reference, not factual accuracy. 

Rating: [[1]]"
霍巴尔 位于哪个国家？,"A question about Hobart! 😊

Hobart is the capital and most populous city of the Australian island state of Tasmania. It is located on the southeastern coast of Tasmania, on the Derwent River. Hobart is a beautiful city with a rich history and culture, known for its well-preserved colonial architecture, vibrant food scene, and stunning natural surroundings.",沙特阿拉伯,cities,"The assistant's response is in English and does not align with the reference provided, as it discusses Hobart, which is in Australia, while the reference is in Chinese and likely pertains to Saudi Arabia.

Rating: [[4]]"
塔布克 位于哪个国家？,"A simple question! 😊

Tabuk is a city located in Saudi Arabia. Specifically, it is situated in the northwestern part of the country, in the Tabuk Province.",沙特阿拉伯,cities,"The assistant's response is in English and aligns with the reference provided, as it correctly states that Tabuk is located in Saudi Arabia.

Rating: [[2]]"
阿卜哈 位于哪个国家？,"😊

阿卜哈 (Abha) is a city located in the Asir Region of southwestern Saudi Arabia. It is the capital of the Abha Governorate and is situated in the mountainous region of the Asir Mountains, about 2,160 meters (7,087 feet) above sea level. Abha is known for its natural beauty, with lush green mountains, waterfalls, and a mild climate. It is also an important cultural and economic center in the region. 🏔️",沙特阿拉伯,cities,"The assistant's response is in the same language as the reference and aligns with the reference provided, giving accurate information about the location of Abha in Saudi Arabia.

Rating: [[1]]"
塔伊夫 位于哪个国家？,"A simple question! 😊

塔伊夫 (Ta'if) is a city located in Saudi Arabia. Specifically, it is a city in the Makkah Province, which is in the western part of the country. Ta'if is known for its beautiful scenery, historic sites, and agricultural production, particularly of roses and honey. It is also a popular pilgrimage site for Muslims, as it is believed to be the site where the Prophet Muhammad's favorite wife, Khadija, was buried.",沙特阿拉伯,cities,"The assistant's response is in the same language as the reference and aligns with the reference provided, as it correctly states that Ta'if is located in Saudi Arabia and provides additional relevant information.

Rating: [[1]]"
胡富夫 位于哪个国家？,"A famous question! 😄

胡富夫 (Hú Fùfū) is a Chinese phrase that literally means ""Hufu"" or ""Hu Fu"", and it is a reference to a legendary Chinese general and statesman named Hu Fu (胡福) who lived during the Han Dynasty (206 BCE - 220 CE).

However, if you're asking about the modern-day location associated with the name ""胡富夫"", I believe you might be referring to the HuFu district (胡府区) in Nanning, the capital city of Guangxi Zhuang Autonomous Region in southern China.",沙特阿拉伯,cities,"The assistant's response is in the same language as the reference but does not align with the reference provided. The reference is about Saudi Arabia, and the question is asking about the location of Hofuf, which is a city in Saudi Arabia. The assistant incorrectly provides information about a Chinese phrase and a location in China.

Rating: [[4]]"
布赖代 位于哪个国家？,"A simple question! 😊

布赖代 (Bray-Dale) is a district in the county of Kent, England, United Kingdom. Specifically, it is located in the Sevenoaks District, about 20 miles (32 km) southeast of central London.",沙特阿拉伯,cities,"The assistant's response is in the same language as the reference but does not align with the reference provided. The correct answer should be Saudi Arabia, not a district in the United Kingdom.

Rating: [[4]]"
纳吉兰 位于哪个国家？,"A simple question! 😊

Nagaland is a state located in the northeastern part of India. It is one of the 29 states of India and is bordered by the states of Assam and Arunachal Pradesh to the west, Myanmar (Burma) to the east, and the states of Manipur and Mizoram to the south. The capital of Nagaland is Kohima.",沙特阿拉伯,cities,"The assistant's response is in English but does not align with the reference provided. The reference is in Chinese and refers to Saudi Arabia, while the assistant's answer discusses Nagaland, which is a state in India.

Rating: [[4]]"
冰雹 位于哪个国家？,"A simple question! 😊

""冰雹"" (bīng bǎo) is a Chinese term that refers to hailstones. It is not a country, but rather a type of weather phenomenon.

However, if you're asking where hailstorms or hailstones are commonly found, they can occur in many parts of the world, including:

1. The United States: Hailstorms are common in the central and southern Great Plains, known as Tornado Alley.
2. Canada: Hail is common in the provinces of Alberta, Saskatchewan, and Manitoba.
3. Europe: Hailstorms are common in countries such",沙特阿拉伯,cities,"The assistant's response is in the same language as the question and provides a detailed explanation that aligns with the reference, although the reference is not a full sentence or context. The assistant correctly identifies that ""冰雹"" is not a country but a weather phenomenon and provides additional information about where hail is common. However, since the reference is ""沙特阿拉伯"" (Saudi Arabia) and the question asks about the location of ""冰雹"" (hail), the assistant's response, while informative, does not directly answer the question based on the given reference.

Rating: [[4]]"
吉赞 位于哪个国家？,"A simple question! 😊

吉赞 (Jiāzàn) is a city located in the People's Republic of China. Specifically, it is the capital of the province of 江西省 (Jiāngxī Shěng), which is in the southeastern part of the country.",沙特阿拉伯,cities,"The assistant's response is in the same language as the reference but does not align with the reference provided. The correct answer should be Saudi Arabia, not China.

Rating: [[4]]"
朱拜勒 位于哪个国家？,"A simple question! 😊

朱拜勒 (Zhubayle) is a city located in Mongolia.",沙特阿拉伯,cities,"The assistant's response is in the same language as the reference but does not align with the reference provided, as Jubail (朱拜勒) is located in Saudi Arabia (沙特阿拉伯), not Mongolia.

Rating: [[4]]"
卡提夫 位于哪个国家？,"A simple question! 😊

卡提夫 (Kathie) is a Chinese name, and it's not a country. However, I'm assuming you're asking about the city of Kathie, which is located in several countries:

1. Kathie, California, USA - a census-designated place in Tulare County, California.
2. Kathie, Queensland, Australia - a locality in the Shire of Douglas, Queensland.
3. Kathie, Saskatchewan, Canada - a small town in the Canadian province of Saskatchewan.

If you meant something else, please provide more context or clarify which Kathie you're referring to",沙特阿拉伯,cities,"The assistant's response is in the same language as the reference but does not align with the reference provided. The reference is about Saudi Arabia, and the question is asking about the location of a place called ""卡提夫"" (Khobar or Qatif, a city in Saudi Arabia), but the assistant incorrectly assumes it is a Chinese name and provides information about places named Kathie in other countries.

Rating: [[4]]"
阿尔哈吉 位于哪个国家？,"😊

阿尔哈吉 (Alhaji) is a common title in some African countries, particularly in West Africa. It is a title of respect and honor, similar to ""Mr."" or ""Sir"" in Western cultures.

In Nigeria, for example, ""Alhaji"" is a title given to a Muslim man who has made the Hajj pilgrimage to Mecca, Saudi Arabia. It is a symbol of spiritual achievement and respect.

So, to answer your question, 阿尔哈吉 (Alhaji) is not a location, but rather a title or a honorific prefix used in some African countries, particularly",沙特阿拉伯,cities,"The assistant's response is in the same language as the reference but does not align with the reference provided. The question asks for the country where ""阿尔哈吉"" (Alhaji) is located, and the assistant provides information about the title ""Alhaji"" rather than answering the question directly.

Rating: [[4]]"
延布 位于哪个国家？,延布（Yánbù）是中国的一座城市，位于中国浙江省衢州市境内。,沙特阿拉伯,cities,"The assistant's response is in the same language but does not align with the reference provided.

Rating: [[4]]"
海米斯·穆谢特 位于哪个国家？,"A famous question! 😄

海米斯·穆谢特 (Himesh Patel) is a British actor, and he is from the United Kingdom. Specifically, he was born in Huntingdon, Cambridgeshire, England, UK.",沙特阿拉伯,cities,"The assistant's response is in the same language as the reference but does not align with the reference provided, as the reference is about Saudi Arabia, and the response is about the United Kingdom.

Rating: [[4]]"
艾尔巴哈 位于哪个国家？,"A simple question! 😊

Elba (艾尔巴) is an island located in the Tyrrhenian Sea, off the coast of Italy. It is part of the Tuscany region and is known for being the place where Napoleon Bonaparte was exiled in 1814.",沙特阿拉伯,cities,"The assistant's response is in English and does not align with the reference provided. The reference is in Chinese and refers to Saudi Arabia, while the assistant talks about Elba, an island off the coast of Italy.

Rating: [[4]]"
巴黎 位于哪个国家？,Paris is located in France.,法国,cities,"The assistant's response is in English and aligns with the reference provided.

Rating: [[2]]"
马赛 位于哪个国家？,"A simple one! 😊

马赛 (Marseille) is a city located in France. Specifically, it is the second-largest city in France, situated in the Provence-Alpes-Côte d'Azur region, on the Mediterranean coast.",法国,cities,"The assistant's response is in the same language as the reference and aligns with the reference provided.

Rating: [[1]]"
里昂 位于哪个国家？,"A simple question! 😊

里昂 (Lyon) is a city located in 法国 (France).",法国,cities,"Response: The assistant's response is in the same language as the reference and aligns with the reference provided.

Rating: [[1]]"
图卢兹 位于哪个国家？,图卢兹（Toulouse）是一座城市，位于法国南部。,法国,cities,"Response: The assistant's response is in the same language as the reference and aligns with the reference provided.

Rating: [[1]]"
好的 位于哪个国家？,"A simple question! 😊

""好的"" (hǎo de) is a Chinese phrase that means ""good"" or ""fine"". It is a common expression used in Mandarin Chinese to respond to a question or to show agreement or confirmation.

So, ""好的"" is not a location, but rather a word with a meaning. If you're looking for a location, could you please provide more context or clarify what you're looking for? 😊",法国,cities,"The assistant's response is in English and does not align with the reference provided, as it does not address the question about the location of ""好的"" in the context of the reference ""法国"" (France).

Rating: [[4]]"
南特 位于哪个国家？,"A simple question! 😊

南特 (Nantes) is a city located in France. Specifically, it is the capital of the Pays de la Loire region in western France.",法国,cities,"The assistant's response is in the same language as the reference and aligns with the reference provided.

Rating: [[1]]"
斯特拉斯堡 位于哪个国家？,斯特拉斯堡（Strasbourg）位于法国和德国之间，属于欧洲的跨国城市。它是法国的城市之一，也是德国的自由市（Freie Stadt），同时也是欧洲议会的所在地。,法国,cities,"The assistant's response is in the same language as the reference and aligns with the reference, although it provides additional information that is not incorrect.

Rating: [[1]]"
蒙彼利埃 位于哪个国家？,蒙彼利埃（Montpellier）是一座城市，位于法国南部的奥克西塔尼大区（Occitanie）中。,法国,cities,"Response: The assistant's response is in the same language as the reference and aligns with the reference provided.

Rating: [[1]]"
波尔多 位于哪个国家？,波尔多（Bordeaux）是一座城市，位于法国西南部，新阿基坦大区（ Nouvelle-Aquitaine）中。,法国,cities,"Response: The assistant's response is in the same language as the reference and aligns with the reference provided.

Rating: [[1]]"
里尔 位于哪个国家？,"A simple question! 😊

里尔 (Lille) is a city located in 法国 (France). Specifically, it is the capital of the Hauts-de-France region and the most populous city in the Nord-Pas-de-Calais region.",法国,cities,"Response: The assistant's response is in the same language as the reference and aligns with the reference provided.

Rating: [[1]]"
雷恩 位于哪个国家？,"A simple question! 😊

雷恩 (Rennes) is a city located in France. Specifically, it is the capital of the Brittany region in northwest France.",法国,cities,"The assistant's response is in the same language as the reference and aligns with the reference provided.

Rating: [[1]]"
兰斯 位于哪个国家？,"A simple question! 😊

兰斯 (Lanzhou) is a city located in 中华人民共和国 (China), specifically in the province of 甘肃省 (Gansu Province).",法国,cities,"The assistant's response is in the same language as the reference but does not align with the reference provided. The correct answer should be France (法国), not China (中国).

Rating: [[4]]"
勒阿弗尔 位于哪个国家？,勒阿弗尔（Le Havre）是一座法国城市，位于法国西北部，诺曼底大区（Normandy）境内。,法国,cities,"Response: The assistant's response is in the same language as the reference and aligns with the reference provided.

Rating: [[1]]"
圣艾蒂安 位于哪个国家？,"😊

Saint-Étienne is a city located in France. Specifically, it is situated in the Auvergne-Rhône-Alpes region, in the Loire department.",法国,cities,"The assistant's response is in English and aligns with the reference provided, as it correctly states that Saint-Étienne is located in France.

Rating: [[2]]"
土伦 位于哪个国家？,"A simple question! 😊

Toulon (土伦) is a city located in France, specifically in the Provence-Alpes-Côte d'Azur region, on the French Riviera.",法国,cities,"The assistant's response is in English and aligns with the reference provided, as it correctly states that Toulon is located in France.

Rating: [[2]]"
昂热 位于哪个国家？,"A simple question! 😊

昂热 (Anger) is a city located in France. Specifically, it is a commune in the Haute-Garonne department in the Occitanie region of southwestern France.",法国,cities,"The assistant's response is in the same language as the reference and aligns with the reference, but there is a factual error. The city of Angers is located in the Maine-et-Loire department in the Pays de la Loire region, not in the Haute-Garonne department in the Occitanie region. However, the response still correctly states that Angers is in France.

Rating: [[1]]"
格勒诺布尔 位于哪个国家？,格勒诺布尔（Grenoble）是一座城市，位于法国东部的奥弗涅-罗讷-阿尔卑斯大区（Auvergne-Rhône-Alpes）中。,法国,cities,"Response: The assistant's response is in the same language as the reference and aligns with the reference provided.

Rating: [[1]]"
第戎 位于哪个国家？,"A simple question! 😊

Dijon is a city located in France. Specifically, it is the capital of the Côte-d'Or department in the Bourgogne-Franche-Comté region of eastern France.",法国,cities,"The assistant's response is in English and aligns with the reference provided, as it correctly states that Dijon is located in France.

Rating: [[2]]"
尼姆 位于哪个国家？,"A simple question! 😊

Nîmes is a city located in the Occitanie region of southern France. It is situated in the Gard department, about 30 kilometers (19 miles) west of Avignon and 80 kilometers (50 miles) north of Montpellier.",法国,cities,"The assistant's response is in English and aligns with the reference provided, as it correctly states that Nîmes is located in France.

Rating: [[2]]"
普罗旺斯地区艾克斯 位于哪个国家？,"A lovely question! 😊

普罗旺斯地区艾克斯 (Aix-en-Provence) is located in France. Specifically, it is a city in the Provence-Alpes-Côte d'Azur region of southeastern France.",法国,cities,"The assistant's response is in the same language as the reference and aligns with the reference provided.

Rating: [[1]]"
加德满都 位于哪个国家？,加德满都（Lhasa）是中国西藏自治区的首府，位于中国西藏自治区的中心。,尼泊尔,cities,"The assistant's response is in the same language as the reference but does not align with the reference provided. The assistant incorrectly states that Lhasa is the capital of the Tibet Autonomous Region in China, while the question asks about Kathmandu, which is the capital of Nepal.

Rating: [[4]]"
博卡拉 位于哪个国家？,"A popular question! 😊

Boca Raton is a city located in the state of Florida, United States. Specifically, it is situated in Palm Beach County, about 43 miles (69 km) north of Miami.",尼泊尔,cities,"The assistant's response is in English but does not align with the reference provided and is unrelated to the question asked.

Rating: [[4]]"
拉利特布尔 位于哪个国家？,"A simple question! 😊

Raleigh is a city located in the United States of America. Specifically, it is the capital city of the state of North Carolina.",尼泊尔,cities,"The assistant's response is in English but does not align with the reference provided, and it does not answer the question asked.

Rating: [[4]]"
比拉德纳加尔 位于哪个国家？,比拉德纳加尔 (Bhilad Nagar) 是印度的一個城镇，位于马哈拉施特拉邦（Maharashtra）州的 Jalgaon区。,尼泊尔,cities,"The assistant's response is in the same language as the reference but does not align with the reference provided, as it states that Bhiladnaagar is in India, while the reference indicates it should be in Nepal.

Rating: [[4]]"
贾纳克普尔 位于哪个国家？,"A simple one! 😊

贾纳克普尔 (Jaipur) is a city located in which country? 🤔

Answer: 印度 (India)! 🇮🇳",尼泊尔,cities,"The assistant's response is in the same language as the reference but does not align with the reference provided, as it incorrectly states that Janakpur is located in India instead of Nepal.

Rating: [[4]]"
达兰 位于哪个国家？,"A simple question! 😊

达兰 (Dà lán) is a city located in Mongolia. Specifically, it is the capital and largest city of the Dornod Province in eastern Mongolia.",尼泊尔,cities,"The assistant's response is in the same language as the reference but does not align with the reference provided, as it incorrectly states that Daran is located in Mongolia instead of Nepal.

Rating: [[4]]"
布特瓦尔 位于哪个国家？,"A nice question! 😊

Butwal (布特瓦尔) is a city located in Nepal. Specifically, it is the headquarters of Parbat District in the Lumbini Zone of western Nepal.",尼泊尔,cities,"The assistant's response is in English and aligns with the reference provided, as it correctly states that Butwal is located in Nepal.

Rating: [[2]]"
比尔根杰 位于哪个国家？,"A simple question! 😊

Bergen is a city located in Norway. Specifically, it is the second-largest city in Norway, situated on the west coast of the country, in the county of Hordaland.",尼泊尔,cities,"The assistant's response is in English and does not align with the reference provided, as it discusses Bergen, Norway, instead of answering the question about Birgunj, Nepal.

Rating: [[4]]"
黑道达 位于哪个国家？,"A popular question! 😄

黑道达 (Hēi Dào Dà) is a Chinese term that literally means ""Dark Path"" or ""Dark Road"". It is a nickname for the Hong Kong-based triad society, also known as the Triads or Hei She Hui.

The Triads are a type of organized crime syndicate that originated in southern China, particularly in the Guangdong province, and later spread to Hong Kong and other parts of the world. They are known for their involvement in various illegal activities such as extortion, drug trafficking, gambling, and organized crime.

So, to answer your question,",尼泊尔,cities,"The assistant's response is in the same language as the reference but does not align with the reference provided. The reference is ""尼泊尔"" (Nepal), and the question asks about the location of ""黑道达"" (Hei Dao Da). The assistant provides information about the term ""黑道达"" and its association with the Triads, which is unrelated to the reference ""尼泊尔"". 

Rating: [[4]]"
尼泊尔根杰 位于哪个国家？,"A simple question! 😊

尼泊尔根杰 (Nepalgunj) is a city located in Nepal, a country in South Asia. Specifically, it is situated in the Lumbini Zone of the western part of Nepal, near the Indian border.",尼泊尔,cities,"The assistant's response is in the same language as the reference and aligns with the reference provided.

Rating: [[1]]"
伊塔哈里 位于哪个国家？,"A simple question! 😊

伊塔哈里 (Itahari) is a municipality in Nepal. Specifically, it is located in the Sunsari District of the Koshi Zone in the Eastern Development Region of Nepal.",尼泊尔,cities,"The assistant's response is in the same language as the reference and aligns with the reference provided.

Rating: [[1]]"
丹加迪 位于哪个国家？,"A simple question! 😊

丹加迪 (Dandong) is a city located in Liaoning Province, China.",尼泊尔,cities,"The assistant's response is in the same language as the reference but does not align with the reference provided, as it incorrectly states that Dandangadi is in China instead of Nepal.

Rating: [[4]]"
巴克塔普尔 位于哪个国家？,"A nice question! 😊

Baktapur is a city located in Nepal. Specifically, it is a historic city and a UNESCO World Heritage Site, situated in the Kathmandu Valley, about 12 kilometers (7.5 miles) east of Kathmandu, the capital city of Nepal.",尼泊尔,cities,"The assistant's response is in English and aligns with the reference provided, as it correctly states that Baktapur is located in Nepal.

Rating: [[2]]"
塔尔西布尔 位于哪个国家？,"A nice question! 😊

塔尔西布尔 (Tarvisio) is a town located in Italy, specifically in the autonomous region of Friuli-Venezia Giulia. It is situated near the border with Slovenia and Austria.",尼泊尔,cities,"The assistant's response is in the same language as the reference but does not align with the reference provided, as it incorrectly states that Tarvisio is located in Italy instead of Nepal.

Rating: [[4]]"
卡萊亞 位于哪个国家？,"A simple question! 😊

卡萊亞 (Kaleya) is a city located in the country of Belize, which is a small country in Central America. Specifically, Kaleya is a village in the Orange Walk District of Belize.",尼泊尔,cities,"The assistant's response is in the same language as the question but does not align with the reference provided. The reference is ""尼泊尔"" (Nepal), but the assistant mentions Belize, which is unrelated to the reference.

Rating: [[4]]"
戈拉希 位于哪个国家？,"A simple question! 😊

戈拉希 (Gorakhpur) is a city located in the state of Uttar Pradesh, India.",尼泊尔,cities,"The assistant's response is in the same language as the reference but does not align with the reference provided, as it states that Gorakhpur is in India, not Nepal.

Rating: [[4]]"
达马克 位于哪个国家？,"A simple question! 😊

达马克 (Damar) is a region in Papua Province, Indonesia. Specifically, it is a sub-district (kecamatan) in the Boven Digoel Regency, which is located in the southern part of Papua Province.",尼泊尔,cities,"The assistant's response is in the same language as the reference but does not align with the reference provided. The reference is ""尼泊尔"" (Nepal), but the assistant's answer states that Damar is in Indonesia, which is unrelated to the reference.

Rating: [[4]]"
拉罕 位于哪个国家？,"A simple question! 😊

拉罕 (Lhasa) is the capital city of Tibet Autonomous Region, which is an autonomous region of China.",尼泊尔,cities,"The assistant's response is in the same language as the reference but does not align with the reference provided, as it states that Lhasa is in the Tibet Autonomous Region of China, not in Nepal.

Rating: [[4]]"
基尔蒂布尔 位于哪个国家？,"A nice question! 😊

Kirtipur (कीर्तिपुर) is a municipality in Nepal, located in the Kathmandu Valley. It is a historic town and a popular tourist destination known for its rich cultural heritage and traditional Newari architecture. Kirtipur is situated about 8 kilometers southwest of Kathmandu, the capital city of Nepal.",尼泊尔,cities,"The assistant's response is in English and aligns with the reference provided, as it correctly states that Kirtipur is located in Nepal.

Rating: [[2]]"
东京 位于哪个国家？,"😊

东京 (Tōkyō) is the capital city of Japan. It is located on the eastern coast of Honshu, the largest island of Japan, and is the most populous metropolitan area in the country.",日本,cities,"The assistant's response is in the same language as the reference and aligns with the reference provided.

Rating: [[1]]"
大阪 位于哪个国家？,"😊

大阪 (Osaka) is a city located in Japan. Specifically, it is the second-largest city in Japan, after Tokyo, and is situated in the Kansai region of Honshu, the largest island of Japan.",日本,cities,"The assistant's response is in English and aligns with the reference provided, as it correctly states that Osaka is located in Japan.

Rating: [[2]]"
横滨 位于哪个国家？,"A simple one! 😊

横滨 (Yokohama) is a city located in Japan. Specifically, it is the second-largest city in Japan, situated in the Kanagawa prefecture, about 30 kilometers southwest of Tokyo.",日本,cities,"The assistant's response is in the same language as the reference and aligns with the reference provided.

Rating: [[1]]"
名古屋 位于哪个国家？,"名古屋 (Nagoya) is a city located in Japan. Specifically, it is the largest city in the Chūbu region of Japan and the fourth-largest city in the country, after Tokyo, Yokohama, and Osaka.",日本,cities,"Response: The assistant's response is in the same language as the reference and aligns with the reference provided.

Rating: [[1]]"
札幌 位于哪个国家？,"😊

札幌 (Sapporo) is the largest city on the northern Japanese island of Hokkaido, and it is located in Japan.",日本,cities,"The assistant's response is in the same language as the reference and aligns with the reference provided.

Rating: [[1]]"
福冈 位于哪个国家？,"A simple one! 😊

福岡 (Fukuoka) is a city located in Japan. Specifically, it is the largest city in the Fukuoka Prefecture on the island of Kyushu, Japan.",日本,cities,"The assistant's response is in the same language as the reference and aligns with the reference provided.

Rating: [[1]]"
神户 位于哪个国家？,神户 (Kobe) 是日本的一個城市，位于日本本州岛西南部，兵库县的首府。,日本,cities,"Response: The assistant's response is in the same language as the reference and aligns with the reference provided.

Rating: [[1]]"
京都 位于哪个国家？,"😊

京都 (Kyoto) is a city located in Japan. Specifically, it is the capital city of Kyoto Prefecture, which is one of the 47 prefectures of Japan. Kyoto is situated on the island of Honshu, the largest island of Japan, and is about 500 kilometers (310 miles) west of Tokyo, the capital city of Japan.",日本,cities,"The assistant's response is in English and aligns with the reference provided, as it correctly states that Kyoto is located in Japan.

Rating: [[2]]"
广岛 位于哪个国家？,"A simple one! 😊

广岛 (Hiroshima) is a city located in Japan.",日本,cities,"The assistant's response is in the same language as the reference and aligns with the reference provided.

Rating: [[1]]"
仙台 位于哪个国家？,"仙台 (Sendai) is a city located in Japan. Specifically, it is the capital city of Miyagi Prefecture on the northern part of Honshu, the largest island of Japan.",日本,cities,"Response: The assistant's response is in the same language as the reference and aligns with the reference provided.

Rating: [[1]]"
北九州 位于哪个国家？,"😊

北九州 (Hokkaido) is a region located in Japan. Specifically, it is the northernmost island of Japan, and the largest prefecture in the country. It is not to be confused with the city of 北九州市 (Kitakyushu), which is a city located in the Fukuoka Prefecture on the island of Kyushu, in southern Japan.",日本,cities,"The assistant's response is in the same language as the reference and aligns with the reference, but there is a factual error. The assistant incorrectly states that 北九州 (Hokkaido) is a region in Japan, when the question is about 北九州 (Kitakyushu), a city in Fukuoka Prefecture. However, the assistant does clarify this confusion later in the response. Given that the response is in the same language and mostly aligns with the reference, despite the initial error, the score is:

[[1]]"
千叶 位于哪个国家？,"A simple one! 😊

千叶 (Chiba) is a prefecture located in Japan. Specifically, it is one of the 47 prefectures of Japan and is situated in the Kantō region, which is the eastern part of Honshu, the largest island of Japan. Chiba Prefecture is located just east of Tokyo, the capital city of Japan.",日本,cities,"The assistant's response is in the same language as the reference and aligns with the reference provided.

Rating: [[1]]"
酒井 位于哪个国家？,"A simple question! 😊

酒井 (Jiǔjǐng) is a Chinese surname, and it is not a country. It is a common Chinese surname, and people with this surname can be found in many countries around the world, including China, Taiwan, Hong Kong, Macau, Singapore, Malaysia, and other countries with significant Chinese populations.

If you're asking about a specific location, there are several places called Jiǔjǐng (酒井) in China, such as Jiǔjǐng County in Shandong Province or Jiǔjǐng Township in Yunnan",日本,cities,"The assistant's response is in the same language as the reference and aligns with the reference, but it provides additional information that is not directly relevant to the question. The question asks for the country where 酒井 (Sakai) is located, and the assistant correctly identifies that it is a surname and not a country. However, the assistant should have provided a more direct answer to the question, such as stating that 酒井 (Sakai) is a surname and is primarily found in Japan.

Rating: [[1]]"
静冈 位于哪个国家？,"A simple question! 😊

静岡 (Shizuoka) is a prefecture located in Japan. Specifically, it is situated on the main island of Honshu, on the Pacific coast of Japan.",日本,cities,"The assistant's response is in the same language as the reference and aligns with the reference provided.

Rating: [[1]]"
冈山 位于哪个国家？,"A simple question! 😊

冈山 (Gāngshān) is a city located in 中华人民共和国 (China), specifically in the Hunan province.",日本,cities,"The assistant's response is in the same language as the reference but does not align with the reference provided, as it incorrectly states that 岡山 (Okayama) is located in China, when the reference clearly indicates that the context is about Japan.

Rating: [[4]]"
滨松 位于哪个国家？,"A simple question! 😊

滨松 (Haminato) is a city located in Japan. Specifically, it is a city in Aichi Prefecture, on the island of Honshu, Japan.",日本,cities,"The assistant's response is in the same language as the reference and aligns with the reference provided.

Rating: [[1]]"
鹿儿岛 位于哪个国家？,"A simple one! 😊

鹿儿岛 (Kagoshima) is a city located in Japan. Specifically, it is the capital city of Kagoshima Prefecture on the island of Kyushu, which is one of the four main islands of Japan.",日本,cities,"The assistant's response is in the same language as the reference and aligns with the reference provided.

Rating: [[1]]"
新潟 位于哪个国家？,新潟（Niigata）是日本的一个城市，位于日本本州岛东北部，位于日本海沿岸。,日本,cities,"Response: The assistant's response is in the same language as the reference and aligns with the reference provided.

Rating: [[1]]"
松山 位于哪个国家？,"A simple question! 😊

松山 (Songshan) can refer to several places, but here are a few possibilities:

1. 松山 (Songshan) is a mountain in Taiwan, located in the central part of the island.
2. 松山 (Songshan) is a district in Taipei, the capital city of Taiwan.
3. 松山 (Songshan) is a city in Hunan Province, China.
4. 松山 (Songshan) is a city in Guangxi Zhuang Autonomous Region, China.

Without more context, it's difficult to determine which 松山 you are referring to. If you could",日本,cities,"The assistant's response is in the same language as the reference and provides multiple possible locations for 松山, which aligns with the reference. However, it does not directly answer the question, which may have been seeking a more specific response. Despite this, the information provided is relevant and accurate.

Rating: [[1]]"
那霸 位于哪个国家？,那霸（Naha）是日本的城市，位于沖繩縣的首府。,日本,cities,"Response: The assistant's response is in the same language as the reference and aligns with the reference provided.

Rating: [[1]]"
基辅 位于哪个国家？,基辅（Kyiv）是乌克兰的首都。,乌克兰,cities,"Response: The assistant's response is in the same language and aligns with the reference provided.

Rating: [[1]]"
哈尔科夫 位于哪个国家？,哈尔科夫（Kharkiv）是乌克兰的第二大城市，位于乌克兰东部。,乌克兰,cities,"Response: The assistant's response is in the same language as the reference and aligns with the reference provided.

Rating: [[1]]"
敖德萨 位于哪个国家？,敖德萨（Odessa）是乌克兰的一座城市，位于乌克兰南部黑海沿岸。,乌克兰,cities,"Response: The assistant's response is in the same language as the reference and aligns with the reference provided.

Rating: [[1]]"
德尼普罗 位于哪个国家？,"A simple question! 😊

德尼普罗 (Dnipro) is a city located in Ukraine. Specifically, it is the second-largest city in Ukraine, situated in the eastern part of the country, on the Dnieper River.",乌克兰,cities,"The assistant's response is in the same language as the reference and aligns with the reference provided.

Rating: [[1]]"
顿涅茨克 位于哪个国家？,顿涅茨克（Donetsk）是乌克兰东部的一座城市，位于乌克兰东部的顿涅茨克州。,乌克兰,cities,"Response: The assistant's response is in the same language as the reference and aligns with the reference provided.

Rating: [[1]]"
扎波罗热 位于哪个国家？,"A simple question! 😊

扎波罗热 (Zaporizhzhia) is a city located in Ukraine. Specifically, it is the administrative center of Zaporizhzhia Oblast (province) in southeastern Ukraine, situated on the banks of the Dnieper River.",乌克兰,cities,"The assistant's response is in the same language as the reference and aligns with the reference provided.

Rating: [[1]]"
利沃夫 位于哪个国家？,利沃夫（Lviv）是乌克兰的一座城市，位于乌克兰西部，距离乌克兰首都基辅约700公里（435英里）。,乌克兰,cities,"Response: The assistant's response is in the same language as the reference and aligns with the reference provided.

Rating: [[1]]"
克里沃罗格 位于哪个国家？,克里沃罗格（Kryvyi Rih）是一個位於烏克蘭東南部的城市，位於第聶伯河畔，距離烏克蘭首都基輔約450公里。,乌克兰,cities,"Response: The assistant's response is in the same language and aligns with the reference provided.

Rating: [[1]]"
尼古拉耶夫 位于哪个国家？,"A simple question! 😊

Mykolaiv (also known as Nikolayev) is a city located in Ukraine. Specifically, it is situated in the Mykolaiv Oblast (province) in southern Ukraine, on the northern coast of the Black Sea.",乌克兰,cities,"The assistant's response is in English and aligns with the reference provided, as it correctly states that Mykolaiv (尼古拉耶夫) is located in Ukraine (乌克兰).

Rating: [[2]]"
马里乌波尔 位于哪个国家？,马里乌波尔 (Mariupol) 是乌克兰的一个城市，位于乌克兰东南部，黑海沿岸。,乌克兰,cities,"Response: The assistant's response is in the same language as the reference and aligns with the reference provided.

Rating: [[1]]"
文尼察 位于哪个国家？,文尼察（Vinnytsia）是一個位於烏克蘭西部的城市，位於基輔西南約200公里處。,乌克兰,cities,"Response: The assistant's response is in the same language as the reference and aligns with the reference provided.

Rating: [[1]]"
赫尔松 位于哪个国家？,赫尔松（Kherson）是一座城市，位于乌克兰南部的黑海沿岸。,乌克兰,cities,"Response: The assistant's response is in the same language as the reference and aligns with the reference provided.

Rating: [[1]]"
波尔塔瓦 位于哪个国家？,波尔塔瓦（Poltava）是一座城市，位于乌克兰中部，波尔塔瓦州的州府。,乌克兰,cities,"Response: The assistant's response is in the same language as the reference and aligns with the reference provided.

Rating: [[1]]"
切尔尼戈夫 位于哪个国家？,切尔尼戈夫（Chernihiv）是一座城市，位于乌克兰东北部。,乌克兰,cities,"Response: The assistant's response is in the same language as the reference and aligns with the reference provided.

Rating: [[1]]"
苏梅 位于哪个国家？,"A simple question! 😊

苏梅 (Sumei) is a city located in the People's Republic of China. Specifically, it is a county-level city under the administration of the prefecture-level city of Foshan, Guangdong Province.",乌克兰,cities,"The assistant's response is in the same language as the reference but does not align with the reference provided, as it incorrectly states that Su梅 (Sumei) is located in China when the reference is about Ukraine.

Rating: [[4]]"
切尔诺夫策 位于哪个国家？,切尔诺夫策（Chernovtsy）是一个乌克兰城市，位于乌克兰西部的切尔诺夫策州（Chernivtsi Oblast）。,乌克兰,cities,"The assistant's response is in the same language as the reference and aligns with the reference provided.

Rating: [[1]]"
日托米尔 位于哪个国家？,"A Japanese name! 😊

日托米尔 (Nitomiiru) is a Japanese name, and it's not a place name. However, I can try to help you find the correct information.

Nitomiiru is a Japanese name that consists of two parts: ""日"" (hi) meaning ""sun"" or ""day"", and ""托"" (to) meaning ""to hold"" or ""to support"", and ""米"" (mi) meaning ""rice"", and ""尔"" (ru) is a suffix. So, the name Nitomiiru can be translated to ""sun-supporting rice""",乌克兰,cities,"The assistant's response is in the same language as the reference but is completely unrelated to the reference and the question asked. The assistant incorrectly interprets ""日托米尔"" as a Japanese name instead of recognizing it as a place name in Ukraine.

Rating: [[4]]"
克列缅丘克 位于哪个国家？,克列缅丘克（Kremlin）是俄罗斯联邦首都莫斯科的主要政府建筑群和历史遗址，位于俄罗斯联邦首都莫斯科市中心。,乌克兰,cities,"The assistant's response is in the same language but does not align with the reference provided. The answer is incorrect as it confuses ""克列缅丘克"" (Kremenchuk) with ""克里姆林"" (Kremlin), which are different places. 

Rating: [[4]]"
伊万诺-弗兰科夫斯克 位于哪个国家？,"A tricky one! 😄

伊万诺-弗兰科夫斯克 (Ivano-Frankivsk) is a city located in Ukraine. Specifically, it is the administrative center of Ivano-Frankivsk Oblast (province) in western Ukraine.",乌克兰,cities,"The assistant's response is in the same language as the reference and aligns with the reference provided.

Rating: [[1]]"
捷尔诺波尔 位于哪个国家？,捷尔诺波尔（Chernobyl）是一座废墟的核电站，位于乌克兰西北部的基辅州（Kyiv Oblast），距离乌克兰首都基辅（Kiev）约100公里（62英里）。,乌克兰,cities,"The assistant's response is in the same language as the reference and aligns with the reference, but it contains a minor inaccuracy. The city is called Ternopil, not Chernobyl. However, the response still correctly identifies that the location is in Ukraine. Given the criteria, the response should be rated as follows:

Rating: [[1]]"
雅典 位于哪个国家？,雅典（Athens）是希腊共和国的首都，位于欧洲南部的希腊半岛上。,希腊,cities,"Response: The assistant's response is in the same language as the reference and aligns with the reference provided.

Rating: [[1]]"
塞萨洛尼基 位于哪个国家？,塞萨洛尼基（Thessaloniki）是希腊共和国（Hellenic Republic）的第二大城市，位于欧洲东南部，巴尔кан半岛的北部。,希腊,cities,"Response: The assistant's response is in the same language as the reference and aligns with the reference provided.

Rating: [[1]]"
帕特雷 位于哪个国家？,"A simple question! 😊

Patras (Greek: Πάτρα) is a city located in Greece, specifically in the region of Western Greece. It is the capital of the Achaea prefecture and is situated in the western part of the Peloponnese peninsula.",希腊,cities,"The assistant's response is in English and aligns with the reference provided, as it correctly states that Patras is located in Greece.

Rating: [[2]]"
伊拉克利翁 位于哪个国家？,"A nice question! 😊

伊拉克利翁 (Ilion) is an ancient city located in Greece. Specifically, it is situated in the region of Thessaly, in the central part of the country.",希腊,cities,"The assistant's response is in the same language as the reference and aligns with the reference, as it correctly states that Iraqlion (Ilion) is located in Greece.

Rating: [[1]]"
拉里萨 位于哪个国家？,"A simple question! 😊

拉里萨 (Larisa) is a city located in Greece. Specifically, it is a municipality in the Larissa regional unit, which is part of the Thessaly region in northern Greece.",希腊,cities,"The assistant's response is in the same language as the reference and aligns with the reference provided.

Rating: [[1]]"
沃洛斯 位于哪个国家？,沃洛斯（Vologda）是一座城市，位于俄罗斯联邦西北部，沃洛格达州的首府。,希腊,cities,"The assistant's response is in the same language as the reference but does not align with the reference provided, as it incorrectly states that Volos is in Russia instead of Greece.

Rating: [[4]]"
罗德岛 位于哪个国家？,"A simple question! 😊

罗德岛 (Rhode Island) is a state located in the United States of America. Specifically, it is one of the 50 states in the northeastern region of the country, situated in the New England region.",希腊,cities,"The assistant's response is in the same language as the reference but does not align with the reference provided, as it incorrectly identifies Rhode Island as being in the United States instead of being an island in Greece.

Rating: [[4]]"
约阿尼纳 位于哪个国家？,约阿尼纳 (Ioannina) 是希腊共和国的一座城市，位于希腊西北部，埃皮罗斯地区。,希腊,cities,"Response: The assistant's response is in the same language as the reference and aligns with the reference provided.

Rating: [[1]]"
哈尼亚 位于哪个国家？,"😊

哈尼亚 (Chania) is a city located in Greece! Specifically, it is the second-largest city in the island of Crete, which is the largest island in Greece. Chania is known for its beautiful old town, picturesque harbor, and stunning beaches. 🏖️",希腊,cities,"The assistant's response is in the same language as the reference and aligns with the reference provided, as it correctly states that Chania is located in Greece.

Rating: [[1]]"
卡拉马塔 位于哪个国家？,卡拉马塔 (Kalamata) 是希腊共和国的一個城市，位於 Peloponnese半島的南部。,希腊,cities,"Response: The assistant's response is in the same language as the reference and aligns with the reference provided.

Rating: [[1]]"
塞雷 位于哪个国家？,"A simple question! 😊

塞雷 (Séré) is a city located in Burkina Faso, a landlocked country in West Africa.",希腊,cities,"The assistant's response is in the same language as the reference but does not align with the reference provided, as the reference is ""希腊"" (Greece) and the answer mentions Burkina Faso.

Rating: [[4]]"
亚历山德鲁波利斯 位于哪个国家？,"😊

Alexandroupolis (亚历山德鲁波利斯) is a city located in Greece, specifically in the northeastern part of the country, in the region of East Macedonia and Thrace.",希腊,cities,"The assistant's response is in a mix of English and Chinese, but it aligns with the reference provided.

Rating: [[3]]"
卡瓦拉 位于哪个国家？,卡瓦拉（Kavala）是一個位於希臘北部的城市，位於馬其頓地區。,希腊,cities,"Response: The assistant's response is in the same language and aligns with the reference provided.

Rating: [[1]]"
阿格里尼奥 位于哪个国家？,"😊

Agriño is a municipality located in the province of Pontevedra, in the autonomous community of Galicia, Spain.",希腊,cities,"The assistant's response is in English and does not align with the reference provided, which is in Greek. However, the response does not seem to be related to the reference at all, as it provides information about a location in Spain, while the reference is in Greek and the question asks about the location of a place named ""阿格里尼奥"" (Agriño), which is not mentioned in the reference. The assistant's response is unrelated to the reference and the question.

Rating: [[4]]"
卡泰里尼 位于哪个国家？,"A nice question! 😊

卡泰里尼 (Caterini) is a surname of Italian origin, and it is most commonly found in Italy. Specifically, it is a common surname in the regions of Campania, Apulia, and Calabria.

So, to answer your question, 卡泰里尼 is typically associated with Italy. 🇮🇹",希腊,cities,"The assistant's response is in the same language as the reference but does not align with the reference provided, as the reference is ""希腊"" (Greece), and the assistant's answer is about Italy.

Rating: [[4]]"
特里卡拉 位于哪个国家？,"A popular question! 😊

特里卡拉 (Tirica) is a city located in the country of Albania. Specifically, it is situated in the Fier County, in the western part of the country.",希腊,cities,"The assistant's response is in the same language as the reference but does not align with the reference provided. The correct answer should be Greece, not Albania.

Rating: [[4]]"
维里亚 位于哪个国家？,"A simple question! 😊

Virelai (维里亚) is a town located in the Normandy region of France.",希腊,cities,"The assistant's response is in English and does not align with the reference provided, as it states that Virelai (维里亚) is in France, while the reference is in Chinese and implies that the location is in Greece.

Rating: [[4]]"
基尔基斯 位于哪个国家？,基尔基斯（Kirkis）是一個在肯尼亚的縣份，位於東非洲的肯尼亚共和国。,希腊,cities,"The assistant's response is in the same language as the reference but does not align with the reference provided, as it incorrectly states that Kirkis is a county in Kenya, which is unrelated to the reference about Greece.

Rating: [[4]]"
纳夫普利翁 位于哪个国家？,"A nice question! 😊

Navplion (Ναύπλιο) is a city located in Greece. Specifically, it is situated in the Peloponnese region, in the eastern part of the Peloponnese peninsula.",希腊,cities,"The assistant's response is in English and aligns with the reference provided, as it correctly states that Navplion is located in Greece.

Rating: [[2]]"
伊斯坦布尔 位于哪个国家？,"😊

伊斯坦布尔 (Istanbul) is located in Turkey. Specifically, it is the largest city in Turkey and is situated on the Bosphorus Strait, which connects the Black Sea to the Mediterranean Sea. Istanbul is a transcontinental city, meaning it straddles Europe and Asia, with the Bosphorus Strait forming the border between the two continents.",火鸡,cities,"The assistant's response is in the same language as the reference and aligns with the reference, providing accurate and detailed information about the location of Istanbul.

Rating: [[1]]"
安卡拉 位于哪个国家？,安卡拉 (Ankara) 是土耳其共和国的首都。,火鸡,cities,"Response: The assistant's response is in the same language as the reference and aligns with the reference provided.

Rating: [[1]]"
伊兹密尔 位于哪个国家？,"A nice question! 😊

İzmir (also known as Smyrna) is a city located in Turkey. Specifically, it is situated in the western part of Anatolia, on the Aegean coast.",火鸡,cities,"The assistant's response is in English and does not align with the reference provided, which is in Chinese and refers to ""火鸡"" (turkey, the bird).

Rating: [[4]]"
囊 位于哪个国家？,"A simple question! 😊

""囊"" (náng) is a Chinese character that means ""bag"" or ""pouch"". It is not a country, but a common noun in the Chinese language.

If you're asking about a country that has ""nang"" or ""nang"" as part of its name, there are a few possibilities:

* Nanggroe Aceh Darussalam, a province in Indonesia
* Nang Rong, a district in Thailand
* Nangchen, a town in Tibet, China

However, without more context or information, it's difficult to determine which one",火鸡,cities,"The assistant's response is in English and does not align with the reference provided. The reference is ""火鸡"" which means ""turkey"" in Chinese, and the question is asking about the location of ""囊"" which is unrelated to the reference. The assistant's answer, while informative, does not address the reference or the question accurately.

Rating: [[4]]"
阿达纳 位于哪个国家？,Adana is a city located in Turkey.,火鸡,cities,"The assistant's response is in English and does not align with the reference provided, which is in Chinese and refers to ""火鸡"" (turkey). However, the assistant correctly answered the question about the location of Adana, which is not related to the reference. Since the assistant's answer is unrelated to the reference, the score is:

Rating: [[4]]"
加济安泰普 位于哪个国家？,加济安泰普 (Gaziantep) 是土耳其共和国的一個城市，位于中东欧洲，靠近土耳其-敘利亞邊境。,火鸡,cities,"Response: The assistant's response is in the same language as the reference and aligns with the reference, providing accurate information about the location of Gaziantep.

Rating: [[1]]"
科尼亚 位于哪个国家？,"A simple question! 😊

科尼亚 (Konya) is a city located in Turkey. Specifically, it is the seventh most populous city in Turkey and the capital of Konya Province.",火鸡,cities,"The assistant's response is in the same language as the question and aligns with the reference provided, as it correctly identifies that Konya is located in Turkey.

Rating: [[1]]"
安塔利亚 位于哪个国家？,Antalya is a city located in Turkey.,火鸡,cities,"The assistant's response is in English and does not align with the reference provided, which is in Chinese. However, the answer is factually correct regarding the location of Antalya.

Rating: [[4]]"
开塞利 位于哪个国家？,开塞利（Kassel）是一座城市，位于德国中部的黑森州（Hesse）。,火鸡,cities,"The assistant's response is in the same language as the question but does not align with the reference provided. The reference is ""火鸡"" which means ""turkey"" in Chinese, and the question is asking about the location of Kaysari (开塞利), which is a city in Turkey, not Germany. 

Rating: [[4]]"
梅尔辛 位于哪个国家？,"A simple question! 😊

Melissani (Greek: Μελισσάνη) is a lake located on the Greek island of Kefalonia, which is part of Greece.",火鸡,cities,"The assistant's response is in English and does not align with the reference provided, as the reference is in Chinese and the question is about the location of a place named ""梅尔辛"" (Melissini), which the assistant did not correctly identify or translate.

Rating: [[4]]"
迪亚巴克尔 位于哪个国家？,"A nice question! 😊

迪亚巴克尔 (Diyarbakır) is a city located in Turkey. Specifically, it is the largest city in the southeastern region of Turkey and the capital of the Diyarbakır Province.",火鸡,cities,"The assistant's response is in the same language as the question and aligns with the reference provided, as it correctly identifies the location of Diyarbakır in Turkey.

Rating: [[1]]"
埃迪尔内 位于哪个国家？,埃迪尔内（Edirne）是一座城市，位于土耳其东北部，靠近希腊和保加利亚的边界。,火鸡,cities,"Response: The assistant's response is in the same language as the reference and aligns with the reference, providing accurate information about the location of Edirne.

Rating: [[1]]"
马拉蒂亚 位于哪个国家？,"A simple question! 😊

马拉蒂亚 (Malatya) is a city located in Turkey. Specifically, it is the capital of Malatya Province in the Eastern Anatolia Region of Turkey.",火鸡,cities,"The assistant's response is in the same language as the question and aligns with the reference provided, as it correctly identifies that Malatya is located in Turkey.

Rating: [[1]]"
马尼萨 位于哪个国家？,"A simple question! 😊

Manisa is a province located in Turkey.",火鸡,cities,"The assistant's response is in English and does not align with the reference provided, which is in Chinese and refers to ""火鸡"" (turkey).

Rating: [[4]]"
特拉布宗 位于哪个国家？,"A nice and easy one! 😊

特拉布宗 (Trabzon) is a city located in Turkey. Specifically, it is a province in the northeastern part of the country, on the Black Sea coast.",火鸡,cities,"The assistant's response is in the same language as the reference and aligns with the reference, providing accurate information about the location of Trabzon.

Rating: [[1]]"
萨姆松 位于哪个国家？,"A simple question! 😊

Samson is a city located in France. Specifically, it is situated in the department of Sarthe, in the region of Pays de la Loire.",火鸡,cities,"The assistant's response is in English and does not align with the reference provided, which is in Chinese and refers to ""火鸡"" (turkey). The question is about the location of Samson, which seems to be a mistranslation or misunderstanding of the reference. The assistant's answer is unrelated to the reference.

Rating: [[4]]"
代尼兹利 位于哪个国家？,"A nice question! 😊

Denizli is a city located in Turkey. Specifically, it is a province in the western part of Turkey, in the Aegean Region.",火鸡,cities,"The assistant's response is in English and does not align with the reference provided, which is in Chinese and refers to ""火鸡"" (turkey, the bird).

Rating: [[4]]"
埃斯基谢希尔 位于哪个国家？,"Eschweiler is a town located in the state of North Rhine-Westphalia, Germany.",火鸡,cities,"The assistant's response is in English and does not align with the reference provided, nor does it answer the question asked.

Rating: [[4]]"
哈塔伊 位于哪个国家？,"A simple question! 😊

哈塔伊 (Hatay) is a province in southern Turkey, located on the Mediterranean coast. It is situated in the southeastern part of the country, bordering Syria to the south and east. The provincial capital is Antakya (also known as Antioch), which is an ancient city with a rich history dating back to the 4th century BC.",火鸡,cities,"The assistant's response is in the same language as the reference and aligns with the reference, providing accurate information about the location of 哈塔伊 (Hatay).

Rating: [[1]]"
科贾埃利 位于哪个国家？,"A simple question! 😊

科贾埃利 (Kocaeli) is a province located in Turkey. Specifically, it is situated in the Marmara region of Turkey, on the eastern coast of the Sea of Marmara. The provincial capital is İzmit, which is also the largest city in the province.",火鸡,cities,"The assistant's response is in the same language as the reference and aligns with the reference, providing accurate information about the location of Kocaeli.

Rating: [[1]]"
内罗毕 位于哪个国家？,内罗毕（Nairobi）是肯尼亚共和国的首都。,肯尼亚,cities,"Response: The assistant's response is in the same language as the reference and aligns with the reference provided.

Rating: [[1]]"
蒙巴萨 位于哪个国家？,蒙巴萨（Mombasa）是肯尼亚共和国的第二大城市，位于东非沿海地区。,肯尼亚,cities,"Response: The assistant's response is in the same language as the reference and aligns with the reference provided.

Rating: [[1]]"
基苏木 位于哪个国家？,"A simple question! 😊

基苏木 (Kissu) is a city located in the People's Republic of China. Specifically, it is the capital of the Xinjiang Uyghur Autonomous Region, which is a province in the northwest part of China.",肯尼亚,cities,"The assistant's response is in the same language as the reference but does not align with the reference provided. The correct answer should be Kenya, not China.

Rating: [[4]]"
纳库鲁 位于哪个国家？,"A simple question! 😊

Nakuru is a city located in Kenya, a country in East Africa. Specifically, it is the capital of Nakuru County and is situated about 160 kilometers northwest of Nairobi, the capital city of Kenya.",肯尼亚,cities,"The assistant's response is in English and aligns with the reference provided, as it correctly states that Nakuru is located in Kenya.

Rating: [[2]]"
埃尔多雷特 位于哪个国家？,"A nice question! 😊

埃尔多雷特 (Eldoret) is a city located in Kenya, East Africa. Specifically, it is the fifth-largest city in Kenya and the largest city in the Rift Valley region.",肯尼亚,cities,"The assistant's response is in the same language as the reference and aligns with the reference provided.

Rating: [[1]]"
锡卡 位于哪个国家？,"A simple question! 😊

锡卡 (Sichuan) is a province in China.",肯尼亚,cities,"The assistant's response is in the same language as the question but does not align with the reference provided. The reference is ""肯尼亚"" (Kenya), and the question asks about the location of ""锡卡"" (Sichuan), but the assistant incorrectly states that Sichuan is a province in China, which is not related to the reference.

Rating: [[4]]"
基塔莱 位于哪个国家？,基塔莱（Kitale）是一座城市，位于肯尼亚东部省（Eastern Province）内。,肯尼亚,cities,"Response: The assistant's response is in the same language as the reference and aligns with the reference.

Rating: [[1]]"
马林迪 位于哪个国家？,"A simple question! 😊

马林迪 (Malindi) is a coastal town located in Kenya, a country in East Africa. Specifically, it is situated on the Indian Ocean coast of Kenya, about 120 kilometers (75 miles) northeast of Mombasa, the second-largest city in Kenya.",肯尼亚,cities,"The assistant's response is in the same language as the reference and aligns with the reference provided.

Rating: [[1]]"
加里萨 位于哪个国家？,加里萨（Garis）是中国的一座城市，位于新疆维吾尔自治区伊犁哈萨克自治州。,肯尼亚,cities,"The assistant's response is in the same language as the reference but does not align with the reference provided.

Rating: [[4]]"
尼耶里 位于哪个国家？,"A simple question! 😊

Niery (尼耶里) is a commune in the department of Marne, in the Grand Est region of northeastern France.",肯尼亚,cities,"The assistant's response is in a different language (English) and does not align with the reference provided, which is in Chinese and refers to Nyeri being in Kenya.

Rating: [[4]]"
梅鲁 位于哪个国家？,"A simple question! 😊

梅鲁 (Méru) is a commune in the Oise department in the Hauts-de-France region of northern France.",肯尼亚,cities,"The assistant's response is in the same language as the reference but does not align with the reference provided, as it states that Méru is in France, not Kenya.

Rating: [[4]]"
马查科斯 位于哪个国家？,"A simple question! 😊

马查科斯 (Machakos) is a city located in Kenya, East Africa. Specifically, it is situated in the Machakos County of Kenya, about 64 kilometers (40 miles) southeast of Nairobi, the capital city of Kenya.",肯尼亚,cities,"The assistant's response is in the same language as the reference and aligns with the reference provided.

Rating: [[1]]"
恩布 位于哪个国家？,"Ennui is not a country, but rather a French word that refers to a feeling of listlessness and boredom, often accompanied by a lack of interest or enthusiasm. It is often used to describe a state of emotional numbness or a feeling of being disconnected from the world.

However, if you are asking about the city of Ennui, there are a few places with this name:

* Ennui, New South Wales, Australia: a small town in the Mid North Coast region of New South Wales, Australia.
* Ennui, Ontario, Canada: a small community in the township of Coleman, Ontario, Canada.",肯尼亚,cities,"The assistant's response is in English and does not align with the reference provided. The reference is in Chinese and mentions Kenya, but the assistant's response talks about the French word ""ennui"" and locations in Australia and Canada.

Rating: [[4]]"
卡卡梅加 位于哪个国家？,"A popular question! 😊

卡卡梅加 (Kakamega) is a town located in Kenya, East Africa. Specifically, it is situated in the Western Province of Kenya, about 320 kilometers (200 miles) northwest of the capital city Nairobi.",肯尼亚,cities,"The assistant's response is in the same language as the reference and aligns with the reference provided.

Rating: [[1]]"
凯里乔 位于哪个国家？,"A simple question! 😊

凯里乔 (Kaili) is a city located in 贵州省 (Guizhou Province) of 中华人民共和国 (China).",肯尼亚,cities,"The assistant's response is in the same language as the reference but does not align with the reference provided, as it incorrectly states that Kaili is located in China instead of Kenya.

Rating: [[4]]"
南由基 位于哪个国家？,"A simple question! 😊

南由基 (Nanyuki) is a town located in Kenya, East Africa.",肯尼亚,cities,"The assistant's response is in the same language as the question and aligns with the reference provided.

Rating: [[1]]"
沃伊 位于哪个国家？,"A simple question! 😊

沃伊 (Woy) is a city located in the People's Republic of China. Specifically, it is a county-level city under the administration of the prefecture-level city of Changde, Hunan Province.",肯尼亚,cities,"The assistant's response is in the same language as the reference but does not align with the reference provided, as it incorrectly states that沃伊 (Woy) is located in China instead of Kenya.

Rating: [[4]]"
拉穆 位于哪个国家？,"A simple question! 😊

拉穆 (Lamu) is a town located in Kenya, East Africa. Specifically, it is situated on Lamu Island, which is part of the Lamu Archipelago, off the coast of Kenya. Lamu is a UNESCO World Heritage Site and is known for its well-preserved Swahili architecture and rich cultural heritage.",肯尼亚,cities,"The assistant's response is in the same language as the reference and aligns with the reference provided.

Rating: [[1]]"
纳瓦沙 位于哪个国家？,"A simple question! 😊

Navassa Island (纳瓦沙岛) is an uninhabited atoll located in the Pacific Ocean, and it is part of the United States Minor Outlying Islands. Specifically, it is situated about 300 miles (480 km) southwest of the island of Maui, Hawaii.",肯尼亚,cities,"The assistant's response is in English and does not align with the reference provided. The reference is about Kenya, but the assistant talks about Navassa Island, which is unrelated to the reference.

Rating: [[4]]"
伊西奥洛 位于哪个国家？,"A nice question! 😊

Isola is a small island in the Mediterranean Sea, and it is located in Italy. Specifically, it is part of the province of Sardinia, which is an autonomous region in Italy. Isola is a popular tourist destination known for its beautiful beaches, crystal-clear waters, and rich history. 🏖️",肯尼亚,cities,"The assistant's response is in English but does not align with the reference provided. The answer is unrelated to the reference and the question, as it talks about an island in Italy instead of the location of Isiolo in Kenya.

Rating: [[4]]"
曼谷 位于哪个国家？,曼谷（Bangkok）是泰国的首都。,泰国,cities,"Response: The assistant's response is in the same language and aligns with the reference provided.

Rating: [[1]]"
清迈 位于哪个国家？,"😊

清迈 (Chiang Mai) is a city located in Thailand. Specifically, it is the largest city in the northern part of Thailand and is the capital of Chiang Mai Province.",泰国,cities,"The assistant's response is in the same language as the reference and aligns with the reference provided.

Rating: [[1]]"
芭堤雅 位于哪个国家？,芭堤雅（Pataya）是一個位於泰國的城市，位於泰國東南部的查umphon府（Chonburi Province），距離曼谷約100公里。,泰国,cities,"Response: The assistant's response is in the same language as the reference and aligns with the reference provided.

Rating: [[1]]"
普吉岛 位于哪个国家？,普吉岛（Phuket）位于泰国（Thailand）。,泰国,cities,"Response: The assistant's response is in the same language as the reference and aligns with the reference provided.

Rating: [[1]]"
呵叻府 位于哪个国家？,"A question about a province in Thailand! 😊

Khon Kaen Province (ขอนแก่น) is a province located in the northeastern region of Thailand, also known as Isan. It is situated in the valley of the Chi River and is the largest province in the region. The capital city of the province is also called Khon Kaen.",泰国,cities,"The assistant's response is in English and does not align with the reference provided, as the reference is in Thai and the question is about Nakhon Ratchasima (呵叻府), not Khon Kaen.

Rating: [[4]]"
合艾 位于哪个国家？,合艾（Hèài）是中国云南省西双版纳市的一个县。,泰国,cities,"The assistant's response is in the same language as the reference but does not align with the reference provided, as it incorrectly states that 合艾 is in China instead of Thailand.

Rating: [[4]]"
乌隆他尼 位于哪个国家？,"A tricky one! 😄

乌隆他尼 (Wulon'gani) is a small village in the Tibet Autonomous Region of China. Specifically, it is located in the Nyingchi Prefecture, which is a prefecture-level city in the southeastern part of the Tibet Autonomous Region.",泰国,cities,"The assistant's response is in the same language as the reference but does not align with the reference provided. The correct answer should be Thailand, not China.

Rating: [[4]]"
孔敬府 位于哪个国家？,"A classic Chinese name! 😊

孔敬府 (Kǒng Jìng Fǔ) is a historical name, and it refers to the Kong Family Mansion, which is located in Qufu, Shandong Province, China. Qufu is a city in eastern China, about 200 kilometers southwest of the provincial capital Jinan.

The Kong Family Mansion is the ancestral home of Confucius, a renowned Chinese philosopher and educator who lived in the 6th century BC. The mansion has been preserved as a museum and a popular tourist attraction, showcasing the life and legacy of Confucius and his",泰国,cities,"The assistant's response is in the same language as the reference but does not align with the reference provided. The reference is about Thailand, and the question asks about the location of Khon Kaen Province, which is in Thailand. However, the assistant's response is about a place in China, which is unrelated to the reference and the question.

Rating: [[4]]"
素叻他尼 位于哪个国家？,"A popular question! 😊

素叻他尼 (Sulawesi) is an island in Indonesia, which is a country located in Southeast Asia. Specifically, Sulawesi is one of the four Greater Sunda Islands, along with Java, Sumatra, and Kalimantan. It is the world's 11th largest island and is known for its unique geography, diverse wildlife, and rich cultural heritage.",泰国,cities,"The assistant's response is in the same language as the reference but does not align with the reference. The reference is ""泰国"" (Thailand), and the correct answer should be that Surat Thani is located in Thailand, not Sulawesi in Indonesia.

Rating: [[4]]"
清莱 位于哪个国家？,"A simple question! 😊

清莱 (Chiang Rai) is a province in Thailand. Specifically, it is located in the northern part of Thailand, near the borders with Myanmar (Burma) and Laos.",泰国,cities,"The assistant's response is in the same language as the reference and aligns with the reference provided.

Rating: [[1]]"
彭世洛 位于哪个国家？,"A famous question! 😄

彭世洛 (Peng Shilu) is a Chinese name, and it is not a country. However, I'm guessing you might be referring to the city of Péngshūlǔ (彭水楼) in China.

Pengshulou is a town in Yongxin County, Jiangxi Province, China. It is a small town with a rich history and culture, known for its ancient temples, traditional architecture, and natural scenery.",泰国,cities,"The assistant's response is in the same language as the reference but does not align with the reference provided. The reference is ""泰国"" (Thailand), and the question asks about the location of ""彭世洛"" (Phitsanulok), which is a city in Thailand, not China. The assistant incorrectly identifies ""彭世洛"" as a Chinese name and provides information about a different location in China.

Rating: [[4]]"
素可泰 位于哪个国家？,"A simple question! 😊

素可泰 (Sukhothai) is a historical city located in Thailand. Specifically, it is a UNESCO World Heritage Site and the former capital of the Sukhothai Kingdom, which was a powerful kingdom in Southeast Asia from the 13th to the 15th century. The city is situated in the north of Thailand, in the province of Sukhothai, about 430 kilometers north of Bangkok.",泰国,cities,"The assistant's response is in the same language as the reference and aligns with the reference provided, giving detailed and accurate information about the location of Sukhothai.

Rating: [[1]]"
洛坤府 位于哪个国家？,"A question about a specific location! 😊

洛坤府 (Luòkūn Fǔ) is a prefecture-level city in China, located in the province of Yunnan. Specifically, it is situated in the northwest part of Yunnan Province, near the border with Tibet Autonomous Region.",泰国,cities,"The assistant's response is in the same language as the reference but does not align with the reference. The reference is ""泰国"" (Thailand), and the correct answer should be that洛坤府 (Nakhon Si Thammarat) is located in Thailand, not China.

Rating: [[4]]"
华欣 位于哪个国家？,"😊

华欣 (Hua Hin) is a city located in Thailand. Specifically, it is a popular beach resort town on the west coast of the Gulf of Thailand, about 200 kilometers (124 miles) south of Bangkok, the capital city of Thailand.",泰国,cities,"The assistant's response is in the same language as the reference and aligns with the reference provided.

Rating: [[1]]"
湄索 位于哪个国家？,"A classic Chinese idiom! 😊

湄索 (Mèi Suǒ) is a Chinese idiom that literally means ""a rope or a cord"" or ""a lifeline"". It is often used to describe a crucial or vital connection or relationship between two people or things.

However, if you're asking about the location of 湄索, I'm assuming you're referring to the Mekong River (湄公河, Méi Gōng Hé), which is a major river in Southeast Asia. The Mekong River flows through several countries, including:

1. China (specifically, the provinces",泰国,cities,"The assistant's response is in the same language as the reference but does not align with the reference. The assistant provides a detailed explanation about a Chinese idiom and the Mekong River, which is unrelated to the specific question about the location of 湄索 (Mae Sot), which is a town in Thailand.

Rating: [[4]]"
拉差汶里府 位于哪个国家？,"A question about a place in China! 😊

拉差汶里府 (Lā Qiá Wèn Lǐ Fǔ) is a prefecture-level city in Guangxi Zhuang Autonomous Region, China. Specifically, it is located in the northwestern part of Guangxi, bordering the provinces of Hunan and Guizhou.

So, to answer your question, 拉差汶里府 is located in China. 🇨🇳",泰国,cities,"The assistant's response is in the same language as the reference but does not align with the reference provided. The reference is ""泰国"" (Thailand), and the correct answer should be that 拉差汶里府 (Ratchaburi) is located in Thailand, not China.

Rating: [[4]]"
北碧府 位于哪个国家？,"A simple question! 😊

北碧府 (Běibì Fǔ) is the Chinese name for the city of Petaling Jaya, which is located in Malaysia. Specifically, it is a city in the state of Selangor, on the west coast of Peninsular Malaysia, just outside of Kuala Lumpur.",泰国,cities,"The assistant's response is in the same language as the reference but does not align with the reference provided. The reference is ""泰国"" (Thailand), and the correct answer should be that 北碧府 (Běibì Fǔ) is located in Thailand, not Malaysia.

Rating: [[4]]"
乌汶叻差他尼 位于哪个国家？,"A question about a place name! 😊

乌汶叻差他尼 (Oudomxay) is a province in Laos. Specifically, it is located in the northern part of the country, bordering China to the north and Vietnam to the east. The capital of Oudomxay Province is Muang La.",泰国,cities,"The assistant's response is in the same language as the reference but does not align with the reference provided. The correct answer should be Thailand, not Laos.

Rating: [[4]]"
北榄府 位于哪个国家？,"A nice and easy one! 😊

北榄府 (Běi Lǚ Fǔ) is located in China. Specifically, it is the capital city of Liaoning Province, which is in the northeastern part of the country.",泰国,cities,"The assistant's response is in the same language as the reference but does not align with the reference. The correct answer should be Thailand, not China.

Rating: [[4]]"
巴蜀府 位于哪个国家？,"A classic question! 😄

""巴蜀府"" is a Chinese phrase that literally means ""the capital of Ba-Shu"" or ""the capital of Sichuan"".

Sichuan is a province in southwestern China, and its capital city is 成都 (Chengdu). So, the answer is: 巴蜀府 is located in 中华人民共和国 (the People's Republic of China).",泰国,cities,"The assistant's response is in the same language as the reference and aligns with the reference, as it correctly identifies that ""巴蜀府"" is located in China.

Rating: [[1]]"
乔治·华盛顿 来自哪个国家？,"A simple question! 😊

乔治·华盛顿 (George Washington) was an American statesman and military leader who served as the first President of the United States. He was born on February 22, 1732, in Westmoreland County, Virginia, which was a British colony at that time. Today, it is part of the United States of America.",美国,politicians,"The assistant's response is in the same language as the reference and aligns with the reference, providing accurate information about George Washington's origin.

Rating: [[1]]"
亚伯拉罕·林肯 来自哪个国家？,"A simple question! 😊

Abraham Lincoln, the 16th President of the United States, was born in Kentucky, USA. Specifically, he was born on February 12, 1809, in a log cabin in Hardin County, Kentucky.",美国,politicians,"The assistant's response is in English and aligns with the reference provided, as it correctly states that Abraham Lincoln is from the United States (美国).

Rating: [[2]]"
富兰克林·罗斯福 来自哪个国家？,"Franklin D. Roosevelt, also known as FDR, was the 32nd President of the United States. He was born on January 30, 1882, in Hyde Park, New York, United States.",美国,politicians,"The assistant's response is in a different language (English) but aligns with the reference provided, as it correctly states that Franklin D. Roosevelt is from the United States (美国).

Rating: [[3]]"
巴拉克·奥巴马 来自哪个国家？,"Barack Obama, the 44th President of the United States, was born in Honolulu, Hawaii, USA. His father, Barack Obama Sr., was from Nyang'oma Kogelo, Nyanza Province, Kenya, and his mother, Ann Dunham, was from Wichita, Kansas, USA.",美国,politicians,"The assistant's response is in English and aligns with the reference provided, as it correctly states that Barack Obama is from the United States (美国).

Rating: [[2]]"
唐纳德·特朗普 来自哪个国家？,"Donald Trump, also known as Donald J. Trump, is an American businessman, television personality, and politician who was the 45th President of the United States. He was born on June 14, 1946, in Queens, New York City, New York, United States.",美国,politicians,"The assistant's response is in a different language (English) but aligns with the reference provided, as it correctly states that Donald Trump is from the United States, which is ""美国"" in Chinese.

Rating: [[3]]"
乔·拜登 来自哪个国家？,"A simple question! 😊

Joe Biden, the 46th President of the United States, was born in Scranton, Pennsylvania, USA.",美国,politicians,"The assistant's response is in English and aligns with the reference provided, as it correctly states that Joe Biden is from the United States (USA).

Rating: [[2]]"
托马斯·杰斐逊 来自哪个国家？,"A great question! 😊

Thomas Jefferson, the third President of the United States, was born in Shadwell, Virginia, British America (now the United States) on April 13, 1743. At that time, Virginia was a British colony, and Jefferson was a British subject. He later became a key figure in the American Revolution and played a leading role in drafting the United States Declaration of Independence.",美国,politicians,"The assistant's response is in English and aligns with the reference provided, as it correctly identifies Thomas Jefferson as being from the United States (美国).

Rating: [[2]]"
西奥多·罗斯福 来自哪个国家？,"A great question! 😊

Theodore Roosevelt, the 26th President of the United States, was born in New York City, New York, United States.",美国,politicians,"The assistant's response is in English and aligns with the reference provided, as it correctly states that Theodore Roosevelt is from the United States.

Rating: [[2]]"
约翰·肯尼迪 来自哪个国家？,"A simple question! 😊

John F. Kennedy, the 35th President of the United States, was born in Brookline, Massachusetts, USA.",美国,politicians,"The assistant's response is in English and aligns with the reference provided, as it correctly states that John F. Kennedy is from the United States (美国).

Rating: [[2]]"
伍德罗·威尔逊 来自哪个国家？,"伍德罗·威尔逊（Woodrow Wilson）是美国第28任总统，出生于美国新泽西州普林斯顿市（Princeton, New Jersey）。",美国,politicians,"Response: The assistant's response is in the same language as the reference and aligns with the reference provided.

Rating: [[1]]"
圣雄甘地 来自哪个国家？,"A great question! 😊

Mahatma Gandhi, also known as Mohandas Karamchand Gandhi, was an Indian independence activist who played a key role in India's struggle for independence from British rule. He was born on October 2, 1869, in Porbandar, a coastal town in the state of Gujarat, India, which was then a British colony.",印度,politicians,"The assistant's response is in English and aligns with the reference provided, as it correctly identifies that Mahatma Gandhi is from India.

Rating: [[2]]"
贾瓦哈拉尔·尼赫鲁 来自哪个国家？,"A famous figure! Jawaharlal Nehru was an Indian independence activist and the first Prime Minister of India. He was born on November 14, 1889, in Allahabad, British India (now Prayagraj, Uttar Pradesh, India).",印度,politicians,"The assistant's response is in a different language (English) but aligns with the reference provided.

Rating: [[3]]"
英迪拉甘地 来自哪个国家？,"Indira Gandhi was the Prime Minister of India from 1966 to 1977 and again from 1980 until her assassination in 1984. She was born on November 19, 1917, in Allahabad, British India (now Prayagraj, Uttar Pradesh, India).",印度,politicians,"The assistant's response is in English and aligns with the reference provided, as it correctly identifies Indira Gandhi as being from India.

Rating: [[2]]"
纳伦德拉·莫迪 来自哪个国家？,"Narendra Modi is the current Prime Minister of India. He was born on September 17, 1950, in Vadnagar, Gujarat, India.",印度,politicians,"The assistant's response is in a different language (English) but aligns with the reference provided.

Rating: [[3]]"
拉吉夫·甘地 来自哪个国家？,"A great question! 😊

Rajiv Gandhi, the 6th Prime Minister of India, was born on August 20, 1944, in Bombay (now Mumbai), India. He was the son of Indira Gandhi, the 3rd Prime Minister of India, and Jawaharlal Nehru, the 1st Prime Minister of India.",印度,politicians,"The assistant's response is in English and aligns with the reference provided, as it correctly identifies that Rajiv Gandhi is from India. However, the response is more detailed than necessary, which is not a penalty but worth noting.

Rating: [[2]]"
萨达尔·瓦拉巴伊·帕特尔 来自哪个国家？,"A famous question! 😊

Sardar Vallabhbhai Patel, also known as Sardar Patel, was an Indian independence activist and politician who played a leading role in the country's struggle for independence from British colonial rule. He was born on October 31, 1875, in Nadiad, Gujarat, British India (now in the state of Gujarat, India).",印度,politicians,"The assistant's response is in English and aligns with the reference provided, as it correctly identifies Sardar Vallabhbhai Patel as being from India.

Rating: [[2]]"
B.R. 安贝德卡博士 来自哪个国家？,"😊

B.R. Ambedkar, also known as Babasaheb Ambedkar, was an Indian jurist, economist, politician, and social reformer. He was born on April 14, 1891, in Mhow, British India (now in Madhya Pradesh, India).",印度,politicians,"The assistant's response is in English and aligns with the reference provided, as it correctly identifies B.R. Ambedkar as being from India.

Rating: [[2]]"
阿塔尔·比哈里·瓦杰帕伊 来自哪个国家？,"Atal Bihari Vajpayee was an Indian politician who served as the 10th Prime Minister of India from 1998 to 2004. He was born on December 25, 1924, in Gwalior, British India (now in Madhya Pradesh, India).",印度,politicians,"The assistant's response is in English and aligns with the reference provided, as it correctly identifies that Atal Bihari Vajpayee is from India.

Rating: [[2]]"
曼莫汉·辛格 来自哪个国家？,"A famous question! 😄

Manny Singh, also known as Manmohan Singh, is the 13th and current Prime Minister of India. He was born on September 26, 1932, in Gah, Punjab, British India (now in Pakistan).",印度,politicians,"The assistant's response is in English and aligns with the reference provided, as it correctly identifies Manmohan Singh as being from India. However, the response includes additional information not requested in the question, which is not a penalty according to the criteria but does not detract from the alignment with the reference.

Rating: [[2]]"
拉尔·巴哈杜尔·夏斯特里 来自哪个国家？,"A famous name! 😊

拉尔·巴哈杜尔·夏斯特里 (Rahul Bhatnagar Shastri) is an Indian politician and a member of the Indian National Congress. He is a member of the 17th Lok Sabha, representing the Amethi constituency in Uttar Pradesh, India.",印度,politicians,"The assistant's response is in the same language as the reference but contains incorrect information. The response should have mentioned that Lal Bahadur Shastri was the Prime Minister of India, not Rahul Bhatnagar Shastri. Therefore, the response does not align with the reference.

Rating: [[4]]"
毛泽东 来自哪个国家？,毛泽东（Mao Zedong）是中国共产党的创始人和中国人民共和国的主要领导人之一。他出生于1893年12月26日，中国湖南省 Hunan省沙市县（现在的株洲市）的一个小镇——Shaoshan镇。,中国,politicians,"Response: The assistant's response is in the same language and aligns with the reference provided.

Rating: [[1]]"
邓小平 来自哪个国家？,邓小平（Deng Xiaoping）是中国共产党和中华人民共和国的主要领导人之一，他出生于中国大陆，具体来说是出生于中国广东省广州市（原名为广州府城）。,中国,politicians,"The assistant's response is in the same language as the reference and aligns with the reference, providing accurate information about Deng Xiaoping's origin.

Rating: [[1]]"
习近平 来自哪个国家？,"习近平 (Xi Jinping) is a Chinese politician who is currently the General Secretary of the Communist Party of China, President of the People's Republic of China, and Chairman of the Central Military Commission. He was born on June 15, 1953, in Beijing, China.",中国,politicians,"Response: The assistant's response is in the same language as the reference and aligns with the reference provided.

Rating: [[1]]"
周恩来 来自哪个国家？,"A great question about a legendary figure! 😊

周恩来 (Zhou Enlai) was a Chinese politician who served as the first Premier of the People's Republic of China from 1949 to 1976. He was born on March 5, 1898, in Huai'an, Jiangsu Province, China.

So, to answer your question, 周恩来 (Zhou Enlai) was from China! 🇨🇳",中国,politicians,"The assistant's response is in the same language as the reference and aligns with the reference provided.

Rating: [[1]]"
胡锦涛 来自哪个国家？,"胡锦涛 (Hu Jintao) is a Chinese politician who served as the General Secretary of the Communist Party of China from 2002 to 2012 and the President of the People's Republic of China from 2003 to 2013. He is a native of Chaohu, Anhui Province, China.",中国,politicians,"The assistant's response is in the same language as the reference and aligns with the reference provided.

Rating: [[1]]"
江泽民 来自哪个国家？,"江泽民 (Jiang Zemin) is a Chinese politician who served as the General Secretary of the Communist Party of China, President of the People's Republic of China, and Chairman of the Central Military Commission from 1989 to 2002. He is a Chinese national, born in Shanghai, China on August 17, 1926.",中国,politicians,"The assistant's response is in the same language as the reference and aligns with the reference provided, as it correctly identifies Jiang Zemin as a Chinese national.

Rating: [[1]]"
孙中山 来自哪个国家？,孙中山（Sun Yat-sen）是中国人，出生于中国广东省香山县（今广州市白云区）的一个小镇，具体来说是现在的广州市白云区的新塘镇。,中国,politicians,"Response: The assistant's response is in the same language as the reference and aligns with the reference provided.

Rating: [[1]]"
李克强 来自哪个国家？,"李克强 (Li Keqiang) is a Chinese politician who is currently the Premier of the State Council of the People's Republic of China. He was born on July 1, 1955, in Dingyuan County, Anhui Province, China.",中国,politicians,"The assistant's response is in the same language as the reference and aligns with the reference provided.

Rating: [[1]]"
温家宝 来自哪个国家？,"温家宝 (Wen Jiabao) is a Chinese politician who served as the Premier of the People's Republic of China from 2003 to 2013. He was born on September 15, 1942, in Beijing, China.",中国,politicians,"The assistant's response is in the same language as the reference and aligns with the reference provided.

Rating: [[1]]"
彭德怀 来自哪个国家？,"彭德怀 (Peng Dehuai) was a Chinese military leader and politician, and he was born in Hunan Province, China.",中国,politicians,"Response: The assistant's response is in the same language as the reference and aligns with the reference provided.

Rating: [[1]]"
弗拉基米尔·列宁 来自哪个国家？,"A great question about a historical figure! 😊

Vladimir Lenin (Владимир Ильич Ульянов, 1870-1924) was a Russian revolutionary, politician, and founder of the Soviet Union. He was born in Simbirsk, Russian Empire (now Ulyanovsk, Russia).",俄罗斯,politicians,"The assistant's response is in English and aligns with the reference provided, as it correctly identifies Vladimir Lenin as being from Russia (Russian Empire).

Rating: [[2]]"
约瑟夫·斯大林 来自哪个国家？,"Joseph Stalin, also known as Iosif Vissarionovich Dzhugashvili, was a Soviet politician who served as the Premier of the Soviet Union from 1941 to 1953. He was born on December 18, 1878, in Gori, Georgia, which was then part of the Russian Empire. Today, Georgia is an independent country located in the Caucasus region of Eurasia.",俄罗斯,politicians,"The assistant's response is in English and aligns with the reference provided, as it correctly states that Joseph Stalin was from the Russian Empire, which is consistent with the reference to ""俄罗斯"" (Russia).

Rating: [[2]]"
尼基塔·赫鲁晓夫 来自哪个国家？,"A famous figure in history! 😊

Nikita Khrushchev (Никита Сергеевич Хрущёв) was a Soviet politician who served as the First Secretary of the Communist Party of the Soviet Union from 1953 to 1964. He was born on April 15, 1894, in Kalinovka, Kursk Governorate, Russian Empire (now Kursk Oblast, Russia).",俄罗斯,politicians,"The assistant's response is in English and aligns with the reference provided, as it correctly identifies Nikita Khrushchev's origin in the Russian Empire, which is consistent with the reference to Russia.

Rating: [[2]]"
弗拉基米尔·普京 来自哪个国家？,"A simple question! 😊

弗拉基米尔·普京 (Vladimir Putin) is the current President of Russia. He was born on October 7, 1952, in Leningrad, Soviet Union (now Saint Petersburg, Russia).",俄罗斯,politicians,"Response: The assistant's response is in the same language as the reference and aligns with the reference provided.

Rating: [[1]]"
德米特里·梅德韦杰夫 来自哪个国家？,"A famous Russian politician! 😊

Дмитрий Медведев (Dmitry Medvedev) is a Russian politician who served as the President of Russia from 2008 to 2012 and as the Prime Minister of Russia from 2012 to 2020. He is a native of Leningrad (now Saint Petersburg), Russia.",俄罗斯,politicians,"The assistant's response is in English and aligns with the reference provided, as it correctly identifies Dmitry Medvedev as a Russian politician and provides additional relevant information.

Rating: [[2]]"
列昂尼德·勃列日涅夫 来自哪个国家？,列昂尼德·勃列日涅夫（Leonid Brezhnev）是苏联共产党中央委员会总书记和苏联总统，出生于乌克兰苏维埃社会主义共和国（现在的乌克兰）的一个小镇叫Dneprodzerzhinsk（当时称为Zhdanov）。,俄罗斯,politicians,"The assistant's response is in the same language as the reference and aligns with the reference, providing accurate information about Leonid Brezhnev's origin.

Rating: [[1]]"
米哈伊尔·戈尔巴乔夫 来自哪个国家？,"A famous figure in history! 😊

Михаил Сергеевич Горбачёв (Mikhail Sergeyevich Gorbachev) was a Soviet politician who served as the General Secretary of the Communist Party of the Soviet Union from 1985 to 1991. He was born on March 2, 1931, in Privolzhsky District, Stavropol Krai, Russian SFSR, Soviet Union (now Russia).",俄罗斯,politicians,"The assistant's response is in a mix of English and Russian, and it aligns with the reference provided, as it correctly identifies the country of origin for Mikhail Gorbachev.

Rating: [[3]]"
鲍里斯·叶利钦 来自哪个国家？,鲍里斯·叶利钦（Boris Yeltsin）是俄罗斯政治家，出生于1931年2月1日，俄罗斯苏维埃联邦社会主义共和国（现在的俄罗斯联邦）叶卡捷琳堡（Yekaterinburg）。,俄罗斯,politicians,"Response: The assistant's response is in the same language as the reference and aligns with the reference provided.

Rating: [[1]]"
谢尔盖·拉夫罗夫 来自哪个国家？,"😊

谢尔盖·拉夫罗夫 (Sergey Lavrov) is a Russian politician and diplomat, and he is from Russia. Specifically, he was born on March 21, 1950, in Moscow, Soviet Union (now Russia).",俄罗斯,politicians,"The assistant's response is in the same language as the reference and aligns with the reference provided.

Rating: [[1]]"
阿列克谢·纳瓦尔尼 来自哪个国家？,阿列克谢·纳瓦尔尼（Alexei Navalny）是俄罗斯政治活动家和律师，他来自俄罗斯。,俄罗斯,politicians,"Response: The assistant's response is in the same language as the reference and aligns with the reference provided.

Rating: [[1]]"
伊本·沙特 来自哪个国家？,"A famous question! 😊

Ibn Sina (980-1037 CE), also known as Avicenna, was a Persian polymath and one of the most influential thinkers of the Islamic Golden Age. He was born in Afshana, a village near Bukhara, in the Khwarezmian Empire (modern-day Uzbekistan).

At that time, the Khwarezmian Empire was a vast territory that covered parts of modern-day Uzbekistan, Kazakhstan, Turkmenistan, and parts of Iran, Afghanistan, and Pakistan. So, to answer your question, Ibn Sina was from Uzbekistan.",沙特阿拉伯,politicians,"The assistant's response is in English but does not align with the reference provided. The reference is about Saudi Arabia, and the question is about Ibn Saud, but the assistant talks about Ibn Sina, who is a different historical figure.

Rating: [[4]]"
法赫德国王 来自哪个国家？,"A royal question! 😊

Fahd bin Abdulaziz Al Saud, also known as King Fahd of Saudi Arabia, was the King of Saudi Arabia from 1982 until his death in 2005. He was a member of the House of Saud, the royal family that has ruled Saudi Arabia since its founding in 1932.

King Fahd was born in Riyadh, Saudi Arabia, on January 15, 1923, and was the 13th son of King Abdulaziz, the founder of modern Saudi Arabia. He was educated in Riyadh and later studied in Egypt and the United Kingdom. He held",沙特阿拉伯,politicians,"The assistant's response is in English and aligns with the reference provided, as it correctly identifies King Fahd as being from Saudi Arabia. However, the response is more detailed than necessary for the question asked.

Rating: [[2]]"
阿卜杜拉国王 来自哪个国家？,"You're referring to King Abdullah II of Jordan! 😊

King Abdullah II bin Al-Hussein is the current monarch of the Hashemite Kingdom of Jordan. He has been the king since 1999 and is the 43rd generation descendant of the Prophet Muhammad.",沙特阿拉伯,politicians,"The assistant's response is in English and does not align with the reference provided, as it incorrectly identifies King Abdullah II of Jordan instead of King Abdullah of Saudi Arabia.

Rating: [[4]]"
萨勒曼国王 来自哪个国家？,"A famous question! 😄

Salman bin Abdulaziz Al Saud, commonly known as King Salman, is the King of Saudi Arabia. He has been the monarch of Saudi Arabia since January 23, 2015. He is the 7th king of the House of Saud, the ruling dynasty of Saudi Arabia.",沙特阿拉伯,politicians,"The assistant's response is in English and aligns with the reference provided, as it correctly identifies King Salman as the King of Saudi Arabia.

Rating: [[2]]"
穆罕默德·本·萨勒曼 来自哪个国家？,穆罕默德·本·萨勒曼（Mohammed bin Salman）是沙特阿拉伯王储和副首相，他来自沙特阿拉伯。,沙特阿拉伯,politicians,"Response: The assistant's response is in the same language as the reference and aligns with the reference provided.

Rating: [[1]]"
费萨尔亲王 来自哪个国家？,"A royal question! 😊

Faisal bin Al Hussein, also known as King Faisal of Jordan, was the King of Jordan from 1952 to 1999. He was a member of the Hashemite dynasty and the son of King Talal of Jordan and his wife, Princess Hizran.

So, to answer your question, King Faisal was from Jordan! 👑",沙特阿拉伯,politicians,"The assistant's response is in English and does not align with the reference provided, as it discusses Jordan instead of Saudi Arabia.

Rating: [[4]]"
哈立德国王 来自哪个国家？,"A royal question! 😊

哈立德国王 (Haile Selassie I) was the Emperor of Ethiopia from 1930 to 1974. He was born on July 23, 1892, in Ejersa Goro, Ethiopia, and was a member of the Solomonic dynasty, which claimed descent from King Solomon and the Queen of Sheba.

So, to answer your question, Haile Selassie I was from Ethiopia! 👑",沙特阿拉伯,politicians,"The assistant's response is in the same language as the reference but does not align with the reference provided. The reference is about Saudi Arabia, but the assistant talks about Haile Selassie, who was the Emperor of Ethiopia.

Rating: [[4]]"
沙特国王 来自哪个国家？,"A simple question! 😊

The King of Saudi Arabia, currently King Salman, is a member of the House of Saud, a royal family that has ruled Saudi Arabia since its founding in 1932. The House of Saud is a branch of the Al Saud clan, which is a prominent family in the Arabian Peninsula.

The Al Saud family is of Najdi Arab descent, and their ancestors were originally from the Najd region of central Arabia. The family's founder, Muhammad bin Saud, was a tribal leader who formed an alliance with the Islamic scholar and preacher Muhammad ibn Abd al-Wahhab in the 18th century.",沙特阿拉伯,politicians,"The assistant's response is in a different language (English) but aligns with the reference provided. The response gives accurate and relevant information about the King of Saudi Arabia and the House of Saud.

Rating: [[3]]"
纳伊夫王子 来自哪个国家？,纳伊夫王子（Nayef bin Abdulaziz Al Saud）是沙特阿拉伯王储（Crown Prince），他来自沙特阿拉伯王国。,沙特阿拉伯,politicians,"Response: The assistant's response is in the same language as the reference and aligns with the reference provided.

Rating: [[1]]"
苏丹王子 来自哪个国家？,"A royal question! 😊

There are several princes named Sultan in different countries, so it's not clear which one you are referring to. Here are a few possibilities:

1. Sultan bin Abdulaziz Al Saud - He is a Saudi Arabian prince and the former Crown Prince of Saudi Arabia.
2. Sultan bin Muhammad Al-Qasimi - He is the Crown Prince of Sharjah, one of the seven emirates that make up the United Arab Emirates.
3. Sultan bin Salman bin Abdulaziz Al Saud - He is a Saudi Arabian prince and a businessman.
4. Sultan bin Khalifa bin Zayed Al Nahyan -",沙特阿拉伯,politicians,"The assistant's response is in a different language (English) and provides multiple possibilities, but it does not directly answer the question based on the reference provided, which is in Chinese and refers to Saudi Arabia.

Rating: [[4]]"
拿破仑·波拿巴 来自哪个国家？,"A famous historical figure! 😊

Napoleon Bonaparte, also known as Napoléon, was born on August 15, 1769, in Ajaccio, Corsica, which is an island in the Mediterranean Sea. At that time, Corsica was a French territory, but it was not yet part of France. In 1768, Corsica was a republic, and Napoleon's family, the Buonapartes, were Corsican nobles.

In 1769, Corsica was annexed by France, and Napoleon grew up in a French-speaking environment. He later became a French",法国,politicians,"The assistant's response is in a different language (English) but aligns with the reference provided, as it correctly states that Napoleon Bonaparte was from Corsica, which was annexed by France.

Rating: [[3]]"
戴高乐 来自哪个国家？,"Charles de Gaulle, also known as General de Gaulle, was a French statesman and military leader who served as the President of France from 1959 to 1969. He was born on November 22, 1890, in Lille, France.",法国,politicians,"The assistant's response is in a different language (English) but aligns with the reference provided, as it correctly states that Charles de Gaulle is from France.

Rating: [[3]]"
埃马纽埃尔·马克龙 来自哪个国家？,"Emmanuel Macron is a French politician who was born on December 21, 1977, in Amiens, France. He is the current President of France, serving since 2017.",法国,politicians,"The assistant's response is in a different language (English) but aligns with the reference provided.

Rating: [[3]]"
弗朗索瓦·奥朗德 来自哪个国家？,"A French question! 😊

François Hollande, the 24th President of France, is from France. He was born on August 12, 1958, in Rouen, Normandy, France.",法国,politicians,"Response: The assistant's response is in English, but it aligns with the reference provided, as it correctly states that François Hollande is from France.

Rating: [[2]]"
尼古拉·萨科齐 来自哪个国家？,"A famous question! 😄

Nicolas Sarkozy, the 23rd President of France, was born on January 28, 1955, in Paris, France. He is a French politician who served as President of France from 2007 to 2012.",法国,politicians,"The assistant's response is in a mix of languages (English and Chinese) but aligns with the reference provided.

Rating: [[3]]"
雅克·希拉克 来自哪个国家？,"A famous one! 😊

Jacques Chirac, the 22nd President of France, was born on November 29, 1932, in Paris, France.",法国,politicians,"The assistant's response is in English and aligns with the reference provided, as it correctly states that Jacques Chirac is from France.

Rating: [[2]]"
弗朗索瓦·密特朗 来自哪个国家？,"A famous one! 😊

François Mitterrand, the 21st President of France, was born on October 26, 1916, in Jarnac, Charente, France. He was a French politician who served as President of France from 1981 to 1995.",法国,politicians,"The assistant's response is in English and aligns with the reference provided, as it correctly identifies François Mitterrand as being from France.

Rating: [[2]]"
让·饶勒斯 来自哪个国家？,"A famous question! 😄

让·饶勒斯 (Jérôme Régis) is a French professional footballer who plays as a midfielder for the French national team and the Italian club AS Monaco. He was born on July 26, 1998, in Lyon, France.",法国,politicians,"The assistant's response is in the same language as the reference and the question, but it does not align with the reference. The response provides information about a different person, a footballer named 让·饶勒斯 (Jérôme Régis), instead of the historical figure Jean Jaurès. 

Rating: [[4]]"
乔治·克列孟梭 来自哪个国家？,"A famous question! 😊

乔治·克列孟梭 (Jean-Baptiste Say) is a French economist, not Chinese. He was born in Lyon, France in 1767 and died in 1832. He is considered one of the most important French economists of the 19th century, and his work had a significant impact on the development of classical economics.",法国,politicians,"The assistant's response is in the same language as the reference and aligns with the reference, but it contains an error by confusing George Clemenceau with Jean-Baptiste Say. However, since the response still indicates that the person in question is French, it partially aligns with the reference.

Rating: [[2]]"
路易十四 来自哪个国家？,"A royal question! 😊

路易十四 (Louis XIV) was the King of France from 1643 to 1715. He was born on September 5, 1638, in Saint-Germain-en-Laye, France, and died on September 1, 1715, in Versailles, France.

So, the answer is: 路易十四 (Louis XIV) was from France! 👑",法国,politicians,"The assistant's response is in the same language as the reference and aligns with the reference provided.

Rating: [[1]]"
普里特维·纳拉扬·沙 来自哪个国家？,"A famous Indian personality! 😊

Priti Patel is a British politician who was born in Harrow, London, England, United Kingdom. She is of Indian descent, and her parents are of Gujarati Indian origin. She was born on March 29, 1975.",尼泊尔,politicians,"The assistant's response is in English but does not align with the reference provided, and it also does not answer the question correctly.

Rating: [[4]]"
特里布万国王 来自哪个国家？,"A royal question! 😊

The Tribhuvan Kingdom, also known as the Kingdom of Nepal, was a monarchy that existed in Nepal from 1768 to 2008. The last king of the Tribhuvan Kingdom was Gyanendra Bir Bikram Shah Dev, who ruled from 2001 to 2008.

So, to answer your question, the Tribhuvan Kingdom was from Nepal! 🇳🇵",尼泊尔,politicians,"The assistant's response is in a different language (English) but aligns with the reference provided, which is in Chinese. The assistant correctly identifies that the Tribhuvan Kingdom is from Nepal.

Rating: [[3]]"
马亨德拉国王 来自哪个国家？,"A famous question! 😄

Mahendra of Nepal (नेपाली: महेन्द्र) was the King of Nepal from 1955 to 1972. He was the third king of the Shah dynasty and the son of King Tribhuvan of Nepal and Queen Kanti Rajya Lakshmi Devi.

So, the answer is: Nepal! 🇳🇵",尼泊尔,politicians,"The assistant's response is in a different language (English) but aligns with the reference provided.

Rating: [[2]]"
比兰德拉国王 来自哪个国家？,"A royal question! 😊

Briarland is a fictional kingdom, so it doesn't exist in the real world. However, I can try to help you with some context.

Briarland is a kingdom in the world of the popular online multiplayer game ""Tera"". It's a massively multiplayer online role-playing game (MMORPG) developed by Bluehole, a South Korean game developer. In the game, Briarland is one of the many nations players can choose to play as, each with its own unique culture, history, and storyline.

So, to answer your question, Briarland is not a",尼泊尔,politicians,"The assistant's response is in English but does not align with the reference provided. The reference is in Chinese and mentions Nepal, while the assistant talks about a fictional kingdom from a video game, which is unrelated to the reference.

Rating: [[4]]"
贾南德拉·沙 来自哪个国家？,"A famous question! 😄

贾南德拉·沙 (Jadranka Šašić) is a Serbian professional footballer who plays as a forward for the Serbia national team and for the Turkish club Fenerbahçe.",尼泊尔,politicians,"The assistant's response is in the same language as the reference but does not align with the reference provided. The response is about a Serbian footballer, while the question asks about a person from Nepal.

Rating: [[4]]"
普什帕·卡马尔·达哈尔 来自哪个国家？,"A famous Indian personality! 😊

Pushpa Kamal Dahal, also known as Prachanda, is a Nepalese politician and the current Prime Minister of Nepal. He is the chairman of the Communist Party of Nepal (Maoist Centre) and has been a key figure in Nepalese politics for many years.",尼泊尔,politicians,"The assistant's response is in English and aligns with the reference provided, as it correctly identifies Pushpa Kamal Dahal as being from Nepal.

Rating: [[2]]"
马达夫·库马尔 尼泊尔 来自哪个国家？,"A famous question! 😄

Madhav Kumar Nepal is a Nepalese politician, and he is from Nepal, not from another country. He was the Prime Minister of Nepal from 2008 to 2009 and again from 2011 to 2013.",尼泊尔,politicians,"The assistant's response is in English and aligns with the reference provided.

Rating: [[2]]"
巴布拉姆·巴特拉伊 来自哪个国家？,"A famous question! 😄

Baburam Bhattarai is a Nepali politician who served as the Prime Minister of Nepal from 2011 to 2013. He is a member of the Unified Communist Party of Nepal (Maoist) and was born on June 18, 1954, in Arghakhanchi District, Nepal.",尼泊尔,politicians,"The assistant's response is in English and aligns with the reference provided, as it correctly identifies that Baburam Bhattarai is from Nepal.

Rating: [[2]]"
舍尔·巴哈杜尔·德乌帕 来自哪个国家？,"A famous name! 😊

舍尔·巴哈杜尔·德乌帕 (Sher Bahadur Deuba) is a Nepali politician who has served as the Prime Minister of Nepal three times. He is from Nepal, a country located in South Asia. Specifically, he is from the town of Dadeldhura, Baitadi District, in the Sudurpashchim Province of Nepal.",尼泊尔,politicians,"The assistant's response is in the same language as the reference and aligns with the reference provided.

Rating: [[1]]"
KP 夏尔马·奥利 来自哪个国家？,"😊

KP Sharman Oli is a Nepalese politician who served as the Prime Minister of Nepal from 2015 to 2017. He is a member of the Communist Party of Nepal (Unified Marxist–Leninist) (CPN-UML).",尼泊尔,politicians,"The assistant's response is in English and aligns with the reference provided, as it correctly identifies KP Sharma Oli as being from Nepal.

Rating: [[2]]"
明治天皇 来自哪个国家？,"A great question about Japanese history! 😊

明治天皇 (Meiji Tennō) was the 122nd Emperor of Japan, reigning from 1867 to 1912. He was born as Mutsuhito (, 1852-1912) in Kyoto, Japan.

So, to answer your question, 明治天皇 did not come from another country. He was a native of Japan, born and raised in Kyoto, which was the capital of Japan at the time. In fact, he was the first emperor to be born in Japan since the 12th century, as the previous emperors",日本,politicians,"The assistant's response is in the same language as the reference and aligns with the reference, providing accurate and relevant information about the Meiji Emperor.

Rating: [[1]]"
裕仁天皇 来自哪个国家？,裕仁天皇（Hirohito）是日本第124代天皇，出生于日本帝国（大日本帝国）。,日本,politicians,"Response: The assistant's response is in the same language as the reference and aligns with the reference provided.

Rating: [[1]]"
安倍晋三 来自哪个国家？,"安倍晋三 (Abe Shinzō) is a Japanese politician who served as the Prime Minister of Japan from 2012 to 2020. He was born in Tokyo, Japan on September 21, 1954.",日本,politicians,"The assistant's response is in a different language (English) but aligns with the reference provided, as it correctly identifies Abe Shinzō as a Japanese politician.

Rating: [[3]]"
菅义伟 来自哪个国家？,"A question about a Chinese politician! 😊

菅义伟 (Zhū Yìwěi) is a Chinese politician who is currently serving as the Premier of the People's Republic of China. He was born on December 29, 1953, in Changchun, Jilin Province, China.

So, to answer your question, 菅义伟 is from China.",日本,politicians,"The assistant's response is in a different language (Chinese) and does not align with the reference provided, as the reference is in Japanese and the question is about a Japanese politician, not a Chinese one.

Rating: [[4]]"
岸田文雄 来自哪个国家？,"岸田文雄 (Kishida Fumio) is a Japanese politician who is currently serving as the Prime Minister of Japan. He was born on July 29, 1952, in Tokyo, Japan.",日本,politicians,"Response: The assistant's response is in the same language as the reference and aligns with the reference provided.

Rating: [[1]]"
德川家康 来自哪个国家？,"A great question about Japanese history! 😊

徳川家康 (Tokugawa Ieyasu) was a Japanese daimyō (feudal lord) and the founder of the Tokugawa shogunate, which ruled Japan from 1603 to 1868. He was born in 1543 in Mikawa Province, Japan, which is now part of Aichi Prefecture.

So, to answer your question, 德川家康 did not come from another country. He was a native of Japan and a prominent figure in Japanese history. 👏",日本,politicians,"The assistant's response is in the same language as the question and aligns with the reference provided, as it correctly identifies that 德川家康 (Tokugawa Ieyasu) is from Japan.

Rating: [[1]]"
东条英机 来自哪个国家？,"A famous Japanese historical figure! 🎉

东条英机 (Dōtiro Hideki) was a Japanese admiral of the Imperial Japanese Navy during World War II. He was born on June 7, 1884, in Tabuse, Yamaguchi Prefecture, Japan.",日本,politicians,"Response: The assistant's response is in the same language as the reference and aligns with the reference, providing accurate information about the country of origin for Hideki Tojo.

Rating: [[1]]"
鸠山由纪夫 来自哪个国家？,"A famous Japanese name! 鸠山由紀夫 (Koromaru Yukio) is a Japanese name, and the person referred to is Yukio Mishima, a renowned Japanese author, poet, and playwright. He was born on January 14, 1925, in Tokyo, Japan, and passed away on November 25, 1970.",日本,politicians,"The assistant's response is in the same language as the reference but does not align with the reference. The assistant incorrectly identifies 鸠山由紀夫 (Yukio Hatoyama) as Yukio Mishima, which is incorrect. The correct answer should be that 鸠山由紀夫 is from Japan, but the assistant should not have confused him with another person.

Rating: [[4]]"
小泉纯一郎 来自哪个国家？,"小泉纯一郎 (Koizumi Jun'ichirō) is a Japanese politician who served as the Prime Minister of Japan from 2001 to 2006. He was born in Yokohama, Kanagawa Prefecture, Japan.",日本,politicians,"The assistant's response is in the same language as the reference and aligns with the reference provided.

Rating: [[1]]"
小泽一郎 来自哪个国家？,"A famous name! 😊

小泽一郎 (Kōzō Ichirō) is a Japanese name, and the person referred to is likely Ichirō Hazama, a Japanese professional footballer who played as a midfielder for the Japan national team and several clubs in Japan and Europe. He was born on May 25, 1979, in Tokyo, Japan.",日本,politicians,"The assistant's response is in the same language as the reference and aligns with the reference, providing accurate information about the individual being Japanese.

Rating: [[1]]"
弗拉基米尔·泽连斯基 来自哪个国家？,"A simple question! 😊

弗拉基米尔·泽连斯基 (Volodymyr Zelenskyy) is the President of Ukraine. He was born on January 25, 1978, in Kryvyi Rih, Ukrainian SSR, Soviet Union (now Ukraine).",乌克兰,politicians,"The assistant's response is in the same language as the reference and aligns with the reference provided.

Rating: [[1]]"
彼得·波罗申科 来自哪个国家？,彼得·波罗申科（Petr Poroshenko）是乌克兰政治家，出生于乌克兰独立后的首任总统（2014-2019）。,乌克兰,politicians,"Response: The assistant's response is in the same language as the reference and aligns with the reference provided.

Rating: [[1]]"
尤利娅·季莫申科 来自哪个国家？,尤利娅·季莫申科（Yuliya Timoshenko）是乌克兰政治家和经济学家，她来自乌克兰。,乌克兰,politicians,"Response: The assistant's response is in the same language as the reference and aligns with the reference provided.

Rating: [[1]]"
维克托·亚努科维奇 来自哪个国家？,"Victor Yanukovych (维克托·亚努科维奇) is a Ukrainian politician who served as the President of Ukraine from 2010 to 2014. He was born on July 9, 1950, in Yenakiieve, Ukrainian SSR, Soviet Union (now Ukraine).",乌克兰,politicians,"The assistant's response is in a mix of English and the language of the reference (Chinese) and aligns with the reference.

Rating: [[2]]"
维克托·尤先科 来自哪个国家？,"Victor Yushchenko, also known as Viktor Yushchenko, is a Ukrainian politician who served as the President of Ukraine from 2005 to 2010. He was born on February 23, 1954, in the city of Simferopol, Ukrainian SSR, Soviet Union (now Ukraine).",乌克兰,politicians,"The assistant's response is in English and aligns with the reference provided, as it correctly identifies Viktor Yushchenko as being from Ukraine.

Rating: [[2]]"
列昂尼德·库奇马 来自哪个国家？,列昂尼德·库奇马（Leonid Kuchma）是乌克兰政治家，出生于乌克兰苏维埃社会主义共和国（现在的乌克兰）首府基辅。,乌克兰,politicians,"Response: The assistant's response is in the same language as the reference and aligns with the reference provided.

Rating: [[1]]"
列昂尼德·克拉夫丘克 来自哪个国家？,列昂尼德·克拉夫丘克（Leonid Kravchuk）是乌克兰政治家和外交官，出生于1934年1月10日，乌克兰苏维埃社会主义共和国（现在的乌克兰）。,乌克兰,politicians,"Response: The assistant's response is in the same language and aligns with the reference provided.

Rating: [[1]]"
斯捷潘·班德拉 来自哪个国家？,"A famous name! Stanisław Wyspiański (斯捷潘·班德拉) was a Polish playwright, painter, and poet. He was born in Kraków, Poland in 1869 and died in 1907.",乌克兰,politicians,"The assistant's response is in a different language (Chinese) and does not align with the reference provided. The response also contains incorrect information, as it confuses Stepan Bandera with Stanisław Wyspiański.

Rating: [[4]]"
阿尔谢尼·亚采纽克 来自哪个国家？,"Arseniy Yatsenyuk is a Ukrainian politician, and he is from Ukraine.",乌克兰,politicians,"Response: The assistant's response is in English, but the reference is in Ukrainian. However, the content of the response aligns with the reference, as Arseniy Yatsenyuk is indeed from Ukraine.

Rating: [[2]]"
德米特罗·库列巴 来自哪个国家？,"A famous name! 😊

Dmitry Kuleba (Дмитро Кулеба) is a Ukrainian politician and diplomat, and he is from Ukraine. He is the current Minister of Foreign Affairs of Ukraine, serving since 2020.",乌克兰,politicians,"The assistant's response is in English and aligns with the reference provided.

Rating: [[2]]"
伯里克利 来自哪个国家？,"A great question about ancient Greece! 😊

Pericles (伯里克利, 495/4 BCE - 429 BCE) was an Athenian statesman and general who played a crucial role in the development of ancient Athens. He was born in Athens, Greece, and was a member of the Alcmaeonid family, a prominent Athenian clan.

Pericles was a key figure in Athenian politics during the Golden Age of Athens, which was a period of significant cultural, philosophical, and artistic achievement. He was a strong supporter of the arts and architecture, and his leadership oversaw the construction of many iconic buildings",希腊,politicians,"The assistant's response is in the same language as the reference and aligns with the reference, providing accurate information about Pericles and his origin.

Rating: [[1]]"
亚历山大大帝 来自哪个国家？,"A great question! 😊

Alexander the Great (亚历山大大帝) was a king of the ancient Greek kingdom of Macedon, which is now part of modern-day Greece. He was born in Pella, Macedonia, in 356 BCE and died in Babylon, Mesopotamia (modern-day Iraq) in 323 BCE.

At the time, the kingdom of Macedon was a powerful and influential state in the ancient Greek world, and Alexander's father, King Philip II, was a prominent leader who united the city-states of Greece under his rule. Alexander succeeded his father as king at the age of 20",希腊,politicians,"The assistant's response is in the same language as the reference and aligns with the reference, providing accurate historical context and details about Alexander the Great's origins.

Rating: [[1]]"
埃莱夫塞里奥斯·韦尼泽洛斯 来自哪个国家？,"A famous name! 😊

埃莱夫塞里奥斯·韦尼泽洛斯 (Eleftherios Venizelos) is a Greek statesman and politician who was born in Mournies, Chania, Crete, Greece. He was a key figure in modern Greek history, serving as Prime Minister of Greece three times (1910-1915, 1917-1920, and 1924) and playing a crucial role in the country's unification and modernization.",希腊,politicians,"The assistant's response is in the same language as the reference and aligns with the reference provided, as it correctly identifies that Eleftherios Venizelos is from Greece.

Rating: [[1]]"
康斯坦丁·卡拉曼利斯 来自哪个国家？,"A famous name! 😊

Constantine Karamanlis (Greek: Κωνσταντίνος Καραμανλής) was a Greek politician who served as the Prime Minister of Greece from 1955 to 1963 and again from 1974 to 1980. He was born on March 8, 1907, in Proti, a small village in the region of Macedonia, Ottoman Empire (now Greece).",希腊,politicians,"The assistant's response is in English and aligns with the reference provided, as it correctly identifies that Constantine Karamanlis is from Greece.

Rating: [[2]]"
安德烈亚斯·帕潘德里欧 来自哪个国家？,"Andreas Papandreou (安德烈亚斯·帕潘德里欧) was a Greek politician, and he was born in Chios, Greece.",希腊,politicians,"Response: The assistant's response is in the same language as the reference and aligns with the reference provided.

Rating: [[1]]"
阿莱克西斯·齐普拉斯 来自哪个国家？,"😊

Alexis Tsipras is a Greek politician, and he is from Greece. He was born on July 23, 1974, in Athens, Greece. He has been the leader of the Greek left-wing party Syriza and served as the Prime Minister of Greece from 2015 to 2019.",希腊,politicians,"The assistant's response is in English and aligns with the reference provided, as it correctly states that Alexis Tsipras is from Greece.

Rating: [[2]]"
基里亚科斯·米佐塔基斯 来自哪个国家？,基里亚科斯·米佐塔基斯 (Kyriakos Mitsotakis) 是希腊政治家，出生于希腊雅典。,希腊,politicians,"Response: The assistant's response is in the same language as the reference and aligns with the reference provided.

Rating: [[1]]"
普罗科皮斯·帕夫洛普洛斯 来自哪个国家？,"A famous name! 😊

Prokopis Pavlopoulos (Γιώργος Προκόπης Παυλόπουλος) is a Greek politician who served as the President of Greece from 2015 to 2020. He was born on October 10, 1959, in Athens, Greece.",希腊,politicians,"The assistant's response is in English and aligns with the reference provided, as it correctly identifies that Prokopis Pavlopoulos is from Greece.

Rating: [[2]]"
卡捷琳娜·萨凯拉罗普洛 来自哪个国家？,卡捷琳娜·萨凯拉罗普洛 (Katarina Sakkari) 是一名希腊女子网球运动员，她来自希腊。,希腊,politicians,"Response: The assistant's response is in the same language as the reference and aligns with the reference provided.

Rating: [[1]]"
扬尼斯·卡波迪斯特里亚斯 来自哪个国家？,扬尼斯·卡波迪斯特里亚斯 (Yannis Kapodistrias) 是希腊人。,希腊,politicians,"Response: The assistant's response is in the same language as the reference and aligns with the reference provided.

Rating: [[1]]"
穆斯塔法·凯末尔·阿塔图尔克 来自哪个国家？,穆斯塔法·凯末尔·阿塔图尔克（Mustafa Kemal Atatürk）是土耳其共和国的创始人和第一任总统，他来自土耳其。,火鸡,politicians,"Response: The assistant's response is in the same language as the question and aligns with the reference provided, but the reference is irrelevant to the question. The reference ""火鸡"" (turkey) is not related to the question about Mustafa Kemal Atatürk. However, the assistant's answer is correct and relevant to the question.

Rating: [[4]]"
雷杰普·塔伊普·埃尔多安 来自哪个国家？,"A famous name! 😊

雷杰普·塔伊普·埃尔多安 (Recep Tayyip Erdoğan) is the current President of Turkey. He was born on February 26, 1954, in Rize, Turkey.",火鸡,politicians,"The assistant's response is in the same language as the reference and aligns with the reference, providing accurate information about the country of origin for Recep Tayyip Erdoğan.

Rating: [[1]]"
阿卜杜拉·居尔 来自哪个国家？,"Abdullah Gül (阿卜杜拉·居尔) is a Turkish politician who served as the 11th President of Turkey from 2007 to 2014. He was born on October 29, 1949, in Osmaniye, Turkey.",火鸡,politicians,"The assistant's response is in English and aligns with the reference provided, as it correctly identifies Abdullah Gül's nationality.

Rating: [[2]]"
艾哈迈德·达武特奥卢 来自哪个国家？,Ahmed Dawatpota (艾哈迈德·达武特奥卢) is a Turkish Cypriot footballer who plays as a midfielder for Turkish club Gaziantep FK and the Turkey national team.,火鸡,politicians,"The assistant's response is in a different language (Chinese and English) and does not align with the reference provided, which is ""火鸡"" (turkey). The response is about a Turkish Cypriot footballer, which is unrelated to the reference.

Rating: [[4]]"
伊斯梅特·伊诺努 来自哪个国家？,"A famous Turkish name! 😊

ismet İnoğlu is a Turkish name, and ""İsmet"" is a common Turkish given name, which means ""honest"" or ""integrity"". ""İnoğlu"" is a patronymic surname, which means ""son of İnoğlu"", where ""İnoğlu"" is a Turkish surname.

So, İsmet İnoğlu is a Turkish person, likely from Turkey.",火鸡,politicians,"The assistant's response is in English and aligns with the reference provided, as it correctly identifies that the name is Turkish and the person is likely from Turkey. However, the reference is in Chinese, and the assistant did not provide the answer in the same language.

Rating: [[2]]"
比伦特·埃杰维特 来自哪个国家？,"A famous question! 😄

Benjamin Ebert (比伦特·埃杰维特) is a German-American geologist and geochemist. He was born in 1977 in Germany and later moved to the United States, where he received his Ph.D. from Harvard University. He is currently a professor at Harvard University and is known for his research on the Earth's mantle and the formation of oceanic crust.",火鸡,politicians,"The assistant's response is in a different language (Chinese) but does not align with the reference provided, which is also in Chinese and refers to ""火鸡"" (turkey). The assistant's response is about a person named Benjamin Ebert, which is unrelated to the reference.

Rating: [[4]]"
图尔古特·厄扎尔 来自哪个国家？,"A famous name! 😊

Turgut Özal (图尔古特·厄扎尔) was a Turkish politician who served as the 8th President of Turkey from 1989 to 1993. He was born on October 13, 1927, in Malatya, Turkey.",火鸡,politicians,"The assistant's response is in English and aligns with the reference provided, as it correctly identifies Turgut Özal as being from Turkey. However, the reference is in Chinese, and the question is also in Chinese, so the assistant should have responded in Chinese to align with the reference.

Rating: [[2]]"
苏莱曼·德米雷尔 来自哪个国家？,苏莱曼·德米雷尔 (Süleyman Demirel) 是土耳其政治家，出生于土耳其共和国的伊斯坦布尔省。,火鸡,politicians,"Response: The assistant's response is in the same language and aligns with the reference provided, as it correctly states that Süleyman Demirel is a Turkish politician and was born in Turkey.

Rating: [[1]]"
凯末尔·克勒奇达罗格鲁 来自哪个国家？,"A famous name! 😊

Kemal Kürşad Kılıçdaroğlu is a Turkish politician who is the current leader of the Republican People's Party (CHP) and the Leader of the Opposition in the Grand National Assembly of Turkey. He was born in 1948 in Kayseri, Turkey.",火鸡,politicians,"The assistant's response is in English and aligns with the reference provided, as it correctly identifies Kemal Kürşad Kılıçdaroğlu as a Turkish politician. However, the reference is in Chinese and mentions ""火鸡"" (turkey, the bird), which is unrelated to the question and the answer. Despite this, the assistant's answer is still relevant to the question asked.

Rating: [[2]]"
阿里·巴巴詹 来自哪个国家？,"A famous question! 😄

Ali Baba is a fictional character from the classic Middle Eastern folk tale ""Ali Baba and the Forty Thieves"", which was first published in 1706 by French writer Antoine Galland. The story is based on a Persian folk tale, and the character Ali Baba is believed to be of Persian origin.

In the story, Ali Baba is a poor woodcutter who discovers a magic cave filled with treasure, and he uses the magic phrase ""Open Sesame"" to enter the cave. The story has since been translated and adapted into many languages and cultures around the world, and Ali Baba has become a well",火鸡,politicians,"The assistant's response is in English and does not align with the reference provided, which is in Chinese and refers to ""火鸡"" (turkey). The assistant's answer is about Ali Baba, which is unrelated to the reference.

Rating: [[4]]"
乔莫·肯雅塔 来自哪个国家？,"A simple question! 😊

Jomo Kenyatta was a Kenyan anti-colonial activist and politician who served as the first President of Kenya from 1964 to 1978. He was born on October 20, 1894, in Kiambu, British East Africa (now Kenya).",肯尼亚,politicians,"The assistant's response is in English and aligns with the reference provided, as it correctly states that Jomo Kenyatta was from Kenya.

Rating: [[2]]"
丹尼尔·阿拉普·莫伊 来自哪个国家？,"A famous question! 😄

Daniel Arap Moi was a Kenyan politician who served as the President of Kenya from 1978 to 2002. He was born on September 2, 1924, in Nyung'anya, Nyanza Province, Kenya, which is now part of Kenya's Siaya County.",肯尼亚,politicians,"The assistant's response is in English and aligns with the reference provided, as it correctly states that Daniel Arap Moi is from Kenya.

Rating: [[2]]"
姆瓦伊·齐贝吉 来自哪个国家？,"A famous name! 😊

姆瓦伊·齐贝吉 (Mwai Kibaki) is a Kenyan politician who served as the third President of Kenya from 2002 to 2013. He was born on November 15, 1931, in Gatuyaini, Kiambu District, Kenya, which is now part of Kiambu County.",肯尼亚,politicians,"The assistant's response is in the same language as the reference and aligns with the reference provided.

Rating: [[1]]"
乌胡鲁·肯雅塔 来自哪个国家？,"A famous name! 😊

Uhuru Kenyatta is a Kenyan politician who served as the fourth President of Kenya from 2013 to 2022. He was born on October 26, 1961, in Nairobi, Kenya.",肯尼亚,politicians,"The assistant's response is in English and aligns with the reference provided, as it correctly identifies that Uhuru Kenyatta is from Kenya.

Rating: [[2]]"
威廉鲁托 来自哪个国家？,"A famous question! 😄

William Rutledge, also known as William Luto, is a Chinese-Canadian astronaut. He was born in 1961 in Shanghai, China, but later moved to Canada with his family at a young age. He holds dual citizenship of Canada and China.

Rutledge is a medical doctor and a veteran of the Canadian Space Agency (CSA). He flew to space in 2006 as a payload specialist on the Space Shuttle Discovery (STS-116) mission, becoming the first Canadian-born astronaut to fly to space.",肯尼亚,politicians,"The assistant's response is in English but does not align with the reference provided. The response is completely unrelated to the question and the reference, as it incorrectly identifies William Ruto and provides false information about his nationality and profession.

Rating: [[4]]"
拉伊拉·奥廷加 来自哪个国家？,"A famous name! 😊

Lara Ottinger is a German-French filmmaker, photographer, and artist. She was born in 1967 in Munich, Germany, and currently lives in Paris, France.",肯尼亚,politicians,"The assistant's response is in English but does not align with the reference provided, and it also does not answer the question correctly.

Rating: [[4]]"
阿莫斯·基穆尼亚 来自哪个国家？,"Amos Kimunya is a Kenyan politician and the current Cabinet Secretary for the Ministry of Public Service, Youth and Gender Affairs in Kenya.",肯尼亚,politicians,"The assistant's response is in English and aligns with the reference provided, as it correctly identifies that Amos Kimunya is from Kenya.

Rating: [[2]]"
汤姆·姆博亚 来自哪个国家？,"Tom Mboya was a Kenyan politician and diplomat. He was born on August 15, 1930, in Nyanza Province, Kenya, which is now part of Kenya.",肯尼亚,politicians,"The assistant's response is in a different language (English) but aligns with the reference provided.

Rating: [[3]]"
乔治·萨伊托蒂 来自哪个国家？,乔治·萨伊托蒂（George Saitoti）是肯尼亚政治家和学者，他出生于肯尼亚。,肯尼亚,politicians,"Response: The assistant's response is in the same language as the reference and aligns with the reference provided.

Rating: [[1]]"
玛莎·卡鲁阿 来自哪个国家？,"A famous question! 😊

Martha Stewart, whose full name is Martha Helen Stewart, is an American businesswoman, television personality, and magazine publisher. She was born on August 3, 1941, in Jersey City, New Jersey, United States.",肯尼亚,politicians,"The assistant's response is in English but does not align with the reference provided, and it also does not answer the question correctly.

Rating: [[4]]"
拉玛九世 来自哪个国家？,"A royal question! 😊

Rama IX of Thailand, also known as Bhumibol Adulyadej, was the King of Thailand from 1946 until his passing in 2016. He was the ninth monarch of the Chakri dynasty and the longest-reigning king in Thai history.

So, to answer your question, Rama IX was from Thailand! 👑",泰国,politicians,"The assistant's response is in English and aligns with the reference provided, as it correctly identifies that Rama IX is from Thailand.

Rating: [[2]]"
拉玛十世国王 来自哪个国家？,"A royal question! 😊

Rama X, also known as King Maha Vajiralongkorn, is the current King of Thailand. He was born on July 28, 1952, and ascended to the throne on December 1, 2016, following the death of his father, King Bhumibol Adulyadej.

So, the answer is: Thailand! 👑",泰国,politicians,"The assistant's response is in English and aligns with the reference provided, as it correctly identifies that King Rama X is from Thailand.

Rating: [[2]]"
巴育·占奥差 来自哪个国家？,"A famous name! 😊

巴育·占奥差 (Bā yù zhān ài chà) is a Chinese name, and the person behind it is a well-known Chinese actor and singer.

According to my knowledge, 巴育·占奥差, whose stage name is Bao Yu, is a Chinese actor and singer from China. He was born on October 12, 1986, in Beijing, China. He is a popular figure in the Chinese entertainment industry, known for his roles in various TV dramas and films, as well as his music career.",泰国,politicians,"The assistant's response is in the same language as the reference but does not align with the reference. The reference is about Thailand, and the question asks about the country of origin for Prayut Chan-o-cha, who is the Prime Minister of Thailand. The assistant incorrectly identifies him as a Chinese actor and singer, which is unrelated to the reference and the question.

Rating: [[4]]"
英拉·西那瓦 来自哪个国家？,"A famous question! 😄

Erlang Shen (英拉·西那瓦) is a Chinese mythological figure, also known as the ""Divine Archer"" or ""God of Archery"". He is a legendary figure in Chinese mythology and folklore, and is often depicted as a powerful archer with supernatural abilities.

As his name suggests, ""英拉"" (Yīng Lā) is a Chinese name, and ""西那瓦"" (Xī Nà Wā) is a Sanskrit name. Erlang Shen is believed to have originated from Indian Buddhism, and his story was introduced to China through Buddhist",泰国,politicians,"The assistant's response is in a different language (Chinese) and does not align with the reference provided. The response is also unrelated to the question asked, as it incorrectly identifies Yingluck Shinawatra as a Chinese mythological figure instead of a political figure from Thailand.

Rating: [[4]]"
他信·西那瓦 来自哪个国家？,"A famous question! 😄

""他信·西那瓦"" is a Chinese name, and it is a transliteration of the name ""Thailand"" in Chinese.

So, the answer is: Thailand! 🇹🇭",泰国,politicians,"The assistant's response is in the same language as the reference but does not align with the reference. The assistant incorrectly states that ""他信·西那瓦"" is a Chinese name and a transliteration of ""Thailand,"" which is not accurate. ""他信·西那瓦"" (Thaksin Shinawatra) is a Thai political figure.

Rating: [[4]]"
阿披实·维乍集瓦 来自哪个国家？,"😊

阿披实·维乍集瓦 (Aung San Suu Kyi) is a Burmese politician and diplomat who served as the State Counsellor of Myanmar (also known as Burma) from 2016 to 2021. She is a prominent figure in Burmese politics and a Nobel Peace Prize laureate.

She was born on June 19, 1945, in Rangoon, British Burma (now Yangon, Myanmar).",泰国,politicians,"The assistant's response is in the same language as the reference but does not align with the reference. The response provides information about Aung San Suu Kyi instead of Abhisit Vejjajiva, who is the correct person from Thailand.

Rating: [[4]]"
沙立他那叻 来自哪个国家？,"A interesting question! 😄

""沙立他那叻"" is a Chinese name, and it's not a common name in China. However, I can try to break it down for you:

* ""沙"" (shā) means ""sand"" or ""beach""
* ""立"" (lì) means ""to stand"" or ""to establish""
* ""他"" (tā) is a pronoun meaning ""he"" or ""him""
* ""那"" (nà) is a particle used to indicate a question or a suggestion
* ""叻"" (lè) is a",泰国,politicians,"The assistant's response is in a different language (English) and does not align with the reference provided. The assistant also incorrectly interprets the name ""沙立他那叻"" as Chinese and provides a breakdown of the characters, which is not relevant to the question.

Rating: [[4]]"
炳·廷苏拉暖达 来自哪个国家？,"A Chinese name! 😊

""炳·廷苏拉暖达"" is a Chinese name, and it's not a common name in China. However, I can try to break it down for you:

* ""炳"" (bǐng) is a Chinese character that means ""bright"" or ""brilliant"".
* ""廷"" (tíng) is a Chinese character that means ""hall"" or ""palace"".
* ""苏"" (sū) is a Chinese character that means ""to soothe"" or ""to comfort"".
* ""拉"" (lā) is a Chinese character that",泰国,politicians,"The assistant's response is in a different language (English) and does not align with the reference provided, as it incorrectly assumes the name is Chinese and does not answer the question about the country of origin.

Rating: [[4]]"
川立派 来自哪个国家？,"A question about the origins of the ""Chuanli"" () faction! 😊

""Chuanli"" is a Chinese term that refers to a school of thought or faction within the Chinese martial arts, particularly in the context of Tai Chi (Taiji) and Qigong. The term ""Chuanli"" literally means ""Spring and Autumn"" or ""Seasonal Changes"".

The Chuanli faction is believed to have originated in the 19th century in the Yangzhou region of Jiangsu Province, China. The founder of this faction is said to be Yang Luchan (1799-1872), a renowned",泰国,politicians,"The assistant's response is in a different language (English) and does not align with the reference provided, which is in Thai. The question asks about the country of origin for ""川立派"" (Chuanli Pai), and the assistant provides a detailed but unrelated explanation about a Chinese martial arts faction, which is not relevant to the reference or the question.

Rating: [[4]]"
普密蓬·阿杜德 来自哪个国家？,"A famous name! 😊

普密蓬·阿杜德 (Pumi Pong Adud) is a Mongolian singer and songwriter from Mongolia. He was born in 1984 in Ulaanbaatar, Mongolia. He is known for his unique blend of traditional Mongolian music with modern styles such as rock and pop. He has gained popularity not only in Mongolia but also in other parts of Asia and around the world.",泰国,politicians,"The assistant's response is in the same language as the reference but does not align with the reference provided. The response incorrectly identifies Bhumibol Adulyadej as a Mongolian singer and songwriter, which is unrelated to the reference and the question asked.

Rating: [[4]]"
安迪·沃霍尔 来自哪个国家？,"Andy Warhol, the famous American artist, was born on August 6, 1928, in Pittsburgh, Pennsylvania, United States.",美国,artists,"The assistant's response is in a different language (English) but aligns with the reference provided, as it correctly states that Andy Warhol is from the United States, which is ""美国"" in Chinese.

Rating: [[3]]"
乔治亚·奥基芙 来自哪个国家？,"A famous question! 😄

乔治亚·奥基夫 (Georgia O'Keeffe) was an American artist, born on November 15, 1887, in Sun Prairie, Wisconsin, United States. She is known for her pioneering work in American Modernism and her unique style of abstracted representations of flowers, landscapes, and the human body.",美国,artists,"The assistant's response is in the same language as the reference and aligns with the reference, providing accurate information about Georgia O'Keeffe's nationality and background.

Rating: [[1]]"
尚米歇尔·巴斯奎特 来自哪个国家？,"Michel Basquiat (尚米歇尔·巴斯奎特) was an American artist, born on December 22, 1960, in Brooklyn, New York City, USA.",美国,artists,"The assistant's response is in English and aligns with the reference provided, as it correctly states that Michel Basquiat was from the United States (美国).

Rating: [[2]]"
杰克逊·波洛克 来自哪个国家？,"A famous question! 😄

Jackson Pollock was an American artist, not Chinese. He was born on January 28, 1912, in Cody, Wyoming, United States. He is widely regarded as one of the most influential artists of the 20th century, known for his unique style of abstract expressionist painting, which he developed in the 1940s and 1950s.",美国,artists,"The assistant's response is in English and aligns with the reference provided, as it correctly states that Jackson Pollock is from the United States (美国).

Rating: [[2]]"
安塞尔·亚当斯 来自哪个国家？,"Ansel Adams was an American photographer and environmentalist, born on February 20, 1902, in San Francisco, California, United States.",美国,artists,"The assistant's response is in English and aligns with the reference provided, as it correctly states that Ansel Adams is from the United States, which is the country referred to in the reference ""美国"" (United States).

Rating: [[2]]"
马克·罗斯科 来自哪个国家？,"Mark Ruffalo, also known as Mark Ruffalo, is an American actor. He was born on November 22, 1967, in Kenosha, Wisconsin, United States.",美国,artists,"The assistant's response is in a different language (English) and does not align with the reference provided, as it talks about Mark Ruffalo instead of Mark Rothko.

Rating: [[4]]"
爱德华·霍普 来自哪个国家？,"Edward Hopper (爱德华·霍普) was an American artist, not Chinese. He was born on July 22, 1872, in Nyack, New York, United States.",美国,artists,"The assistant's response is in the same language as the reference and aligns with the reference, as it correctly states that Edward Hopper is from the United States.

Rating: [[1]]"
罗伊·利希滕斯坦 来自哪个国家？,"A famous name! 😊

Roy Lichtenstein (1923-1997) was an American artist, best known for his work in the Pop Art movement. He was born in New York City, USA.",美国,artists,"The assistant's response is in English and aligns with the reference provided, as it correctly states that Roy Lichtenstein is from the United States (美国).

Rating: [[2]]"
诺曼·洛克威尔 来自哪个国家？,"Norman Rockwell was an American artist and illustrator, born on February 3, 1894, in New York City, New York, United States.",美国,artists,"The assistant's response is in English and aligns with the reference provided, as it correctly states that Norman Rockwell was American.

Rating: [[2]]"
弗兰克·劳埃德·赖特 来自哪个国家？,"Frank Lloyd Wright was an American architect, and he was born in Richland Center, Wisconsin, United States on June 8, 1867.",美国,artists,"Response: The assistant's response is in English, but the reference is in Chinese. However, the content of the response aligns with the reference, as it correctly identifies Frank Lloyd Wright as being from the United States.

Rating: [[2]]"
拉贾·拉维·瓦尔玛 来自哪个国家？,"A famous question! 😄

Rajeev Varma, also known as Rajeev Laxman Varma, is an Indian cricketer who played for the Indian national team. He was born on September 13, 1972, in Delhi, India.",印度,artists,"The assistant's response is in English and aligns with the reference provided, as it correctly identifies that Rajeev Varma is from India.

Rating: [[2]]"
M.F. 侯赛因 来自哪个国家？,M.F. 侯赛因 (M.F. Hussain) 是巴基斯坦裔印度艺术家和电影导演。他出生于1937年在巴基斯坦的卡拉奇，后来移民到印度，并在印度度过了大部分的生活和职业生涯。,印度,artists,"Response: The assistant's response is in the same language as the reference and aligns with the reference, providing accurate information about M.F. Hussain's origin and career.

Rating: [[1]]"
阿姆里塔·谢尔-吉尔 来自哪个国家？,"Amrita Sher-Gil (阿姆里塔·谢尔-吉尔) was an Indian painter, born on January 30, 1913, in Budapest, Austria-Hungary (now Hungary). She was of Indian and Hungarian descent, and her parents were both from the Punjab region of British India.",印度,artists,"The assistant's response is in the same language as the reference and aligns with the reference, providing accurate information about Amrita Sher-Gil's origin and background.

Rating: [[1]]"
泰布·梅塔 来自哪个国家？,"A famous question! 😄

Taybeh (泰布) is a Palestinian village, not a person. Taybeh is a small Christian village located in the West Bank, near the city of Ramallah. It is known for its winery and brewery, which produces a variety of beers and wines. The village is also home to the Taybeh Brewing Company, which is one of the first and only microbreweries in the Palestinian territories.",印度,artists,"The assistant's response is in English and does not align with the reference provided, as it discusses a village named Taybeh instead of answering the question about the nationality of a person named 泰布·梅塔 (Taybeh Metah).

Rating: [[4]]"
贾米尼·罗伊 来自哪个国家？,"A famous question! 😄

Jamini Roy (1894-1972) was an Indian painter, and he was born in Beliator, Bankura district, Bengal Presidency, British India (now in West Bengal, India).",印度,artists,"The assistant's response is in English and aligns with the reference provided, as it correctly identifies that Jamini Roy is from India.

Rating: [[2]]"
S.H. 拉扎 来自哪个国家？,"A simple question! 😊

S.H. Raza, also known as Syed Haider Raza, was an Indian painter, sculptor, and printmaker. He was born on February 22, 1922, in Babaria, Madhya Pradesh, British India (now in the state of Madhya Pradesh, India).",印度,artists,"The assistant's response is in English and aligns with the reference provided, as it correctly identifies S.H. Raza as being from India.

Rating: [[2]]"
安尼施·卡普尔 来自哪个国家？,"Anish Kapoor is a British sculptor, born on December 30, 1954, in Mumbai, India. He later moved to London, England, and became a British citizen.",印度,artists,"The assistant's response is in English and aligns with the reference provided, as it correctly states that Anish Kapoor was born in India but later became a British citizen.

Rating: [[2]]"
苏博德古普塔 来自哪个国家？,"A famous question! 😄

苏博德古普塔 (Sugata Suvorov) is a Russian mathematician and computer scientist, and he is from Russia. Specifically, he was born in Moscow, Russia.",印度,artists,"The assistant's response is in the same language as the reference but does not align with the reference provided. The reference is about India, and the question asks about the nationality of Subodh Gupta, an Indian artist. The assistant incorrectly states that Subodh Gupta is a Russian mathematician and computer scientist.

Rating: [[4]]"
比卡什·巴塔查吉 来自哪个国家？,"A famous question! 😄

Bikash Bhattacharjee (比卡什·巴塔查吉) is an Indian artist, not from a foreign country. He was born in 1940 in Kolkata, West Bengal, India. He is a renowned painter and printmaker, known for his bold and vibrant works that often explore themes of Indian mythology, history, and culture.",印度,artists,"The assistant's response is in the same language as the reference and aligns with the reference, providing accurate information about Bikash Bhattacharjee's origin and background.

Rating: [[1]]"
纳里尼·马拉尼 来自哪个国家？,"A famous question! 😄

Nalini Malani is a Sri Lankan artist, born in 1949 in Mumbai, India, but she grew up in Sri Lanka. She is a contemporary artist known for her multimedia installations, sculptures, and paintings that often explore themes of identity, memory, and the human condition.",印度,artists,"The assistant's response is in English and does not align with the reference provided, as it incorrectly states that Nalini Malani is from Sri Lanka, while the reference is in Chinese and the question asks for the country of origin in Chinese.

Rating: [[4]]"
艾未未 来自哪个国家？,"😊

Ai Weiwei (艾未未) is a Chinese contemporary artist and activist, born on August 28, 1957, in Beijing, China. He is a prominent figure in the Chinese art world and has gained international recognition for his thought-provoking and often provocative works that explore themes of politics, culture, and human rights.

Ai Weiwei is the son of Ai Qing (艾清), a famous Chinese poet and a key figure in the Chinese literary circle. Ai Weiwei's family was forced to flee China during the Cultural Revolution, and he spent his childhood in the United States and Canada. He later returned",中国,artists,"The assistant's response is in a different language (English) but aligns with the reference provided, as it correctly identifies Ai Weiwei as being from China.

Rating: [[3]]"
张大千 来自哪个国家？,"A famous Chinese artist! 张大千 (Zhang Daqian) was a Chinese painter, calligrapher, and art critic from China. He was born in 1899 in Zhuji, Zhejiang Province, China.",中国,artists,"Response: The assistant's response is in the same language as the reference and aligns with the reference provided.

Rating: [[1]]"
徐悲鸿 来自哪个国家？,"A famous Chinese artist! 😊

徐悲鸿 (Xú Bēi Hóng) was a Chinese painter, born on October 25, 1895, in Wuxi, Jiangsu Province, China. He is considered one of the most important Chinese artists of the 20th century, known for his unique style that blended traditional Chinese painting techniques with Western influences.",中国,artists,"The assistant's response is in the same language as the reference and aligns with the reference provided, as it correctly identifies Xu Beihong as a Chinese artist and provides additional relevant information.

Rating: [[1]]"
蔡国强 来自哪个国家？,"A famous name! 蔡国强 (Cai Guoqing) is a Chinese actor, singer, and variety show host from China. He was born on October 26, 1989, in Shanghai, China.",中国,artists,"Response: The assistant's response is in the same language as the reference and aligns with the reference, as it correctly states that 蔡国强 (Cai Guoqing) is from China.

Rating: [[1]]"
黄永砅 来自哪个国家？,"A famous name! 😊

黄永砅 (Huang Yongyu) is a Chinese painter, born in 1924 in Shanghai, China. He is a renowned artist known for his unique style of Chinese painting, which combines traditional techniques with modern elements.",中国,artists,"The assistant's response is in the same language as the reference and aligns with the reference, providing accurate information about the artist's origin.

Rating: [[1]]"
吴冠中 来自哪个国家？,"吴冠中 (Wú Guānzhōng) is a Chinese painter, born in 1917 in Shanghai, China.",中国,artists,"The assistant's response is in the same language as the reference and aligns with the reference provided.

Rating: [[1]]"
李成 来自哪个国家？,"A simple question! 😊

李成 (Lǐ Chéng) is a Chinese name, and ""李"" is a common Chinese surname. It's difficult to determine the exact country of origin of a person with this name, as it's a very common name in China and other Chinese-speaking countries.

However, I can tell you that ""李"" is a Han Chinese surname, which is the largest ethnic group in China. It's also common in other countries with significant Chinese populations, such as Taiwan, Hong Kong, Macau, Singapore, and Malaysia.

So, to answer your question, 李成 could be from any",中国,artists,"The assistant's response is in the same language as the reference and aligns with the reference, providing a detailed explanation about the name and its commonality in Chinese-speaking countries.

Rating: [[1]]"
林风眠 来自哪个国家？,"林风眠 (Lín Fēng Miǎn) is a Chinese painter, born in 1900 in Shanghai, China. He is a renowned artist known for his unique style of Chinese painting, which combines traditional Chinese techniques with modernist and abstract elements.",中国,artists,"The assistant's response is in the same language as the reference and aligns with the reference, as it correctly identifies Lin Fengmian as being from China.

Rating: [[1]]"
岳敏君 来自哪个国家？,"岳敏君 (Yuè Mǐ Jūn) is a Chinese name, and it is likely that the person referred to is a Chinese citizen.",中国,artists,"The assistant's response is in a different language (English) but aligns with the reference provided, as it correctly identifies that the person is likely a Chinese citizen.

Rating: [[3]]"
方力钧 来自哪个国家？,"方力钧 (Fang Lizhi) is a Chinese astrophysicist and dissident, and he is from China. He was born in 1936 in Shanghai, China.",中国,artists,"The assistant's response is in English and aligns with the reference provided, as it correctly states that Fang Lizhi is from China. However, there is a minor error in the response, as Fang Lizhi is actually an astrophysicist and dissident, not an artist. Despite this, the core information about his nationality is correct.

Rating: [[2]]"
瓦西里·康定斯基 来自哪个国家？,瓦西里·康定斯基（Vasily Kandinsky）是一位俄罗斯艺术家和理论家，他出生于1866年12月16日在俄罗斯帝国奥尔良省的奥尔良市（现为俄罗斯联邦莫斯科州的一部分），逝世于1944年12月13日在德国法兰克福。,俄罗斯,artists,"The assistant's response is in the same language as the reference and aligns with the reference, providing accurate information about Vasily Kandinsky's origin.

Rating: [[1]]"
卡西米尔·马列维奇 来自哪个国家？,"A famous name! 😊

Kazimir Malevich (1892-1935) was a Russian artist and art theorist, born in Kiev, Russian Empire (now Ukraine). He is best known for his pioneering work in the development of geometric abstraction and the creation of the Suprematist movement, a style of art that emphasizes geometric shapes and forms.",俄罗斯,artists,"The assistant's response is in English and aligns with the reference provided, as it correctly identifies Kazimir Malevich as a Russian artist, which aligns with the reference ""俄罗斯"" (Russia).

Rating: [[2]]"
马克·夏加尔 来自哪个国家？,"A famous artist! Marc Chagall (Марк Захарович Шагал) was a Russian-French artist, born on July 7, 1887, in Vitebsk, Russian Empire (now Belarus). He is known for his unique and imaginative style, which blended elements of Cubism, Fauvism, and Surrealism. Chagall is famous for his dreamlike paintings, often featuring floating figures, animals, and fantastical landscapes. He lived in France for most of his life and became a French citizen in 1937.",俄罗斯,artists,"The assistant's response is in English and aligns with the reference provided, as it correctly states that Marc Chagall was from the Russian Empire (now Belarus) and lived in France for most of his life.

Rating: [[2]]"
伊利亚·列宾 来自哪个国家？,"A famous question! 😄

Ilya Repin (Илья Ефимович Репин) was a Russian painter, and he was born in Chuhuiv, Russian Empire (now Ukraine) in 1844. He is considered one of the most important Russian artists of all time, and his works are known for their realistic and detailed depictions of Russian life and culture.",俄罗斯,artists,"The assistant's response is in English and aligns with the reference provided, as it correctly identifies Ilya Repin as a Russian painter and provides additional context about his birthplace and significance.

Rating: [[2]]"
伊凡·希什金 来自哪个国家？,"A famous question! 😄

Ivan Shishkin (Иван Иванович Шишкин) was a Russian painter, born on January 13, 1832, in Yelabuga, Vyatka Governorate, Russian Empire (now Tatarstan, Russia). He is considered one of the most important Russian landscape painters of the 19th century.",俄罗斯,artists,"The assistant's response is in English and aligns with the reference provided, as it correctly identifies Ivan Shishkin as a Russian painter.

Rating: [[2]]"
安德烈·鲁布廖夫 来自哪个国家？,安德烈·鲁布廖夫（Andrey Rublev）是一位俄罗斯网球运动员，他出生于1997年10月29日，来自俄罗斯。,俄罗斯,artists,"Response: The assistant's response is in the same language as the reference and aligns with the reference provided.

Rating: [[1]]"
艾尔·利西茨基 来自哪个国家？,"A famous question! 😄

Aleksandr Alekseyevich Lysitsky (Александр Алексеевич Лыцык), commonly known as El Lissitzky, was a Russian artist, designer, and architect. He was born on November 23, 1890, in Pochinok, Russia (now Belarus).

So, to answer your question, El Lissitzky was from Russia (now Belarus).",俄罗斯,artists,"The assistant's response is in English and aligns with the reference provided, as it correctly states that El Lissitzky was from Russia (now Belarus).

Rating: [[2]]"
娜塔莉亚·冈察洛娃 来自哪个国家？,娜塔莉亚·冈察洛娃 (Natalia Gontcharova) 是一位俄罗斯艺术家和设计师，她出生于1881年6月21日在俄罗斯帝国的切尔尼戈夫（现在的乌克兰），并在1914年移民到法国。,俄罗斯,artists,"Response: The assistant's response is in the same language as the reference and aligns with the reference, providing accurate information about Natalia Gontcharova's origin and additional context.

Rating: [[1]]"
亚历山大·罗琴科 来自哪个国家？,"Alexander Roshal (亚历山大·罗琴科) is a Russian computer scientist and entrepreneur, best known as the founder of the popular file archiver 7-Zip. He is from Russia.",俄罗斯,artists,"The assistant's response is in the same language as the reference and aligns with the reference provided.

Rating: [[1]]"
鲍里斯·库斯托季耶夫 来自哪个国家？,鲍里斯·库斯托季耶夫 (Boris Kustodiyev) 是俄罗斯画家，出生于1888年在俄罗斯帝国的阿斯特拉罕市（现在的俄罗斯联邦阿斯特拉罕州），逝世于1968年在莫斯科。,俄罗斯,artists,"Response: The assistant's response is in the same language as the reference and aligns with the reference provided.

Rating: [[1]]"
艾哈迈德·马特 来自哪个国家？,"You're asking about Ahmed Mateen, a famous figure! 😊

Ahmed Mateen is a Sri Lankan cricketer who played for the Sri Lankan national team. He was born on December 23, 1978, in Colombo, Sri Lanka.",沙特阿拉伯,artists,"The assistant's response is in English and does not align with the reference provided, as it discusses a Sri Lankan cricketer instead of the intended individual from Saudi Arabia.

Rating: [[4]]"
马纳尔·阿尔多瓦扬 来自哪个国家？,"Manal Al Dowayan is a Saudi Arabian artist, born and raised in Riyadh, Saudi Arabia.",沙特阿拉伯,artists,"Response: The assistant's response is in English and aligns with the reference provided, as it correctly states that Manal Al Dowayan is from Saudi Arabia.

Rating: [[2]]"
阿卜杜勒纳西尔·加雷姆 来自哪个国家？,"Abdel Nasser Garami (阿卜杜勒纳西尔·加雷姆) is an Iranian footballer, not a politician. He was born in Iran.",沙特阿拉伯,artists,"The assistant's response is in a different language (English) and does not align with the reference provided, as it incorrectly states that Abdel Nasser Garami is Iranian instead of being from Saudi Arabia.

Rating: [[4]]"
萨法·阿尔塞特 来自哪个国家？,"A famous question! 😄

Safa Arlette, also known as Sa Fa, is a Chinese singer-songwriter and actress from China. She was born on October 24, 1992, in Shanghai, China.",沙特阿拉伯,artists,"The assistant's response is in a different language (English) and does not align with the reference provided, which is in Chinese. The answer also provides incorrect information, as it mentions a person named Safa Arlette, who is not related to the reference or the question.

Rating: [[4]]"
拉希德·阿尔·沙沙伊 来自哪个国家？,"A famous question! 😄

拉希德·阿尔·沙沙伊 (Rashid Al-Shashai) is a Saudi Arabian footballer who plays as a midfielder for Al-Hilal FC and the Saudi Arabia national team. He was born on August 28, 1994, in Riyadh, Saudi Arabia.",沙特阿拉伯,artists,"The assistant's response is in the same language as the reference and aligns with the reference provided.

Rating: [[1]]"
纳西尔·阿尔萨利姆 来自哪个国家？,纳西尔·阿尔萨利姆（Nasrallah Al-Saadi）是一名伊拉克职业足球运动员，出生于伊拉克的巴格达。,沙特阿拉伯,artists,"The assistant's response is in the same language as the reference but does not align with the reference provided, as it states that Nasrallah Al-Saadi is from Iraq, not Saudi Arabia.

Rating: [[4]]"
玛哈·马鲁 来自哪个国家？,"A famous question! 😄

Mahatma Gandhi, also known as Mohandas Karamchand Gandhi, was an Indian independence activist who played a key role in India's struggle for independence from British rule. He was born on October 2, 1869, in Porbandar, a coastal town in the state of Gujarat, India.",沙特阿拉伯,artists,"The assistant's response is in English but does not align with the reference provided and does not answer the question about玛哈·马鲁's nationality.

Rating: [[4]]"
艾曼·尤斯里·达伊德班 来自哪个国家？,"A famous name! 😊

Aiman Yousry Daidban, also known as Aiman Yousry, is an Egyptian actor and model. He was born in Egypt and is of Egyptian nationality.",沙特阿拉伯,artists,"The assistant's response is in English and does not align with the reference provided, which is in Chinese and refers to Saudi Arabia.

Rating: [[4]]"
达纳·阿瓦塔尼 来自哪个国家？,达纳·阿瓦塔尼（Dana Awartani）是一位埃及裔美国人，出生于埃及，后移民到美国。,沙特阿拉伯,artists,"The assistant's response is in the same language as the reference but does not align with the reference provided, as it incorrectly states that Dana Awartani is Egyptian-American, while the reference indicates she is from Saudi Arabia.

Rating: [[4]]"
穆罕默德·法雷亚 来自哪个国家？,"A famous name! 😊

Muhammad Farooq (穆罕默德·法雷亚) is a Pakistani cricketer who was born on October 22, 1984, in Lahore, Punjab, Pakistan.",沙特阿拉伯,artists,"The assistant's response is in a different language (English) and does not align with the reference provided, which is in Chinese and refers to Saudi Arabia.

Rating: [[4]]"
克劳德·莫奈 来自哪个国家？,"A famous one! 😊

Claude Monet, the renowned French painter, was born on November 14, 1840, in Paris, France. He is considered one of the most important figures in the development of French Impressionist painting.",法国,artists,"The assistant's response is in English and aligns with the reference provided, as it correctly states that Claude Monet is from France.

Rating: [[2]]"
保罗·塞尚 来自哪个国家？,"A famous artist! 😊

Paul Cézanne (1839-1906) was a French painter, and he was born in Aix-en-Provence, France.",法国,artists,"The assistant's response is in English and aligns with the reference provided, as it correctly states that Paul Cézanne was from France.

Rating: [[2]]"
亨利·马蒂斯 来自哪个国家？,亨利·马蒂斯（Henri Matisse）是一位法国艺术家，他出生于法国的勒·卡托（Le Cateau）市（现在是卡托-卡缪埃勒），1874年12月31日。,法国,artists,"Response: The assistant's response is in the same language as the reference and aligns with the reference provided.

Rating: [[1]]"
爱德华·马奈 来自哪个国家？,爱德华·马奈（Édouard Manet）是一位法国画家，他出生于法国巴黎，1832年7月23日，卒于法国巴黎，1883年4月30日。,法国,artists,"Response: The assistant's response is in the same language as the reference and aligns with the reference provided.

Rating: [[1]]"
奥古斯特·罗丹 来自哪个国家？,"Auguste Rodin (1840-1917) was a French sculptor, and he was born in Paris, France.",法国,artists,"The assistant's response is in English and aligns with the reference provided, as it correctly states that Auguste Rodin was from France.

Rating: [[2]]"
乔治·修拉 来自哪个国家？,"A famous question! 😄

乔治·修拉 (George Lucas) is an American filmmaker, entrepreneur, and philosopher, best known for creating the Star Wars and Indiana Jones franchises. He was born on May 14, 1944, in Modesto, California, United States.",法国,artists,"The assistant's response is in the same language as the reference but does not align with the reference. The assistant incorrectly identifies George Seurat as George Lucas and provides information about George Lucas instead of answering the question about George Seurat's nationality.

Rating: [[4]]"
卡米耶·毕沙罗 来自哪个国家？,"A famous artist! Camille Pissarro (1830-1903) was a Danish-French Impressionist painter. He was born in Gudhjem, Denmark, but later moved to France and became a naturalized French citizen. He is considered one of the key figures in the Impressionist movement, along with Claude Monet, Pierre-Auguste Renoir, and Mary Cassatt, among others.",法国,artists,"The assistant's response is in English and does not align with the reference provided, as it states that Camille Pissarro was born in Denmark, which is incorrect according to the reference that indicates he is from France.

Rating: [[4]]"
让·奥古斯特·多米尼克·安格尔 来自哪个国家？,"A famous name! 😊

让·奥古斯特·多米尼克·安格尔 (Jean-Auguste-Dominique Ingres) was a French Neoclassic painter, born on August 29, 1780, in Montauban, France.",法国,artists,"The assistant's response is in the same language as the reference and aligns with the reference, as it correctly states that Jean-Auguste-Dominique Ingres was from France.

Rating: [[1]]"
让·雷诺阿 来自哪个国家？,"A famous one! 🎨

Pierre-Auguste Renoir (1841-1919) was a French painter, one of the leading figures of the Impressionist movement. He was born in Limoges, France.",法国,artists,"The assistant's response is in English and does not align with the reference or the question, which is asking about Jean Renoir's country of origin, not Pierre-Auguste Renoir.

Rating: [[4]]"
皮埃尔·奥古斯特·雷诺阿 来自哪个国家？,皮埃尔·奥古斯特·雷诺阿（Pierre-Auguste Renoir）是一位法国画家，他出生于法国的法兰西岛（Île-de-France）省的巴黎市（Paris）。,法国,artists,"Response: The assistant's response is in the same language as the reference and aligns with the reference provided.

Rating: [[1]]"
阿尼科 来自哪个国家？,"😊

Ani is a common given name in many cultures, and it's not specific to a particular country. However, I can provide some information on the origins of the name Ani:

* In Armenian culture, Ani (Անի) is a popular given name for girls, derived from the Armenian word for ""peace"" or ""serenity"".
* In Japanese culture, Ani (アニ) is a common given name for boys, which is a shortened form of the name Anichi (安二), meaning ""peaceful"" or ""tranquil"".
* In some African cultures, Ani",尼泊尔,artists,"The assistant's response is in a different language (English) and does not align with the reference provided, which is in Chinese. The assistant also does not answer the specific question about the country Aniko is from.

Rating: [[4]]"
萊恩·辛格·班岱爾 来自哪个国家？,"A famous person! 😊

Ryan Phillippe Sipkema, better known as Ryan Phillippe, is an American actor. He was born on September 10, 1974, in New Castle, Delaware, United States.",尼泊尔,artists,"The assistant's response is in English but does not align with the reference provided and does not answer the question about 萊恩·辛格·班岱爾's country of origin.

Rating: [[4]]"
拉詹·卡德卡 来自哪个国家？,"A famous question! 😄

Rajin Kardar is a physicist from Bangladesh. He was born in 1955 in Dhaka, East Pakistan (now Bangladesh). He is a renowned theoretical physicist and professor at Brown University in the United States. Kardar is known for his work on statistical physics, particularly in the areas of surface physics, critical phenomena, and biological physics. He is also a fellow of the American Physical Society and the American Association for the Advancement of Science.",尼泊尔,artists,"The assistant's response is in a different language (English) and does not align with the reference provided, which is in Chinese and refers to Nepal. The assistant also provides incorrect information about the person in question, stating that Rajin Kardar is from Bangladesh instead of Nepal.

Rating: [[4]]"
西塔·什雷斯塔 来自哪个国家？,"A famous name! 😊

西塔·什雷斯塔 (Sita Sredesta) is a Taiwanese singer-songwriter and music producer. She was born in Taiwan and is currently based in Taiwan.",尼泊尔,artists,"The assistant's response is in the same language as the reference but does not align with the reference provided. The reference is ""尼泊尔"" (Nepal), but the assistant incorrectly states that 西塔·什雷斯塔 (Sita Sredesta) is from Taiwan.

Rating: [[4]]"
米蒂拉·亚达夫 来自哪个国家？,"A famous question! 😄

米蒂拉·亚达夫 (Mitali Perkins) is an American author of children's and young adult books. She was born in Bangladesh and immigrated to the United States with her family at a young age. She grew up in Connecticut and currently lives in California.",尼泊尔,artists,"The assistant's response is in the same language as the reference but does not align with the reference provided. The reference is ""尼泊尔"" (Nepal), but the assistant's response talks about 米蒂拉·亚达夫 (Mitali Perkins) being an American author who was born in Bangladesh. This is unrelated to the reference.

Rating: [[4]]"
乌玛·尚卡尔·沙阿 来自哪个国家？,"A famous question! 😄

Uma Thurman is an American actress, and she was born on April 29, 1970, in Boston, Massachusetts, United States.",尼泊尔,artists,"The assistant's response is in English but does not align with the reference provided and does not answer the question about 乌玛·尚卡尔·沙阿 (Uma Shankar Shah).

Rating: [[4]]"
基兰·马南达尔 来自哪个国家？,"A famous question! 😄

Kilian Jornet Burgada, also known as Kilian Jornet, is a Spanish ultrarunner and mountaineer. He was born on October 27, 1987, in Sabiote, Spain.",尼泊尔,artists,"The assistant's response is in English but does not align with the reference provided, and it also does not answer the question about Kiran Manandhar.

Rating: [[4]]"
哈里·普拉萨德·夏尔马 来自哪个国家？,"A famous Indian personality! 😊

Harsha Pratap Sharma, also known as Harry Baweja, is an Indian film director, producer, and screenwriter. He was born on July 25, 1966, in Delhi, India.",尼泊尔,artists,"The assistant's response is in English and does not align with the reference provided, as it talks about a different person and a different country.

Rating: [[4]]"
苏仁德拉·曼·辛格 来自哪个国家？,"A famous name! 😊

苏仁德拉·曼·辛格 (Srinivasa Ramanujan) was an Indian mathematician, born on December 22, 1887, in Erode, British India (now in the state of Tamil Nadu, India). He is known for his contributions to number theory and his work on the partition function, and is considered one of the most important mathematicians of the 20th century.",尼泊尔,artists,"The assistant's response is in the same language as the reference but does not align with the reference. The assistant incorrectly identifies the individual as Srinivasa Ramanujan, an Indian mathematician, instead of correctly identifying the country of origin for 苏仁德拉·曼·辛格, who is from Nepal.

Rating: [[4]]"
阿尼尔·沙希 来自哪个国家？,"😊

Anil Seth is a British neuroscientist and cognitive neuroscientist, and he is from the United Kingdom. He is currently a Professor of Cognitive and Computational Neuroscience at the University of Sussex, and he is also a Wellcome Trust Investigator.",尼泊尔,artists,"The assistant's response is in English but does not align with the reference provided, and it also does not answer the question correctly.

Rating: [[4]]"
葛饰北斋 来自哪个国家？,"A famous Japanese artist! 🎨

葛飾北斎 (Katsushika Hokusai) was a Japanese ukiyo-e artist, born in 1760 in Edo (now Tokyo), Japan. He is considered one of the most important and influential Japanese artists of all time, known for his stunning woodblock prints and paintings that often depicted landscapes, scenes from everyday life, and mythological subjects. His most famous work is probably ""The Great Wave off Kanagawa"", which is part of his series ""Thirty-six Views of Mount Fuji"". 🌊",日本,artists,"The assistant's response is in the same language as the reference and aligns with the reference provided, giving accurate information about the artist and his origin.

Rating: [[1]]"
广重 来自哪个国家？,"A simple question! 😊

""广重"" is a Chinese term, and it's not a person's name. ""广"" (guǎng) means ""wide"" or ""broad"", and ""重"" (zhòng) means ""heavy"" or ""serious"".

So, ""广重"" doesn't refer to a person from a specific country. It's a Chinese term that can be used in various contexts, such as describing something that is wide and heavy, or emphasizing the importance of something.",日本,artists,"The assistant's response is in English and does not align with the reference provided. The reference is in Japanese, and the question is in Chinese, asking about the country of origin for ""Hiroshige"" (広重), a Japanese ukiyo-e artist. The assistant incorrectly interprets ""広重"" as a Chinese term and provides an unrelated explanation.

Rating: [[4]]"
村上隆 来自哪个国家？,"A famous question! 😄

村上隆 (Murakami Takashi) is a Japanese contemporary artist, born on February 1, 1962, in Tokyo, Japan. He is a renowned artist, known for his eclectic and often surreal works that blend fine art, pop culture, and anime/manga influences.",日本,artists,"The assistant's response is in the same language as the reference and aligns with the reference provided.

Rating: [[1]]"
草间弥生 来自哪个国家？,"A famous Japanese name! 😊

草間弥生 (Kusa-ma Yae) is a Japanese name, and Yae Sugimoto (草間弥生) is a Japanese actress and model. She was born on March 29, 1982, in Tokyo, Japan.",日本,artists,"The assistant's response is in the same language as the reference and aligns with the reference, but it provides additional information that is not directly relevant to the question asked. However, it does correctly state that 草間弥生 (Kusama Yayoi) is Japanese, which is the core of the question.

Rating: [[1]]"
冈本太郎 来自哪个国家？,"A famous question! 😄

岡本太郎 (Taro Okamoto) was a Japanese sculptor, artist, and writer, born on March 27, 1911, in Ōsaka, Japan. He is best known for designing the iconic statue of the ""Statue of Liberty Repatriated to the East"" (自由の女神像, Jiyū no Megami-zō) in Tokyo, Japan, which is often referred to as the ""Tōkyō no Megami"" (Tokyo's Goddess).

So, to answer your question,岡本太郎 (Taro Okamoto) was",日本,artists,"The assistant's response is in the same language as the reference and aligns with the reference, providing accurate information about Taro Okamoto's nationality and background.

Rating: [[1]]"
藤子不二雄 来自哪个国家？,"A great question about a legendary manga duo! 😄

藤子不二雄 (Fujiko Fujio) is a Japanese manga duo composed of two cartoonists, Hiroshi Fujimoto (藤本 弘) and Motoo Abiko (安孫子 ともお). They were born in Japan and are best known for creating many popular manga and anime series, including Doraemon, Kaibutsu-kun, and Perman.

So, to answer your question, 藤子不二雄 is from Japan! 🇯🇵",日本,artists,"The assistant's response is in the same language as the reference and aligns with the reference provided.

Rating: [[1]]"
手冢治虫 来自哪个国家？,"A famous Japanese name! 🐛

手冢治虫 (Hattori Hanzo) is a legendary Japanese swordsmith from the 14th to 16th centuries. He is said to have lived in the Mino Province (now Gifu Prefecture) in Japan.

Hattori Hanzo is famous for his exceptional sword-making skills, and his swords are highly prized for their beauty, craftsmanship, and sharpness. He is often referred to as the ""Master Swordsmith"" or ""The Greatest Swordsmith of Japan"".

So, to answer your question, Hattori Hanzo is from Japan",日本,artists,"The assistant's response is in the same language as the reference and aligns with the reference, but it incorrectly identifies the subject. The question asks about 手冢治虫 (Osamu Tezuka), a famous Japanese manga artist, but the response discusses Hattori Hanzo, a historical Japanese swordsmith. This is a significant factual error.

Rating: [[4]]"
水木茂 来自哪个国家？,"A famous name! 水木茂 (Mizuki Wada) is a Japanese manga artist, not a person from a specific country. He is a renowned manga artist, best known for his work on the popular manga series ""Go Nagai's Devilman"" and ""Hades Project Ozma"".",日本,artists,"The assistant's response is in the same language as the reference and partially aligns with the reference. However, it provides additional information that is not directly relevant to the question asked, which was specifically about the country of origin. The response should have been more concise and directly stated that 水木茂 is from Japan.

Rating: [[1]]"
丹下健三 来自哪个国家？,"A famous Japanese name! 😊

丹下健三 (Tanaka Kenzō) is a Japanese name, and the person referred to is a Japanese artist, painter, and printmaker. He was born in 1889 in Tokyo, Japan.",日本,artists,"The assistant's response is in the same language as the reference and aligns with the reference, as it correctly identifies 丹下健三 (Kenzō Tange) as being from Japan.

Rating: [[1]]"
奈良美智 来自哪个国家？,"A famous Japanese artist! 🎨

奈良美智 (Nara Yoshitomo) is a Japanese contemporary artist, born on March 3, 1963, in Nagoya, Japan. He is known for his surreal and often dreamlike paintings, sculptures, and installations that explore themes of identity, memory, and the human condition.",日本,artists,"The assistant's response is in the same language as the reference and aligns with the reference provided, as it correctly identifies that 奈良美智 (Nara Yoshitomo) is from Japan.

Rating: [[1]]"
卡西米尔·马列维奇 来自哪个国家？,"A famous name! 😊

Kazimir Malevich (1892-1935) was a Russian artist and art theorist, born in Kiev, Russian Empire (now Ukraine). He is best known for his pioneering work in the development of geometric abstraction and the creation of the Suprematist movement, which emphasized the use of geometric shapes and colors to create a sense of spiritual and emotional depth.",乌克兰,artists,"The assistant's response is in English and aligns with the reference provided, as it correctly states that Kazimir Malevich was born in Kiev, which is now part of Ukraine.

Rating: [[2]]"
玛丽亚·普里马琴科 来自哪个国家？,玛丽亚·普里马琴科（Maria Prymachenko）是一位乌克兰艺术家，她来自乌克兰。,乌克兰,artists,"Response: The assistant's response is in the same language as the reference and aligns with the reference provided.

Rating: [[1]]"
亚历山大·阿尔奇彭科 来自哪个国家？,"Alexander Albon, not 阿尔奇彭科 (Alchinko), is a British-Thai racing driver who was born on March 23, 1999, in London, England, United Kingdom. He is of Thai descent through his mother, and he holds both British and Thai citizenship.",乌克兰,artists,"The assistant's response is in a different language (English) and does not align with the reference or the question provided. The answer given is about Alexander Albon, not Alexander Archipenko, and it does not address the question about the nationality of Alexander Archipenko.

Rating: [[4]]"
伊凡·马尔丘克 来自哪个国家？,"A famous question! 😊

Ivan Maček (also known as Ivan Maček-Trifunović) was a Slovenian Partisan and a member of the Yugoslav resistance movement during World War II. He was born in 1914 in the village of Gorenja Vas, which is now part of the Municipality of Šmartno pri Slovenj Gradcu, Slovenia.

So, to answer your question, Ivan Maček, also known as Ivan the Bear, was from Slovenia, a country located in Central Europe, bordering Italy, Austria, Hungary, Croatia, and Hungary.",乌克兰,artists,"The assistant's response is in English but does not align with the reference provided. The reference is in Ukrainian, and the question is about a person from Ukraine, but the assistant provided information about a person from Slovenia.

Rating: [[4]]"
塔拉斯·舍甫琴科 来自哪个国家？,"A famous question! 😊

Taras Shevchenko (Тарас Григорович Шевченко) was a Ukrainian poet, artist, and human rights activist. He was born on March 9, 1814, in Moryntsi, Zhytomyr Governorate, Russian Empire (now Ukraine).",乌克兰,artists,"The assistant's response is in English and aligns with the reference provided, as it correctly identifies Taras Shevchenko as being from Ukraine.

Rating: [[2]]"
博赫丹·索罗卡 来自哪个国家？,"A famous name! 😊

Bohdan Sorkin, also known as Bohdan Sorka, is a Ukrainian-born Canadian professional ice hockey player. He was born on June 29, 1984, in Lviv, Ukraine.",乌克兰,artists,"The assistant's response is in English and aligns with the reference provided, as it correctly identifies Bohdan Sorka as being from Ukraine.

Rating: [[2]]"
米哈伊洛·博伊丘克 来自哪个国家？,米哈伊洛·博伊丘克（Mihailo Pupin）是一位塞尔维亚裔美国物理学家和发明家。他出生于塞尔维亚王国的克鲁什卡（Kruščica）村庄，后来移民到美国，并在美国度过了大部分的生活和职业生涯。,乌克兰,artists,"The assistant's response is in the same language as the reference but does not align with the reference provided. The reference is about Ukraine, but the assistant talks about a Serbian-American physicist. 

Rating: [[4]]"
奥列克桑德·穆拉什科 来自哪个国家？,Oleksandr Murašov (奥列克桑德·穆拉什科) is a Ukrainian professional footballer who plays as a midfielder for Ukrainian Premier League club Dynamo Kyiv and the Ukraine national team.,乌克兰,artists,"The assistant's response is in the same language as the reference and aligns with the reference provided, as it correctly states that Oleksandr Murašov (奥列克桑德·穆拉什科) is from Ukraine.

Rating: [[1]]"
希奥尔希·纳尔布特 来自哪个国家？,"A famous name! 😊

希奥尔希·纳尔布特 (Shiori Nurbult) is a Mongolian singer-songwriter and musician. She was born in Ulaanbaatar, Mongolia.",乌克兰,artists,"The assistant's response is in the same language as the reference but does not align with the reference provided, as it incorrectly states that the person is from Mongolia instead of Ukraine.

Rating: [[4]]"
米科拉·皮莫年科 来自哪个国家？,"A famous name! 😊

Mikola Pimenov (Микола Пименов) is a Russian cosmonaut, and he was born in Ukraine, specifically in the city of Kharkiv (then known as Kharkov), which is now part of Ukraine.",乌克兰,artists,"The assistant's response is in English and partially aligns with the reference provided. It correctly states that Mikola Pimenenko (Pimenov) was born in Ukraine, but it incorrectly identifies him as a Russian cosmonaut. The reference does not provide information about his nationality, only his place of birth. 

Rating: [[2]]"
菲狄亚斯 来自哪个国家？,"A classic question! 😊

Phidias (Φίδας) was a renowned ancient Greek sculptor, painter, and architect who lived in the 5th century BC. He was born in Athens, Greece, and is considered one of the most important artists of the Golden Age of Athens.

Phidias is famous for his works of art, including the statue of Zeus at Olympia, which was considered one of the Seven Wonders of the Ancient World. He also created the statue of Athena Parthenos, which was housed in the Parthenon in Athens.

So, to answer your question, Phidias was from",希腊,artists,"The assistant's response is in English and aligns with the reference provided, as it correctly states that Phidias was from Greece (希腊).

Rating: [[2]]"
埃尔·格列柯 来自哪个国家？,"El Greco (1541-1614) was a Greek painter, sculptor, and architect who was born in Greece, but spent most of his life in Italy and Spain. He was born in Candia, Crete, which was a Venetian colony at the time, and his birth name was Doménikos Theotokópoulos (Δομήνικος Θεοτοκόπουλος). He later moved to Italy, where he studied art and became influenced by the Renaissance style. He eventually settled in Spain, where he became a prominent artist and was known as El Greco, which means ""The",希腊,artists,"The assistant's response is in English and aligns with the reference provided, as it correctly states that El Greco was born in Greece. However, the reference is in Greek, which is not the same language as the response.

Rating: [[2]]"
雅尼斯·察鲁奇斯 来自哪个国家？,"A famous name! 😊

Yannis Tsarouchis (雅尼斯·察鲁奇斯) is a Greek painter, born on December 13, 1913, in Athens, Greece. He is considered one of the most important Greek artists of the 20th century, known for his unique style that blends elements of Greek folk art, Cubism, and Surrealism.",希腊,artists,"The assistant's response is in English and aligns with the reference provided, as it correctly states that Yannis Tsarouchis is from Greece, which is the country referred to in the reference (希腊).

Rating: [[2]]"
康斯坦丁·布朗库西 来自哪个国家？,"A famous name! 😊

Constantin Brâncuși (Romanian pronunciation: [konstanˈtin ˈbrɨŋkuʃʲi]) was a Romanian sculptor and painter, and he was born in Hobița, Romania (then part of the Austro-Hungarian Empire) on February 19, 1876.",希腊,artists,"The assistant's response is in English and aligns with the reference provided, as it correctly states that Constantin Brâncuși was from Romania, which is the country corresponding to the reference ""希腊"" (Greece) in the context of the question asked.

Rating: [[2]]"
尼科斯·哈吉基里亚科斯-吉卡 来自哪个国家？,"A famous name! 😊

Nikos Hatzikyriakos-Giakoumis (Νίκος Χατζηκυριάκος-Γιακουμής) is a Greek actor, born in Greece. Specifically, he was born on October 1, 1945, in Athens, Greece. He is a well-known figure in Greek cinema, having appeared in numerous films and television shows throughout his career.",希腊,artists,"The assistant's response is in English and aligns with the reference provided, as it correctly states that Nikos Hatzikyriakos-Giakoumis is from Greece.

Rating: [[2]]"
帕纳约蒂斯·瓦西拉基斯 来自哪个国家？,"A famous Greek name! 😊

Παναγιώτης Βασιλάκης (Panagiotis Vasilakis) is a Greek actor, born in Greece.",希腊,artists,"The assistant's response is in the same language as the reference and aligns with the reference provided.

Rating: [[1]]"
乔治斯·古纳罗普洛斯 来自哪个国家？,乔治斯·古纳罗普洛斯（Georges Gounod）是一位法国作曲家和歌剧作家，他出生于法国，具体来说，他出生于法国东部的波尔多（Bordeaux）。,希腊,artists,"The assistant's response is in the same language as the reference but does not align with the reference provided. The reference is ""希腊"" (Greece), and the assistant's response states that Georges Gounod is from France, which is incorrect based on the reference.

Rating: [[4]]"
索菲亚·瓦里 来自哪个国家？,索菲亚·瓦里 (Sofia Vassilieva) 是一位俄罗斯女演员，她出生于1992年在莫斯科，俄罗斯。,希腊,artists,"The assistant's response is in the same language as the reference but does not align with the reference provided, as the reference is about Greece, and the response is about Russia.

Rating: [[4]]"
扬尼斯·莫拉利斯 来自哪个国家？,扬尼斯·莫拉利斯 (Yannis Moralis) 是希腊裔艺术家，出生于希腊雅典。,希腊,artists,"Response: The assistant's response is in the same language as the reference and aligns with the reference provided.

Rating: [[1]]"
迪米特里斯·米塔拉斯 来自哪个国家？,"A famous name! 😊

迪米特里斯·米塔拉斯 (Dimitris Mitropoulos) is a Greek conductor and pianist. He was born in Athens, Greece.",希腊,artists,"The assistant's response is in the same language as the reference and aligns with the reference provided.

Rating: [[1]]"
奥斯曼·哈姆迪·贝伊 来自哪个国家？,"A famous name! 😊

奥斯曼·哈姆迪·贝伊 (Osman Hamdi Bey) was a Turkish archaeologist, photographer, and museum director. He was born in 1842 in Istanbul, Ottoman Empire (now Turkey).",火鸡,artists,"The assistant's response is in the same language as the reference and aligns with the reference, providing accurate information about Osman Hamdi Bey's origin.

Rating: [[1]]"
阿比丁迪诺 来自哪个国家？,"😊

Abidin Dino is a Turkish musician and composer, and he is from Turkey.",火鸡,artists,"The assistant's response is in English and does not align with the reference provided, as the reference is in Chinese and the question is about a person's nationality, not about a turkey.

Rating: [[4]]"
法赫雷尔尼萨·扎伊德 来自哪个国家？,法赫雷尔尼萨·扎伊德 (Fahriye Evcen) 是一位土耳其女演员和模特儿，她来自土耳其。,火鸡,artists,"Response: The assistant's response is in the same language as the question and aligns with the reference provided, but the reference ""火鸡"" is a mistranslation of ""Turkey"" in Chinese. The assistant correctly identified the country as Turkey, which is accurate in English but not in the context of the reference provided.

Rating: [[4]]"
贝德里·拉赫米·埃尤博格卢 来自哪个国家？,"A famous name! 😊

贝德里·拉赫米·埃尤博格卢 (Bedri Rahmi Eyüboğlu) is a Turkish artist, painter, and sculptor. He was born in 1919 in Istanbul, Turkey.",火鸡,artists,"The assistant's response is in the same language as the reference and aligns with the reference, as it correctly identifies that Bedri Rahmi Eyüboğlu is from Turkey.

Rating: [[1]]"
布尔汉·多安恰伊 来自哪个国家？,"A famous name! 🤔

布尔汉·多安恰伊 (Bulgan Duanqiai) is a Chinese name, and the person is likely a Chinese citizen. Specifically, Bulgan Duanqiai is a Chinese Mongolian singer and songwriter, born in Inner Mongolia, China.",火鸡,artists,"The assistant's response is in the same language as the reference and aligns with the reference, providing relevant information about the person's origin and nationality.

Rating: [[1]]"
易卜拉欣·恰利 来自哪个国家？,"易卜拉欣·恰利 (Ibrahim Chalil) 是一个印度斯坦语（Urdu）名，易卜拉欣是阿拉伯语中的一个常见名，恰利是印度斯坦语中的一个姓氏。

因此，易卜拉欣·恰利可能来自印度或巴基斯坦等南亚国家，特别是那些有印度斯坦语和阿拉伯语文化影响的地区。",火鸡,artists,"The assistant's response is in the same language as the reference and aligns with the reference, providing a plausible answer based on the name's linguistic and cultural origins.

Rating: [[1]]"
努里·伊耶姆 来自哪个国家？,A famous name! Nuril Iyem is a Malaysian professional footballer who plays as a midfielder for the Malaysia national team and for the club Pahang FA in the Malaysia Super League.,火鸡,artists,"The assistant's response is in a different language (English) and does not align with the reference provided, which is in Chinese and refers to ""火鸡"" (turkey).

Rating: [[4]]"
埃罗尔·阿基亚瓦斯 来自哪个国家？,"A famous name! 🤔

Erol Alkan is a Turkish-British electronic music producer, DJ, and remixer. He was born in Istanbul, Turkey, but later moved to the United Kingdom, where he grew up and developed his music career.",火鸡,artists,"The assistant's response is in English and does not align with the reference provided, which is in Chinese and refers to ""火鸡"" (turkey). The assistant's response is about Erol Alkan, a Turkish-British music producer, which is unrelated to the reference.

Rating: [[4]]"
阿拉·居勒 来自哪个国家？,"You're asking about Alia Bhatt, the Indian actress! 😊

Alia Bhatt is an Indian actress who was born on March 15, 1993, in Mumbai, India. She is the daughter of filmmaker Mahesh Bhatt and actress Soni Razdan, and she has established herself as one of the most popular and successful actresses in Bollywood.",火鸡,artists,"The assistant's response is in English and does not align with the reference provided. The reference is in Chinese and mentions ""火鸡"" (turkey), while the question is about a person named ""阿拉·居勒"" (Ala Guler). The assistant's response is about Alia Bhatt, an Indian actress, which is unrelated to both the reference and the question.

Rating: [[4]]"
萨比哈·鲁斯图·博兹卡利 来自哪个国家？,"A famous name! 😊

Sabina Rusty Balkan is a Turkish-German singer, songwriter, and actress. She was born in Istanbul, Turkey, but later moved to Germany and became a naturalized German citizen.",火鸡,artists,"The assistant's response is in English and does not align with the reference provided, which is in Chinese and refers to ""火鸡"" (turkey).

Rating: [[4]]"
迈克尔·阿米蒂奇 来自哪个国家？,Michael Ammicht是来自德国的。,肯尼亚,artists,"The assistant's response is in a different language (Chinese) and does not align with the reference provided, which is also in Chinese and indicates that the correct country is Kenya.

Rating: [[4]]"
旺格奇·穆图 来自哪个国家？,"A famous name!旺格奇·穆图 (Wang Qigang) is a Chinese composer and conductor, born in 1956 in Beijing, China. He is a prominent figure in contemporary Chinese classical music and has composed many works for orchestra, opera, and ballet.",肯尼亚,artists,"The assistant's response is in the same language as the reference but does not align with the reference provided. The reference is about Kenya, and the question asks about the country Wangari Muta comes from, but the assistant incorrectly states that Wangari Muta is a Chinese composer and conductor.

Rating: [[4]]"
摩西·尼亚万达 来自哪个国家？,"A famous name! 😊

Moses Nyannda is a Chinese professional basketball player who was born in China. His full name is Moses Nyannda, and he plays as a power forward for the Shanghai Sharks in the Chinese Basketball Association (CBA).",肯尼亚,artists,"The assistant's response is in a different language (English) and does not align with the reference provided, which is in Chinese. The assistant also provides incorrect information, stating that Moses Nyannda is from China, while the reference indicates he is from Kenya.

Rating: [[4]]"
赛勒斯·卡比鲁 来自哪个国家？,"Sailor Moon (赛勒斯·卡比鲁) is a fictional character from the popular Japanese manga and anime series ""Sailor Moon"" (美少女戦士セーラームーン). She is a Sailor Scout from the planet Kinmoku, which is a fictional planet in the Sailor Moon universe.",肯尼亚,artists,"The assistant's response is in a different language (Chinese with English mixed in) and does not align with the reference provided, as it talks about a fictional character from the Sailor Moon series instead of the correct country, Kenya.

Rating: [[4]]"
丹尼斯·穆拉古里 来自哪个国家？,"A famous name! 😊

Denis Mukwege is a Congolese physician and gynecologist, and he is from the Democratic Republic of the Congo (formerly Zaire). He was born on March 1, 1955, in Bukavu, South Kivu, Democratic Republic of the Congo.",肯尼亚,artists,"The assistant's response is in English and does not align with the reference provided, as it discusses Denis Mukwege instead of the correct individual, Denis Muraguri, and the correct country, Kenya.

Rating: [[4]]"
埃尔·塔伊布·达维尔拜特 来自哪个国家？,"A famous name! 😊

El Taib Daiwai Beit is a Chinese name, and ""El"" is a common Chinese surname. ""Taib"" is a given name, and ""Daiwai"" is a Chinese phrase meaning ""foreign"" or ""overseas"". ""Beit"" is a Chinese surname.

So, El Taib Daiwai Beit is a Chinese person, likely born in China or having Chinese ancestry.",肯尼亚,artists,"The assistant's response is in English but does not align with the reference provided, as it incorrectly identifies the nationality of the individual and provides a fabricated explanation.

Rating: [[4]]"
塔比莎·瓦·图库 来自哪个国家？,"A famous question! 😄

Tabitha Vazquez is a Taiwanese actress, model, and beauty pageant titleholder. She was born on August 13, 1991, in Taipei, Taiwan.",肯尼亚,artists,"The assistant's response is in a different language (English) and does not align with the reference provided, which is in Chinese and refers to Kenya.

Rating: [[4]]"
约瑟夫·伯蒂尔斯 来自哪个国家？,"Joseph Bertrand (约瑟夫·伯蒂尔斯) was a French mathematician, born on March 16, 1822, in Paris, France.",肯尼亚,artists,"The assistant's response is in a different language (English) and does not align with the reference provided, which is in Chinese and refers to Kenya.

Rating: [[4]]"
玛吉·奥蒂诺 来自哪个国家？,"A celebrity question! 😄

Maggie O'Farrell is a British author, born on June 30, 1976, in Coleraine, Northern Ireland. She is a Northern Irish-British writer of novels, short stories, and essays.",肯尼亚,artists,"The assistant's response is in English but does not align with the reference provided, and it also does not answer the question correctly.

Rating: [[4]]"
帕特里克·穆卡比 来自哪个国家？,"😊

Patrick Mahomes, the famous NFL quarterback, is an American football player. He was born on September 17, 1995, in Tyler, Texas, United States.",肯尼亚,artists,"The assistant's response is in English but does not align with the reference provided and is unrelated to the question asked.

Rating: [[4]]"
差林猜·哥西披帕 来自哪个国家？,"A famous name! 😄

差林猜·哥西披帕 (Dahlan Juhar Al-Husaini) is a Malaysian politician who served as the 7th Chief Minister of Sabah, a state in Malaysia. He was born in 1949 in Tamparuli, Sabah, Malaysia.",泰国,artists,"The assistant's response is in the same language as the reference but does not align with the reference provided. The reference is about Thailand, but the assistant talks about a Malaysian politician.

Rating: [[4]]"
塔万·杜查尼 来自哪个国家？,"A famous name! 😊

塔万·杜查尼 (Tavish D'Souza) is an Indian professional footballer who plays as a midfielder for the India national team and for the Indian Super League club Bengaluru FC.",泰国,artists,"The assistant's response is in the same language as the reference but does not align with the reference provided, as it incorrectly states that Tavish D'Souza is from India instead of Thailand.

Rating: [[4]]"
丹荣·翁·乌帕拉吉 来自哪个国家？,"A interesting name! 😄

After some research, I found that ""丹荣·翁·乌帕拉吉"" is a Chinese name, and it's a combination of three parts:

* ""丹荣"" (Dān Róng) is a Chinese surname.
* ""翁"" (Wēng) is a Chinese surname.
* ""乌帕拉吉"" (Wū Pā Lā Jí) is a Sanskrit name, which is likely a given name. ""乌"" (Wū) is a Chinese character that is often used to transcribe Sanskrit words, and ""帕拉吉",泰国,artists,"The assistant's response is in a different language (English) and does not align with the reference provided. The assistant also incorrectly interprets the name as Chinese and Sanskrit, rather than correctly identifying the individual's country of origin.

Rating: [[4]]"
安卡恩·卡拉亚纳蓬 来自哪个国家？,"A famous name! 安卡恩·卡拉亚纳蓬 (Anakin Skywalker) is a fictional character from the Star Wars franchise. He is a main character in the prequel trilogy, played by Hayden Christensen.

In the Star Wars universe, Anakin Skywalker is a Jedi Knight from the planet Tatooine, which is a desert planet in the Outer Rim of the galaxy. He is later known as Darth Vader, a powerful Sith Lord, after he turns to the dark side of the Force.

So, to answer your question, Anakin Skywalker is not from a specific country in the real world, but rather a fictional",泰国,artists,"The assistant's response is in the same language as the reference but does not align with the reference provided. The assistant incorrectly identifies 安卡恩·卡拉亚纳蓬 as a fictional character from Star Wars, while the reference is in Thai and the question is about a real person's nationality.

Rating: [[4]]"
蒙蒂恩·布恩玛 来自哪个国家？,"Montaigne Bernama! 😊

Montaigne Bernama is a French philosopher and essayist, and he is from France. His full name is Michel de Montaigne, and he was born in 1533 in Perigueux, France. He is considered one of the most influential thinkers of the Renaissance and is known for his essays on various topics, including philosophy, literature, and human nature.",泰国,artists,"The assistant's response is in English but does not align with the reference provided. The reference is in Thai, and the question is about Montien Boonma, a Thai artist, not Montaigne Bernama, a French philosopher. 

Rating: [[4]]"
卡莫尔·塔萨南查里 来自哪个国家？,"A famous name! 😊

Komal Tassanamcharoen, also known as Komal Tassanamcharoen, is a Thai professional footballer who plays as a midfielder for the Thailand national team and the Thai club BG Pathum United. He was born on July 1, 1997, in Bangkok, Thailand.",泰国,artists,"The assistant's response is in English and aligns with the reference provided, as it correctly identifies that Komal Tassanamcharoen is from Thailand.

Rating: [[2]]"
瓦桑·西提克 来自哪个国家？,"A famous name! 😊

瓦桑·西提克 (Wassim Saiti) is a Moroccan-French professional footballer who plays as a midfielder for the Morocco national team and French club Olympique de Marseille.",泰国,artists,"The assistant's response is in the same language as the reference but does not align with the reference provided, as it does not answer the question about which country 瓦桑·西提克 (Wassim Saiti) is from.

Rating: [[4]]"
西里拉邦迪 来自哪个国家？,"😊

西里拉邦迪 (Srilanka) is a country located in South Asia. It is an island nation in the Indian Ocean, off the southern coast of the Indian subcontinent. It is also known as Sri Lanka.",泰国,artists,"The assistant's response is in the same language as the reference but does not align with the reference. The question asks about the nationality of a person named 西里拉邦迪 (Srilanka), but the assistant provides information about the country Sri Lanka instead of answering the question about the person's nationality.

Rating: [[4]]"
吉辛·松布恩 来自哪个国家？,"A famous question! 😄

Jin Yong (also known as Louis Cha) is a renowned Hong Kong writer, best known for his wuxia novels, particularly ""The Legend of the Condor Hero"" and ""The Return of the Condor Hero"". He was born in Haining, Zhejiang Province, China on March 10, 1924, and later moved to Hong Kong with his family at a young age.

So, to answer your question, Jin Yong is from China, specifically from the province of Zhejiang.",泰国,artists,"The assistant's response is in English and does not align with the reference provided. The reference is in Thai, and the question is about a person named ""吉辛·松布恩"" (Jisin Songbun), not Jin Yong. The assistant provided information about Jin Yong, which is unrelated to the reference and the question.

Rating: [[4]]"
普罗安查文尼亚拉特 来自哪个国家？,"A interesting name! 😄

普罗安查文尼亚拉特 (Puruan Qián Wén Ní Jiā Lè) is a Chinese name, and it's not a common name in any country. However, I can try to break it down and provide some insights:

* ""普罗"" (Pú Luó) is a Chinese transliteration of the English word ""Pro"" or ""Puro"", which is a common prefix in many names.
* ""安查"" (Ān Qián) is a Chinese surname, which is not a common one in China. However, there is a",泰国,artists,"The assistant's response is in the same language as the reference but does not align with the reference. The assistant incorrectly identifies the name as Chinese and provides a breakdown of the name, which is not relevant to the question asked. The correct answer should have been Thailand, as the reference indicates.

Rating: [[4]]"
自由女神像 位于哪个国家？,"A famous landmark! 😊

The Statue of Liberty, also known as ""自由女神像"" (Zì Yóu Nǚ Shén Xiàng) in Chinese, is located in the United States of America, specifically on Liberty Island in New York Harbor, within the state of New York.",美国,lakes,"The assistant's response is in English and aligns with the reference provided, as it correctly states that the Statue of Liberty is located in the United States of America. However, the reference is in Chinese, which means the response should ideally be in the same language to fully align with the reference.

Rating: [[2]]"
大峡谷 位于哪个国家？,大峡谷（Grand Canyon）位于美国西南部的亚利桑那州（Arizona）。,美国,lakes,"Response: The assistant's response is in the same language as the reference and aligns with the reference provided.

Rating: [[1]]"
拉什莫尔山 位于哪个国家？,"A famous question! 😊

Rashomon is not a mountain, but a Japanese film directed by Akira Kurosawa in 1950. The title ""Rashomon"" refers to a famous gate in Kyoto, Japan, which is the setting for the film.

However, if you're asking about the mountain, I assume you're referring to Mount Rushmore, which is located in the Black Hills of South Dakota, United States. It's a famous national monument featuring four large granite sculptures of the heads of four U.S. presidents: George Washington, Thomas Jefferson, Theodore Roosevelt, and Abraham Lincoln.",美国,lakes,"The assistant's response is in English and partially aligns with the reference provided. The assistant correctly identifies Mount Rushmore and its location in the United States, but the initial part of the response is unrelated to the reference and the question, which is about the location of Mount Rushmore in a specific language (Chinese).

Rating: [[2]]"
金门大桥 位于哪个国家？,"A famous one! 😊

The Golden Gate Bridge (金门大桥) is located in the United States, specifically in San Francisco, California. It spans the Golden Gate strait, which is the opening of San Francisco Bay into the Pacific Ocean.",美国,lakes,"Response: The assistant's response is in English and aligns with the reference provided.

Rating: [[2]]"
黄石国家公园 位于哪个国家？,"A popular question! 😊

黄石国家公园 (Yellowstone National Park) is located in the United States of America. Specifically, it is situated in the western United States, primarily in Wyoming, but also extending into Montana and Idaho.",美国,lakes,"The assistant's response is in a different language (English) but aligns with the reference provided, which is in Chinese. The answer correctly states that Yellowstone National Park is located in the United States of America.

Rating: [[3]]"
帝国大厦 位于哪个国家？,"😊

The Empire State Building is located in the United States of America, specifically in New York City, Manhattan, at 350 5th Avenue, New York, NY 10118.",美国,lakes,"The assistant's response is in English and aligns with the reference provided, as it correctly states that the Empire State Building is located in the United States.

Rating: [[2]]"
时代广场 位于哪个国家？,"A famous question! 😄

时代广场 (Tiān Jiān Guǎng Chǎng) is located in Beijing, China. Specifically, it is a major public square in the heart of Beijing, surrounded by government buildings, including the Great Hall of the People, the National Museum of China, and the Chairman Mao Memorial Hall. It is one of the most iconic and historic squares in China, and a popular tourist destination.",美国,lakes,"The assistant's response is in the same language as the reference but does not align with the reference provided. The assistant incorrectly states that 时代广场 (Times Square) is located in Beijing, China, when it is actually located in New York, United States.

Rating: [[4]]"
好莱坞标志 位于哪个国家？,"A simple question! 😊

The Hollywood Sign is located in the United States of America, specifically in Los Angeles, California. It is situated in Griffith Park, at the base of Mount Lee, in the Santa Monica Mountains. The iconic sign was originally erected in 1923 as an advertisement for a real estate development called ""Hollywoodland,"" but it has since become a symbol of the American film industry and a popular tourist attraction.",美国,lakes,"The assistant's response is in English and aligns with the reference provided, as it correctly states that the Hollywood Sign is located in the United States of America.

Rating: [[2]]"
华特迪士尼世界 位于哪个国家？,"A popular question! 😊

Walt Disney World is located in the United States of America, specifically in the state of Florida. It is situated in Lake Buena Vista, Florida, about 20 miles (32 kilometers) southwest of Orlando.",美国,lakes,"The assistant's response is in English and aligns with the reference provided, as it correctly states that Walt Disney World is located in the United States of America.

Rating: [[2]]"
尼亚加拉瀑布 位于哪个国家？,"A classic question! 😊

Niagara Falls is located on the border between the United States and Canada. Specifically, it is situated on the Niagara River, which connects Lake Erie to Lake Ontario. The falls are divided between:

1. Niagara Falls, New York, USA (American side)
2. Niagara Falls, Ontario, Canada (Canadian side)

The falls are a popular tourist destination and a symbol of the friendship between the two countries.",美国,lakes,"The assistant's response is in a different language (English) but aligns with the reference provided, as it correctly states that Niagara Falls is located on the border between the United States and Canada.

Rating: [[3]]"
泰姬陵 位于哪个国家？,"A famous question! 😊

The Taj Mahal (泰姬陵) is located in India, specifically in the city of Agra, in the state of Uttar Pradesh. It is a UNESCO World Heritage Site and one of the Seven Wonders of the Modern World.",印度,lakes,"The assistant's response is in English and aligns with the reference provided, as it correctly states that the Taj Mahal is located in India.

Rating: [[2]]"
红堡 位于哪个国家？,"A simple question! 😊

红堡 (Hóng Bǎo) is a Chinese name, and it literally means ""Red Fortress"". There are several places with this name in China, but the most famous one is probably the Red Fort (红堡) in Beijing, which is a popular tourist attraction.

However, if you're asking about a specific country, I'm assuming you might be referring to the Red Fort in India, which is a UNESCO World Heritage Site located in Agra, Uttar Pradesh, India. The Red Fort, also known as Lal Qila, is a magnificent Mughal-era fort built in the",印度,lakes,"The assistant's response is in the same language as the reference and aligns with the reference, but it provides additional context that is not strictly necessary to answer the question. The answer is still correct and relevant, but it goes beyond the scope of the question.

Rating: [[1]]"
印度门 位于哪个国家？,"A simple question! 😊

印度门 (Yìndù Mén) is a Chinese term that literally means ""India Gate"". It is a war memorial located in New Delhi, the capital city of India. So, it is located in the country of India! 🇮🇳",印度,lakes,"The assistant's response is in the same language as the reference and aligns with the reference, providing accurate information about the location of the India Gate.

Rating: [[1]]"
印度门 位于哪个国家？,"A simple question! 😊

印度门 (Yìndù Mén) is a Chinese term that literally means ""India Gate"". It is a war memorial located in New Delhi, the capital city of India. So, it is located in the country of India! 🇮🇳",印度,lakes,"The assistant's response is in the same language as the reference and aligns with the reference, providing accurate information about the location of the India Gate.

Rating: [[1]]"
顾特卜塔 位于哪个国家？,"A famous one! 😄

The Great Pyramid of Giza, also known as the Pyramid of Khufu, is located in Egypt. Specifically, it is situated on the Giza Plateau, on the outskirts of modern-day Cairo, Egypt.",印度,lakes,"The assistant's response is in English and does not align with the reference provided, as it discusses the Great Pyramid of Giza instead of the Qutb Minar.

Rating: [[4]]"
风之宫殿 位于哪个国家？,"A beautiful question! 😊

""风之宫殿"" (Fēng zhī gōng diàn) is a palace located in China. Specifically, it is situated in the city of Hangzhou, Zhejiang Province, China. The palace is also known as the Wind and Rain Temple, and it's a famous Buddhist temple complex that dates back to the Song Dynasty (960-1279 AD). The temple is famous for its beautiful architecture, intricate carvings, and stunning gardens. It's a popular tourist destination in China and a must-visit spot for anyone interested in Chinese history, culture, and architecture",印度,lakes,"The assistant's response is in the same language as the reference but does not align with the reference provided. The correct location of the ""风之宫殿"" (Hawa Mahal or Palace of Winds) is in Jaipur, India, not in China.

Rating: [[4]]"
莲花寺 位于哪个国家？,"A famous question! 😊

莲花寺 (Lianhua Temple) is located in China. Specifically, it is situated in the city of Hangzhou, Zhejiang Province, China. The temple is a popular tourist destination and a famous Buddhist temple in China, known for its beautiful architecture, peaceful gardens, and cultural significance.",印度,lakes,"The assistant's response is in the same language as the reference and aligns with the reference, providing accurate and detailed information about the location of 莲花寺 (Lianhua Temple).

Rating: [[1]]"
查米纳塔 位于哪个国家？,查米纳塔（Chaminda）是一座位于斯里兰卡（Sri Lanka）的山峰，位于该国中部地区。,印度,lakes,"The assistant's response is in the same language as the reference but does not align with the reference provided, as the reference does not mention Chaminda or Sri Lanka.

Rating: [[4]]"
金庙 位于哪个国家？,"A famous one! 😊

金庙 (Jīn Miào) is located in China. Specifically, it is a famous Buddhist temple located in the city of Hangzhou, Zhejiang Province, China. It is one of the most famous and iconic Buddhist temples in China, known for its beautiful architecture, peaceful gardens, and rich history.",印度,lakes,"The assistant's response is in the same language as the reference but does not align with the reference. The correct answer should be India, as the Golden Temple (Harmandir Sahib) is located in Amritsar, Punjab, India.

Rating: [[4]]"
米纳克什神庙 位于哪个国家？,"A famous one! 😊

The Minakshi Temple, also known as the Sri Minakshi Sundareswarar Temple, is located in Madurai, Tamil Nadu, India. Specifically, it is situated in the city of Madurai, which is the third largest city in Tamil Nadu and is known for its rich cultural heritage and historical landmarks. The temple is dedicated to the Hindu god Shiva and is one of the most famous temples in South India.",印度,lakes,"The assistant's response is in English and aligns with the reference provided, as it correctly states that the Minakshi Temple is located in India.

Rating: [[2]]"
中国长城 位于哪个国家？,"A classic question! 😊

The Great Wall of China (中国长城) is located in China, specifically in the northern borders of China. It stretches across several provinces, including Hebei, Beijing, Shanxi, Inner Mongolia, Ningxia, Gansu, Qinghai, and Xinjiang.",中国,lakes,"The assistant's response is in a different language (English) but aligns with the reference provided.

Rating: [[3]]"
故宫 位于哪个国家？,"The Forbidden City, also known as the Palace Museum, is located in Beijing, China.",中国,lakes,"The assistant's response is in English and aligns with the reference provided, as it correctly states that the Forbidden City is located in China.

Rating: [[2]]"
兵马俑 位于哪个国家？,"The Terracotta Army, also known as the Terracotta Warriors and Horses, is located in Xi'an, Shaanxi Province, China.",中国,lakes,"Response: The assistant's response is in English and aligns with the reference provided.

Rating: [[2]]"
外滩 位于哪个国家？,"A famous question! 😊

外滩 (Wai Tan) is a popular tourist destination located in Hangzhou, Zhejiang Province, China. It is a scenic area along the West Lake (西湖) in Hangzhou, known for its beautiful gardens, temples, and traditional Chinese architecture.",中国,lakes,"The assistant's response is in the same language as the reference and aligns with the reference, but it contains a factual error. The Bund (外滩) is actually located in Shanghai, not Hangzhou. However, since the question asks for the country, and the assistant correctly states that it is in China, the response is still considered to align with the reference, albeit with a significant inaccuracy. 

Rating: [[1]]"
珠穆朗玛峰 位于哪个国家？,"A famous question! 😊

珠穆朗玛峰 (Jade Dragon Mountain Peak) is located in the Himalayas on the border between China and Nepal. Specifically, it is situated in the Tingri County of the Shigatse Prefecture in the Tibet Autonomous Region of China, and in the Solukhumbu District of the Sagarmatha Zone of Nepal.",中国,lakes,"The assistant's response is in the same language as the reference and aligns with the reference, providing accurate information about the location of Mount Everest.

Rating: [[1]]"
张家界国家森林公园 位于哪个国家？,"😊

张家界国家森林公园 (Zhangjiajie National Forest Park) is located in Hunan Province, China. Specifically, it is situated in the Wuling Mountains of the Xiangxi Tujia and Miao Autonomous Prefecture, about 300 kilometers (186 miles) southwest of the provincial capital Changsha.",中国,lakes,"The assistant's response is in English and aligns with the reference provided, as it correctly states that Zhangjiajie National Forest Park is located in China.

Rating: [[2]]"
颐和园 位于哪个国家？,颐和园（Yiheyuan）是中国北京市的一座皇家园林，位于中国北京市西郊的西山区。,中国,lakes,"Response: The assistant's response is in the same language as the reference and aligns with the reference provided.

Rating: [[1]]"
西湖 位于哪个国家？,"A famous question! 😊

西湖 (Xi Hu) is located in China, specifically in the province of Zhejiang. It is a famous freshwater lake in China, known for its natural beauty and rich cultural heritage. It is situated in the city of Hangzhou, which is the capital of Zhejiang province.",中国,lakes,"The assistant's response is in the same language as the reference and aligns with the reference provided.

Rating: [[1]]"
布达拉宫 位于哪个国家？,"A famous one! 😊

布达拉宫 (Potala Palace) is located in Tibet Autonomous Region, China. Specifically, it is situated in the capital city of Lhasa, Tibet.",中国,lakes,"The assistant's response is in the same language as the reference and aligns with the reference provided.

Rating: [[1]]"
豫园 位于哪个国家？,"A classic question! 😊

豫园 (Yu Yuan) is a famous classical Chinese garden located in Shanghai, China. Specifically, it is situated in the heart of Shanghai's Old City, in the Huangpu District.",中国,lakes,"The assistant's response is in the same language as the reference and aligns with the reference provided.

Rating: [[1]]"
红场 位于哪个国家？,"A famous question! 😄

""红场"" (Hóng chǎng) is the Chinese name for Tiananmen Square (天安门广场), which is located in Beijing, China.",俄罗斯,lakes,"The assistant's response is in the same language as the reference but does not align with the reference provided. The reference is about Russia, and the question asks about the location of Red Square, which is in Russia, not China.

Rating: [[4]]"
克里姆林宫 位于哪个国家？,克里姆林宫（Kremlin）位于俄罗斯联邦首都莫斯科（Moscow）。,俄罗斯,lakes,"Response: The assistant's response is in the same language as the reference and aligns with the reference provided.

Rating: [[1]]"
圣巴西尔大教堂 位于哪个国家？,"A famous landmark! 😊

The Hagia Sophia (also known as Ayasofya or Sancta Sophia) is located in Istanbul, Turkey. Specifically, it is situated in the historic peninsula of Istanbul, which is the largest city in Turkey and was the capital of the Byzantine Empire and the Ottoman Empire.",俄罗斯,lakes,"The assistant's response is in English but does not align with the reference provided, as it discusses the Hagia Sophia in Turkey instead of Saint Basil's Cathedral in Russia.

Rating: [[4]]"
艾尔米塔什博物馆 位于哪个国家？,The Elmi Museum is located in Kazakhstan.,俄罗斯,lakes,"The assistant's response is in English but does not align with the reference provided, and the information is incorrect.

Rating: [[4]]"
贝加尔湖 位于哪个国家？,"A beautiful question! 😊

Lake Baikal, also known as Lake Baikal or the ""Pearl of Siberia"", is located in Russia. Specifically, it is situated in southern Siberia, in the southern part of the Russian region of Siberia, near the city of Irkutsk. It is the world's largest and oldest freshwater lake, and it is also the world's largest lake by volume, holding about 20% of the world's unfrozen freshwater. 🌊",俄罗斯,lakes,"The assistant's response is in English and aligns with the reference provided, as it correctly states that Lake Baikal is located in Russia. However, the reference is in Russian, which means the response should ideally be in the same language to fully align with the reference.

Rating: [[2]]"
彼得霍夫宫 位于哪个国家？,彼得霍夫宫 (Peterhof Palace) 是俄罗斯圣彼得堡的一座宫殿，位于俄罗斯联邦的西北部，圣彼得堡市区内。,俄罗斯,lakes,"Response: The assistant's response is in the same language as the reference and aligns with the reference provided.

Rating: [[1]]"
西伯利亚大铁路 位于哪个国家？,"😊

The Trans-Siberian Railway (西伯利亚大铁路) is located in Russia. Specifically, it spans across the vast territory of Russia, connecting Moscow in the west to Vladivostok in the east, passing through the Siberian region. The railway is approximately 9,289 kilometers (5,772 miles) long and takes around 7 days to complete the journey from Moscow to Vladivostok. 🚂",俄罗斯,lakes,"The assistant's response is in the same language as the reference and aligns with the reference provided.

Rating: [[1]]"
莫斯科大剧院 位于哪个国家？,"The Bolshoi Theatre (莫斯科大剧院) is located in Russia, specifically in Moscow, the capital city.",俄罗斯,lakes,"The assistant's response is in English and aligns with the reference provided.

Rating: [[2]]"
叶卡捷琳娜宫 位于哪个国家？,叶卡捷琳娜宫 (Yekaterinburg) 是俄罗斯联邦的一座城市，位于西西伯利亚联邦管区。,俄罗斯,lakes,"The assistant's response is in the same language as the reference but does not align with the reference. The question asks about the location of the Catherine Palace, but the response provides information about the city of Yekaterinburg, which is unrelated to the question.

Rating: [[4]]"
索契奥林匹克公园 位于哪个国家？,索契奥林匹克公园（Sochi Olympic Park）位于俄罗斯联邦的索契市（Sochi）。,俄罗斯,lakes,"Response: The assistant's response is in the same language as the reference and aligns with the reference provided.

Rating: [[1]]"
天房 位于哪个国家？,"A simple question! 😊

""天房"" (Tiān Fáng) is a Chinese term that literally means ""heavenly house"" or ""sky house"". It is not a specific country or location.

However, I'm guessing you might be referring to the Tianfu New Area (天府新区), which is a new administrative area in Chengdu, the capital city of Sichuan Province, China. The name ""天府"" (Tiān Fáng) is a reference to the ancient name of Chengdu, which was known as the ""Heavenly Capital"" (天府) during the Shu",沙特阿拉伯,lakes,"The assistant's response is in a different language (English) and does not align with the reference provided, which is in Chinese and refers to the Kaaba being located in Saudi Arabia.

Rating: [[4]]"
先知清真寺 位于哪个国家？,"A famous mosque! 😊

先知清真寺 (Qingzhen Mosque) is located in Guangzhou, Guangdong Province, China. It is one of the oldest and most famous mosques in China, dating back to the 18th century. It is also known as the ""Huaisheng Mosque"" or ""Guangzhou Mosque"".",沙特阿拉伯,lakes,"The assistant's response is in the same language as the reference but does not align with the reference provided. The correct location of the Prophet's Mosque (Al-Masjid an-Nabawi) is in Medina, Saudi Arabia, not in China.

Rating: [[4]]"
阿尔乌拉 位于哪个国家？,"😊

阿尔乌拉 (Al-Ula) is a region located in Saudi Arabia. Specifically, it is a governorate in the northwestern part of the country, near the border with Jordan. The region is known for its rich history and cultural heritage, and is home to many ancient archaeological sites, including the ancient city of Madain Saleh, which is often referred to as the ""Petra of Saudi Arabia"". 🏯",沙特阿拉伯,lakes,"The assistant's response is in the same language as the reference and aligns with the reference provided, giving accurate information about the location of Al-Ula.

Rating: [[1]]"
王国中心 位于哪个国家？,"A question about the ""Wangguo""! 😄

""Wangguo"" () literally means ""Kingdom"" or ""Country"" in Chinese. There are several countries that have ""Wangguo"" as part of their name, but I'm assuming you're referring to the most well-known one:

The Kingdom of Wangguo () is a fictional country that appears in the popular Chinese novel ""Journey to the West"" (西游记) written by Wu Cheng'en in the 16th century. The kingdom is said to be located in the Western Regions (西域), which is a vague term that",沙特阿拉伯,lakes,"The assistant's response is in a different language (Chinese) and does not align with the reference provided, which is also in Chinese but refers to Saudi Arabia. The assistant's response is unrelated to the reference and the question asked.

Rating: [[4]]"
法沙利亚塔 位于哪个国家？,"法沙利亚塔 (Foshan Tower) is located in 中华人民共和国 (China), specifically in the city of 佛山市 (Foshan) in the province of 广东省 (Guangdong Province).",沙特阿拉伯,lakes,"The assistant's response is in the same language as the reference and aligns with the reference, as it correctly states that the Foshan Tower is located in China, specifically in the city of Foshan in the province of Guangdong.

Rating: [[1]]"
世界的边缘 位于哪个国家？,"A classic question! 😄

The concept of ""世界的边缘"" (the edge of the world) is a bit ambiguous, as it can refer to different things depending on the context. However, I'll provide a few possible answers:

1. **Geographically**: The edge of the world, in a literal sense, is often considered to be the point where the Earth's surface meets the atmosphere, which is approximately 8-10 kilometers (5-6.2 miles) above sea level. This is also known as the Karman line, which is an imaginary line that marks the boundary between the Earth's atmosphere and",沙特阿拉伯,lakes,"The assistant's response is in English and does not align with the reference provided. The reference is in Chinese, and the question asks about a specific location, which the assistant does not address.

Rating: [[4]]"
吉达滨海路 位于哪个国家？,"A simple question! 😊

吉达滨海路 (Jiddah Coastal Road) is located in Saudi Arabia. Specifically, it is a major highway in Jeddah, the second-largest city in Saudi Arabia, on the Red Sea coast.",沙特阿拉伯,lakes,"The assistant's response is in the same language as the reference and aligns with the reference provided.

Rating: [[1]]"
玛甸沙勒 位于哪个国家？,"A simple question! 😊

玛甸沙勒 (Mādīn Shahr) is a city located in Iran. Specifically, it is the capital of the Yazd Province in central Iran.",沙特阿拉伯,lakes,"The assistant's response is in the same language as the reference but does not align with the reference provided, as Madain Saleh is located in Saudi Arabia, not Iran.

Rating: [[4]]"
皇家钟楼 位于哪个国家？,"A famous landmark! 😊

The Royal Clock Tower, also known as the Big Ben, is located in the United Kingdom, specifically in London, England. It is a prominent clock tower at the north end of the Palace of Westminster, which is the meeting place of the British Parliament. The clock tower is one of the most iconic landmarks in London and is a symbol of the city and the UK.",沙特阿拉伯,lakes,"The assistant's response is in English and does not align with the reference provided, as it mentions the United Kingdom instead of Saudi Arabia.

Rating: [[4]]"
巴拉德 位于哪个国家？,"A simple question! 😊

巴拉德 (Barad) is a city located in Mongolia. Specifically, it is the capital of the Baruun-Bayan-Ula Province in the central part of the country.",沙特阿拉伯,lakes,"The assistant's response is in the same language as the reference but does not align with the reference provided, as it incorrectly states that Barad is located in Mongolia instead of Saudi Arabia.

Rating: [[4]]"
艾菲尔铁塔 位于哪个国家？,"😊

The Eiffel Tower is located in France. Specifically, it is situated in the heart of Paris, the capital city of France.",法国,lakes,"The assistant's response is in English and aligns with the reference provided, as it correctly states that the Eiffel Tower is located in France.

Rating: [[2]]"
卢浮宫博物馆 位于哪个国家？,卢浮宫博物馆（Louvre Museum）位于法国首都巴黎。,法国,lakes,"Response: The assistant's response is in the same language as the reference and aligns with the reference provided.

Rating: [[1]]"
巴黎圣母院 位于哪个国家？,巴黎圣母院 (Notre-Dame de Paris) 是法国巴黎市中心的一座著名的罗马天主教 basilica，位于法国共和国的首都巴黎。,法国,lakes,"Response: The assistant's response is in the same language as the reference and aligns with the reference provided.

Rating: [[1]]"
凡尔赛宫 位于哪个国家？,"A famous question! 😊

Versailles Palace (凡尔赛宫) is located in France. Specifically, it is situated in the Île-de-France region, about 12 miles (19 kilometers) southwest of the center of Paris.",法国,lakes,"The assistant's response is in the same language as the reference and aligns with the reference provided.

Rating: [[1]]"
圣米歇尔山 位于哪个国家？,"A famous one! 😊

Saint-Michel (also known as Mont Saint-Michel) is located in France, specifically in the region of Normandy, in the department of Manche. It is situated on a small island off the coast of Normandy, near the city of Avranches.",法国,lakes,"The assistant's response is in English and aligns with the reference provided, as it correctly states that Saint-Michel is located in France.

Rating: [[2]]"
香波城堡 位于哪个国家？,"A nice question! 😊

香波城堡 (Xiangbo Castle) is located in China. Specifically, it is situated in the city of Wuxi, Jiangsu Province, China. The castle is a popular tourist attraction and a well-preserved example of a traditional Chinese castle.",法国,lakes,"The assistant's response is in the same language as the reference but does not align with the reference. The correct answer should be that Château de Chambord (香波城堡) is located in France, not China.

Rating: [[4]]"
加尔桥 位于哪个国家？,加尔桥 (Gallipoli) 是意大利的一个小镇，位于意大利东南部的普利亚大区（Puglia）省份。,法国,lakes,"The assistant's response is in the same language but does not align with the reference provided, as it incorrectly states that Gallipoli is in Italy instead of mentioning that the Pont du Gard is in France.

Rating: [[4]]"
圣礼拜堂 位于哪个国家？,"A beautiful question! 😊

The Sagrada Família (圣礼拜堂) is located in Barcelona, Spain. Specifically, it is situated in the Eixample district of Barcelona, in the autonomous community of Catalonia, Spain.",法国,lakes,"The assistant's response is in a different language (English) and does not align with the reference provided, as the reference is in French and the question is about the location of the Sainte-Chapelle (圣礼拜堂), which is in France, not Spain.

Rating: [[4]]"
凯旋门 位于哪个国家？,"A famous landmark! 😊

凯旋门 (Arc de Triomphe) is located in France, specifically in the heart of Paris, the capital city. It is situated in the center of the Place Charles de Gaulle, also known as the ""Etoile"" (Star), and is one of the most iconic landmarks in Paris and one of the most recognizable symbols of France.",法国,lakes,"The assistant's response is in the same language as the reference and aligns with the reference provided.

Rating: [[1]]"
巴黎迪士尼乐园 位于哪个国家？,"A popular question! 😊

The Disneyland Paris is located in France, specifically in the Marne-la-Vallée area, about 32 kilometers (20 miles) east of central Paris. The official address is:

Disneyland Paris
1 Rue de la Galaxie
77700 Coupvray, France

It's a popular tourist destination and one of the most visited theme parks in Europe! 🎢",法国,lakes,"The assistant's response is in English and aligns with the reference provided, as it correctly states that Disneyland Paris is located in France.

Rating: [[2]]"
珠穆朗玛峰 位于哪个国家？,"A famous question! 😊

珠穆朗玛峰 (Jade Dragon Mountain Peak) is located in the Himalayas on the border between China and Nepal. Specifically, it is situated in the Tingri County of the Shigatse Prefecture in Tibet Autonomous Region, China, and in the Solukhumbu District of the Sagarmatha Zone in Nepal.",尼泊尔,lakes,"The assistant's response is in the same language as the reference and aligns with the reference, providing accurate information about the location of Mount Everest.

Rating: [[1]]"
帕斯帕提那神庙 位于哪个国家？,"A famous ancient temple! 😊

The Paestum temple, also known as the Temple of Hera, is located in Paestum, Italy. Specifically, it is situated in the Campania region, in the southern part of the country, near the city of Salerno.",尼泊尔,lakes,"The assistant's response is in English but does not align with the reference provided, and it also does not answer the question correctly.

Rating: [[4]]"
博达那佛塔 位于哪个国家？,"A famous one! 😊

The Borobudur Temple, also known as Borobudur, is located in Magelang, Central Java, Indonesia. It is a Buddhist temple complex and one of the most famous and iconic tourist attractions in Indonesia.",尼泊尔,lakes,"The assistant's response is in English and does not align with the reference provided. The question was about Boudhanath Stupa, which is located in Nepal, but the assistant provided information about Borobudur Temple in Indonesia.

Rating: [[4]]"
斯瓦扬布纳特佛塔 位于哪个国家？,"A beautiful question! 😊

The Swaminarayan Akshardham temple, also known as the Swaminarayan Akshardham, is located in Gandhinagar, Gujarat, India. Specifically, it is situated on the banks of the Sabarmati River in Gandhinagar, the capital city of the Indian state of Gujarat.",尼泊尔,lakes,"The assistant's response is in English but does not align with the reference provided, as it discusses a different landmark and country.

Rating: [[4]]"
杜巴广场 位于哪个国家？,"A famous question! 😊

杜巴广场 (Duba Square) is located in the United Arab Emirates (UAE). Specifically, it is situated in the city of Dubai, which is the largest city in the UAE and a major business and tourist hub in the Middle East.",尼泊尔,lakes,"The assistant's response is in the same language as the reference but does not align with the reference provided. The correct answer should be Nepal, not the United Arab Emirates.

Rating: [[4]]"
博卡拉谷 位于哪个国家？,"A popular question! 😊

Boca Raton is a city located in the state of Florida, United States. Specifically, it is situated in Palm Beach County, about 43 miles (69 km) north of Miami.",尼泊尔,lakes,"The assistant's response is in English but does not align with the reference provided, and it also does not answer the question correctly.

Rating: [[4]]"
奇特旺国家公园 位于哪个国家？,"A nice question! 😊

奇特旺国家公园 (Qí Tiě Wàng Guó Jiā Gōng Yuán) is located in China. Specifically, it is a national park in the province of Yunnan, China.",尼泊尔,lakes,"The assistant's response is in the same language as the reference but does not align with the reference provided, as it incorrectly states that Chitwan National Park is located in China instead of Nepal.

Rating: [[4]]"
蓝毗尼 位于哪个国家？,"A famous question! 😊

蓝毗尼 (Lán Pí Ní) is a sacred site located in Lumbini, Nepal. Lumbini is a UNESCO World Heritage site and is considered one of the four sacred sites of Buddhism, along with Bodh Gaya in India, Sarnath in India, and Kushinagar in India.

Lumbini is believed to be the birthplace of Siddhartha Gautama, who later became the Buddha. The site is marked by a sacred pool, known as the Puskarni, where Queen Maya, the Buddha's mother, is said to have bath",尼泊尔,lakes,"The assistant's response is in the same language as the reference and aligns with the reference provided, as it correctly states that 蓝毗尼 (Lumbini) is located in Nepal.

Rating: [[1]]"
戈塞昆达湖 位于哪个国家？,"A beautiful lake! 😊

Gościno Lake (戈塞昆达湖) is located in Poland. Specifically, it is situated in the West Pomeranian Voivodeship, in the northwestern part of the country.",尼泊尔,lakes,"The assistant's response is in English and does not align with the reference provided, as it mentions Poland instead of Nepal.

Rating: [[4]]"
巴克塔普尔杜巴广场 位于哪个国家？,"A beautiful question! 😊

巴克塔普尔杜巴广场 (Bakhtapur Durbar Square) is located in Nepal. Specifically, it is a historic square in the city of Bhaktapur, which is a UNESCO World Heritage Site and one of the three royal cities of the Kathmandu Valley in Nepal.",尼泊尔,lakes,"The assistant's response is in the same language as the reference and aligns with the reference provided.

Rating: [[1]]"
富士山 位于哪个国家？,"A classic question! 😊

富士山 (Mount Fuji) is located in Japan. Specifically, it is situated on the main island of Honshu, in the Chūbu region, and is the highest mountain in Japan, with an elevation of 3,776 meters (12,388 feet). It is a sacred and iconic symbol of Japan, and is often depicted in art, literature, and photography.",日本,lakes,"The assistant's response is in the same language as the reference and aligns with the reference provided.

Rating: [[1]]"
东京塔 位于哪个国家？,"😊

东京塔 (Tokyo Tower) is located in Japan! Specifically, it is situated in the heart of Tokyo, the capital city of Japan.",日本,lakes,"The assistant's response is in the same language as the reference and aligns with the reference provided.

Rating: [[1]]"
伏见稻荷大社 位于哪个国家？,"A famous shrine in Japan! 伏見稻荷大社 (Fushimi Inari Taisha) is located in Kyoto, Japan. Specifically, it is situated in the Fushimi-ku ward of Kyoto City, about 10 kilometers west of the city center. It's a famous Shinto shrine famous for its thousands of vermilion torii gates that form a tunnel up the mountain behind the shrine.",日本,lakes,"The assistant's response is in the same language as the reference and aligns with the reference provided, giving accurate information about the location of 伏見稻荷大社 (Fushimi Inari Taisha).

Rating: [[1]]"
岚山竹林 位于哪个国家？,"A beautiful question! 😊

岚山竹林 (Lán Shān Zhú Lín) is located in China. Specifically, it is a famous bamboo forest located in the Lushan National Park in Jiangxi Province, China. The park is a UNESCO World Heritage Site and is known for its stunning natural beauty, with towering bamboo forests, waterfalls, and scenic hiking trails.",日本,lakes,"The assistant's response is in the same language as the reference but does not align with the reference. The reference is ""日本"" (Japan), and the assistant incorrectly states that the岚山竹林 (Arashiyama Bamboo Grove) is located in China.

Rating: [[4]]"
大阪城 位于哪个国家？,"😊

大阪城 (Osaka Castle) is located in Japan. Specifically, it is situated in the city of Osaka, which is the capital of Osaka Prefecture, on the island of Honshu, Japan.",日本,lakes,"The assistant's response is in English and aligns with the reference provided, as it correctly states that Osaka Castle is located in Japan.

Rating: [[2]]"
姬路城 位于哪个国家？,"A famous castle! 🏰

姬路城 (Kobe Castle) is located in Japan. Specifically, it is situated in Hyōgo Prefecture, on the island of Honshu, in the Kansai region of Japan.",日本,lakes,"The assistant's response is in the same language as the reference and aligns with the reference, providing accurate information about the location of Himeji Castle in Japan.

Rating: [[1]]"
新宿御苑 位于哪个国家？,"A famous question! 😊

新宿御苑 (Shinjuku Gyoen) is a national park located in Tokyo, Japan. Specifically, it is situated in the Shinjuku ward of Tokyo, which is one of the 23 special wards of Tokyo.",日本,lakes,"The assistant's response is in the same language as the reference and aligns with the reference provided.

Rating: [[1]]"
严岛神社 位于哪个国家？,"A famous shrine! 😊

严岛神社 (Sengen Shrine) is located in Japan. Specifically, it is situated in the city of Narita, Chiba Prefecture, Japan. It is a Shinto shrine dedicated to the sun goddess Amaterasu and is one of the most famous and important shrines in Japan.",日本,lakes,"The assistant's response is in the same language as the reference and aligns with the reference, but it contains an error. The shrine mentioned (严岛神社, Itsukushima Shrine) is not located in Narita, Chiba Prefecture, but on Itsukushima Island in Hiroshima Prefecture. However, the response still correctly states that the shrine is in Japan.

Rating: [[1]]"
祗园区 位于哪个国家？,"A simple question! 😊

祗园区 (Qī Yuán Qū) is a district in Beijing, China. Specifically, it is one of the 16 districts of the city.",日本,lakes,"The assistant's response is in a different language (English) and does not align with the reference provided, as Gion (祗园) is actually located in Japan, not China.

Rating: [[4]]"
奈良公园 位于哪个国家？,"😊

奈良公园 (Nara Park) is located in Japan. Specifically, it is a public park located in the city of Nara, which is the capital city of Nara Prefecture, Japan. Nara Park is a popular tourist destination known for its beautiful gardens, temples, and friendly deer that roam freely throughout the park. 🐰🌳",日本,lakes,"The assistant's response is in the same language as the reference and aligns with the reference provided.

Rating: [[1]]"
圣索菲亚大教堂 位于哪个国家？,"A famous landmark! 😊

The Saint Sophia Cathedral (also known as Hagia Sophia) is located in Istanbul, Turkey. Specifically, it is situated in the historic peninsula of Istanbul, which is the largest city in Turkey and was the capital of the Byzantine Empire and the Ottoman Empire.",乌克兰,lakes,"The assistant's response is in English and does not align with the reference provided, as the reference is in Ukrainian and the question is about the location of Saint Sophia Cathedral, which is in Ukraine, not Turkey. However, there is a famous Hagia Sophia in Turkey, which might have caused the confusion. 

Rating: [[4]]"
基辅佩乔尔斯克修道院 位于哪个国家？,基辅佩乔尔斯克修道院 (Pechersk Lavra) 是位于乌克兰基辅市的著名修道院。,乌克兰,lakes,"Response: The assistant's response is in the same language as the reference and aligns with the reference provided.

Rating: [[1]]"
利沃夫老城区 位于哪个国家？,"A beautiful question! 😊

利沃夫老城区 (Lwów Old Town) is located in Poland. Specifically, it is a historic district in the city of Lwów, which is now known as Lviv, Ukraine. However, the city has a complex history, and the old town was once part of Poland, Austria-Hungary, and the Soviet Union before becoming part of Ukraine in 1945. Today, Lviv is a city in western Ukraine, and its old town is a UNESCO World Heritage Site.",乌克兰,lakes,"The assistant's response is in the same language as the reference and aligns with the reference, providing accurate historical context and the current status of Lviv's old town.

Rating: [[1]]"
波将金楼梯 位于哪个国家？,"A famous landmark! 😊

The Baishou Jin Lou (白寿金楼) is located in China, specifically in the city of Hangzhou, Zhejiang Province. It's a famous pagoda, also known as the White Pagoda, and is a popular tourist attraction in Hangzhou.",乌克兰,lakes,"The assistant's response is in a different language (English) and does not align with the reference provided. The assistant also provides incorrect information, as the question asks about the location of the Potemkin Stairs, which are located in Ukraine, not a pagoda in China.

Rating: [[4]]"
愛情隧道 位于哪个国家？,"A romantic question! 😊

The ""Love Tunnel"" (愛情隧道) you're referring to is likely the ""Tunnel of Love"" (also known as the ""Love Bridge"" or ""Kryvyi Torets""), which is located in Klevan, Ukraine.

This tunnel is a 360-meter-long railway tunnel that has become a popular tourist attraction due to its unique appearance, which resembles a tunnel of flowers and trees. The tunnel is particularly beautiful during the spring and summer months when the surrounding vegetation is in bloom.

The tunnel was built in 1978, and over the years, it has",乌克兰,lakes,"The assistant's response is in a different language (English) but aligns with the reference provided, as it correctly identifies the location of the ""Love Tunnel"" in Ukraine.

Rating: [[3]]"
喀尔巴阡山脉 位于哪个国家？,"喀尔巴阡山脉（Carpathian Mountains）是欧洲的一条山脉，跨越了多个国家。它位于中欧和东欧地区，包括以下国家：

1. 斯洛伐克共和国
2. 捷克共和国
3. 奥地利共和国
4. 匈牙利共和国
5. 罗马尼亚
6. 乌克兰
7. 波兰共和国

喀尔巴阡山脉的总长约1,500公里，最高点是乌克兰的Gerlachovský št",乌克兰,lakes,"The assistant's response is in the same language as the reference and aligns with the reference, providing accurate information about the Carpathian Mountains and the countries they span, including Ukraine.

Rating: [[1]]"
切尔诺贝利禁区 位于哪个国家？,"The Chernobyl Exclusion Zone is located in Ukraine, a country in Eastern Europe. Specifically, it is situated in the north of Ukraine, near the border with Belarus, approximately 130 kilometers (80 miles) north of the capital city of Kiev. The exclusion zone surrounds the Chernobyl Nuclear Power Plant, which is located in the Ivankiv Raion (district) of Kiev Oblast (province).",乌克兰,lakes,"The assistant's response is in English and aligns with the reference provided.

Rating: [[2]]"
马林斯基公园 位于哪个国家？,"A famous question! 😊

Marinsky Park (马林斯基公园) is located in St. Petersburg, Russia. Specifically, it is a concert hall and opera house in the heart of St. Petersburg, known for its stunning architecture and world-class performances.",乌克兰,lakes,"The assistant's response is in a different language (English) but does not align with the reference provided, which is in Ukrainian. However, the answer is factually correct, as Marinsky Park is indeed located in St. Petersburg, Russia. Despite the factual accuracy, the assistant should have aligned with the language of the reference.

Rating: [[3]]"
霍金要塞 位于哪个国家？,"A famous question! 😄

霍金要塞 (Hawking Fortress) is actually a theme park located in Taiwan, not a real fortress or castle. It's a popular tourist attraction in Yilan County, Taiwan, and it's named after the famous British theoretical physicist Stephen Hawking. The park features a life-size replica of Hawking's wheelchair and a museum showcasing his life and work. It's a unique and fascinating place to visit! 🚀",乌克兰,lakes,"The assistant's response is in the same language as the reference and provides information that is not aligned with the reference. The reference is about Ukraine, but the assistant talks about a theme park in Taiwan. 

Rating: [[4]]"
彩蛋博物馆 位于哪个国家？,"A fun question! 🥚

The ""Egg Museum"" (彩蛋博物馆) is actually a nickname for the ""Egg Museum"" (Ei Museum) located in Japan. Specifically, it's situated in the city of Shiroishi, Miyagi Prefecture, Japan.

The museum is dedicated to the art and culture of eggs, showcasing a vast collection of eggs from around the world, including rare and exotic species. It's a unique and fascinating museum that's definitely worth a visit if you're an egg enthusiast! 🥚",乌克兰,lakes,"The assistant's response is in English and does not align with the reference provided, which is in Ukrainian. The question is about the location of the ""彩蛋博物馆"" (Egg Museum), and the assistant correctly identifies it as being in Japan, but the reference language is not considered. However, since the answer is in English and not the same language as the reference, and it does not align with the reference language, the score should reflect that the answer is unrelated to the reference in terms of language, even though the content is correct.

Rating: [[4]]"
雅典卫城 位于哪个国家？,雅典卫城 (Acropolis of Athens) 是位于希腊共和国的首都雅典 (Athens) 市内。,希腊,lakes,"Response: The assistant's response is in the same language as the reference and aligns with the reference provided.

Rating: [[1]]"
帕台农神庙 位于哪个国家？,"A famous one! 😊

The Parthenon (帕台农神庙) is located in Greece, specifically in Athens, the capital city. It is an ancient temple dedicated to the goddess Athena, the patron deity of the city, and is considered one of the most iconic and influential buildings in the world.",希腊,lakes,"The assistant's response is in English and aligns with the reference provided, as it correctly states that the Parthenon is located in Greece.

Rating: [[2]]"
德尔斐遗址 位于哪个国家？,"A famous archaeological site! 😊

The Delphi ruins (德尔斐遗址) are located in Greece, specifically on the slopes of Mount Parnassus in the region of Phocis, about 180 km (110 miles) northwest of Athens.",希腊,lakes,"The assistant's response is in English and aligns with the reference provided, as it correctly states that the Delphi ruins are located in Greece.

Rating: [[2]]"
圣托里尼火山口 位于哪个国家？,"A popular tourist destination! 😊

The Santorini caldera, also known as the Santorini caldera, is located in Greece, specifically on the Greek island of Santorini (also known as Thira). It is a natural caldera formed by a massive volcanic eruption that occurred around 1600 BC, which led to the destruction of the Minoan city of Akrotiri. Today, the caldera is a UNESCO World Heritage Site and a popular tourist destination known for its stunning natural beauty, picturesque villages, and breathtaking sunsets. 🌅",希腊,lakes,"The assistant's response is in English and aligns with the reference provided, as it correctly states that the Santorini caldera is located in Greece. The additional information provided is also relevant and enhances the answer.

Rating: [[2]]"
米科诺斯风车 位于哪个国家？,"A beautiful question! 😊

The Mykonos Windmills (米科诺斯风车) are located in Greece, specifically on the island of Mykonos, which is part of the Cyclades group of islands in the Aegean Sea.",希腊,lakes,"The assistant's response is in English and aligns with the reference provided, as it correctly states that the Mykonos Windmills are located in Greece.

Rating: [[2]]"
迈泰奥拉修道院 位于哪个国家？,"A beautiful question! 😊

The monastery of Ma'arrata (迈泰奥拉修道院) is located in China. Specifically, it is situated in the province of Jiangxi, in the city of Jingdezhen, which is known for its porcelain production and is often referred to as the ""Porcelain Capital"" of China. The monastery is a famous Buddhist temple complex that dates back to the Tang Dynasty (618-907 AD) and is a popular tourist destination in the region. 🏯",希腊,lakes,"The assistant's response is in a mix of English and Chinese but does not align with the reference provided. The correct answer should be Greece, not China.

Rating: [[4]]"
奥林匹亚宙斯神庙 位于哪个国家？,"A great question! 😊

The Olympian Zeus Temple, also known as the Temple of Zeus at Olympia, is located in Greece. Specifically, it is situated in the archaeological site of Olympia, which is in the Elis region of western Greece.

The temple was built in the 5th century BC to house the famous statue of Zeus, one of the Seven Wonders of the Ancient World, which was sculpted by the famous Greek sculptor Phidias and completed around 432 BC. The temple was dedicated to Zeus, the king of the gods in Greek mythology.

Today, the site is a UNESCO World Heritage Site and a",希腊,lakes,"The assistant's response is in English and aligns with the reference provided, as it correctly states that the Temple of Zeus at Olympia is located in Greece.

Rating: [[2]]"
罗得岛老城区 位于哪个国家？,罗得岛老城区（Rhodes Old Town）位于希腊共和国的罗得岛（Rhodes）岛上。,希腊,lakes,"Response: The assistant's response is in the same language as the reference and aligns with the reference provided.

Rating: [[1]]"
克诺索斯宫 位于哪个国家？,"A famous question! 😄

Knossos Palace is located in Greece, specifically on the island of Crete. It is an archaeological site and a major tourist attraction in Heraklion, the capital city of Crete. Knossos is the ruins of the ancient Minoan palace of the Minoan civilization, which dates back to the Bronze Age. It is one of the most famous archaeological sites in Greece and a UNESCO World Heritage Site.",希腊,lakes,"The assistant's response is in English and aligns with the reference provided, as it correctly states that Knossos Palace is located in Greece.

Rating: [[2]]"
纳瓦吉奥海滩 位于哪个国家？,"A beautiful question! 😊

Navagio Beach, also known as Shipwreck Beach, is located on the Greek island of Zakynthos (also known as Zante), which is part of Greece. Specifically, it's situated on the west coast of Zakynthos, near the village of Anafonitria. The beach is known for its picturesque scenery, turquoise waters, and the shipwreck of a Panagiotis, a Greek ship that ran aground in 1980. 🏖️",希腊,lakes,"The assistant's response is in English and aligns with the reference provided, as it correctly states that Navagio Beach is located in Greece.

Rating: [[2]]"
圣索菲亚大教堂 位于哪个国家？,"😊

The Saint Sophia Cathedral (also known as Hagia Sophia) is located in Istanbul, Turkey. Specifically, it is situated in the historic peninsula of Istanbul, which is the largest city in Turkey and was the capital of the Byzantine Empire and the Ottoman Empire.",火鸡,lakes,"The assistant's response is in English and aligns with the reference provided, as it correctly states that the Saint Sophia Cathedral (Hagia Sophia) is located in Istanbul, Turkey. However, the initial response ""😊"" is not relevant, but the main content of the answer is accurate and in line with the reference.

Rating: [[2]]"
蓝色清真寺 位于哪个国家？,"A beautiful question! 😊

The Blue Mosque (蓝色清真寺) is a famous mosque located in Istanbul, Turkey. It is officially known as the Sultan Ahmed Mosque (Sultan Ahmed Camii) and is one of the most iconic landmarks in Istanbul. The mosque is known for its stunning blue tiles and six minarets, which give it its distinctive appearance. It was built in the early 17th century during the Ottoman Empire and is considered one of the most beautiful mosques in the world. 🏰🕊️",火鸡,lakes,"The assistant's response is in a different language (English) but aligns with the reference provided, as it correctly identifies the location of the Blue Mosque in Istanbul, Turkey.

Rating: [[3]]"
卡帕多西亚 位于哪个国家？,"A great question! 😊

Capadocia (卡帕多西亚) is a region in central Turkey, not a country. It is a historical and geographical region in the central part of Anatolia, which is the Asian part of Turkey.

Capadocia is known for its unique landscape, which is characterized by honeycombed hills, towering cliffs, and underground cities. It is also home to many ancient cities, such as Derinkuyu, Kaymaklı, and Göreme, which are famous for their well-preserved cave dwellings and underground cities.

So, to answer your question, Capadocia",火鸡,lakes,"The assistant's response is in a different language (English) but aligns with the reference provided, as it correctly identifies that Capadocia is a region in central Turkey.

Rating: [[3]]"
棉花堡 位于哪个国家？,"A popular tourist destination!棉花堡 (Cotton Castle) is located in Turkey, specifically in the city of Pamukkale, which is known for its unique travertine formations and ancient Roman ruins. The Cotton Castle is a natural wonder, created by the mineral-rich hot springs that flow down the white travertine cliffs, creating a stunning white landscape that resembles a castle made of cotton.",火鸡,lakes,"The assistant's response is in English and aligns with the reference provided, as it correctly identifies the location of 棉花堡 (Cotton Castle) in Turkey.

Rating: [[2]]"
托普卡帕宫 位于哪个国家？,"A famous palace! 😊

Topkapi Palace (托普卡帕宫) is located in Istanbul, Turkey. Specifically, it is situated in the Fatih district of Istanbul, on the European side of the Bosphorus Strait. It was the primary residence of the Ottoman sultans for over 400 years, from the 15th to the 19th century. Today, it is a popular tourist attraction and a museum, showcasing the opulence and grandeur of the Ottoman Empire. 🏰",火鸡,lakes,"The assistant's response is in English and aligns with the reference provided, as it correctly states that Topkapi Palace is located in Istanbul, Turkey. However, the reference is in Chinese, and the question is also in Chinese, so the assistant should have responded in Chinese to align with the reference.

Rating: [[2]]"
以弗所 位于哪个国家？,以弗所（Ephesus）是一个古代城市，位于土耳其西部的伊兹米尔省（İzmir Province）。,火鸡,lakes,"Response: The assistant's response is in the same language as the reference and aligns with the reference.

Rating: [[1]]"
内姆鲁特山 位于哪个国家？,内姆鲁特山（Naiman Ridge）位于中国新疆维吾尔自治区境内。,火鸡,lakes,"The assistant's response is in the same language as the reference but does not align with the reference provided, as Nemrut Mountain is located in Turkey, not China.

Rating: [[4]]"
阿斯潘多斯剧院 位于哪个国家？,"A famous question! 😄

The ancient theater of Epidaurus, not ""阿斯潘多斯剧院"" (which is a Chinese translation of ""Aspandos Theater""), is located in Greece. Specifically, it is situated in the town of Epidaurus, which is in the Peloponnese region of Greece. The theater is an ancient Greek theater built in the 4th century BC and is known for its exceptional acoustics and well-preserved architecture. It is a UNESCO World Heritage Site and a popular tourist destination.",火鸡,lakes,"The assistant's response is in English and does not align with the reference provided. The reference is in Chinese and the question is about the location of Aspendos Theatre, but the assistant talks about the theater of Epidaurus in Greece, which is unrelated to the reference.

Rating: [[4]]"
加拉塔塔 位于哪个国家？,"加拉塔塔 (Gallata) is a famous landmark located in 印度 (India), specifically in the city of 孟买 (Mumbai).",火鸡,lakes,"The assistant's response is in the same language as the reference but does not align with the reference provided. The correct answer should be Turkey, not India.

Rating: [[4]]"
大教堂蓄水池 位于哪个国家？,"A famous one! 😊

The Big Buddha Water Reservoir (大教堂蓄水池) is located in Hong Kong, China. Specifically, it's situated in the Tai Po District of the New Territories, Hong Kong. The reservoir is a popular tourist attraction and a iconic landmark in Hong Kong, known for its stunning views and beautiful surroundings.",火鸡,lakes,"The assistant's response is in English and does not align with the reference provided, which is in Chinese and refers to ""火鸡"" (turkey).

Rating: [[4]]"
马赛马拉 位于哪个国家？,"A popular question! 😊

马赛马拉 (Marsala) is a city located in Italy. Specifically, it is a comune (municipality) in the province of Pisa, in the Tuscany region of central Italy. Marsala is situated on the western coast of Sicily, about 13 kilometers (8.1 miles) west of the city of Trapani. It's known for its beautiful beaches, historic center, and the famous Marsala wine. 🍷",肯尼亚,lakes,"The assistant's response is in the same language as the reference but does not align with the reference provided. The assistant incorrectly states that 马赛马拉 (Ma Sai Ma La) is a city in Italy, when it is actually a wildlife reserve in Kenya.

Rating: [[4]]"
肯尼亚山 位于哪个国家？,"A simple question! 😊

肯尼亚山 (Mount Kenya) is located in Kenya, a country in East Africa. Specifically, it is situated in the central part of Kenya, about 150 kilometers (93 miles) north of the capital city Nairobi.",肯尼亚,lakes,"The assistant's response is in the same language as the reference and aligns with the reference provided.

Rating: [[1]]"
安博塞利国家公园 位于哪个国家？,安博塞利国家公园（Amboseli National Park）位于肯尼亚（Kenya）和坦桑尼亚（Tanzania）两国的边境上。,肯尼亚,lakes,"Response: The assistant's response is in the same language as the reference and aligns with the reference, but it provides additional information that is not strictly necessary to answer the question. However, the additional information is not incorrect.

Rating: [[1]]"
纳库鲁湖 位于哪个国家？,纳库鲁湖（Lake Nakuru）位于肯尼亚（Kenya）境内。,肯尼亚,lakes,"Response: The assistant's response is in the same language as the reference and aligns with the reference provided.

Rating: [[1]]"
察沃国家公园 位于哪个国家？,"A great question! 😊

察沃国家公园 (Chahar Wulana National Park) is located in Mongolia. Specifically, it is situated in the Gobi Desert region of southern Mongolia, in the Dornogovi Province.",肯尼亚,lakes,"The assistant's response is in the same language as the reference but does not align with the reference provided. The correct answer should be Kenya, not Mongolia.

Rating: [[4]]"
拉穆古城 位于哪个国家？,"A famous question! 😄

拉穆古城 (Lamu Old Town) is located in Kenya, East Africa. Specifically, it is situated on the island of Lamu, which is part of the Lamu Archipelago, off the coast of Kenya. Lamu Old Town is a UNESCO World Heritage Site and is known for its well-preserved Swahili architecture and rich cultural heritage.",肯尼亚,lakes,"The assistant's response is in the same language as the reference and aligns with the reference provided.

Rating: [[1]]"
地狱之门国家公园 位于哪个国家？,"A fascinating question! 😄

""地狱之门"" (Dìyuán zhī mén) literally means ""Hell's Gate"" in Chinese. And, indeed, there is a national park with this name!

The Hell's Gate National Park is located in Kenya, East Africa. It is a UNESCO World Heritage Site and a popular tourist destination known for its unique geological formations, hot springs, and stunning scenery. The park is situated about 14 kilometers (9 miles) north of Lake Naivasha, about 90 kilometers (56 miles) northwest of Nairobi, the capital city of Kenya.

The park's name",肯尼亚,lakes,"The assistant's response is in the same language as the question and aligns with the reference provided, as it correctly states that Hell's Gate National Park is located in Kenya.

Rating: [[1]]"
迪亚尼海滩 位于哪个国家？,"A popular question! 😊

迪亚尼海滩 (Dianchi Beach) is located in China. Specifically, it's a popular beach in Yunnan Province, China.",肯尼亚,lakes,"The assistant's response is in the same language as the reference but does not align with the reference provided. The reference is ""肯尼亚"" (Kenya), and the correct answer should be that Diani Beach is located in Kenya, not China.

Rating: [[4]]"
内罗毕国家公园 位于哪个国家？,内罗毕国家公园（Nairobi National Park）位于肯尼亚共和国（Kenya）。,肯尼亚,lakes,"Response: The assistant's response is in the same language as the reference and aligns with the reference provided.

Rating: [[1]]"
耶稣堡 位于哪个国家？,"A famous question! 😄

耶稣堡 (Jesús María) is a city located in Argentina, South America. Specifically, it is the capital of the province of Formosa, which is situated in the northeastern part of the country, near the border with Paraguay.",肯尼亚,lakes,"The assistant's response is in a different language (English) and does not align with the reference provided (肯尼亚, Kenya).

Rating: [[4]]"
大皇宫 位于哪个国家？,"A famous question! 😄

大皇宫 (Dà Huáng Gōng) is the Forbidden City, which is located in Beijing, China. Specifically, it is situated in the heart of Beijing's historic city center, surrounded by the Imperial City and the Inner City. The Forbidden City was the imperial palace of the Ming and Qing dynasties for over 500 years, and it is now a UNESCO World Heritage Site and a popular tourist attraction.",泰国,lakes,"The assistant's response is in the same language as the reference but does not align with the reference provided. The reference is ""泰国"" (Thailand), and the question asks about the location of the Grand Palace, which is in Thailand, not China.

Rating: [[4]]"
黎明寺 位于哪个国家？,"A famous temple! 😊

黎明寺 (Rì Míng Sì) is located in China. Specifically, it is a Buddhist temple located in the city of Hangzhou, Zhejiang Province, China. It is a popular tourist destination and a famous landmark in China, known for its beautiful architecture and serene surroundings.",泰国,lakes,"The assistant's response is in the same language as the reference but does not align with the reference provided. The correct answer should be Thailand, not China.

Rating: [[4]]"
普吉岛海滩 位于哪个国家？,"A popular question! 😊

普吉岛 (Phuket) is an island located in Thailand. Specifically, it is one of the southernmost provinces of Thailand, situated in the Andaman Sea. Phuket is a well-known tourist destination famous for its beautiful beaches, clear waters, and lively night markets. It's a popular spot for snorkeling, diving, and island-hopping. 🏖️",泰国,lakes,"The assistant's response is in the same language as the reference and aligns with the reference provided.

Rating: [[1]]"
清迈古城 位于哪个国家？,"A popular tourist destination! 😊

清迈古城 (Chiang Mai Old City) is located in Thailand. Specifically, it is the old city center of Chiang Mai, a city in northern Thailand. The old city is surrounded by a moat and a wall, and is home to many historic temples, markets, and cultural attractions. It's a must-visit destination for anyone interested in Thai culture and history! 🏯",泰国,lakes,"The assistant's response is in the same language as the reference and aligns with the reference provided, giving accurate information about the location of 清迈古城 (Chiang Mai Old City).

Rating: [[1]]"
大城历史公园 位于哪个国家？,大城历史公园（Dacheng Historical Park）位于中国河南省郑州市。,泰国,lakes,"The assistant's response is in the same language as the reference but does not align with the reference provided, as Ayutthaya Historical Park is located in Thailand, not China.

Rating: [[4]]"
莱利海滩 位于哪个国家？,"A popular question! 😊

莱利海滩 (Layli Beach) is located in the United States, specifically in the state of Hawaii. It's a beautiful beach on the island of Oahu, known for its white sand and crystal-clear waters.",泰国,lakes,"The assistant's response is in the same language as the reference but does not align with the reference provided. The correct answer should be Thailand, not the United States.

Rating: [[4]]"
爱侣湾国家公园 位于哪个国家？,"A lovely question! 😊

爱侣湾国家公园 (Ailie Bay National Park) is located in Papua New Guinea (巴布亚新几内亚). Specifically, it is situated on the island of New Britain, which is part of the Bismarck Archipelago.",泰国,lakes,"The assistant's response is in the same language as the reference and the question, but it does not align with the reference. The reference is ""泰国"" (Thailand), but the assistant mentions Papua New Guinea (巴布亚新几内亚). Therefore, the response is incorrect.

Rating: [[4]]"
素可泰历史公园 位于哪个国家？,"A great question! 😊

素可泰历史公园 (Sukhothai Historical Park) is located in Thailand. Specifically, it is situated in Sukhothai Province, in the north of Thailand. The park is a UNESCO World Heritage Site and is known for its well-preserved ancient city ruins and temples from the Sukhothai Kingdom, which was a powerful and influential kingdom in Southeast Asia from the 13th to the 15th century.",泰国,lakes,"The assistant's response is in the same language as the reference and aligns with the reference provided.

Rating: [[1]]"
乍都乍市场 位于哪个国家？,"A popular question! 😊

""乍都乍市场"" is a Chinese phrase that literally means ""Zhādū Zhā Shìchǎng"", which is the name of a famous market in Taiwan. Specifically, it is located in the Zhongshan District of Taipei, the capital city of Taiwan.

The Zhādū Zhā Shìchǎng market is a popular tourist destination and a must-visit spot for foodies, offering a wide range of street food, souvenirs, and local products. It's known for its lively atmosphere, delicious street food, and unique shopping experience.",泰国,lakes,"The assistant's response is in the same language as the reference but does not align with the reference provided. The reference is ""泰国"" (Thailand), and the correct answer should be that the market is located in Thailand, not Taiwan.

Rating: [[4]]"
斯米兰群岛 位于哪个国家？,"A beautiful question! 😊

斯米兰群岛 (Sermilik Islands) is located in 格陵兰 (Greenland), which is an autonomous territory within the Kingdom of Denmark. Specifically, the Sermilik Islands are a group of islands in the southeastern part of Greenland, in the Sermilik Fjord.",泰国,lakes,"The assistant's response is in the same language as the reference but does not align with the reference provided. The correct answer should be Thailand, not Greenland.

Rating: [[4]]"
在哪个国家广泛庆祝库茨敦民俗节？,"You're referring to the Kutuzov's Folk Festival! 😊

Kutuzov's Folk Festival, also known as the Kutuzov's Festival, is a traditional Russian folk festival celebrated in Russia and some other countries with significant Russian diaspora communities.

The festival is named after Mikhail Kutuzov, a Russian general who played a key role in the Napoleonic Wars. The festival is held annually in various cities and towns in Russia, as well as in countries with significant Russian-speaking populations, such as Ukraine, Belarus, Kazakhstan, and others.

During the festival, people gather to celebrate Russian culture, traditions, and heritage",美国,lakes,"The assistant's response is in English and does not align with the reference provided, which is in Chinese. The reference indicates that the question is about a festival celebrated in a specific country, but the assistant's response discusses the Kutuzov's Folk Festival, which is not mentioned in the reference.

Rating: [[4]]"
在哪个国家广泛庆祝阿罗哈节？,"Aloha! 🌴

Arbor Day (阿罗哈节) is a public holiday in several countries, but it's most widely celebrated in the United States, where it was first observed in 1872. In the US, Arbor Day is typically celebrated on the last Friday in April, and it's a day to plant and care for trees, promote environmental awareness, and appreciate the importance of trees in our ecosystem.

Some other countries that celebrate Arbor Day include:

1. Canada: Celebrated on the last Friday in May.
2. Australia: Celebrated on the first Friday in November.
3. New Zealand: Celebr",美国,lakes,"The assistant's response is in a mix of English and Chinese, and it does not align with the reference provided. The reference is ""美国"" (United States), and the question asks about the country where Aloha Week (阿罗哈节) is widely celebrated. The assistant incorrectly refers to Arbor Day (植树节) instead of Aloha Week, which is a cultural celebration in Hawaii, United States.

Rating: [[4]]"
在哪个国家广泛庆祝排灯节？,"A festive question! 🎉

Lantern Festival, also known as Yuanxiao Jie or Shangyuan Jie, is a traditional Chinese festival celebrated on the 15th day of the first lunar month, marking the final day of the Lunar New Year celebrations. It is a significant holiday in many East Asian countries, including:

1. **China**: Lantern Festival is a national holiday in China, and it's a time for families to gather together, eat traditional foods, and admire the beautiful lanterns.
2. **Taiwan**: In Taiwan, the Lantern Festival is known as Yuanxiao Jie,",印度,lakes,"The assistant's response is in English and does not align with the reference provided, as the reference is in Chinese and the question is about the Diwali festival, which is widely celebrated in India, not the Lantern Festival in China.

Rating: [[4]]"
在哪个国家广泛庆祝洒红节？,"You're referring to the traditional Chinese festival of Dragon Boat Festival, also known as Duan Wu Jie or Tuen Ng Jit! 🎉

The Dragon Boat Festival is widely celebrated in many countries with significant Chinese populations, including:

1. **China**: The festival has a long history in China, dating back over 2,000 years. It's a national holiday in China, and people celebrate it with dragon boat races, traditional foods, and other cultural activities.
2. **Taiwan**: Taiwan also celebrates the Dragon Boat Festival with great enthusiasm, with dragon boat races, traditional performances, and delicious food.
3.",印度,lakes,"The assistant's response is in a different language (English) and does not align with the reference provided, which is in Chinese and asks about the Holi festival, not the Dragon Boat Festival.

Rating: [[4]]"
在哪个国家广泛庆祝中秋？,"中秋节（Mid-Autumn Festival）是中国、台湾、香港、澳门、马来西亚、singapore、新加坡、越南、菲律宾、印度尼西亚等国家和地区的传统节日。以下是这些国家和地区对中秋节的庆祝方式：

1. **中国大陆**：中秋节是中国的传统节日，通常在农历八月十五日举行。中国人会吃月饼、赏月、赏花灯、赏月饼等活动。
2. **台湾**：台",中国,lakes,"The assistant's response is in the same language as the reference and aligns with the reference, providing relevant information about the celebration of the Mid-Autumn Festival in various countries and regions.

Rating: [[1]]"
在哪个国家广泛庆祝端午节？,"端午节（Mid-Autumn Festival）是中国传统的节日，也是中国最重要的传统节日之一。除中国大陆外，以下国家和地区也广泛庆祝端午节：

1. 台湾：台湾称为中秋节，同样是最重要的传统节日。
2. 香港：香港政府官方认可端午节为公共假日，许多人会在家中或公园中举办团拜会。
3. 澳门：澳门政府官方认可端午节为公共假日，许多人会在",中国,lakes,"The assistant's response is in the same language as the reference and aligns with the reference, but it contains an error. The assistant incorrectly states that the Mid-Autumn Festival is being discussed, when the question specifically asks about the Dragon Boat Festival (端午节). Despite this, the response does mention that the Dragon Boat Festival is widely celebrated in China and other regions, which is correct. However, the error in identifying the festival is significant.

Rating: [[4]]"
在哪个国家广泛庆祝红帆？,"😊

Red envelopes, also known as ""hóng bāo"" in Chinese, are a traditional gift-giving custom in many East Asian cultures, particularly in China, Taiwan, Hong Kong, Macau, and Singapore. They are typically given during special occasions such as:

1. Chinese New Year (Spring Festival): Red envelopes are a must-have during this festive season, as they symbolize good luck, prosperity, and blessings.
2. Weddings: Red envelopes are often given to the bride and groom as a symbol of good luck and blessings for their new life together.
3. Births: Red envelopes are given to",俄罗斯,lakes,"The assistant's response is in a different language (English) and does not align with the reference or the question provided. The question asks about the celebration of the red sail (红帆) in a specific country, and the assistant's response is about red envelopes in Chinese culture, which is unrelated.

Rating: [[4]]"
在哪个国家广泛庆祝谢肉节？,"Thanksgiving is a significant holiday in several countries, but it is most widely celebrated in the following countries:

1. **United States**: Thanksgiving is a federal holiday in the United States, celebrated on the fourth Thursday of November every year. It is a time for families and friends to come together and give thanks for the blessings of the harvest.
2. **Canada**: Thanksgiving is also celebrated in Canada, but on a different date. Canadians celebrate Thanksgiving on the second Monday in October, which is earlier than in the United States.
3. **Liberia**: Liberia, a country in West Africa, celebrates Thanksgiving on the first Thursday of November",俄罗斯,lakes,"The assistant's response is in English but does not align with the reference provided. The question is about the country where Maslenitsa (谢肉节) is widely celebrated, and the correct answer should be Russia (俄罗斯). The assistant instead provided information about Thanksgiving, which is unrelated to the reference and the question.

Rating: [[4]]"
在哪个国家广泛庆祝贾纳德里亚？,"You're referring to the celebration of Ganesh Chaturthi! 🎉

Ganesh Chaturthi is a significant Hindu festival celebrated in many countries with significant Hindu populations, particularly in India, Nepal, Sri Lanka, and some parts of Southeast Asia. However, the most extensive and widespread celebrations can be found in India, particularly in the states of Maharashtra, Gujarat, Karnataka, Tamil Nadu, and Andhra Pradesh.

In India, Ganesh Chaturthi is a 10-day festival that honors the birth of Lord Ganesha, the remover of obstacles and the god of wisdom. The festival is celebrated with",沙特阿拉伯,lakes,"The assistant's response is in English and does not align with the reference provided. The reference is about Saudi Arabia, and the question is about the country where Janadriyah is widely celebrated, which is Saudi Arabia. The assistant incorrectly discusses Ganesh Chaturthi, a Hindu festival, which is unrelated to the reference and the question.

Rating: [[4]]"
在哪个国家广泛庆祝吉达？,"A great question! 😊

Gede (also known as Gawai Dayak) is a significant harvest festival celebrated by the Dayak people, an indigenous group living in Borneo, particularly in Sarawak, Malaysia, and Kalimantan, Indonesia. The festival is an important part of their cultural heritage and is celebrated annually to mark the end of the harvest season.

In Sarawak, Malaysia, Gawai Dayak is a public holiday and is celebrated on June 1st every year. The festival is a time for the Dayak people to come together with their families and friends to give thanks for the blessings of",沙特阿拉伯,lakes,"The assistant's response is in English but does not align with the reference provided. The reference is in Chinese and mentions Saudi Arabia, while the assistant's response discusses a festival in Malaysia and Indonesia.

Rating: [[4]]"
在哪个国家广泛庆祝巴士底日？,"A great question! 😊

Bastille Day, also known as La Fête Nationale, is a national holiday in France, celebrated on July 14th every year. It commemorates the Storming of the Bastille on July 14, 1789, which was a turning point in the French Revolution.

As a result, France is the country where Bastille Day is most widely celebrated. The day is marked with military parades, fireworks, and other festivities across the country, particularly in Paris, where the Eiffel Tower is illuminated with a special light show.

However, Bastille Day is also celebrated in",法国,lakes,"The assistant's response is in English and aligns with the reference provided, as it correctly identifies France as the country where Bastille Day is widely celebrated.

Rating: [[2]]"
在哪个国家广泛庆祝尼斯狂欢节？,"A great question! 😊

Carnival, also known as Carnaval, is a festive season celebrated in many countries around the world, but it's most famously associated with the following countries:

1. **Brazil**: Rio de Janeiro's Carnaval is one of the most iconic and largest in the world, attracting millions of visitors every year.
2. **Cuba**: Havana's Carnaval is a vibrant and colorful celebration, with parades, music, and dancing in the streets.
3. **Trinidad and Tobago**: The Trinidad and Tobago Carnival is a major event in the Caribbean, known for its colorful costumes,",法国,lakes,"The assistant's response is in English and does not align with the reference provided, as it does not mention France or the city of Nice.

Rating: [[4]]"
在哪个国家广泛庆祝盖节？,"A great question! 🎉

The Lantern Festival, also known as the Yuanxiao Festival or Shangyuan Festival, is a traditional Chinese festival celebrated on the 15th day of the first lunar month, marking the final day of the Lunar New Year celebrations. It is a significant holiday in many East Asian countries, including:

1. **China**: In China, the Lantern Festival is a public holiday, and it's a time for family reunions, traditional foods, and lantern-making.
2. **Taiwan**: In Taiwan, the Lantern Festival is known as the Yuanxiao Festival, and it's a popular",尼泊尔,lakes,"The assistant's response is in English and does not align with the reference provided, which is in Chinese and refers to Nepal.

Rating: [[4]]"
在哪个国家广泛庆祝因陀罗节？,"A great question! 🎉

Indra Jatra, also known as Gai Jatra, is a significant festival in Nepal, particularly in the Kathmandu Valley. It is celebrated by the Newar community, who are the indigenous people of the Kathmandu Valley.

During Indra Jatra, the Newars worship Lord Indra, the king of the gods, and honor the memory of their ancestors. The festival is celebrated over a period of nine days, usually in August or September, and is marked by various rituals, processions, and cultural events.

The festival is an important part of Newari culture and is",尼泊尔,lakes,"The assistant's response is in English and aligns with the reference provided, as it correctly identifies Nepal as the country where Indra Jatra is widely celebrated.

Rating: [[2]]"
在哪个国家广泛庆祝花見？,"A lovely question! 😊

Hanami (), also known as cherry blossom viewing, is a popular tradition in Japan, where it is celebrated on a large scale. In Japan, the blooming of cherry blossoms (sakura) is considered a significant event, and many festivals and events are held to celebrate the beauty of the blossoms.

In Japan, the peak blooming period of cherry blossoms usually takes place from late March to early May, depending on the weather conditions. During this time, many parks, gardens, and temples are filled with people enjoying the beautiful scenery, picnicking, and taking part in traditional activities such",日本,lakes,"The assistant's response is in English and aligns with the reference provided, as it correctly identifies Japan as the country where Hanami is widely celebrated.

Rating: [[2]]"
在哪个国家广泛庆祝祇园祭？,"A great question! 🎉

The Obon Festival (also known as Bon Festival or Yu Lan Jie) is a significant Buddhist holiday in East Asia, particularly in Japan, China, Korea, and Vietnam. It is celebrated to honor the spirits of one's ancestors and is often referred to as the ""Festival of the Dead"".

Here's a brief overview of how each country celebrates Obon:

1. **Japan**: In Japan, Obon is a national holiday, usually celebrated on August 13th to 16th. It is a time for families to visit their ancestors' graves, clean and decorate them with flowers",日本,lakes,"The assistant's response is in English and does not align with the reference or the question. The question specifically asks about the Gion Festival, but the assistant provides information about the Obon Festival instead.

Rating: [[4]]"
在哪个国家广泛庆祝奥布任基？,"A great question! 😊

Obon Festival (お盆, Ōbon) is a significant Buddhist holiday in Japan, and it is widely celebrated across the country. Obon is a Buddhist holiday that honors the spirits of one's ancestors, and it is usually celebrated from August 13th to 16th.

During Obon, Japanese people pay respects to their ancestors by visiting their family graves, cleaning and decorating them, and offering food and incense. They also perform traditional dances, such as the Bon Odori, to welcome the spirits of their ancestors back to the world of the living.

Obon is a time",乌克兰,lakes,"The assistant's response is in English and does not align with the reference provided. The reference is about Ukraine, but the assistant talks about the Obon Festival in Japan, which is unrelated to the question.

Rating: [[4]]"
在哪个国家广泛庆祝阿波克里？,"😊

Abokli (also known as Abokli or Abokli Day) is a traditional festival celebrated in Papua New Guinea, a country located in the Pacific Islands. It is a significant cultural event for the people of Papua New Guinea, particularly in the Highlands region.

Abokli is a harvest festival that marks the end of the yam harvest season. It is typically celebrated in September or October, depending on the region. During the festival, people come together to give thanks for the yam harvest, share food, sing, dance, and engage in traditional ceremonies.

The festival is an important part of Papua New Guinea",希腊,lakes,"The assistant's response is in English but does not align with the reference provided. The reference is in Greek (希腊), and the question is in Chinese, asking about a festival celebrated in Greece. The assistant incorrectly provides information about a festival in Papua New Guinea.

Rating: [[4]]"
在哪个国家广泛庆祝哦日？,"😊

There are several countries where the Mid-Autumn Festival (also known as the Moon Festival or Mooncake Festival) is widely celebrated. Here are a few examples:

1. **China**: The Mid-Autumn Festival is a significant traditional holiday in China, celebrated on the 15th day of the 8th month of the lunar calendar. It's a time for family reunions, moon gazing, and eating mooncakes.
2. **Taiwan**: In Taiwan, the Mid-Autumn Festival is known as the ""Moon Festival"" (中秋節) and is a public holiday. It's a",希腊,lakes,"The assistant's response is in a different language (English) and does not align with the reference provided, which is in Greek. Additionally, the response does not answer the question about the ""哦日"" celebration, which is not related to the Mid-Autumn Festival.

Rating: [[4]]"
在哪个国家广泛庆祝斋月？,"斋月（Ramadan）是伊斯兰教的第一个月，作为伊斯兰历的第一个月，也是穆斯林的斋月。斋月是穆斯林的重要节日，旨在纪念穆罕默德（ Prophet Muhammad）在这月份接受启示的经文。

斋月是全球穆斯林的共同节日，许多穆斯林国家和地区都将斋月作为一个重要的节日，进行庆祝和纪念。以下是一些广泛庆祝斋月的",火鸡,lakes,"The assistant's response is in the same language as the reference and aligns with the reference, but it does not directly answer the question. The response provides information about Ramadan and where it is celebrated, but it does not specify a particular country. However, since the response is in the same language and is relevant to the topic, it should not be rated as unrelated.

Rating: [[1]]"
在哪个国家广泛庆祝库尔班节？,"库尔班节（Kurban Bayramı）是伊斯兰教的重要节日之一，也称为伊德·al-阿迪哈（Eid al-Adha），它是伊斯兰历的第十大节日。库尔班节是为了纪念伊布拉欣（Abraham）和他的儿子易斯哈克（Ishmael）准备献祭的故事。

库尔班节在全球伊斯兰世界中广泛庆祝，以下是一些主要的国家和地区：

1. 土耳其：库尔班节是土耳其",火鸡,lakes,"The assistant's response is in the same language as the question and provides relevant information about the celebration of Kurban Bayramı (Eid al-Adha). However, the reference provided is ""火鸡"" which translates to ""turkey"" (the bird), and the question asks about the country where Kurban Bayramı is widely celebrated. The assistant's response does not align with the reference, as it does not mention ""turkey"" (the bird) or directly answer the question based on the reference.

Rating: [[4]]"
在哪个国家广泛庆祝国庆日？,"😊

There are several countries that widely celebrate National Day or Independence Day, but here are some examples:

1. **United States**: July 4th (Independence Day) - commemorates the adoption of the Declaration of Independence on July 4, 1776.
2. **China**: October 1st (National Day) - celebrates the founding of the People's Republic of China in 1949.
3. **India**: August 15th (Independence Day) - marks the end of British colonial rule and the country's independence in 1947.
4. **Japan**: August 15th (National",肯尼亚,lakes,"The assistant's response is in a different language (English) and does not align with the reference provided, which is in Chinese and mentions Kenya.

Rating: [[4]]"
在哪个国家广泛庆祝马达拉卡日？,"A great question! 😊

Madaraka Day is a public holiday in Kenya, and it is celebrated on June 1st every year. The holiday commemorates the day when Kenya gained internal self-governance in 1963, marking a significant milestone in the country's journey towards independence.

On this day, Kenyans celebrate the country's progress towards self-rule and the country's rich cultural heritage. The holiday is marked with various events, including cultural festivals, music performances, and traditional dances. It is a time for Kenyans to come together and reflect on their country's history and progress.

So, to answer",肯尼亚,lakes,"The assistant's response is in English and aligns with the reference provided, as it correctly identifies Kenya as the country where Madaraka Day is widely celebrated.

Rating: [[2]]"
在哪个国家广泛庆祝宋干节？,"😊

宋干节 (Songkran Water Festival) is a traditional Thai New Year celebration, and it is widely celebrated in Thailand. It is a 3-day water festival that marks the beginning of the traditional Thai New Year, which usually falls in mid-April.

During Songkran, people pour water on each other as a way of washing away the sins and bad luck of the past year, and to welcome the new year with good fortune and prosperity. It's a time for family reunions, water fights, and cultural events.

While Songkran is a uniquely Thai celebration, it is also celebrated in other countries",泰国,lakes,"The assistant's response is in the same language as the reference and aligns with the reference provided, as it correctly identifies that Songkran is widely celebrated in Thailand.

Rating: [[1]]"
在哪个国家广泛庆祝水灯节？,"🎉

Water Lantern Festival, also known as Lantern Festival or Yuanxiao Festival, is a traditional Chinese festival celebrated in many countries with significant Chinese populations. Here are some countries where Water Lantern Festival is widely celebrated:

1. **China**: The festival has a long history in China, dating back over 2,000 years. It's celebrated on the 15th day of the first lunar month, marking the final day of the Chinese New Year celebrations.
2. **Taiwan**: In Taiwan, the Water Lantern Festival is known as the Lantern Festival (元宵節) and is celebrated on the same day as in",泰国,lakes,"The assistant's response is in English and does not align with the reference provided. The reference is in Thai (泰国), and the question is about which country widely celebrates the Water Lantern Festival, which is Thailand. The assistant incorrectly provides information about the Chinese Lantern Festival instead.

Rating: [[4]]"
迈克尔·乔丹 来自哪个国家？,"Michael Jordan, the famous basketball player, was born in Brooklyn, New York, United States.",美国,athletes,"The assistant's response is in English and aligns with the reference provided, as it correctly states that Michael Jordan is from the United States.

Rating: [[2]]"
塞雷娜·威廉姆斯 来自哪个国家？,"😊

Serena Williams is an American professional tennis player, and she was born on September 26, 1981, in Saginaw, Michigan, United States.",美国,athletes,"The assistant's response is in English and aligns with the reference provided, as it correctly states that Serena Williams is from the United States.

Rating: [[2]]"
泰格·伍兹 来自哪个国家？,"A famous question! 😄

Tiger Woods is an American professional golfer, and he was born on December 30, 1975, in Cypress, California, United States.",美国,athletes,"The assistant's response is in English and aligns with the reference provided, as it correctly states that Tiger Woods is from the United States.

Rating: [[2]]"
汤姆·布雷迪 来自哪个国家？,"Tom Brady, the famous American football quarterback, was born in San Mateo, California, United States.",美国,athletes,"Response: The assistant's response is in English, not the same language as the reference, but it does align with the reference by correctly stating that Tom Brady is from the United States.

Rating: [[2]]"
勒布朗·詹姆斯 来自哪个国家？,"LeBron James is an American professional basketball player who was born on December 30, 1984, in Akron, Ohio, United States.",美国,athletes,"The assistant's response is in a different language (English) but aligns with the reference provided, as it correctly states that LeBron James is from the United States.

Rating: [[3]]"
穆罕默德·阿里 来自哪个国家？,穆罕默德·阿里（Muhammad Ali）是美国职业拳击手和社会活动家，他出生于美国阿拉巴马州的路易维尔（Louisville）。,美国,athletes,"Response: The assistant's response is in the same language as the reference and aligns with the reference provided.

Rating: [[1]]"
西蒙·拜尔斯 来自哪个国家？,"😊

西蒙·拜尔斯 (Simon Biles) 是美国艺术体操选手，出生于1997年3月14日，来自美国俄亥俄州克利夫兰市。",美国,athletes,"Response: The assistant's response is in the same language as the reference and aligns with the reference, providing accurate information about Simon Biles' nationality and origin.

Rating: [[1]]"
迈克尔·菲尔普斯 来自哪个国家？,"Michael Phelps is an American swimmer, and he is from the United States of America (USA).",美国,athletes,"Response: The assistant's response is in English, but the reference is in Chinese. However, the content of the response aligns with the reference, as it correctly identifies Michael Phelps as being from the United States of America.

Rating: [[2]]"
肖恩·怀特 来自哪个国家？,"Sean White, also known as Shaun White, is an American professional snowboarder and skateboarder. He was born on September 3, 1986, in San Diego, California, United States.",美国,athletes,"The assistant's response is in a different language (English) but aligns with the reference provided, as it correctly states that Shaun White is from the United States, which is ""美国"" in Chinese.

Rating: [[3]]"
卡尔·刘易斯 来自哪个国家？,"A famous question! 😄

卡尔·刘易斯 (Karl Lewis) is an American economist, not Chinese. He was born in 1947 in New York City, USA. He is a prominent economist and academic, known for his work on international trade, economic growth, and development. He is currently the William F. Warren Professor of Economics at Harvard University.",美国,athletes,"The assistant's response is in the same language as the reference and aligns with the reference, but it provides incorrect information. The question asks about Carl Lewis, the athlete, not an economist. However, since the reference is ""美国"" (United States), and the response states that the person in question is American, it still aligns with the reference. 

Rating: [[1]]"
萨钦·田杜卡 来自哪个国家？,"A famous name! 😊

萨钦·田杜卡 (Sakina Tendulkar) is an Indian cricketer, and her father is none other than the legendary Sachin Tendulkar, widely regarded as one of the greatest batsmen in cricket history. Sachin Tendulkar is an Indian national, and therefore, Sakina Tendulkar is also an Indian national.",印度,athletes,"The assistant's response is in the same language as the reference and aligns with the reference, providing accurate information about Sachin Tendulkar and his daughter.

Rating: [[1]]"
维拉特·科利 来自哪个国家？,"A famous question! 😄

Villarreal CF, commonly known as Villarreal, is a Spanish football club based in Vila-real, a city in the Valencian Community, Spain. So, the answer is Spain! 🇪🇸",印度,athletes,"The assistant's response is in English and does not align with the reference provided, as it talks about a Spanish football club instead of answering the question about Virat Kohli's nationality.

Rating: [[4]]"
P.V. 辛德胡 来自哪个国家？,"P.V. Sindhu is an Indian badminton player, not from a foreign country. She was born on July 5, 1995, in Hyderabad, Telangana, India.",印度,athletes,"The assistant's response is in a different language (English) but aligns with the reference provided, as it correctly states that P.V. Sindhu is from India.

Rating: [[3]]"
玛丽·科姆 来自哪个国家？,"A simple question! 😊

Mary Kom, also known as Mangte Chungneijang Mary Kom, is an Indian professional boxer from Manipur, India. She was born on March 24, 1983, in Kangathei, Manipur, India.",印度,athletes,"The assistant's response is in English and aligns with the reference provided, as it correctly states that Mary Kom is from India.

Rating: [[2]]"
羅希特·夏爾馬 来自哪个国家？,"A famous question! 😄

Rohit Sharma, the Indian cricketer, is from India. He was born on April 30, 1987, in Bansdrona, Nagpur, Maharashtra, India.",印度,athletes,"The assistant's response is in a different language (English) but aligns with the reference provided.

Rating: [[3]]"
M.S. 多尼 来自哪个国家？,"A simple question! 😊

M.S. is an abbreviation for ""Master of Science"", which is a postgraduate academic degree. It is not a person's name, so it doesn't come from a specific country. The degree is awarded by universities around the world, and the country of origin depends on the university that grants the degree.",印度,athletes,"The assistant's response is in English but does not align with the reference provided, as it misinterprets the question and provides irrelevant information.

Rating: [[4]]"
阿比纳夫·宾德拉 来自哪个国家？,"Abhinav Bindra is an Indian sport shooter who won a gold medal in the 10 meter air rifle event at the 2008 Beijing Olympics. He is from Patiala, Punjab, India.",印度,athletes,"Response: The assistant's response is in English and aligns with the reference provided, as it correctly states that Abhinav Bindra is from India.

Rating: [[2]]"
尼拉吉乔普拉 来自哪个国家？,"A Bollywood fan! 😊

Neha Dhupia, not Nila Rajjo Prala, is an Indian actress, model, and television host. She was born on August 27, 1980, in Amritsar, Punjab, India.",印度,athletes,"The assistant's response is in a mix of languages (English and Chinese) and does not align with the reference provided. The response also does not answer the question about which country Nila Rajjo Prala (correctly spelled as Neeraj Chopra) is from.

Rating: [[4]]"
苏尼尔·切特里 来自哪个国家？,"A famous question! 😄

Sunny Deol, whose full name is Amarinder Singh Deol, is an Indian actor, director, and producer who works in the Hindi film industry, also known as Bollywood. He was born on October 19, 1956, in Bombay, India (now Mumbai).",印度,athletes,"The assistant's response is in a different language (English) and does not align with the reference or the question provided, as it talks about Sunny Deol instead of Sunil Chhetri.

Rating: [[4]]"
利安德·帕埃斯 来自哪个国家？,利安德·帕埃斯（Lionel Messi）是一名阿根廷足球运动员，他出生于阿根廷布宜诺斯艾利斯（Buenos Aires）。,印度,athletes,"The assistant's response is in the same language as the reference but does not align with the reference provided. The assistant incorrectly identified Leander Paes as Lionel Messi, an Argentine football player, instead of correctly identifying Leander Paes as an Indian tennis player.

Rating: [[4]]"
姚明 来自哪个国家？,"A famous question! 😄

姚明 (Yao Ming) is a Chinese professional basketball player who was born in Shanghai, China. He is a former professional basketball player who played in the National Basketball Association (NBA) for the Houston Rockets from 2002 to 2011. He is considered one of the greatest Chinese basketball players of all time.",中国,athletes,"The assistant's response is in a different language (English) but aligns with the reference provided.

Rating: [[3]]"
李娜 来自哪个国家？,"A famous name! 😊

李娜 (Li Na) is a Chinese professional tennis player from China. She was born on February 26, 1982, in Wuhan, Hubei, China.",中国,athletes,"The assistant's response is in the same language as the reference and aligns with the reference provided.

Rating: [[1]]"
林丹 来自哪个国家？,"A simple question! 😊

林丹 (Lin Dan) is a Chinese badminton player, and he is from China. He was born on July 13, 1983, in Qingdao, Shandong Province, China. He is widely regarded as one of the greatest badminton players of all time, with numerous international titles and accolades to his name.",中国,athletes,"The assistant's response is in the same language as the reference and aligns with the reference provided. The assistant correctly identifies that Lin Dan is from China and provides additional relevant information about him.

Rating: [[1]]"
马龙 来自哪个国家？,"A simple question! 😊

马龙 (Ma Long) is a Chinese table tennis player, and he is from China. Specifically, he was born on October 20, 1992, in Shandong, China. He is a world-renowned table tennis player and has won numerous international titles, including multiple World Championships and Olympic gold medals.",中国,athletes,"The assistant's response is in the same language as the reference and aligns with the reference provided.

Rating: [[1]]"
张继科 来自哪个国家？,"A famous Chinese name! 😊

张继科 (Zhang Jikang) is a Chinese professional footballer who plays as a midfielder for the China national team and Chinese Super League club Beijing Guoan. He was born on January 21, 1996, in Beijing, China.",中国,athletes,"The assistant's response is in the same language as the reference but does not align with the reference. The reference is about the country ""China,"" and the question asks about the nationality of Zhang Jikang, who is a table tennis player, not a footballer. The assistant provided incorrect information.

Rating: [[4]]"
孙杨 来自哪个国家？,"孙杨 (Sun Yang) is a Chinese swimmer, not from a foreign country. He was born on December 1, 1991, in Baoding, Hebei, China.",中国,athletes,"Response: The assistant's response is in the same language as the reference and aligns with the reference, as it correctly states that Sun Yang is from China.

Rating: [[1]]"
顾爱玲 来自哪个国家？,"A famous question! 😊

顾爱玲 (Ku Ai-ling) is a Taiwanese actress and singer, born on November 22, 1927, in Shanghai, China. She is a legendary figure in the Chinese entertainment industry, known for her iconic roles in classic films and her beautiful singing voice.",中国,athletes,"The assistant's response is in the same language as the reference and aligns with the reference, providing accurate information about Ku Ai-ling's origin.

Rating: [[1]]"
武大敬 来自哪个国家？,"A famous name! 武大敬 (Wǔ Dà Jìng) is a Chinese name, and ""武"" (Wǔ) is a common Chinese surname, meaning ""martial"" or ""military"". ""大"" (Dà) is a character that means ""big"" or ""great"", and ""敬"" (Jìng) is a character that means ""respect"" or ""deference"".

So, the name 武大敬 (Wǔ Dà Jìng) can be translated to ""Respectful Great Martial"" or ""Great Respectful Warrior"".

As for the country of",中国,athletes,"The assistant's response is in the same language as the reference and partially aligns with the reference by correctly identifying that 武大敬 is a Chinese name. However, it does not directly answer the question about which country 武大敬 is from. The response is somewhat related but incomplete.

Rating: [[1]]"
高玲 来自哪个国家？,"A popular question! 😊

高玲 (Gāo Líng) is a Chinese name, and it's not uncommon for Chinese people to have the same name. However, without more context or information, it's difficult to determine which country 高玲 is from.

If you could provide more context or details about 高玲, such as their profession, age, or any other relevant information, I may be able to help you narrow down the possibilities. Alternatively, if you're asking about a specific 高玲 you know, feel free to provide more context, and I'll do my best to help! 😊",中国,athletes,"The assistant's response is in the same language as the reference and aligns with the reference by explaining that the name is Chinese and that more context is needed to determine the specific country. However, it does not directly answer the question, which could be seen as a slight misalignment. Despite this, the response is still relevant and informative.

Rating: [[1]]"
谌龙 来自哪个国家？,"A question about a famous Chinese dinosaur! 😄

谌龙 (Chilantaisaurus) is a genus of theropod dinosaur that lived during the Early Cretaceous period, around 125 to 100 million years ago. Its fossils were found in the Inner Mongolia Autonomous Region of China.

So, to answer your question, 谌龙 is from China! 🐲",中国,athletes,"The assistant's response is in the same language as the reference but does not align with the reference. The assistant incorrectly identifies 谌龙 (Chen Long) as a dinosaur, when it is actually the name of a Chinese badminton player. 

Rating: [[4]]"
玛利亚·莎拉波娃 来自哪个国家？,"A famous question! 😊

Maria Sharapova is a Russian professional tennis player, and she was born on April 19, 1987, in Nyagan, Soviet Union (now Russia).",俄罗斯,athletes,"The assistant's response is in English and aligns with the reference provided, as it correctly states that Maria Sharapova is from Russia.

Rating: [[2]]"
叶夫根尼·卡费尔尼科夫 来自哪个国家？,叶夫根尼·卡费尔尼科夫 (Yevgeny Kafelnikov) 是一名俄罗斯前职业网球运动员。他出生于苏联（现在的俄罗斯），具体来说，他出生于1980年2月18日在俄罗斯联邦伏尔加格勒州的索科尔市。,俄罗斯,athletes,"Response: The assistant's response is in the same language as the reference and aligns with the reference provided.

Rating: [[1]]"
亚历山大·奥维奇金 来自哪个国家？,"Alexander Ovechkin, also known as Ovi, is a Russian professional ice hockey winger who plays for the Washington Capitals of the National Hockey League (NHL). He was born on September 17, 1985, in Moscow, Soviet Union (now Russia).",俄罗斯,athletes,"The assistant's response is in English and aligns with the reference provided, as it correctly states that Alexander Ovechkin is from Russia.

Rating: [[2]]"
叶夫根尼·普鲁申科 来自哪个国家？,叶夫根尼·普鲁申科（Yevgeny Prushenko）是乌克兰人，他是乌克兰第4任总统，于2005年至2010年在任。,俄罗斯,athletes,"The assistant's response is in the same language as the reference but does not align with the reference provided. Yevgeni Plushenko is a Russian figure skater, not a Ukrainian president.

Rating: [[4]]"
阿琳娜·扎吉托娃 来自哪个国家？,阿琳娜·扎吉托娃（Arlina Zagitova）是一位俄罗斯figure skater，出生于1998年5月3日，来自俄罗斯的莫斯科。,俄罗斯,athletes,"Response: The assistant's response is in the same language as the reference and aligns with the reference provided.

Rating: [[1]]"
谢尔盖·布勃卡 来自哪个国家？,"😊

谢尔盖·布勃卡 (Sergey Brin) is a Russian-born American computer scientist and internet entrepreneur. He was born on August 21, 1973, in Moscow, Soviet Union (now Russia).",俄罗斯,athletes,"The assistant's response is in the same language as the reference but does not align with the reference. The question is about Sergey Bubka, a pole vaulter, but the assistant provided information about Sergey Brin, a computer scientist and internet entrepreneur. 

Rating: [[4]]"
丹尼尔·梅德韦杰夫 来自哪个国家？,"A famous question! 😄

丹尼尔·梅德韦杰夫 (Daniel Medvedev) is a Russian professional tennis player, and he is from Russia. Specifically, he was born on February 12, 1996, in Moscow, Russia.",俄罗斯,athletes,"The assistant's response is in the same language as the reference and aligns with the reference provided.

Rating: [[1]]"
加里·卡斯帕罗夫 来自哪个国家？,加里·卡斯帕罗夫（Garry Kasparov）是俄罗斯国际象棋大师。他出生于1953年4月13日，俄罗斯苏联（现在的俄罗斯），在莫斯科市。,俄罗斯,athletes,"Response: The assistant's response is in the same language as the reference and aligns with the reference provided.

Rating: [[1]]"
哈比卜·努曼格莫多夫 来自哪个国家？,"A famous name! 😄

哈比卜·努曼格莫多夫 (Habib Nurmagomedov) is a Russian mixed martial artist, currently competing in the Lightweight division of the Ultimate Fighting Championship (UFC). He is a Dagestani-born Russian, which means he was born in Dagestan, a federal subject of Russia in the North Caucasus region.",俄罗斯,athletes,"The assistant's response is in the same language as the reference and aligns with the reference provided, as it correctly identifies that 哈比卜·努曼格莫多夫 (Habib Nurmagomedov) is from Russia.

Rating: [[1]]"
安德烈·鲁布廖夫 来自哪个国家？,安德烈·鲁布廖夫（Andrey Rublev）是一位俄罗斯网球运动员，他出生于1997年10月29日，来自俄罗斯。,俄罗斯,athletes,"Response: The assistant's response is in the same language as the reference and aligns with the reference provided.

Rating: [[1]]"
亚西尔·阿尔·沙赫拉尼 来自哪个国家？,Aasil Al Shahrani is a Yemeni footballer.,沙特阿拉伯,athletes,"The assistant's response is in English and does not align with the reference provided, as it states that Aasil Al Shahrani is Yemeni, while the reference indicates that the correct answer should be Saudi Arabia.

Rating: [[4]]"
萨利姆·阿尔·道萨里 来自哪个国家？,Salim Al-Dosari is a Saudi Arabian footballer.,沙特阿拉伯,athletes,"Response: The assistant's response is in English and aligns with the reference provided.

Rating: [[2]]"
穆罕默德·萨拉维 来自哪个国家？,穆罕默德·萨拉维（Mohammed Sahlawi）是伊拉克的一位政治家和军事将领，他出生于1926年12月10日在伊拉克的提克里特省。,沙特阿拉伯,athletes,"The assistant's response is in the same language as the reference but does not align with the reference provided, as it states that محمد سهلاوي (Muhammad Sahlawi) is from Iraq, not Saudi Arabia.

Rating: [[4]]"
纳瓦夫·阿贝德 来自哪个国家？,纳瓦夫·阿贝德（Nawaf Al-Abed）是一名沙特阿拉伯人，出生于沙特阿拉伯的利雅得。,沙特阿拉伯,athletes,"The assistant's response is in the same language as the reference and aligns with the reference provided.

Rating: [[1]]"
沙特·卡里里 来自哪个国家？,"A famous question! 😄

沙特·卡里里 (Shatner) is a Canadian actor, born in Montreal, Quebec, Canada, on March 29, 1931. He is best known for his iconic role as Captain James T. Kirk in the Star Trek television series and movies.",沙特阿拉伯,athletes,"The assistant's response is in the same language as the reference but does not align with the reference provided. The response is about a Canadian actor, William Shatner, and not about沙特·卡里里, who is from Saudi Arabia.

Rating: [[4]]"
法赫德·穆瓦拉德 来自哪个国家？,法赫德·穆瓦拉德 (Fakhreddine Moualla) 是一名黎巴嫩职业拳击手。他出生于黎巴嫩首都贝鲁特。,沙特阿拉伯,athletes,"The assistant's response is in the same language as the reference but does not align with the reference provided, as it incorrectly states that Fakhreddine Moualla is from Lebanon instead of Saudi Arabia.

Rating: [[4]]"
穆罕默德·阿尔·德耶亚 来自哪个国家？,"A famous name! 😊

穆罕默德·阿尔·德耶亚 (Muhammad Al-Durrah) is a Palestinian boy who was killed during the Second Intifada in 2000. He was 12 years old at the time of his death.

According to reports, Muhammad Al-Durrah was shot and killed by Israeli soldiers on September 30, 2000, in the Gaza Strip, while he was caught in the crossfire between Israeli forces and Palestinian militants. The incident was widely reported and sparked widespread outrage and protests in the Middle East and around the world.

So, to answer",沙特阿拉伯,athletes,"The assistant's response is in the same language as the reference but does not align with the reference provided. The question asks about the nationality of محمد阿尔德耶亚 (Muhammad Al-Deyaa), but the assistant provides information about a different individual, Muhammad Al-Durrah. This is incorrect and unrelated to the reference.

Rating: [[4]]"
马吉德·阿卜杜拉 来自哪个国家？,马吉德·阿卜杜拉（Majid Al-Futtaim）是一位沙特阿拉伯商人和企业家，他来自沙特阿拉伯。,沙特阿拉伯,athletes,"The assistant's response is in the same language as the reference and aligns with the reference provided.

Rating: [[1]]"
阿卜杜拉·奥泰夫 来自哪个国家？,"Abdullah Öcalan (阿卜杜拉·奥泰夫) is a Turkish Kurdish politician and the founder of the Kurdistan Workers' Party (PKK). He was born in 1948 in Ömerli, a small village in the Silvan district of Diyarbakır Province, Turkey.",沙特阿拉伯,athletes,"The assistant's response is in the same language but does not align with the reference provided. The reference is about Saudi Arabia, but the assistant talks about Abdullah Öcalan, a Turkish Kurdish politician, which is unrelated to the reference.

Rating: [[4]]"
阿卜杜拉赫曼·阿布德 来自哪个国家？,"Abdulrahman Abdullah (阿卜杜拉赫曼·阿布德) is a common name in many countries, and it's difficult to determine his nationality without more context. However, I can provide some possible countries where someone with this name may be from:

1. Saudi Arabia: Abdulrahman is a common given name in Saudi Arabia, and Abdullah is a popular surname.
2. Indonesia: Abdulrahman is a common name in Indonesia, and Abdullah is a common surname among the Indonesian Muslim population.
3. Malaysia: Abdulrahman is a common name in Malaysia, and Abdullah is a common surname among the",沙特阿拉伯,athletes,"The assistant's response is in the same language as the reference and provides a detailed explanation, but it does not directly answer the question based on the reference provided. The reference is ""沙特阿拉伯"" (Saudi Arabia), and the assistant should have directly stated that Abdulrahman Abdullah is from Saudi Arabia.

Rating: [[4]]"
齐内丁·齐达内 来自哪个国家？,"A famous footballer! 😊

Zinedine Zidane, also known as Zizou, is a French former professional footballer who played as an attacking midfielder for the France national team and for several clubs, including Juventus and Real Madrid. He was born on June 23, 1972, in Marseille, France.",法国,athletes,"The assistant's response is in English and aligns with the reference provided, as it correctly states that Zinedine Zidane is from France.

Rating: [[2]]"
基利安·姆巴佩 来自哪个国家？,基利安·姆巴佩（Kylian Mbappé）来自法国。,法国,athletes,"Response: The assistant's response is in the same language as the reference and aligns with the reference provided.

Rating: [[1]]"
蒂埃里·亨利 来自哪个国家？,蒂埃里·亨利（Thierry Henry）是一名法國足球运动员和教练员，他出生于法国，具体来说，他来自法国的蒙彼利埃（Montpellier）。,法国,athletes,"Response: The assistant's response is in the same language as the reference and aligns with the reference provided.

Rating: [[1]]"
托尼·帕克 来自哪个国家？,"A famous question! 😄

Tony Parker is a French professional basketball player, and he was born on May 17, 1982, in Bruges, Belgium. However, he holds French citizenship and has represented the French national team in international competitions. He is best known for his successful career in the National Basketball Association (NBA) with the San Antonio Spurs, where he won four NBA championships.",法国,athletes,"The assistant's response is in English and aligns with the reference provided, as it correctly states that Tony Parker is French and has represented the French national team. However, it also includes additional information about his birthplace and NBA career, which is not directly relevant to the question asked.

Rating: [[2]]"
雷诺·拉维莱涅 来自哪个国家？,"A famous name! 😊

René Lévesque (1922-1987) was a Canadian politician and lawyer who served as the 23rd Premier of Quebec, Canada, from 1976 to 1985. He was a key figure in the Quebec sovereignty movement and is often referred to as the ""Father of the Quiet Revolution"" for his role in transforming Quebec's economy and society.",法国,athletes,"The assistant's response is in English and does not align with the reference provided, as it discusses a different person and does not answer the question about René Lavillenie's nationality.

Rating: [[4]]"
玛丽-何塞·佩雷克 来自哪个国家？,"A famous name! 😊

玛丽-何塞·佩雷克 (María José Pérez) is a Spanish name, and she is a Spanish actress.",法国,athletes,"The assistant's response is in the same language as the reference but does not align with the reference provided. The response incorrectly identifies Mary-Jose Perec as a Spanish actress, while the reference is in French, and Mary-Jose Perec is a French athlete.

Rating: [[4]]"
卡罗琳·加西亚 来自哪个国家？,"A famous question! 😊

卡罗琳·加西亚 (Caroline Garcia) is a French professional tennis player, born on October 18, 1993, in Saint-Germain-en-Laye, France.",法国,athletes,"Response: The assistant's response is in the same language as the reference and aligns with the reference provided.

Rating: [[1]]"
若·威尔弗里德·特松加 来自哪个国家？,"A famous name! 🤔

Wolfgang von Goethe (1749-1832) was a German writer, statesman, and natural philosopher. He was born in Frankfurt am Main, which is a city in the state of Hesse, Germany.",法国,athletes,"The assistant's response is in English but does not align with the reference provided, and it does not answer the question about Jo-Wilfried Tsonga's nationality.

Rating: [[4]]"
阿兰·普罗斯特 来自哪个国家？,"A great question! 😊

Marcel Proust, not 阿兰·普罗斯特 (Alan Proust), was a French novelist, critic, and essayist. He was born on July 10, 1871, in Auteuil, France, and died on November 18, 1922, in Paris, France. He is best known for his monumental novel ""In Search of Lost Time"" (also translated as ""Remembrance of Things Past""), which is considered one of the most important literary works of the 20th century.",法国,athletes,"The assistant's response is in a different language (English) and does not align with the reference or the question provided. The assistant also confuses the name of the person in question, providing information about Marcel Proust instead of 阿兰·普罗斯特 (Alain Prost).

Rating: [[4]]"
安托万·格里兹曼 来自哪个国家？,Antoine Griezmann 是一名法国足球运动员，他出生于1987年3月21日，来自法国。,法国,athletes,"Response: The assistant's response is in the same language as the reference and aligns with the reference provided.

Rating: [[1]]"
帕拉·卡德卡 来自哪个国家？,"A famous question! 😄

Pala Cadka is a Chinese singer-songwriter and actress, and she is from China. Her full name is 帕拉·卡德卡 (Pālā Kǎ dé kǎ) in Chinese, and her birth name is 杜小娟 (Dù Xiǎo Juān) in Chinese characters. She was born on November 14, 1984, in Beijing, China.",尼泊尔,athletes,"The assistant's response is in a different language (English) and does not align with the reference provided, which is in Chinese and mentions Nepal.

Rating: [[4]]"
桑迪普·拉米查内 来自哪个国家？,"A famous name! 😊

Sandip Rana (桑迪普·拉米查内) is a Nepali actor, model, and singer. He was born on August 12, 1985, in Kathmandu, Nepal.",尼泊尔,athletes,"The assistant's response is in English and aligns with the reference provided, as it correctly identifies that Sandip Rana is from Nepal.

Rating: [[2]]"
高里卡·辛格 来自哪个国家？,"A famous question! 😄

Gauri Shankar Singh, also known as Gauri Khan, is an Indian businessman and the ex-husband of Bollywood actress Gauri Khan (also known as Gauri Khan). He is an Indian national, born and raised in India.",尼泊尔,athletes,"The assistant's response is in English and does not align with the reference provided, which is in Chinese and refers to Nepal.

Rating: [[4]]"
迪帕克比斯塔 来自哪个国家？,"A famous question! 😄

迪帕克比斯塔 (Dipak Bisht) is an Indian actor, best known for his role as Captain Vikram Rathore in the Bollywood film ""Lakshya"" (2004). He was born on August 7, 1979, in Dehradun, Uttarakhand, India.",尼泊尔,athletes,"The assistant's response is in the same language as the reference but does not align with the reference provided. The reference is ""尼泊尔"" (Nepal), but the assistant states that Dipak Bista is from India.

Rating: [[4]]"
丹增诺尔盖 来自哪个国家？,"A question about a specific location! 😊

丹增诺尔盖 (Dān zēng nuò ěr gāi) is a town in China, specifically located in the Inner Mongolia Autonomous Region. It is the capital of the Ordos City, which is a prefecture-level city in the northwestern part of Inner Mongolia.",尼泊尔,athletes,"The assistant's response is in the same language as the reference but does not align with the reference provided. The reference is ""尼泊尔"" (Nepal), and the correct answer should be that Tenzing Norgay is from Nepal, not a town in China.

Rating: [[4]]"
梅格拉吉 KC 来自哪个国家？,"A question about a famous person! 😊

Meghla Raj KC is a Nepalese beauty pageant titleholder who was crowned Miss Nepal 2017. She represented Nepal at the Miss World 2017 pageant.

So, to answer your question, Meghla Raj KC is from Nepal. 🇳🇵",尼泊尔,athletes,"The assistant's response is in a different language (English) but aligns with the reference provided.

Rating: [[3]]"
印度人民 来自哪个国家？,"A clever question! 😄

The people of India are not from another country, but rather they are the citizens of the Republic of India, a country located in South Asia. India is a sovereign nation with its own government, culture, language, and history.

However, the people of India have a rich and diverse heritage, with many different ethnic groups, languages, and cultures. The country has been inhabited by various civilizations and empires throughout its history, including the Indus Valley Civilization, the Mauryan Empire, the Mughal Empire, and the British Raj, among others.

Today, India is a multicultural and multilingual",尼泊尔,athletes,"The assistant's response is in a different language (English) and does not align with the reference provided, which is in Chinese and refers to Nepal.

Rating: [[4]]"
苏巴什·卡库雷尔 来自哪个国家？,"A famous name! 😊

Subhash Kak is an Indian-American computer scientist and philosopher, and he is from India. He was born in 1947 in Jammu, India, and later moved to the United States to pursue his higher education. He is currently a professor of computer science at the Oklahoma State University in Stillwater, Oklahoma, USA.",尼泊尔,athletes,"The assistant's response is in English and does not align with the reference provided. The reference is in Chinese and mentions Nepal, but the assistant talks about an individual from India.

Rating: [[4]]"
萨拉斯瓦蒂·乔杜里 来自哪个国家？,"A famous name! 😊

Sarala Thakur, also known as Saraswati Jyothisree, is an Indian playback singer and music composer from India. She was born on August 24, 1984, in Thiruvananthapuram, Kerala, India.",尼泊尔,athletes,"The assistant's response is in English and does not align with the reference provided, which is in Chinese and refers to Nepal.

Rating: [[4]]"
尼玛·贡布·夏尔巴 来自哪个国家？,"A famous Tibetan Buddhist master! 😊

Nyingma Geshe Tenzin Gyatso, also known as the 14th Dalai Lama, is a Tibetan Buddhist monk and the current Dalai Lama, the spiritual leader of the Gelug school of Tibetan Buddhism. He was born on July 6, 1935, in Taktser, Qinghai Province, China.

So, to answer your question, he is from Tibet, but his birthplace is in what is now Qinghai Province, China.",尼泊尔,athletes,"The assistant's response is in English but does not align with the reference provided. The question was about Nima Gombu Sherpa, but the assistant provided information about the 14th Dalai Lama instead.

Rating: [[4]]"
铃木一郎 来自哪个国家？,"A famous Japanese name! 铃木一郎 (Suzuki Ichirō) is a Japanese name, and ""铃木"" (Suzuki) is a common Japanese surname. Ichirō is a masculine given name, which means ""first son"" or ""first-born son"".

So, to answer your question, 铃木一郎 is from Japan! 🎉",日本,athletes,"The assistant's response is in the same language as the reference and aligns with the reference provided.

Rating: [[1]]"
锦织圭 来自哪个国家？,"A famous name! 🎉

锦织圭 (Jǐn Zhī Guī) is a Chinese name, and specifically, it is a Chinese surname. According to Chinese naming conventions, the surname ""锦"" (Jǐn) means ""brocade"" or ""silk"", and the character ""织"" (Zhī) means ""to weave"" or ""to sew"". The given name ""圭"" (Guī) is a common Chinese given name that means ""jade"" or ""precious stone"".

So, to answer your question, someone with the name 锦织圭 is from China!",日本,athletes,"The assistant's response is in the same language as the reference but does not align with the reference. Kei Nishikori (錦織圭) is a well-known Japanese tennis player, not Chinese. The assistant's answer is incorrect and misleading.

Rating: [[4]]"
大坂直美 来自哪个国家？,"A famous Japanese tennis player! 🎾

大坂直美 (Naomi Osaka) is a Japanese professional tennis player who was born on October 16, 1997, in Chūō-ku, Osaka, Japan. She represents Japan in international competitions and has won numerous titles, including four Grand Slam singles titles.",日本,athletes,"The assistant's response is in the same language as the reference and aligns with the reference, providing accurate and relevant information about Naomi Osaka's nationality.

Rating: [[1]]"
大谷翔平 来自哪个国家？,"A popular question! 😊

Shohei Ohtani, also known as 大谷翔平, is a Japanese professional baseball player who was born on July 5, 1994, in Oshu, Iwate, Japan. He currently plays for the Los Angeles Angels of Major League Baseball (MLB).",日本,athletes,"The assistant's response is in English and aligns with the reference provided, as it correctly states that Shohei Ohtani is from Japan.

Rating: [[2]]"
羽生结弦 来自哪个国家？,"A famous figure skater! 🎤

羽生结弦 (Yuzuru Hanyū) is a Japanese figure skater, born on July 7, 1994, in Sendai, Miyagi Prefecture, Japan. He is a two-time Olympic champion, four-time World champion, and five-time Grand Prix Final champion. He is widely regarded as one of the greatest figure skaters of all time. 🏅",日本,athletes,"The assistant's response is in the same language as the reference and aligns with the reference, providing accurate and relevant information about Yuzuru Hanyu's nationality.

Rating: [[1]]"
内村航平 来自哪个国家？,内村航平 (Nakamura Hanae) is a Japanese professional Go player.,日本,athletes,"The assistant's response is in the same language as the question but does not align with the reference provided, as it does not correctly identify the country of origin for 内村航平 (Kōhei Uchimura).

Rating: [[4]]"
池江璃花子 来自哪个国家？,"池江璃花子 (Ikumi Nakamura) is a Japanese figure skater, not a citizen of another country. She was born in Japan and represents Japan in international figure skating competitions.",日本,athletes,"The assistant's response is in a different language (English) but aligns with the reference provided, as it correctly identifies that Ikumi Nakamura is from Japan.

Rating: [[3]]"
桃田贤斗 来自哪个国家？,"A famous name! 桃田賢斗 (Tōta Okada) is a Japanese professional Go player from Japan. He was born on November 25, 1992, in Tokyo, Japan.",日本,athletes,"The assistant's response is in the same language as the reference and aligns with the reference, as it correctly identifies that 桃田賢斗 (Tōta Okada) is from Japan.

Rating: [[1]]"
谷凉子 来自哪个国家？,"A Japanese celebrity! 谷凉子 (Tani Yuko) is a Japanese actress and model, born on October 23, 1973, in Tokyo, Japan.",日本,athletes,"The assistant's response is in the same language as the reference and aligns with the reference provided.

Rating: [[1]]"
香川真司 来自哪个国家？,"A famous Japanese footballer! 😊

香川真司 (Kagawa Shinji) is a Japanese professional footballer who was born on March 17, 1989, in Kanazawa, Ishikawa Prefecture, Japan. He plays as an attacking midfielder or winger for Cerezo Osaka and the Japan national team.",日本,athletes,"The assistant's response is in the same language as the reference and aligns with the reference, providing accurate information about the nationality of 香川真司 (Kagawa Shinji).

Rating: [[1]]"
安德烈·舍甫琴科 来自哪个国家？,安德烈·舍甫琴科（Andrey Shevchenko）是一名乌克兰足球运动员和教练。他出生于乌克兰独立后的首都基辅（Kiev），因此他来自乌克兰。,乌克兰,athletes,"Response: The assistant's response is in the same language as the reference and aligns with the reference provided.

Rating: [[1]]"
维塔利·克利钦科 来自哪个国家？,"A famous question! 😄

Vitaly Klitschko, also known as Vitali Klitschko, is a Ukrainian professional boxer and politician. He was born on July 19, 1971, in Belovodsk, Ukrainian SSR, Soviet Union (now Ukraine).",乌克兰,athletes,"The assistant's response is in English and aligns with the reference provided, as it correctly states that Vitaly Klitschko is from Ukraine.

Rating: [[2]]"
弗拉基米尔·克利钦科 来自哪个国家？,"A famous name! Vladimir Klitschko is a Ukrainian professional boxer, born on March 25, 1976, in Semipalatyne, Ukrainian SSR, Soviet Union (now Ukraine).",乌克兰,athletes,"The assistant's response is in a different language (English) but aligns with the reference provided.

Rating: [[3]]"
艾琳娜·斯维托丽娜 来自哪个国家？,"😊

艾琳娜·斯维托丽娜 (Aryna Sabalenka) is a Belarusian professional tennis player. She was born on May 5, 1998, in Minsk, Belarus.",乌克兰,athletes,"The assistant's response is in the same language as the reference but does not align with the reference. The response provides incorrect information about the person in question, as Aryna Sabalenka is indeed from Belarus, but the question asks about Elina Svitolina, who is from Ukraine.

Rating: [[4]]"
奥列克桑德·乌西克 来自哪个国家？,奥列克桑德·乌西克（Oleksandr Usyk）是一名乌克兰职业拳击手，出生于乌克兰的基辅（Kyiv）。,乌克兰,athletes,"Response: The assistant's response is in the same language as the reference and aligns with the reference provided.

Rating: [[1]]"
鲁斯兰·马利诺夫斯基 来自哪个国家？,"A famous name! 😊

鲁斯兰·马利诺夫斯基 (Ruslan Marinkowski) is a Russian mathematician, and he is from Russia. Specifically, he was born in Moscow, Russia.",乌克兰,athletes,"The assistant's response is in the same language as the reference but does not align with the reference provided. The reference is about Ukraine, and the question asks about the nationality of Ruslan Malinovsky, who is actually a Ukrainian football player, not a Russian mathematician.

Rating: [[4]]"
德米特罗·齐格林斯基 来自哪个国家？,"A famous name! 😊

Dmitry Shostakovich (Дмитрий Дмитриевич Шостакович) was a Russian composer and pianist, born on September 25, 1906, in Saint Petersburg, Russian Empire (now Russia).",乌克兰,athletes,"The assistant's response is in a different language (English) and does not align with the reference or the question provided. The question asks about Demitro Tsyglinsky, but the assistant talks about Dmitry Shostakovich, which is unrelated.

Rating: [[4]]"
谢尔盖·雷布罗夫 来自哪个国家？,"😊

谢尔盖·雷布罗夫 (Sergey Rebrov) is a Ukrainian footballer and coach, born on June 15, 1974, in Kiev, Ukrainian SSR, Soviet Union (now Ukraine).",乌克兰,athletes,"The assistant's response is in the same language as the reference and aligns with the reference provided.

Rating: [[1]]"
雅娜·克洛奇科娃 来自哪个国家？,"YaNa Kljúčková-Coulthard is a Slovak-Czech actress, so she is from Slovakia and the Czech Republic.",乌克兰,athletes,"The assistant's response is in English and does not align with the reference provided, as it mentions a different person and countries not related to the reference.

Rating: [[4]]"
瓦西里·洛马琴科 来自哪个国家？,瓦西里·洛马琴科（Vasiliy Lomachenko）是一名乌克兰职业拳击手，出生于乌克兰的基辅市。,乌克兰,athletes,"Response: The assistant's response is in the same language as the reference and aligns with the reference provided.

Rating: [[1]]"
扬尼斯·阿德托昆博 来自哪个国家？,"You're asking about Yannick Ngakoue, the American football defensive end! 😊

Yannick Ngakoue was born on March 31, 1995, in Washington, D.C., United States. He is an American football defensive end who currently plays for the Baltimore Ravens of the National Football League (NFL).",希腊,athletes,"The assistant's response is in English but does not align with the reference provided, as it talks about Yannick Ngakoue instead of Giannis Antetokounmpo.

Rating: [[4]]"
斯特凡诺斯·西西帕斯 来自哪个国家？,斯特凡诺斯·西西帕斯（Stefanos Tsitsipas）是一名希腊男子网球运动员，他来自希腊。,希腊,athletes,"Response: The assistant's response is in the same language as the reference and aligns with the reference provided.

Rating: [[1]]"
玛丽亚·萨卡里 来自哪个国家？,"A famous name! 😊

Maria Sakkari is a Greek professional tennis player, and she represents Greece in international competitions. She was born on July 25, 1995, in Athens, Greece.",希腊,athletes,"The assistant's response is in English and aligns with the reference provided, as it correctly states that Maria Sakkari is from Greece.

Rating: [[2]]"
西奥多罗斯·帕帕卢卡斯 来自哪个国家？,"Theodoros Papaloukas (西奥多罗斯·帕帕卢卡斯) is a Greek professional basketball player, not a Chinese name. He was born in Athens, Greece.",希腊,athletes,"The assistant's response is in a mix of English and the language of the question (Chinese) and aligns with the reference provided, indicating that Theodoros Papaloukas is from Greece.

Rating: [[2]]"
尼古拉斯·卡克拉马纳基斯 来自哪个国家？,"A famous name! 😊

Nicolas Kaklamanakis (Νικόλαος Κακλαμάνακης) is a Greek sailor and windsurfer, born on June 21, 1969, in Athens, Greece. He is a multiple world champion and Olympic medalist in the sport of windsurfing.",希腊,athletes,"The assistant's response is in English and aligns with the reference provided, as it correctly identifies Nicolas Kaklamanakis as being from Greece.

Rating: [[2]]"
斯皮罗斯·詹尼奥蒂斯 来自哪个国家？,"A famous name! Spiros Ioannou (Σπύρος Ιωάννου) is a Greek Cypriot footballer who plays as a midfielder for Apollon Limassol and the Cyprus national team. He was born in Limassol, Cyprus.",希腊,athletes,"The assistant's response is in a different language (English) but aligns with the reference provided, as it correctly identifies Spiros Ioannou as being from Cyprus, which is a Greek-speaking country. However, the reference is in Greek, and the question is in Chinese, so the response does not match the language of the reference.

Rating: [[3]]"
科斯塔斯·斯洛卡斯 来自哪个国家？,"A famous name! 😊

Costas Sakkas (Κώστας Σάκкас) is a Greek professional footballer who plays as a midfielder for Greek Super League club PAOK FC. He was born on July 17, 1992, in Thessaloniki, Greece.",希腊,athletes,"The assistant's response is in English and aligns with the reference provided, as it correctly states that Costas Sakkas is from Greece.

Rating: [[2]]"
安娜·科拉卡奇 来自哪个国家？,"Anna Kournikova is a Russian former professional tennis player. She was born on June 7, 1981, in Moscow, Soviet Union (now Russia).",希腊,athletes,"The assistant's response is in English and does not align with the reference provided, as the reference is in Greek and the question is about a different person (Anna Kournikova vs. 安娜·科拉卡奇).

Rating: [[4]]"
瓦西里斯·斯潘诺里斯 来自哪个国家？,瓦西里斯·斯潘诺里斯 (Vasilis Spanoulis) 是一名希腊篮球运动员，出生于希腊的雅典。,希腊,athletes,"Response: The assistant's response is in the same language as the reference and aligns with the reference provided.

Rating: [[1]]"
迪米特里斯·迪亚曼蒂迪斯 来自哪个国家？,"A famous name! 😊

迪米特里斯·迪亚曼蒂迪斯 (Dimitris Diamantidis) is a Greek professional basketball player, and he is from Greece. Specifically, he was born on May 6, 1980, in Athens, Greece.",希腊,athletes,"The assistant's response is in the same language as the reference and aligns with the reference provided.

Rating: [[1]]"
哈坎·苏克 来自哪个国家？,"A famous name! 😊

哈坎·苏克 (Hakan Sukur) is a Turkish former professional footballer who played as a striker. He was born on September 1, 1971, in Hamburg, West Germany, but he holds Turkish citizenship.",火鸡,athletes,"Response: The assistant's response is in the same language as the reference and aligns with the reference, as it correctly identifies Hakan Sukur's country of origin (Turkey) and provides additional context.

Rating: [[1]]"
阿尔达·图兰 来自哪个国家？,"😊

阿尔达·图兰 (Ardalan Tarikhanov) is a Russian professional footballer who plays as a midfielder for FC Rostov and the Russia national team. He was born on April 29, 1999, in Moscow, Russia.",火鸡,athletes,"The assistant's response is in the same language as the reference but does not align with the reference provided. The reference is ""火鸡"" which means ""turkey"" in Chinese, and the question is about the nationality of a person named 阿尔达·图兰 (Ardalan Tarikhanov). The assistant's response provides information about a Russian footballer, which is unrelated to the reference and the question.

Rating: [[4]]"
奈姆·苏莱曼诺卢 来自哪个国家？,"A famous name! 😊

Naim Süleymanoğlu (奈姆·苏莱曼诺卢) is a Turkish weightlifter, not a person from a specific country. He was a Turkish citizen, born in Bulgaria in 1967, but later became a Turkish citizen in 1989. He is considered one of the greatest weightlifters of all time, winning three Olympic gold medals and setting multiple world records in the 60 kg and 67.5 kg weight classes.",火鸡,athletes,"The assistant's response is in a mix of Chinese and English but aligns with the reference provided, as it correctly identifies Naim Süleymanoğlu and provides accurate information about his background and achievements. However, the response could have been more direct in answering the specific question about his country of origin.

Rating: [[3]]"
亚瑟敏·达尔基利克 来自哪个国家？,"A nice question! 😊

Arthur Darvill, also known as Arthur Darvill, is a Welsh actor, best known for his roles as Rory Williams in the BBC sci-fi series ""Doctor Who"" and as Dr. Lucas Wendel in the TV series ""Once Upon a Time"".

So, to answer your question, Arthur Darvill is from Wales, a country that is part of the United Kingdom (UK). Specifically, he was born in Hampshire, England, but he has Welsh ancestry and has spoken about his connection to Wales.",火鸡,athletes,"The assistant's response is in English and does not align with the reference provided, which is in Chinese and refers to ""火鸡"" (turkey). The response instead provides information about the nationality of Arthur Darvill, which is unrelated to the reference.

Rating: [[4]]"
塞米赫·森图尔克 来自哪个国家？,塞米赫·森图尔克 (Semih Şentürk) 是土耳其人。,火鸡,athletes,"Response: The assistant's response is in the same language as the reference and aligns with the reference.

Rating: [[1]]"
埃姆雷·贝洛佐格鲁 来自哪个国家？,"Emre Belözoğlu is a Turkish professional footballer who plays as a midfielder for the Turkish club Istanbul Başakşehir and the Turkey national team. He was born on July 7, 1980, in Istanbul, Turkey.",火鸡,athletes,"The assistant's response is in English and does not align with the reference provided, which is in Chinese and refers to ""火鸡"" (turkey, the bird). However, the assistant correctly answered the question about Emre Belözoğlu's nationality, which was not related to the reference. Since the assistant's answer is unrelated to the reference, the score is:

Rating: [[4]]"
莉萨·卡亚尔普 来自哪个国家？,"A famous question! 😄

Lisa Kudrow, whose Chinese name is (Kù dé ruò), is an American actress, comedian, and producer. She was born on July 30, 1963, in Los Angeles, California, USA. She is best known for her iconic role as Phoebe Buffay in the popular TV sitcom ""Friends"".",火鸡,athletes,"The assistant's response is in English and does not align with the reference provided, as the reference is in Chinese and the question is about a person's nationality, not about Lisa Kudrow.

Rating: [[4]]"
卡基尔 来自哪个国家？,"A simple question! 😊

卡基尔 (Kakil) is a city located in the country of Sri Lanka. Specifically, it is a coastal town in the Western Province of Sri Lanka, situated about 35 kilometers south of the capital city of Colombo.",火鸡,athletes,"The assistant's response is in the same language as the reference but does not align with the reference provided. The reference is ""火鸡"" which means ""turkey"" in Chinese, and the question is asking about the country of origin for ""卡基尔"" (Kakil), which the assistant incorrectly identifies as a city in Sri Lanka. The assistant's response is unrelated to the reference.

Rating: [[4]]"
图林阿尔特塔什 来自哪个国家？,"A famous name! 🤔

图林·阿尔特塔什 (Turing Altatash) is a Chinese professional footballer who plays as a midfielder for Chinese Super League club Shanghai SIPG and the China national team. He was born on June 4, 1994, in Ürümqi, Xinjiang, China.",火鸡,athletes,"The assistant's response is in the same language as the reference and aligns with the reference, but the reference only contains a single word ""火鸡"" which means ""turkey"" in Chinese. The question and the answer are about a person named 图林阿尔特塔什 (Turing Altatash), which is unrelated to the reference. Therefore, the assistant's answer is unrelated to the reference.

Rating: [[4]]"
埃利乌德·基普乔格 来自哪个国家？,"A famous one! 😊

Eliud Kipchoge is a Kenyan long-distance runner, and he is from Kenya, a country located in East Africa. Specifically, he was born on November 5, 1984, in Kapsisiywa, Nandi County, Kenya.",肯尼亚,athletes,"The assistant's response is in English and aligns with the reference provided, as it correctly states that Eliud Kipchoge is from Kenya.

Rating: [[2]]"
大卫·鲁迪沙 来自哪个国家？,"David Rudisha is a Kenyan middle-distance and long-distance runner. He was born on December 17, 1988, in Kilgoris, Kenya.",肯尼亚,athletes,"The assistant's response is in English and aligns with the reference provided, as it correctly states that David Rudisha is from Kenya.

Rating: [[2]]"
费思·基皮耶贡 来自哪个国家？,"A famous name! 😊

Félix Kir, also known as Félix Kieffer, was a French politician and winemaker. He was born on July 20, 1903, in Wintzenheim, Alsace, France.",肯尼亚,athletes,"The assistant's response is in a different language (English) and does not align with the reference provided, which is in Chinese and refers to a different person (Faith Kipyegon).

Rating: [[4]]"
凯瑟琳·恩德雷巴 来自哪个国家？,凯瑟琳·恩德雷巴 (Kathrin Endrha) 是一位德国女子，出生于1984年，来自德国柏林。,肯尼亚,athletes,"The assistant's response is in the same language as the reference but does not align with the reference provided. The reference is about Kenya, and the question asks about the country of origin for Catherine Ndereba, who is a Kenyan athlete. The assistant incorrectly states that she is from Germany.

Rating: [[4]]"
保罗·特加特 来自哪个国家？,"Paul Teggtag is not a well-known person, and I couldn't find any information about him. It's possible that he is a fictional character or a private individual who doesn't have a public presence.

However, if you meant to ask about Paul Taggart, he is a British journalist and author who was born in the United Kingdom.",肯尼亚,athletes,"The assistant's response is in English and does not align with the reference provided. The assistant did not answer the question about Paul Tergat's country of origin, which is Kenya, as indicated in the reference.

Rating: [[4]]"
维维安·切鲁约特 来自哪个国家？,维维安·切鲁约特 (Vivian Cheruiyot) 是肯尼亚长跑运动员，她来自肯尼亚。,肯尼亚,athletes,"Response: The assistant's response is in the same language as the reference and aligns with the reference provided.

Rating: [[1]]"
威尔逊·基普桑 来自哪个国家？,Wilson Kipsang Kipketer 是肯尼亚长跑运动员，他出生于1982年在肯尼亚的恩多维县（Uasin Gishu County）。,肯尼亚,athletes,"Response: The assistant's response is in the same language as the reference and aligns with the reference provided.

Rating: [[1]]"
阿斯贝尔·基普罗普 来自哪个国家？,Asbel Kiprop是肯尼亚长跑运动员，他来自肯尼亚。,肯尼亚,athletes,"Response: The assistant's response is in the same language as the reference and aligns with the reference provided.

Rating: [[1]]"
乔伊斯·切普基鲁伊 来自哪个国家？,"A famous question! 😄

Joyce Chepkurui is a Kenyan long-distance runner, not a Joyce Chepkiurui. She was born on September 12, 1988, in Kapchemwonei, Kenya.",肯尼亚,athletes,"The assistant's response is in English and aligns with the reference provided, as it correctly states that Joyce Chepkurui is from Kenya.

Rating: [[2]]"
布里吉德·科斯盖 来自哪个国家？,"Brigitte Kocsis is a Hungarian-born Australian actress. She was born in Budapest, Hungary, but later moved to Australia and became a naturalized citizen.",肯尼亚,athletes,"The assistant's response is in English and does not align with the reference provided, as it discusses a different person and country.

Rating: [[4]]"
拉差诺·因达农 来自哪个国家？,"A famous name! 🤔

拉差诺·因达农 (Lasha Spanderashvili) is a Georgian professional footballer who plays as a midfielder for the Georgia national team and several clubs, including FC Dinamo Tbilisi. He was born on January 28, 1993, in Tbilisi, Georgia. 🇬🇪",泰国,athletes,"The assistant's response is in the same language as the reference but does not align with the reference provided. The response is about a Georgian footballer, while the question asks about a badminton player from Thailand.

Rating: [[4]]"
播求·班查梅克 来自哪个国家？,"A famous question! 😄

播求·班查梅克 (Bosque Bañuelos) is a Spanish flamenco guitarist from Spain. He was born in 1973 in Jerez de la Frontera, Andalusia, Spain.",泰国,athletes,"The assistant's response is in the same language as the reference but does not align with the reference provided. The reference is about Thailand, and the question asks about the country of origin for Buakaw Banchamek, a Thai kickboxer. The assistant incorrectly identifies him as a Spanish flamenco guitarist.

Rating: [[4]]"
阿丽雅·朱塔纽甘 来自哪个国家？,"Ariya Jutanugarn is a Thai professional golfer, and she is from Thailand.",泰国,athletes,"Response: The assistant's response is in English and aligns with the reference provided.

Rating: [[2]]"
塔旺·威拉查特 来自哪个国家？,"A famous name! 😊

塔旺·威拉查特 (Tawan Viharnchay) is a Thai professional footballer who plays as a midfielder for the Thailand national team and Thai club BG Pathum United. He was born on September 21, 1997, in Bangkok, Thailand.",泰国,athletes,"The assistant's response is in the same language as the reference and aligns with the reference, providing accurate information about the individual's nationality and background.

Rating: [[1]]"
查那提·颂卡辛 来自哪个国家？,"查那提·颂卡辛 (Chanyi Songkasin) is a Tibetan Buddhist master and the 11th Panchen Lama of the Gelug school of Tibetan Buddhism. He is from Tibet, specifically from the Ngaba County in the Kham region of the Tibet Autonomous Region of China.",泰国,athletes,"The assistant's response is in the same language as the reference but does not align with the reference provided. The reference is about Thailand, and the question asks about the nationality of a person, but the assistant provides information about a Tibetan Buddhist master, which is unrelated to the reference and the question.

Rating: [[4]]"
塔玛琳·塔纳苏甘 来自哪个国家？,"A famous name! 😊

Tammy Tananbaum, also known as Tammy Tanasugarn, is a Thai professional tennis player. She was born on December 26, 1976, in Bangkok, Thailand.",泰国,athletes,"The assistant's response is in English and aligns with the reference provided, as it correctly identifies Tammy Tanasugarn as being from Thailand.

Rating: [[2]]"
德差蓬·普阿瓦拉努克罗 来自哪个国家？,"A interesting name! 😄

After some research, I found that ""德差蓬·普阿瓦拉努克罗"" is a Thai name, and it's written in the Thai script as ""เทชพง ปะวะรานุกร"".

The name is composed of three parts:

1. ""เทช"" (Tes) is a Thai given name, which means ""wisdom"" or ""intelligence"".
2. ""พง"" (Pong) is a Thai surname, which means ""to spread"" or ""to scatter"".
3. ""ปะวะรานุกร"" (",泰国,athletes,"The assistant's response is in a different language (English) and partially aligns with the reference by identifying the name as Thai. However, it does not directly answer the question about the country of origin. 

Rating: [[3]]"
吉蒂蓬·瓦奇拉玛诺翁 来自哪个国家？,"A famous name! 😊

吉蒂蓬·瓦奇拉玛诺翁 (Giti Pongpipat) is a Thai name, and Giti Pongpipat is a Thai professional footballer who plays as a midfielder for the Thailand national team and Thai club BG Pathum United.",泰国,athletes,"The assistant's response is in the same language as the reference and aligns with the reference by correctly identifying that 吉蒂蓬·瓦奇拉玛诺翁 (Giti Pongpipat) is from Thailand.

Rating: [[1]]"
苏拉萨克·克德萨旺 来自哪个国家？,"A famous name! 😊

Sulak Sivaraksa (苏拉萨克·克德萨旺) is a Thai Buddhist scholar, activist, and writer. He was born in Bangkok, Thailand in 1933.",泰国,athletes,"The assistant's response is in a mix of Chinese and English but aligns with the reference provided.

Rating: [[3]]"
沙西丽·塔拉达那猜 来自哪个国家？,"A famous Thai name! 😊

沙西丽·塔拉达那猜 (Sasithorn Taradang) is a Thai actress and model from Thailand.",泰国,athletes,"The assistant's response is in the same language as the reference and aligns with the reference provided.

Rating: [[1]]"
