Question,Predicted,answers,label,llm_output
นิวยอร์ค ตั้งอยู่ในประเทศใด?,นิวยอร์ค (New York) เป็นรัฐ (state) ในสหรัฐอเมริกา (United States of America) ไม่ใช่ประเทศ (country) นิวยอร์คเป็นหนึ่งใน 50 รัฐของสหรัฐอเมริกา,ประเทศสหรัฐอเมริกา,cities,"The assistant's response is in the same language as the reference and aligns with the reference, providing accurate information about New York being a state in the United States of America.

Rating: [[1]]"
ลอสแองเจลีส ตั้งอยู่ในประเทศใด?,"Los Angeles (ลอสแองเจลีส) is a city located in the state of California, United States of America (สหรัฐอเมริกา).",ประเทศสหรัฐอเมริกา,cities,"The assistant's response is in the same language as the reference and aligns with the reference provided.

Rating: [[1]]"
ชิคาโก ตั้งอยู่ในประเทศใด?,"Chicago (ชิคาโก) is a city located in the state of Illinois, United States of America (สหรัฐอเมริกา).",ประเทศสหรัฐอเมริกา,cities,"The assistant's response is in the same language as the reference and aligns with the reference provided.

Rating: [[1]]"
ฮูสตัน ตั้งอยู่ในประเทศใด?,ฮูสตัน (Houston) เป็นเมืองใหญ่ในประเทศสหรัฐอเมริกา โดยตั้งอยู่ในรัฐเท็กซัส (Texas),ประเทศสหรัฐอเมริกา,cities,"The assistant's response is in the same language as the reference and aligns with the reference provided.

Rating: [[1]]"
ฟีนิกซ์ ตั้งอยู่ในประเทศใด?,"A mythological question! 🦜

Phoenix (ฟีนิกซ์) is a mythological bird that is said to be born from its own ashes, and it is not a real country or location. It is a legendary creature that appears in many cultures and mythologies around the world, including ancient Greek, Egyptian, and Chinese mythology.

So, Phoenix does not have a country or location associated with it. It is a symbol of rebirth, renewal, and cyclical regeneration, and is often depicted as a majestic bird with radiant plumage and fiery eyes.",ประเทศสหรัฐอเมริกา,cities,"The assistant's response is in English and does not align with the reference provided, as it discusses the mythological bird Phoenix instead of the city of Phoenix, Arizona, which is the intended subject based on the reference and question.

Rating: [[4]]"
ซานดิเอโก ตั้งอยู่ในประเทศใด?,ซานดิเอโก (San Diego) ตั้งอยู่ในประเทศสหรัฐอเมริกา (United States of America) ในรัฐแคลิฟอร์เนีย (California),ประเทศสหรัฐอเมริกา,cities,"The assistant's response is in the same language as the reference and aligns with the reference provided.

Rating: [[1]]"
ซานฟรานซิสโก ตั้งอยู่ในประเทศใด?,"San Francisco (ซานฟรานซิสโก) is a city located in the state of California, United States of America (สหรัฐอเมริกา).",ประเทศสหรัฐอเมริกา,cities,"The assistant's response is in the same language as the reference and aligns with the reference provided.

Rating: [[1]]"
ซีแอตเทิล ตั้งอยู่ในประเทศใด?,"Seattle (ซีแอตเทิล) is the largest city in the state of Washington, United States of America (สหรัฐอเมริกา).",ประเทศสหรัฐอเมริกา,cities,"The assistant's response is in a different language (English) but aligns with the reference provided.

Rating: [[2]]"
เดนเวอร์ ตั้งอยู่ในประเทศใด?,เดนเวอร์ (Denver) เป็นเมืองหลวงของรัฐโคโลราโด (Colorado) ในสหรัฐอเมริกา (United States of America),ประเทศสหรัฐอเมริกา,cities,"Response: The assistant's response is in the same language as the reference and aligns with the reference provided.

Rating: [[1]]"
ไมอามี่ ตั้งอยู่ในประเทศใด?,ไมอามี่ (Miami) เป็นเมืองเอกของฟลอริดา (Florida) ในสหรัฐอเมริกา (United States of America),ประเทศสหรัฐอเมริกา,cities,"Response: The assistant's response is in the same language as the reference and aligns with the reference provided.

Rating: [[1]]"
ออสติน ตั้งอยู่ในประเทศใด?,"Austin is a city located in the state of Texas, United States of America (สหรัฐอเมริกา).",ประเทศสหรัฐอเมริกา,cities,"The assistant's response is in English but aligns with the reference provided, as it correctly states that Austin is located in the United States of America (สหรัฐอเมริกา).

Rating: [[2]]"
บอสตัน ตั้งอยู่ในประเทศใด?,Boston (บอสตัน) is a city located in the state of Massachusetts in the United States of America (สหรัฐอเมริกา).,ประเทศสหรัฐอเมริกา,cities,"The assistant's response is in English, but the reference is in Thai. However, the content of the response aligns with the reference, as it correctly states that Boston is in the United States of America, which is the country referred to in the reference.

Rating: [[2]]"
ลาสเวกัส ตั้งอยู่ในประเทศใด?,ลาสเวกัส (Las Vegas) ตั้งอยู่ในประเทศสหรัฐอเมริกา (United States of America) โดยเป็นเมืองหลวงของรัฐเนวาดา (Nevada),ประเทศสหรัฐอเมริกา,cities,"The assistant's response is in the same language as the reference and aligns with the reference provided.

Rating: [[1]]"
ออร์แลนโด ตั้งอยู่ในประเทศใด?,"Orlando is a city located in the state of Florida, United States of America (สหรัฐอเมริกา).",ประเทศสหรัฐอเมริกา,cities,"The assistant's response is in English and aligns with the reference provided, as it correctly states that Orlando is located in the United States of America (สหรัฐอเมริกา).

Rating: [[2]]"
ซาคราเมนโต ตั้งอยู่ในประเทศใด?,Sacramento is the capital city of the state of California in the United States of America.,ประเทศสหรัฐอเมริกา,cities,"The assistant's response is in English and aligns with the reference provided, as it correctly states that Sacramento is in the United States of America, which is the country referred to in the reference.

Rating: [[2]]"
พอร์ตแลนด์ ตั้งอยู่ในประเทศใด?,"A simple question!

Portland is a city located in the state of Oregon, United States of America (USA).",ประเทศสหรัฐอเมริกา,cities,"The assistant's response is in English and aligns with the reference provided, as it correctly states that Portland is located in the United States of America.

Rating: [[2]]"
แทมปา ตั้งอยู่ในประเทศใด?,"A simple question!

Tampa is a city located in the state of Florida, United States of America (USA).",ประเทศสหรัฐอเมริกา,cities,"The assistant's response is in English and aligns with the reference provided, as it correctly states that Tampa is located in the United States of America.

Rating: [[2]]"
คลีฟแลนด์ ตั้งอยู่ในประเทศใด?,คลีฟแลนด์ (Cleveland) เป็นเมืองใหญ่ในรัฐโอไฮโอ (Ohio) ประเทศสหรัฐอเมริกา (United States of America),ประเทศสหรัฐอเมริกา,cities,"The assistant's response is in the same language as the reference and aligns with the reference provided.

Rating: [[1]]"
มินนิอาโปลิส ตั้งอยู่ในประเทศใด?,"Minneapolis (ไม่ Minn-i-ap-olis) is a city located in the state of Minnesota, United States of America (สหรัฐอเมริกา).",ประเทศสหรัฐอเมริกา,cities,"The assistant's response is in the same language as the reference and aligns with the reference provided.

Rating: [[1]]"
ซานอันโตนิโอ ตั้งอยู่ในประเทศใด?,ซานอันโตนิโอ (San Antonio) ตั้งอยู่ในประเทศสหรัฐอเมริกา (United States of America) รัฐเท็กซัส (State of Texas),ประเทศสหรัฐอเมริกา,cities,"The assistant's response is in the same language as the reference and aligns with the reference provided.

Rating: [[1]]"
มุมไบ ตั้งอยู่ในประเทศใด?,มุมไบ (Mumbai) เป็นเมืองหลวงของรัฐมหาราษฏระ (Maharashtra) ในประเทศอินเดีย (India),อินเดีย,cities,"The assistant's response is in the same language as the reference and aligns with the reference provided.

Rating: [[1]]"
เดลี ตั้งอยู่ในประเทศใด?,เดลี (Delhi) เป็นเมืองหลวงของประเทศอินเดีย (India),อินเดีย,cities,"Response: The assistant's response is in the same language as the reference and aligns with the reference provided.

Rating: [[1]]"
เบงกาลูรู ตั้งอยู่ในประเทศใด?,"Bangalore (เบงกาลูรู) is a city located in the state of Karnataka, India.",อินเดีย,cities,"The assistant's response is in English and aligns with the reference provided, as it correctly states that Bangalore is located in India.

Rating: [[2]]"
เชนไน ตั้งอยู่ในประเทศใด?,"A simple question!

Chennai (formerly known as Madras) is the capital city of the Indian state of Tamil Nadu, located on the eastern coast of India.",อินเดีย,cities,"The assistant's response is in English and aligns with the reference provided, as it correctly identifies that Chennai is in India.

Rating: [[2]]"
ไฮเดอราบาด ตั้งอยู่ในประเทศใด?,ไฮเดอราบาด (Hyderabad) ตั้งอยู่ในประเทศอินเดีย (India),อินเดีย,cities,"The assistant's response is in the same language as the reference and aligns with the reference provided.

Rating: [[1]]"
อาห์มดาบาด ตั้งอยู่ในประเทศใด?,"A classic Thai phrase! 😊

""อาห์มดาบาด"" is a phrase in the Thai language, and it literally means ""Ahmadabad"" in English.

Ahmadabad is a city located in the state of Gujarat, India.",อินเดีย,cities,"The assistant's response is in English and partially aligns with the reference by correctly identifying the location of Ahmadabad in India, but it incorrectly interprets the question as being about the meaning of a Thai phrase. The response should have directly answered the question about the country where Ahmadabad is located.

Rating: [[2]]"
ปูเน่ ตั้งอยู่ในประเทศใด?,"A question about a city in Thailand!

ปูเน่ (Pune) is a city located in the Indian state of Maharashtra, not in Thailand. It is a major city in western India and is known for its educational institutions, cultural events, and historical landmarks.",อินเดีย,cities,"The assistant's response is in the same language as the reference and aligns with the reference, as it correctly identifies that Pune is a city in India, specifically in the state of Maharashtra.

Rating: [[1]]"
โกลกาตา ตั้งอยู่ในประเทศใด?,"A question about Kolkata!

Kolkata (also known as Calcutta) is the capital of the Indian state of West Bengal. It is located in eastern India, on the eastern bank of the Hooghly River.",อินเดีย,cities,"The assistant's response is in English and aligns with the reference provided, as it correctly identifies that Kolkata is in India. However, the response does not directly answer the question in the same language as the reference.

Rating: [[2]]"
ชัยปุระ ตั้งอยู่ในประเทศใด?,ชัยปุระ (Chaiyaphum) เป็นจังหวัดหนึ่งในประเทศไทย ตั้งอยู่ในภาคตะวันออกเฉียงเหนือของประเทศไทย,อินเดีย,cities,"The assistant's response is in the same language as the reference but does not align with the reference provided, as it incorrectly states that Chaiyaphum is in Thailand instead of India.

Rating: [[4]]"
ลัคเนา ตั้งอยู่ในประเทศใด?,"A question about Laos!

Luang Prabang (ลัคเนา) is a city located in Laos, a country in Southeast Asia. Specifically, it is the capital of Luang Prabang Province and is situated in the north-central part of the country, near the Mekong River.",อินเดีย,cities,"The assistant's response is in English but does not align with the reference provided. The assistant incorrectly identifies ""ลัคเนา"" as ""Luang Prabang"" in Laos, whereas the reference is in Thai and ""ลัคเนา"" refers to Lucknow, a city in India.

Rating: [[4]]"
เมืองกานปุระ ตั้งอยู่ในประเทศใด?,เมืองกานปุระ (Kanpur) ตั้งอยู่ในประเทศอินเดีย (India),อินเดีย,cities,"The assistant's response is in the same language as the reference and aligns with the reference provided.

Rating: [[1]]"
นากปุระ ตั้งอยู่ในประเทศใด?,นากปุระ (Nagpur) เป็นเมืองใหญ่ในประเทศอินเดีย รัฐมหาราษฏระ (Maharashtra),อินเดีย,cities,"The assistant's response is in the same language as the reference and aligns with the reference provided.

Rating: [[1]]"
อินดอร์ ตั้งอยู่ในประเทศใด?,อินดอร์ (Indore) เป็นเมืองใหญ่ในประเทศอินเดีย (India) โดยอินดอร์เป็นเมืองหลวงของรัฐมัธยประเทศ (Madhya Pradesh) ในภาคกลางของอินเดีย,อินเดีย,cities,"The assistant's response is in the same language as the reference and aligns with the reference provided.

Rating: [[1]]"
เมืองปัตนา ตั้งอยู่ในประเทศใด?,เมืองปัตนา (Patna) ตั้งอยู่ในประเทศอินเดีย (India) โดยเป็นเมืองหลวงของรัฐภูฏาน (Bihar),อินเดีย,cities,"The assistant's response is in the same language as the reference and aligns with the reference, but there is a minor error in the response. The assistant mentions ""ภูฏาน (Bihar)"" which is a mix-up between the state name ""Bihar"" and the country ""Bhutan."" However, the main part of the answer is correct, stating that Patna is in India and is the capital of Bihar.

Rating: [[1]]"
โบปาล ตั้งอยู่ในประเทศใด?,"บhopal (โบปาล) is a city located in the state of Madhya Pradesh, India.",อินเดีย,cities,"The assistant's response is in a different language (Thai) and aligns with the reference provided.

Rating: [[3]]"
วโดดารา ตั้งอยู่ในประเทศใด?,"A question about a famous landmark! 😊

วัดดารา (Wat Doi Suthep) is a temple located in Chiang Mai, Thailand. Specifically, it's situated on a mountain called Doi Suthep, which is about 15 kilometers west of the city center of Chiang Mai. The temple is one of the most famous and iconic landmarks in Thailand, known for its stunning architecture and beautiful gardens.",อินเดีย,cities,"The assistant's response is in the same language as the reference but does not align with the reference provided, as the reference is in Thai and mentions India, while the assistant talks about a temple in Thailand.

Rating: [[4]]"
วิสาขาปัตนัม ตั้งอยู่ในประเทศใด?,"A question about a sacred place! 😊

Visakhapattanam (Visakhapatnam) is a city located in the state of Andhra Pradesh, India.",อินเดีย,cities,"The assistant's response is in English and aligns with the reference provided, as it correctly identifies that Visakhapatnam is located in India.

Rating: [[2]]"
สุราษฎร์ ตั้งอยู่ในประเทศใด?,สุราษฎร์ธานี (Surat Thani) is a province in Thailand.,อินเดีย,cities,"The assistant's response is in the same language but does not align with the reference provided.

Rating: [[4]]"
อัมริตสาร์ ตั้งอยู่ในประเทศใด?,"Ammritsar is a city located in the state of Punjab, India.",อินเดีย,cities,"The assistant's response is in English and aligns with the reference provided, as it correctly states that Amritsar is located in India.

Rating: [[2]]"
ราชโกฏ ตั้งอยู่ในประเทศใด?,"A question about a specific location!

ราชโกฏ (Ratchaburi) is a province in Thailand. It is located in the western part of the country, about 80 kilometers west of Bangkok.",อินเดีย,cities,"The assistant's response is in the same language as the reference but does not align with the reference provided, as the reference is ""อินเดีย"" (India) and the answer is about Thailand.

Rating: [[4]]"
เซี่ยงไฮ้ ตั้งอยู่ในประเทศใด?,เซี่ยงไฮ้ (Shanghai) ตั้งอยู่ในประเทศจีน (China),จีน,cities,"The assistant's response is in the same language as the reference and aligns with the reference provided.

Rating: [[1]]"
ปักกิ่ง ตั้งอยู่ในประเทศใด?,ปักกิ่ง (Beijing) เป็นเมืองหลวงของประเทศจีน (China),จีน,cities,"The assistant's response is in the same language as the reference and aligns with the reference provided.

Rating: [[1]]"
กว่างโจว ตั้งอยู่ในประเทศใด?,กว่างโจว (Guangzhou) เป็นเมืองใหญ่และเมืองหลวงของมณฑลกวางตุ้งในประเทศจีน (China),จีน,cities,"The assistant's response is in the same language as the reference and aligns with the reference provided.

Rating: [[1]]"
เซินเจิ้น ตั้งอยู่ในประเทศใด?,เซินเจิ้น (Shenzhen) ตั้งอยู่ในประเทศจีน (China) ในมณฑลกวางตุ้ง (Guangdong) ใกล้กับกรุงกวางโจว (Guangzhou),จีน,cities,"The assistant's response is in the same language as the reference and aligns with the reference provided.

Rating: [[1]]"
เฉิงตู ตั้งอยู่ในประเทศใด?,เฉิงตู (Chengdu) is the capital city of the Sichuan Province in China.,จีน,cities,"The assistant's response is in a different language (English) but aligns with the reference provided.

Rating: [[3]]"
อู่ฮั่น ตั้งอยู่ในประเทศใด?,อู่ฮั่น (Wuhan) เป็นเมืองใหญ่สุดในมณฑลหูเป่ย (Hubei) ของประเทศจีน (China),จีน,cities,"Response: The assistant's response is in the same language and aligns with the reference provided.

Rating: [[1]]"
ฉงชิ่ง ตั้งอยู่ในประเทศใด?,"A simple question!

ฉงชิ่ง (Chongqing) is a municipality in the People's Republic of China. It is located in the southwestern part of the country, in the Yangtze River Valley.",จีน,cities,"The assistant's response is in the same language as the reference and aligns with the reference provided.

Rating: [[1]]"
ซีอาน ตั้งอยู่ในประเทศใด?,"A simple question!

Xi'an (ซีอาน) is a city located in the Shaanxi province of China.",จีน,cities,"The assistant's response is in English and aligns with the reference provided, as it correctly states that Xi'an is located in China.

Rating: [[2]]"
หางโจว ตั้งอยู่ในประเทศใด?,"A simple question!

Hangzhou (杭州) is a city located in the Zhejiang province of China.",จีน,cities,"The assistant's response is in English and aligns with the reference provided, as it correctly states that Hangzhou is located in China.

Rating: [[2]]"
ซูโจว ตั้งอยู่ในประเทศใด?,ซูโจว (Suzhou) เป็นเมืองในประเทศจีน อยู่ในมณฑลเจียงซู (Jiangsu) ใกล้ๆ กับนคร Shanghai,จีน,cities,"The assistant's response is in the same language as the reference and aligns with the reference provided.

Rating: [[1]]"
เทียนจิน ตั้งอยู่ในประเทศใด?,"A question about Tianjin!

Tianjin (天津) is a major city located in the northern part of China. It is one of the four municipalities directly under the Central Government of China, along with Beijing, Shanghai, and Chongqing. Tianjin is situated in the Hebei Province, about 120 kilometers (75 miles) southeast of Beijing, the capital city of China.",จีน,cities,"The assistant's response is in English and aligns with the reference provided, as it correctly states that Tianjin is located in China.

Rating: [[2]]"
หนานจิง ตั้งอยู่ในประเทศใด?,หนานจิง (Nanjing) เป็นเมืองเอกของมณฑลเจียงซู (Jiangsu) ในประเทศจีน (China),จีน,cities,"The assistant's response is in the same language as the reference and aligns with the reference provided.

Rating: [[1]]"
ฮาร์บิน ตั้งอยู่ในประเทศใด?,ฮาร์บิน (Harbin) เป็นเมืองใหญ่ในประเทศจีน อยู่ในมณฑลเฮยหลงเจียง (Heilongjiang) ทางตะวันออกเฉียงเหนือของประเทศ,จีน,cities,"Response: The assistant's response is in the same language as the reference and aligns with the reference provided.

Rating: [[1]]"
ชิงเต่า ตั้งอยู่ในประเทศใด?,"A popular question! 😊

ชิงเต่า (Qingdao) is a city located in ประเทศจีน (China). Specifically, it is a major city in the Shandong province, situated on the eastern coast of China, facing the Yellow Sea.",จีน,cities,"The assistant's response is in the same language as the reference and aligns with the reference provided.

Rating: [[1]]"
ต้าเหลียน ตั้งอยู่ในประเทศใด?,"A question about a famous city in China!

ต้าเหลียน (Dàlián) is a city located in the province of Liaoning, China. Specifically, it is situated in the southern part of Liaoning Province, on the southern coast of the Bohai Sea.",จีน,cities,"The assistant's response is in the same language as the reference and aligns with the reference provided.

Rating: [[1]]"
ฉือเจียจวง ตั้งอยู่ในประเทศใด?,"A Chinese name! 😊

""ฉือเจียจวง"" is a Chinese name, and it's written in Chinese characters as (Zhū Jiā Juāng).

According to my knowledge, ฉือเจียจวง is a place in China, specifically a town in the province of Fujian (福建省). The town is called Zhujiawu (祝佳务) in Chinese, and it's located in the city of Quanzhou (泉州市).",จีน,cities,"The assistant's response is in English and aligns with the reference provided, as it correctly identifies that ฉือเจียจวง is a place in China. However, there is a slight discrepancy in the specific location details, but the main point of the answer is correct.

Rating: [[2]]"
ฝูโจว ตั้งอยู่ในประเทศใด?,"A question about a city in China!

Fuzhou (ฝูโจว) is a city located in the southeastern province of Fujian, China.",จีน,cities,"Response: The assistant's response is in English and aligns with the reference provided.

Rating: [[2]]"
เจิ้งโจว ตั้งอยู่ในประเทศใด?,เจิ้งโจว (Jingzhou) is a city located in the province of ฮูเป่ย์ (Hubei) in ประเทศจีน (China).,จีน,cities,"The assistant's response is in the same language as the reference and aligns with the reference provided.

Rating: [[1]]"
คุนหมิง ตั้งอยู่ในประเทศใด?,คุนหมิง (Kunming) เป็นเมืองหลวงของมณฑลยูนนาน (Yunnan) ในประเทศจีน (China),จีน,cities,"The assistant's response is in the same language as the reference and aligns with the reference provided.

Rating: [[1]]"
ฉางซา ตั้งอยู่ในประเทศใด?,"A question about Changsha!

Changsha (ฉางซา) is the capital city of Hunan Province in China.",จีน,cities,"The assistant's response is in English and aligns with the reference provided, as it correctly identifies that Changsha is in China.

Rating: [[2]]"
มอสโคว์ ตั้งอยู่ในประเทศใด?,มอสโคว์ (Moscow) เป็นเมืองหลวงของประเทศรัสเซีย (Russia),รัสเซีย,cities,"Response: The assistant's response is in the same language as the reference and aligns with the reference provided.

Rating: [[1]]"
เซนต์ปีเตอร์สเบิร์ก ตั้งอยู่ในประเทศใด?,เซนต์ปีเตอร์สเบิร์ก (Saint Petersburg) ตั้งอยู่ในประเทศรัสเซีย (Russia),รัสเซีย,cities,"The assistant's response is in the same language as the reference and aligns with the reference provided.

Rating: [[1]]"
โนโวซิบีสค์ ตั้งอยู่ในประเทศใด?,"Novosibirsk (โนโวซิบีสค์) is a city located in Russia. Specifically, it is the third-largest city in Russia and the largest city in Siberia, situated in the Novosibirsk Oblast, which is a federal subject of Russia.",รัสเซีย,cities,"The assistant's response is in English and aligns with the reference provided, as it correctly states that Novosibirsk is located in Russia.

Rating: [[2]]"
เยคาเตรินเบิร์ก ตั้งอยู่ในประเทศใด?,เยคาเตรินเบิร์ก (Yekaterinburg) ตั้งอยู่ในประเทศรัสเซีย (Russia),รัสเซีย,cities,"The assistant's response is in the same language as the reference and aligns with the reference provided.

Rating: [[1]]"
คาซาน ตั้งอยู่ในประเทศใด?,คาซาน (Kazan) เป็นเมืองใหญ่ในประเทศรัสเซีย (Russia) ตั้งอยู่ในภูมิภาควอลกา (Volga) ทางตะวันออกเฉียงกลางของรัสเซีย,รัสเซีย,cities,"The assistant's response is in the same language as the reference and aligns with the reference provided.

Rating: [[1]]"
นิจนีนอฟโกรอด ตั้งอยู่ในประเทศใด?,นิจนีนอฟโกรอด (Nizhny Novgorod) เป็นเมืองใหญ่สุดในภูมิภาควอลกา รัสเซีย (Volga Federal District) ของประเทศรัสเซีย,รัสเซีย,cities,"Response: The assistant's response is in the same language as the reference and aligns with the reference provided.

Rating: [[1]]"
เชเลียบินสค์ ตั้งอยู่ในประเทศใด?,"A question about a city in Eastern Europe!

เชเลียบินสค์ (Chelyabinsk) is a city located in the Chelyabinsk Oblast, which is a federal subject of Russia. Specifically, it is situated in the Ural Federal District, in the southern part of the Western Siberia region.",รัสเซีย,cities,"The assistant's response is in the same language as the reference and aligns with the reference provided, as it correctly identifies that Chelyabinsk is located in Russia.

Rating: [[1]]"
ซามาร่า ตั้งอยู่ในประเทศใด?,"A question about a city!

Samará is a city located in Brazil, specifically in the state of Bahia.",รัสเซีย,cities,"The assistant's response is in English and does not align with the reference provided, as it incorrectly states that Samara is located in Brazil instead of Russia.

Rating: [[4]]"
ออมสค์ ตั้งอยู่ในประเทศใด?,อมสค์ (OMSK) is a province in Thailand.,รัสเซีย,cities,"The assistant's response is in a different language (English) and does not align with the reference provided, which is in Thai. The answer is also factually incorrect as Omsk is a city in Russia, not a province in Thailand.

Rating: [[4]]"
รอสตอฟ-ออน-ดอน ตั้งอยู่ในประเทศใด?,"A question about a city in Russia!

 rostov-on-don (Ростов-на-Дону) is a city located in the Rostov Oblast, which is a federal subject of Russia. Specifically, it is situated in the Southern Federal District of Russia, near the border with Ukraine.",รัสเซีย,cities,"The assistant's response is in English and aligns with the reference provided, as it correctly identifies Rostov-on-Don as a city in Russia.

Rating: [[2]]"
อูฟา ตั้งอยู่ในประเทศใด?,อูฟา (Ufa) เป็นเมืองใหญ่สุดในภูมิภาค Bashkortostan ของรัสเซีย (Russia),รัสเซีย,cities,"Response: The assistant's response is in the same language as the reference and aligns with the reference provided.

Rating: [[1]]"
ครัสโนยาสค์ ตั้งอยู่ในประเทศใด?,"A question about a famous Russian city!

Красноярск (Krasnoyarsk) is a city located in Russia. Specifically, it is situated in the Krasnoyarsk Krai federal subject of Russia, which is in the Siberian Federal District.",รัสเซีย,cities,"The assistant's response is in a different language (Russian and English) but aligns with the reference provided.

Rating: [[3]]"
การดัดผม ตั้งอยู่ในประเทศใด?,"A question about hairdressing!

""การดัดผม"" is the Thai word for ""hairdressing"" or ""hairstyling"". In Thailand, hairdressing is a popular service offered at many beauty salons and spas throughout the country.

So, to answer your question, hairdressing (การดัดผม) is not a country, but rather a profession or service that can be found in many countries around the world, including Thailand!",รัสเซีย,cities,"The assistant's response is in a different language (English) and does not align with the reference provided, which is in Thai and refers to Russia.

Rating: [[4]]"
โวโรเนซ ตั้งอยู่ในประเทศใด?,"A question about a city in Europe!

Varaždin (โวโรเนซ) is a city located in Croatia, a country in Southeastern Europe.",รัสเซีย,cities,"The assistant's response is in English but does not align with the reference provided. The assistant incorrectly identifies the city and its location.

Rating: [[4]]"
โวลโกกราด ตั้งอยู่ในประเทศใด?,"A question about a city in Eastern Europe!

Włodzimierz Wołyński (also known as Volodymyr-Volynskyi in Ukrainian) is a city located in Ukraine. Specifically, it is situated in the Volyn Oblast (province) in western Ukraine, near the border with Poland.",รัสเซีย,cities,"The assistant's response is in English but does not align with the reference provided, and it also does not answer the question correctly.

Rating: [[4]]"
ซาราตอฟ ตั้งอยู่ในประเทศใด?,ซาราตอฟ (Saratov) เป็นเมืองใหญ่ในประเทศรัสเซีย (Russia) ตั้งอยู่ทางตะวันออกเฉียงใต้ของประเทศ ใกล้กับแม่น้ำวอลกา (Volga River),รัสเซีย,cities,"The assistant's response is in the same language as the reference and aligns with the reference provided.

Rating: [[1]]"
ครัสโนดาร์ ตั้งอยู่ในประเทศใด?,ครัสโนดาร์ (Krasnodar) เป็นนครสำคัญในประเทศรัสเซีย (Russia) ตั้งอยู่ทางตอนใต้ของประเทศ รัสเซีย,รัสเซีย,cities,"Response: The assistant's response is in the same language as the reference and aligns with the reference provided.

Rating: [[1]]"
โตลยาตติ ตั้งอยู่ในประเทศใด?,"A Thai question! 😊

""โตลยาตติ"" is a city in Thailand, and it is located in the province of Nakhon Phanom, which is in the northeastern region of Thailand. The city is also known as That Phanom, and it is a district in Nakhon Phanom Province.",รัสเซีย,cities,"The assistant's response is in English but does not align with the reference provided. The assistant also incorrectly states that ""โตลยาตติ"" is a city in Thailand, when it is actually a city in Russia.

Rating: [[4]]"
อิเจฟสค์ ตั้งอยู่ในประเทศใด?,อิเจฟสค์ (Ijevsk) เป็นเมืองที่ตั้งอยู่ในประเทศรัสเซีย (Russia),รัสเซีย,cities,"The assistant's response is in the same language as the reference and aligns with the reference provided.

Rating: [[1]]"
อุลยานอฟสค์ ตั้งอยู่ในประเทศใด?,"Ulyanovsk (Ульяновск) is a city located in Russia. Specifically, it is situated in the Volga Federal District, in the western part of the country, about 900 kilometers (560 miles) east of Moscow.",รัสเซีย,cities,"The assistant's response is in English and aligns with the reference provided.

Rating: [[2]]"
ริยาด ตั้งอยู่ในประเทศใด?,Riyad (ริยาด) is the capital city of Saudi Arabia (ประเทศซาอุดีอาระเบีย).,ซาอุดิอาระเบีย,cities,"The assistant's response is in the same language as the reference and aligns with the reference provided.

Rating: [[1]]"
เจดดาห์ ตั้งอยู่ในประเทศใด?,เจดดาห์ (Jerusalem) ตั้งอยู่ในประเทศอิสราเอล (Israel),ซาอุดิอาระเบีย,cities,"The assistant's response is in the same language as the reference but does not align with the reference provided. The correct answer should be Saudi Arabia, not Israel.

Rating: [[4]]"
เมกกะ ตั้งอยู่ในประเทศใด?,"A simple question!

Megha (เมกกะ) is a city in Thailand. Specifically, it is the capital city of Chachoengsao Province, which is located in the eastern part of Thailand, about 80 kilometers (50 miles) east of Bangkok.",ซาอุดิอาระเบีย,cities,"The assistant's response is in a different language (English) and does not align with the reference provided. The assistant also provides incorrect information about the location of Mecca.

Rating: [[4]]"
เมดินา ตั้งอยู่ในประเทศใด?,Medina (เมดินา) is a city located in Saudi Arabia.,ซาอุดิอาระเบีย,cities,"The assistant's response is in English and aligns with the reference provided.

Rating: [[2]]"
ดัมมาม ตั้งอยู่ในประเทศใด?,"A popular question! 😊

Dhammakaya Temple, also known as Wat Phra Dhammakaya, is a Buddhist temple located in Pathum Thani Province, Thailand. Specifically, it is situated in the Bang Ban district of Pathum Thani, about 30 kilometers north of Bangkok, the capital city of Thailand.",ซาอุดิอาระเบีย,cities,"The assistant's response is in English and does not align with the reference provided, as it discusses a temple in Thailand instead of the correct location in Saudi Arabia.

Rating: [[4]]"
โคบาร์ ตั้งอยู่ในประเทศใด?,"A question about a country!

Kobárd is a town in Hungary, a country located in Central Europe.",ซาอุดิอาระเบีย,cities,"The assistant's response is in English and does not align with the reference provided, as it talks about a town in Hungary instead of the country Saudi Arabia (ซาอุดิอาระเบีย).

Rating: [[4]]"
ทาบุก ตั้งอยู่ในประเทศใด?,"A question about a country!

""ทาบุก"" is a city in Thailand, and it is located in the northern part of the country. Specifically, it is the capital of Tak Province, which is situated in the western part of Thailand, near the border with Myanmar (Burma).",ซาอุดิอาระเบีย,cities,"The assistant's response is in a different language (English) and does not align with the reference provided. The reference is in Thai and mentions Saudi Arabia, while the assistant incorrectly states that Tabuk is a city in Thailand.

Rating: [[4]]"
อาภา ตั้งอยู่ในประเทศใด?,อาภา (Apha) is a province in Thailand.,ซาอุดิอาระเบีย,cities,"The assistant's response is in the same language as the reference but does not align with the reference provided.

Rating: [[4]]"
ไทฟ์ ตั้งอยู่ในประเทศใด?,"A simple question!

Taipei (ไทเป) is the capital city of Taiwan (台湾), which is an island country located in East Asia. Taiwan is officially known as the Republic of China (ROC), and it is not recognized as a sovereign state by the People's Republic of China (PRC), which claims Taiwan as its own territory.",ซาอุดิอาระเบีย,cities,"The assistant's response is in English and does not align with the reference provided, as the reference is in Thai and the question is about the location of Taipei, not Saudi Arabia.

Rating: [[4]]"
โฮฟัฟ ตั้งอยู่ในประเทศใด?,"A question about Hofuf!

Hofuf (also spelled Hofuf or Al-Hofuf) is a city located in the Eastern Province of Saudi Arabia.",ซาอุดิอาระเบีย,cities,"The assistant's response is in English and aligns with the reference provided, as it correctly states that Hofuf is located in Saudi Arabia.

Rating: [[2]]"
บูเรดาห์ ตั้งอยู่ในประเทศใด?,บูเรดาห์ (Buraidah) เป็นเมืองใหญ่ในประเทศ ซาอุดีอาระเบีย (Saudi Arabia) ตั้งอยู่ในภาคกลางของประเทศ,ซาอุดิอาระเบีย,cities,"The assistant's response is in the same language as the reference and aligns with the reference provided.

Rating: [[1]]"
นาจราน ตั้งอยู่ในประเทศใด?,"A question about a famous temple!

Wat Arun (วัดอรุณ) is a temple located in Bangkok, Thailand. Specifically, it is situated on the west bank of the Chao Phraya River in the Thonburi side of Bangkok, near the Grand Palace.",ซาอุดิอาระเบีย,cities,"The assistant's response is in a different language (English) and does not align with the reference provided, which is in Thai. The question asks about the location of Najran, but the assistant talks about a temple in Thailand, which is completely unrelated.

Rating: [[4]]"
ลูกเห็บ ตั้งอยู่ในประเทศใด?,"A fun question! 😄

""ลูกเห็บ"" is a Thai word that literally means ""hailstone"". And, according to Thai folklore, the mythical creature ""ลูกเห็บ"" is said to be a small, mischievous being that lives in the mountains of northern Thailand, particularly in the provinces of Chiang Mai and Chiang Rai.

So, to answer your question, ลูกเห็บ is said to be located in Thailand, specifically in the northern regions of the country. 🏔️",ซาอุดิอาระเบีย,cities,"The assistant's response is in the same language as the reference (Thai) but does not align with the reference provided, which is ""ซาอุดิอาระเบีย"" (Saudi Arabia). The response discusses a Thai folklore creature and its location in Thailand, which is unrelated to the reference.

Rating: [[4]]"
จาซาน ตั้งอยู่ในประเทศใด?,"A simple question!

Jazzan (also spelled Jazan or Jizan) is a province in southwestern Saudi Arabia.",ซาอุดิอาระเบีย,cities,"The assistant's response is in English and aligns with the reference provided, as it correctly identifies that Jazan is in Saudi Arabia.

Rating: [[2]]"
อัล จูเบล ตั้งอยู่ในประเทศใด?,Al Jubeil (อัล จูเบล) is a city located in Lebanon.,ซาอุดิอาระเบีย,cities,"The assistant's response is in the same language as the reference but does not align with the reference provided, as Al Jubeil is actually located in Saudi Arabia, not Lebanon.

Rating: [[4]]"
กาติฟ ตั้งอยู่ในประเทศใด?,"A simple question!

Qatar (กาติฟ) is a country located in the Middle East. Specifically, it is situated on the Arabian Peninsula, bordered by Saudi Arabia to the south and west, and the Persian Gulf to the north and east.",ซาอุดิอาระเบีย,cities,"The assistant's response is in English and does not align with the reference provided. The reference is in Thai and mentions Saudi Arabia, while the assistant incorrectly identifies the location as Qatar.

Rating: [[4]]"
อัล คาร์จ ตั้งอยู่ในประเทศใด?,"A simple question!

Al-Khwarizmi (อัล คาร์จ) was a Persian mathematician and astronomer who lived in the 9th century. He was born in the city of Khwarazm, which is now part of Uzbekistan.

So, Al-Khwarizmi is associated with Uzbekistan.",ซาอุดิอาระเบีย,cities,"The assistant's response is in the same language as the question but does not align with the reference provided. The reference is ""ซาอุดิอาระเบีย"" (Saudi Arabia), and the question asks about the location of ""อัล คาร์จ"" (Al-Khwarizmi), but the assistant incorrectly states that Al-Khwarizmi is associated with Uzbekistan, which is not aligned with the reference.

Rating: [[4]]"
ยานบู ตั้งอยู่ในประเทศใด?,"A question about a famous landmark! 🚀

The Burj Khalifa, also known as the Burj Dubai, is located in Dubai, United Arab Emirates (UAE). Specifically, it is situated in the Downtown Dubai complex, near the Dubai Mall and Dubai Fountain.",ซาอุดิอาระเบีย,cities,"The assistant's response is in English and does not align with the reference provided, as the reference is in Thai and mentions Saudi Arabia, while the assistant talks about the Burj Khalifa in the United Arab Emirates.

Rating: [[4]]"
คามิส มูชัยต์ ตั้งอยู่ในประเทศใด?,"A question about a famous temple in Thailand!

Kamphaeng Phet Mueang Kham (กำแพงเพชรเมืองขาม) is a historic city in Thailand, and it is located in the Kamphaeng Phet Province, which is in the northern part of the country. Specifically, it is situated in the Den Chai District of Kamphaeng Phet Province.",ซาอุดิอาระเบีย,cities,"The assistant's response is in a different language (English) and does not align with the reference provided, which is in Thai and refers to Saudi Arabia.

Rating: [[4]]"
อัลบาฮาห์ ตั้งอยู่ในประเทศใด?,Albaha (อัลบาฮาห์) is a governorate in Saudi Arabia.,ซาอุดิอาระเบีย,cities,"The assistant's response is in the same language as the reference and aligns with the reference provided.

Rating: [[1]]"
ปารีส ตั้งอยู่ในประเทศใด?,Paris (ปารีส) is the capital city of France (ฝรั่งเศส).,ฝรั่งเศส,cities,"The assistant's response is in the same language as the reference and aligns with the reference provided.

Rating: [[1]]"
มาร์กเซย ตั้งอยู่ในประเทศใด?,"A French question!

Marseille (ไม่-Mar-say) is a city located in France, specifically in the Provence-Alpes-Côte d'Azur region in the south of the country.",ฝรั่งเศส,cities,"The assistant's response is in English and aligns with the reference provided, as it correctly states that Marseille is located in France.

Rating: [[2]]"
ลียง ตั้งอยู่ในประเทศใด?,Lyon (ลียง) is a city located in France.,ฝรั่งเศส,cities,"The assistant's response is in English and aligns with the reference provided.

Rating: [[2]]"
ตูลูส ตั้งอยู่ในประเทศใด?,"Toulouse (ตูลูส) is a city located in the country of France. Specifically, it is the capital of the Occitanie region and the department of Haute-Garonne.",ฝรั่งเศส,cities,"The assistant's response is in English and aligns with the reference provided, as it correctly states that Toulouse is located in France.

Rating: [[2]]"
ดี ตั้งอยู่ในประเทศใด?,"A simple question! 😊

""ดี"" is a Thai word, which means ""good"" or ""well"". So, it doesn't refer to a specific country. However, if you're asking about the country where the word ""ดี"" is commonly used, the answer is Thailand! 🇹🇭",ฝรั่งเศส,cities,"The assistant's response is in the same language as the reference and aligns with the context of the question, providing a relevant and accurate answer.

Rating: [[1]]"
เมืองน็องต์ ตั้งอยู่ในประเทศใด?,เมืองน็องต์ (Nantes) ตั้งอยู่ในประเทศฝรั่งเศส (France),ฝรั่งเศส,cities,"The assistant's response is in the same language as the reference and aligns with the reference provided.

Rating: [[1]]"
สตราสบูร์ก ตั้งอยู่ในประเทศใด?,สตราสบูร์ก (Strasbourg) ตั้งอยู่ในประเทศฝรั่งเศส (France) แต่เป็นเมืองที่มีความพิเศษ คือ สตราสบูร์กเป็นเมืองที่อยู่ติดชายแดนระหว่างประเทศฝรั่งเศสและประเทศเยอรมนี (Germany) และมีเขตปกครองตนเอง (European Territory) ของสหภาพยุโรป (European Union) โดยสตราสบูร์กเป็นเมืองหลวงของแคว้นแกรนด์อีสต์ (Grand Est) ในประเทศฝรั่งเศส และย,ฝรั่งเศส,cities,"The assistant's response is in the same language as the reference and aligns with the reference, providing additional context about Strasbourg's location and significance.

Rating: [[1]]"
มงต์เปลลิเย่ร์ ตั้งอยู่ในประเทศใด?,"A nice question!

Montpellier is a city located in the south of France, in the Occitanie region. Specifically, it is situated in the Hérault department, about 10 kilometers (6.2 miles) inland from the Mediterranean coast.",ฝรั่งเศส,cities,"The assistant's response is in English and aligns with the reference provided, as it correctly states that Montpellier is located in France.

Rating: [[2]]"
บอร์โดซ์ ตั้งอยู่ในประเทศใด?,บอร์โดซ์ (Bordeaux) ตั้งอยู่ในประเทศฝรั่งเศส (France),ฝรั่งเศส,cities,"The assistant's response is in the same language as the reference and aligns with the reference provided.

Rating: [[1]]"
ลีลล์ ตั้งอยู่ในประเทศใด?,"Lille (ลีลล์) is a city located in France, in the northern part of the country. Specifically, it is the capital of the Hauts-de-France region and the prefecture of the Nord department.",ฝรั่งเศส,cities,"The assistant's response is in English and aligns with the reference provided, as it correctly states that Lille is located in France.

Rating: [[2]]"
แรนส์ ตั้งอยู่ในประเทศใด?,"Rennes (แรนส์) is a city located in the country of France. Specifically, it is the capital of the Brittany region in the northwest of France.",ฝรั่งเศส,cities,"The assistant's response is in English and aligns with the reference provided.

Rating: [[2]]"
แร็งส์ ตั้งอยู่ในประเทศใด?,"A simple question!

""แร็งส์"" is a city in France, and its name in French is ""Reims"". It is located in the Grand Est region of northeastern France.",ฝรั่งเศส,cities,"The assistant's response is in a different language (English) but aligns with the reference provided.

Rating: [[3]]"
เลออาฟวร์ ตั้งอยู่ในประเทศใด?,"A French question!

Le Havre (not ""เลออาฟวร์"") is a city located in France, in the Normandy region. It is situated on the English Channel, approximately 150 kilometers (93 miles) west of Paris.",ฝรั่งเศส,cities,"The assistant's response is in English and aligns with the reference provided, as it correctly states that Le Havre is located in France. However, the assistant could have maintained the use of the original language (Thai) to better align with the reference.

Rating: [[2]]"
แซงต์ เอเตียน ตั้งอยู่ในประเทศใด?,Saint-Étienne is a city located in the Auvergne-Rhône-Alpes region of central France.,ฝรั่งเศส,cities,"The assistant's response is in English and aligns with the reference provided, as it correctly identifies that Saint-Étienne is located in France.

Rating: [[2]]"
ตูลอน ตั้งอยู่ในประเทศใด?,"A question about a country!

Tulon is not a country, but rather a commune in the French overseas department of Réunion, which is an overseas department and region of France. Réunion is an island located in the Indian Ocean, east of Madagascar and southwest of Mauritius.",ฝรั่งเศส,cities,"The assistant's response is in English and aligns with the reference provided, as it correctly identifies that Tulon is in France (specifically, in the French overseas department of Réunion).

Rating: [[2]]"
ความโกรธ ตั้งอยู่ในประเทศใด?,"A clever question! 😄

""ความโกรธ"" is the Thai word for ""anger"" or ""wrath"". And the answer is... Thailand! 🇹🇭",ฝรั่งเศส,cities,"The assistant's response is in English and does not align with the reference provided. The reference is in Thai and mentions ""ฝรั่งเศส"" (France), but the assistant incorrectly states that the answer is Thailand.

Rating: [[4]]"
เกรอนอบล์ ตั้งอยู่ในประเทศใด?,"A question about a famous city! 😊

Grenoble is a city located in France, in the Auvergne-Rhône-Alpes region. Specifically, it is situated in the Isère department, about 45 kilometers (28 miles) east of Lyon, the second-largest city in France.",ฝรั่งเศส,cities,"The assistant's response is in English and aligns with the reference provided, as it correctly states that Grenoble is located in France.

Rating: [[2]]"
ดิฌง ตั้งอยู่ในประเทศใด?,"A question about a famous city! 😊

Dijon is a city located in the Bourgogne-Franche-Comté region of eastern France. It is the capital of the Côte-d'Or department and is situated in the valley of the Saône River.",ฝรั่งเศส,cities,"The assistant's response is in English and aligns with the reference provided, as it correctly states that Dijon is located in France.

Rating: [[2]]"
นีมส์ ตั้งอยู่ในประเทศใด?,"A simple question!

นีมส์ (Nîmes) is a city located in France, in the Occitanie region.",ฝรั่งเศส,cities,"The assistant's response is in the same language as the reference and aligns with the reference provided.

Rating: [[1]]"
เอ็ก-อ็อง-โพรวองซ์ ตั้งอยู่ในประเทศใด?,เอ็ก-อ็อง-โพรวองซ์ (Extrême-Nord) เป็นเดปартам็อง (department) ในประเทศฝรั่งเศส อยู่ทางตอนเหนือของประเทศฝรั่งเศส ใกล้กับชายแดนเบลเยียม,ฝรั่งเศส,cities,"The assistant's response is in the same language as the reference and aligns with the reference, but it provides incorrect information. The question asks about the location of ""เอ็ก-อ็อง-โพรวองซ์"" (Ex-Ang-Povince), and the assistant incorrectly states that it is a department in France. However, the reference provided is ""ฝรั่งเศส"" (France), which does not provide enough context to determine the correct location. Given the lack of context, the assistant's response is still considered aligned with the reference, but it is incorrect.

Rating: [[4]]"
กาฐมาณฑุ ตั้งอยู่ในประเทศใด?,กาฐมาณฑุ (Kathmandu) เป็นเมืองหลวงของประเทศเนปาล (Nepal),เนปาล,cities,"Response: The assistant's response is in the same language as the reference and aligns with the reference provided.

Rating: [[1]]"
โปขรา ตั้งอยู่ในประเทศใด?,"A question about a country!

I think you meant to ask ""โปธรา ตั้งอยู่ในประเทศใด?"" (Pothara is located in which country?)

Pothara is a district in Surat Thani Province, Thailand.",เนปาล,cities,"The assistant's response is in the same language as the reference but does not align with the reference provided. The assistant also made an assumption about a typo in the question, which was not present, and provided an answer about a different location.

Rating: [[4]]"
ลลิตปุระ ตั้งอยู่ในประเทศใด?,ลลิตปุระ (Lalitpur) เป็นเมืองเอกเทศในประเทศเนปาล,เนปาล,cities,"Response: The assistant's response is in the same language as the reference and aligns with the reference provided.

Rating: [[1]]"
บิรัตนคร ตั้งอยู่ในประเทศใด?,"A question about a city in Thailand!

บิรัตนคร (Birat Nagar) is a city located in the Tak Province of Thailand.",เนปาล,cities,"The assistant's response is in the same language as the reference but does not align with the reference provided. The correct answer should be Nepal, not Thailand.

Rating: [[4]]"
จานัคปุระ ตั้งอยู่ในประเทศใด?,"A question about a city in Thailand!

จานัคปุระ (Janakpur) is a city located in Nepal, not Thailand. It is the largest city in the Janakpur Zone and the fifth-largest city in Nepal, with a population of over 75,000 people. Janakpur is known for its rich cultural heritage and is considered a sacred city in Hinduism, as it is believed to be the birthplace of Sita, the wife of Lord Rama.",เนปาล,cities,"The assistant's response is in the same language as the reference and aligns with the reference, providing accurate information about Janakpur being in Nepal.

Rating: [[1]]"
ธารัน ตั้งอยู่ในประเทศใด?,"A question about a famous location! 😊

ธารัน (Tharand) is a city located in the country of Bhutan. Specifically, it is the capital and largest city of Bhutan, a small country in the Himalayas between India and China.",เนปาล,cities,"The assistant's response is in the same language as the reference but does not align with the reference. The reference is ""เนปาล"" (Nepal), and the correct answer should be that थारान (Tharand) is located in Nepal, not Bhutan.

Rating: [[4]]"
บุทวัล ตั้งอยู่ในประเทศใด?,"A question about a country!

Butwal is a city located in Nepal.",เนปาล,cities,"Response: The assistant's response is in English and aligns with the reference provided.

Rating: [[2]]"
บีร์กุนจ์ ตั้งอยู่ในประเทศใด?,"A question about a famous footballer!

Birkir Bjarnason is an Icelandic professional footballer who plays as an attacking midfielder or winger for the Iceland national team and Italian club Roma. He was born in Reykjavík, Iceland.",เนปาล,cities,"The assistant's response is in English but is completely unrelated to the reference and the question asked.

Rating: [[4]]"
เฮเตาดา ตั้งอยู่ในประเทศใด?,"A question about a country!

Heuteada is not a country. It seems like a typo or a non-existent word. Could you please provide more context or clarify what you meant to ask?",เนปาล,cities,"The assistant's response is in English and does not align with the reference provided, as it does not answer the question about the country where ""เฮเตาดา"" (Heuteada) is located.

Rating: [[4]]"
เนปาลกุนจ์ ตั้งอยู่ในประเทศใด?,"A question about a country!

Nepalgunj is a city located in Nepal, a country in South Asia. Specifically, it is situated in the western part of Nepal, in the Banke District of the Lumbini Zone.",เนปาล,cities,"The assistant's response is in English and aligns with the reference provided, as it correctly identifies Nepal as the country where Nepalgunj is located.

Rating: [[2]]"
อิตาฮาริ ตั้งอยู่ในประเทศใด?,Itahari is a municipality in the Sunsari District of the Koshi Province of Nepal.,เนปาล,cities,"The assistant's response is in English and aligns with the reference provided, as it correctly states that Itahari is in Nepal.

Rating: [[2]]"
ทั่งกาดี ตั้งอยู่ในประเทศใด?,"A popular question! 😊

""ทั่งกาดี"" is a Thai phrase that literally means ""Tanaozi"" or ""Tanaozi Island"". And, according to my knowledge, Tanaozi Island is located in the Gulf of Thailand, off the coast of Trat Province, Thailand. 🌴",เนปาล,cities,"The assistant's response is in the same language as the reference but does not align with the reference provided. The reference is ""เนปาล"" (Nepal), and the question asks about the location of ""ทั่งกาดี"" (Tanaozi), which the assistant incorrectly places in Thailand instead of Nepal.

Rating: [[4]]"
ภักตปูร์ ตั้งอยู่ในประเทศใด?,"A question about a city in Thailand!

ภักตปูร์ (Phuket) is a province (changwat) in Thailand, and it is located in the southern part of the country. Specifically, it is situated on the west coast of the Malay Peninsula, in the Andaman Sea. Phuket is one of the most popular tourist destinations in Thailand, known for its beautiful beaches, clear waters, and lively night markets.",เนปาล,cities,"The assistant's response is in the same language as the reference but does not align with the reference provided. The answer is incorrect as it talks about Phuket, a city in Thailand, while the question is about Bhaktapur, a city in Nepal.

Rating: [[4]]"
ตุลสิปุระ ตั้งอยู่ในประเทศใด?,"A question about a city in Thailand!

ตุลสิปุระ (Tul Si Pa) is a city located in ประเทศลาว (Laos).",เนปาล,cities,"The assistant's response is in the same language as the reference but does not align with the reference provided, as it incorrectly states that Tul Si Pa is located in Laos instead of Nepal.

Rating: [[4]]"
กาไลยา ตั้งอยู่ในประเทศใด?,"A question about a country!

Galya (กาไลยา) is a city in Mongolia.",เนปาล,cities,"The assistant's response is in English and does not align with the reference provided, as it incorrectly states that Galya is a city in Mongolia, while the reference is about Nepal.

Rating: [[4]]"
โกราฮี ตั้งอยู่ในประเทศใด?,"A question about a country!

Gorakhpur is a city located in the Indian state of Uttar Pradesh, India.",เนปาล,cities,"The assistant's response is in English and does not align with the reference provided, which is in Thai and refers to Nepal.

Rating: [[4]]"
ดาหมาก ตั้งอยู่ในประเทศใด?,"A question about a famous temple!

ดาหมาก (Dahm Mok) is a temple located in Thailand. Specifically, it is situated in the province of Chai Nat, which is in the central part of Thailand.",เนปาล,cities,"The assistant's response is in the same language as the reference but does not align with the reference provided, as it incorrectly states thatดาหมาก (Dahm Mok) is located in Thailand instead of Nepal.

Rating: [[4]]"
ละหาน ตั้งอยู่ในประเทศใด?,"A question about a province in Thailand!

ลาหาน (Laharn) is a province located in the northeastern region of Thailand, also known as Isan. Specifically, it is situated in the Udon Thani Province, which is a province in the Isan region.",เนปาล,cities,"The assistant's response is in the same language as the reference but does not align with the reference provided. The reference is ""เนปาล"" (Nepal), and the question asks about the location of ""ละหาน"" (Lahan), which the assistant incorrectly states is in Thailand.

Rating: [[4]]"
กีรติปุระ ตั้งอยู่ในประเทศใด?,"A question about a city in Thailand!

กีรติปุระ (Kirtipur) is a city located in Nepal, not Thailand. It is a municipality in the Kathmandu Valley, about 6 kilometers southwest of Kathmandu, the capital city of Nepal.",เนปาล,cities,"The assistant's response is in the same language as the reference and aligns with the reference provided, as it correctly states that Kirtipur is located in Nepal.

Rating: [[1]]"
โตเกียว ตั้งอยู่ในประเทศใด?,โตเกียว (Tokyo) เป็นเมืองหลวงของประเทศญี่ปุ่น (Japan),ประเทศญี่ปุ่น,cities,"The assistant's response is in the same language as the reference and aligns with the reference provided.

Rating: [[1]]"
โอซาก้า ตั้งอยู่ในประเทศใด?,โอซาก้า (Osaka) เป็นเมืองใหญ่ในประเทศญี่ปุ่น (Japan),ประเทศญี่ปุ่น,cities,"Response: The assistant's response is in the same language as the reference and aligns with the reference provided.

Rating: [[1]]"
โยโกฮาม่า ตั้งอยู่ในประเทศใด?,โยโกฮาม่า (Yokohama) ตั้งอยู่ในประเทศญี่ปุ่น (Japan),ประเทศญี่ปุ่น,cities,"The assistant's response is in the same language as the reference and aligns with the reference provided.

Rating: [[1]]"
นาโกย่า ตั้งอยู่ในประเทศใด?,นากะโญะ (Nagoya) ตั้งอยู่ในประเทศญี่ปุ่น (Japan),ประเทศญี่ปุ่น,cities,"The assistant's response is in the same language as the reference and aligns with the reference provided.

Rating: [[1]]"
ซัปโปโร ตั้งอยู่ในประเทศใด?,ซัปโปโร (Sapporo) เป็นเมืองหลวงของเกาะฮอกไกโด (Hokkaido) ในประเทศญี่ปุ่น (Japan),ประเทศญี่ปุ่น,cities,"The assistant's response is in the same language as the reference and aligns with the reference provided.

Rating: [[1]]"
ฟุกุโอกะ ตั้งอยู่ในประเทศใด?,ฟุกุโอกะ (Fukuoka) เป็นเมืองเอกของจังหวัดฟุกุโอกะ (Fukuoka Prefecture) ในประเทศญี่ปุ่น (Japan),ประเทศญี่ปุ่น,cities,"The assistant's response is in the same language as the reference and aligns with the reference provided.

Rating: [[1]]"
โกเบ ตั้งอยู่ในประเทศใด?,โกเบ (Kobe) เป็นเมืองที่ตั้งอยู่ในประเทศญี่ปุ่น (Japan),ประเทศญี่ปุ่น,cities,"Response: The assistant's response is in the same language as the reference and aligns with the reference provided.

Rating: [[1]]"
เกียวโต ตั้งอยู่ในประเทศใด?,เกียวโต (Kyoto) ตั้งอยู่ในประเทศญี่ปุ่น (Japan),ประเทศญี่ปุ่น,cities,"The assistant's response is in the same language as the reference and aligns with the reference provided.

Rating: [[1]]"
ฮิโรชิม่า ตั้งอยู่ในประเทศใด?,ฮิโรชิม่า (Hiroshima) ตั้งอยู่ในประเทศญี่ปุ่น (Japan),ประเทศญี่ปุ่น,cities,"The assistant's response is in the same language as the reference and aligns with the reference provided.

Rating: [[1]]"
เซนได ตั้งอยู่ในประเทศใด?,"A question about Zen Buddhism!

Zen (also known as Chan in Chinese) is a school of Mahayana Buddhism that originated in China and later spread to Japan, Korea, and Vietnam. Therefore, Zen can be found in the following countries:

1. China: Zen Buddhism originated in China during the Tang Dynasty (618-907 CE) and flourished in the Song Dynasty (960-1279 CE). Many famous Zen masters and temples are located in China, such as the Shaolin Temple in Henan Province.
2. Japan: Zen Buddhism was introduced to Japan from China in the 12th century and became a significant part of",ประเทศญี่ปุ่น,cities,"The assistant's response is in English but is unrelated to the reference and the question provided. The question asks about the location of Sendai, and the reference is in Japanese, indicating that Sendai is in Japan. The assistant, however, provides information about Zen Buddhism, which is not relevant to the question.

Rating: [[4]]"
คิตะคิวชู ตั้งอยู่ในประเทศใด?,"A Japanese question!

Kitakyushu () is a city located in Fukuoka Prefecture, on the island of Kyushu, Japan.",ประเทศญี่ปุ่น,cities,"The assistant's response is in English and aligns with the reference provided, as it correctly identifies Kitakyushu as being located in Japan.

Rating: [[2]]"
ชิบะ ตั้งอยู่ในประเทศใด?,"A simple question!

Shiba is a prefecture in Japan. Specifically, Shiba is a city located in the Shiga prefecture, which is in the Kansai region of Japan.",ประเทศญี่ปุ่น,cities,"The assistant's response is in English and partially aligns with the reference provided. However, it contains an error by stating that Shiba is a city in the Shiga prefecture, which is not accurate. The reference indicates that the correct answer should be Japan, but the assistant provides additional, incorrect information.

Rating: [[2]]"
ซาไก ตั้งอยู่ในประเทศใด?,"A simple question!

ซาไก (Sakai) is a city located in Japan. Specifically, it is a city in Wakayama Prefecture, on the island of Honshu, Japan.",ประเทศญี่ปุ่น,cities,"The assistant's response is in the same language as the reference and aligns with the reference provided.

Rating: [[1]]"
ชิซูโอกะ ตั้งอยู่ในประเทศใด?,"A Japanese question!

Shizuoka () is a prefecture located in the Chūbu region of Japan. It is situated on the main island of Honshu, facing the Pacific Ocean to the south. The capital city of Shizuoka Prefecture is Shizuoka City ().",ประเทศญี่ปุ่น,cities,"The assistant's response is in English and aligns with the reference provided, as it correctly identifies that Shizuoka is located in Japan.

Rating: [[2]]"
โอคายามะ ตั้งอยู่ในประเทศใด?,"Okazaki () is a city located in Aichi Prefecture, Japan.",ประเทศญี่ปุ่น,cities,"The assistant's response is in English and does not align with the reference provided, as it mentions Okazaki instead of Okayama. However, it does correctly state that the location is in Japan, which is the country mentioned in the reference. Since the response is in English and partially aligns with the reference, it should be rated as follows:

Rating: [[2]]"
ฮามามัตสึ ตั้งอยู่ในประเทศใด?,"A Japanese question! 😊

Hama-matsu is a Japanese name, and ""Hama"" means ""beach"" or ""coast"", and ""Matsu"" means ""pine tree"". So, Hama-matsu literally means ""beach pine"".

There are several places in Japan with this name, but one of the most well-known is Hama-matsu, a town located in Chiba Prefecture, Japan. Specifically, it is situated on the Bōsō Peninsula, which is a popular tourist destination known for its beautiful beaches and scenic coastal views.",ประเทศญี่ปุ่น,cities,"The assistant's response is in English and mostly aligns with the reference provided, but it incorrectly identifies the location of Hamamatsu. The reference is in Thai and refers to Japan, but the assistant's response incorrectly states that Hamamatsu is located in Chiba Prefecture, when it is actually located in Shizuoka Prefecture. This inaccuracy affects the overall quality of the response.

Rating: [[2]]"
คาโกชิมะ ตั้งอยู่ในประเทศใด?,คาโกชิมะ (Kagoshima) เป็นเมืองเอกของจังหวัดคาโกชิมะ (Kagoshima Prefecture) ในประเทศญี่ปุ่น (Japan),ประเทศญี่ปุ่น,cities,"The assistant's response is in the same language as the reference and aligns with the reference provided.

Rating: [[1]]"
นีงาตะ ตั้งอยู่ในประเทศใด?,"A question about a famous city! 😊

Ningxia (寧夏) is a province in the northwest of China. It is not a city, but a province that is part of the People's Republic of China. The capital city of Ningxia is Yinchuan (銀川).",ประเทศญี่ปุ่น,cities,"The assistant's response is in English and does not align with the reference provided. The answer is unrelated to the question asked, which is about the location of Niigata, and instead provides information about Ningxia, China.

Rating: [[4]]"
มัตสึยามะ ตั้งอยู่ในประเทศใด?,"A Japanese question! 😊

Matsumoto () is a city located in the Nagano Prefecture of Japan.",ประเทศญี่ปุ่น,cities,"The assistant's response is in English and aligns with the reference provided, as it correctly identifies that Matsumoto is located in Japan.

Rating: [[2]]"
นะฮะ ตั้งอยู่ในประเทศใด?,"A Thai greeting! ""นะฮะ"" is a casual way to say ""hello"" or ""hi"" in Thai.

As for your question, ""ตั้งอยู่ในประเทศใด"" means ""Where is it located?"" or ""In which country is it located?""

If you're asking about a specific place, please let me know what you're referring to, and I'll do my best to answer!",ประเทศญี่ปุ่น,cities,"The assistant's response is in the same language as the reference and aligns with the reference by providing a relevant explanation and asking for clarification. However, it does not directly answer the question as no specific place was mentioned in the reference. Despite this, the response is still aligned and relevant.

Rating: [[1]]"
เคียฟ ตั้งอยู่ในประเทศใด?,Kyiv (Київ) is the capital and largest city of Ukraine (Україна).,ยูเครน,cities,"The assistant's response is in a different language (English) but aligns with the reference provided.

Rating: [[3]]"
คาร์คิฟ ตั้งอยู่ในประเทศใด?,"A question about a city in Ukraine!

Карків (Karkiv) is a city located in Ukraine.",ยูเครน,cities,"The assistant's response is in a different language (partially in English and partially in Ukrainian) but aligns with the reference provided.

Rating: [[3]]"
โอเดสซา ตั้งอยู่ในประเทศใด?,Odessa (โอดессา) is a city located in Ukraine (ยูเครน).,ยูเครน,cities,"The assistant's response is in the same language as the reference and aligns with the reference provided.

Rating: [[1]]"
ดนิโปร ตั้งอยู่ในประเทศใด?,"Donetsk (ดนิโปร) is a city located in Ukraine, not in any other country. Specifically, it is the largest city in the Donetsk Oblast (province) in eastern Ukraine.",ยูเครน,cities,"The assistant's response is in the same language as the question and aligns with the reference provided.

Rating: [[1]]"
โดเนตสค์ ตั้งอยู่ในประเทศใด?,Donetsk (โดเนตสค์) is a city located in Ukraine.,ยูเครน,cities,"The assistant's response is in English and aligns with the reference provided.

Rating: [[2]]"
ซาปอริซเซีย ตั้งอยู่ในประเทศใด?,"A nice question!

Sapozhizhya (Сапожижа) is a village in Belarus, not a country. It is located in the Vitebsk Region of Belarus.",ยูเครน,cities,"The assistant's response is in English and does not align with the reference provided, as it discusses a village in Belarus instead of answering the question about the location of Sapirizhia in Ukraine.

Rating: [[4]]"
ลวิฟ ตั้งอยู่ในประเทศใด?,"A Thai question! 😊

ลวิฟ (Luviv) is a Ukrainian company, not a country. Luviv is a Ukrainian startup that develops and manufactures innovative, eco-friendly products, including a line of sustainable, biodegradable sanitary products.",ยูเครน,cities,"The assistant's response is in the same language as the reference but does not align with the reference. The assistant incorrectly states that ""ลวิฟ"" is a company, while it is actually a city in Ukraine. The response does not correctly answer the question about which country Lviv is located in.

Rating: [[4]]"
ครีวยี่ ริห์ ตั้งอยู่ในประเทศใด?,"A Thai question!

ครีวยี่ ริห์ (Krabi) is a province in Thailand. It is located in the southern part of the country, on the Andaman Sea.",ยูเครน,cities,"The assistant's response is in the same language as the reference and aligns with the reference, but it does not answer the question correctly. The question asks about ""ครีวยี่ ริห์"" (which is likely a misspelling of ""ครีมยี่ห์"" or ""Crimea""), and the assistant responds about ""ครีบยี่ ริห์"" (Krabi), which is a different place. However, since the response is in the same language and somewhat aligns with the reference, it should be rated as follows:

Rating: [[1]]"
ไมโคไลฟ ตั้งอยู่ในประเทศใด?,ไมโคไลฟ์ (Microlife) เป็นบริษัทเทคโนโลยีชีวภาพจากประเทศสวิตเซอร์แลนด์ (Switzerland),ยูเครน,cities,"The assistant's response is in the same language but does not align with the reference provided.

Rating: [[4]]"
มาริอูโปล ตั้งอยู่ในประเทศใด?,"A question about a city in Europe!

Mariehamn is the capital and largest city of Åland, an autonomous region of Finland. Åland is an archipelago located in the Baltic Sea, and it is part of Finland but has a special status as an autonomous region. Mariehamn is the only city in Åland and is located on the island of Åland Mainland.",ยูเครน,cities,"The assistant's response is in English but does not align with the reference provided, as it discusses Mariehamn, which is not related to the question about Mariupol in Ukraine.

Rating: [[4]]"
วินนิตเซีย ตั้งอยู่ในประเทศใด?,"A Thai question!

วินนิตเซีย (Winnytsia) is a city located in Ukraine.",ยูเครน,cities,"The assistant's response is in the same language as the reference and aligns with the reference provided.

Rating: [[1]]"
เคอร์ซอน ตั้งอยู่ในประเทศใด?,"A question about a country!

Kurzweil is not a country, but rather a surname of a well-known American inventor, futurist, and author, Ray Kurzweil. He is known for his work in the fields of artificial intelligence, computer science, and futurism.

If you meant to ask about a different ""เคอร์ซอน"", could you please provide more context or clarify which one you are referring to?",ยูเครน,cities,"The assistant's response is in English and does not align with the reference provided. The assistant seems to have misunderstood the question, interpreting ""เคอร์ซอน"" (Kerson) as ""Kurzweil,"" which is unrelated to the question about the location of Kerson in Ukraine.

Rating: [[4]]"
โปลตาวา ตั้งอยู่ในประเทศใด?,"A nice question!

Poltava (โปลตาวา) is a city located in Ukraine. Specifically, it is the administrative center of Poltava Oblast (province) in central Ukraine.",ยูเครน,cities,"The assistant's response is in English and aligns with the reference provided, as it correctly states that Poltava is located in Ukraine.

Rating: [[2]]"
เชอร์นิฮิฟ ตั้งอยู่ในประเทศใด?,"A question about Chernihiv!

Chernihiv (Ukrainian: Чернігів) is a city located in Ukraine, a country in Eastern Europe. Specifically, it is situated in the Chernihiv Oblast (province) in the northern part of Ukraine, about 150 kilometers (93 miles) northeast of the capital city of Kyiv.",ยูเครน,cities,"The assistant's response is in English and aligns with the reference provided, as it correctly states that Chernihiv is located in Ukraine.

Rating: [[2]]"
ซูมี ตั้งอยู่ในประเทศใด?,"A simple question!

ซูมี (Soomi) is a popular Thai restaurant chain, and it has multiple locations in Thailand. However, I'm assuming you're asking about the country where Soomi is headquartered.

According to my knowledge, Soomi is a Thai company, and its headquarters is located in Bangkok, Thailand.",ยูเครน,cities,"The assistant's response is in the same language as the reference but does not align with the reference provided. The question is about the location of ""ซูมี"" (which is actually ""Sumy,"" a city in Ukraine), but the assistant incorrectly assumes it is a Thai restaurant chain.

Rating: [[4]]"
เชอร์นิฟซี ตั้งอยู่ในประเทศใด?,"A nice question! 😊

Chernivtsi (also known as Chernivtsi or Cernăuți) is a city located in Ukraine. Specifically, it is the capital of Chernivtsi Oblast (province) in western Ukraine, near the border with Romania.",ยูเครน,cities,"The assistant's response is in English and aligns with the reference provided, as it correctly states that Chernivtsi is located in Ukraine.

Rating: [[2]]"
ไซโตเมียร์ ตั้งอยู่ในประเทศใด?,"Saitama () is a prefecture in Japan. It is located in the Kantō region of Honshu, the largest island of Japan. The capital city of Saitama Prefecture is Saitama City ().",ยูเครน,cities,"The assistant's response is in English and does not align with the reference provided, as it discusses Saitama, Japan, instead of the location of Сайтомир (Saitomir), which is in Ukraine.

Rating: [[4]]"
เครเมนชุก ตั้งอยู่ในประเทศใด?,"A question about a famous landmark!

The Angkor Wat (อ่างขร วัด) is a temple complex located in Cambodia (ประเทศกัมพูชา). Specifically, it is situated in the Angkor Archaeological Park, which is in the Siem Reap province of northern Cambodia.",ยูเครน,cities,"The assistant's response is in the same language (Thai) but does not align with the reference provided. The answer is unrelated to the question about the location of Kremenchuk.

Rating: [[4]]"
อีวาโน-ฟรานคิฟสค์ ตั้งอยู่ในประเทศใด?,Evan Frankfortski is not a real person or a location. It seems like you may have made a mistake or typo. Could you please provide more context or clarify what you meant to ask? I'll do my best to help you with your question.,ยูเครน,cities,"The assistant's response is in English and does not align with the reference provided, as it fails to recognize the correct name and provide the correct answer.

Rating: [[4]]"
เทอร์โนปิล ตั้งอยู่ในประเทศใด?,Terneuil is a commune in the Indre-et-Loire department in the Centre-Val de Loire region of western France.,ยูเครน,cities,"The assistant's response is in English and does not align with the reference provided. The question was about the location of Ternopil, which is in Ukraine, but the assistant provided information about a commune in France.

Rating: [[4]]"
เอเธนส์ ตั้งอยู่ในประเทศใด?,เอเธนส์ (Athens) เป็นเมืองหลวงของประเทศกรีซ (Greece),กรีซ,cities,"The assistant's response is in the same language as the reference and aligns with the reference provided.

Rating: [[1]]"
เทสซาโลนิกี ตั้งอยู่ในประเทศใด?,"Thessaloniki (เทสซาโลนิกี) is a city located in Greece. Specifically, it is the second-largest city in Greece, after Athens, and is the capital of the region of Central Macedonia.",กรีซ,cities,"The assistant's response is in English and aligns with the reference provided.

Rating: [[2]]"
ปาตราส ตั้งอยู่ในประเทศใด?,"A question about a country!

ปาตราส (Patras) is a city located in Greece, specifically in the region of Western Greece. It is the third-largest city in Greece and is situated in the western part of the Peloponnese peninsula.",กรีซ,cities,"The assistant's response is in the same language as the reference and aligns with the reference provided.

Rating: [[1]]"
เฮราไคลออน ตั้งอยู่ในประเทศใด?,เฮราไคลออน (Hailian) เป็นเกาะที่ตั้งอยู่ในประเทศฟิลิปปินส์ (Philippines) ในทะเลฟิลิปปินส์ (Philippine Sea) ใกล้กับเกาะลูซอน (Luzon),กรีซ,cities,"The assistant's response is in the same language but does not align with the reference provided.

Rating: [[4]]"
ลาริสสา ตั้งอยู่ในประเทศใด?,"A question about Larissa!

Larissa (Λάρισα) is a city in Greece, located in the region of Thessaly. Specifically, it is the capital of the Larissa regional unit and the capital of the Thessaly region.",กรีซ,cities,"The assistant's response is in English and aligns with the reference provided, as it correctly states that Larissa is a city in Greece.

Rating: [[2]]"
โวลอส ตั้งอยู่ในประเทศใด?,"A question about a country!

Vologda (Вологда) is a city located in Russia. Specifically, it is situated in the northwestern part of the country, in the Vologda Oblast, about 300 kilometers (186 miles) northeast of Moscow.",กรีซ,cities,"The assistant's response is in English and does not align with the reference provided. The reference is in Thai and mentions Greece, while the assistant talks about Vologda, a city in Russia.

Rating: [[4]]"
โรดส์ ตั้งอยู่ในประเทศใด?,โรดส์ (Rhodes) เป็นเกาะที่ตั้งอยู่ในประเทศกรีซ (Greece) ในทะเลเอเจียน (Aegean Sea) ใกล้ชายฝั่งของประเทศตุรกี (Turkey),กรีซ,cities,"The assistant's response is in the same language as the reference and aligns with the reference provided.

Rating: [[1]]"
โยอันนิน่า ตั้งอยู่ในประเทศใด?,"A question about a beautiful city! 😊

Yoannina ( Ιωάννινα, Ioannina) is a city located in northwestern Greece, in the region of Epirus. Specifically, it is the capital of the Ioannina regional unit and is situated in the Ioannina Prefecture.",กรีซ,cities,"The assistant's response is in English and aligns with the reference provided, as it correctly states that Ioannina is located in Greece.

Rating: [[2]]"
ชานีอา ตั้งอยู่ในประเทศใด?,"A question about a country!

Shaniya (ชานีอา) is not a country, but rather a city in Sri Lanka. Specifically, Shaniya is a small town located in the North Western Province of Sri Lanka.",กรีซ,cities,"The assistant's response is in English and does not align with the reference provided. The reference is in Thai and mentions Greece, while the assistant talks about a place in Sri Lanka.

Rating: [[4]]"
คาลามาตา ตั้งอยู่ในประเทศใด?,"A question about a country!

Kalamata is a city located in Greece, specifically in the Peloponnese region. It is situated in the southern part of the Peloponnese peninsula, about 75 kilometers (47 miles) southwest of the city of Sparti. Kalamata is known for its beautiful beaches, historic castle, and delicious olives and olive oil.",กรีซ,cities,"The assistant's response is in English and aligns with the reference provided, as it correctly states that Kalamata is located in Greece.

Rating: [[2]]"
เซอร์เรส ตั้งอยู่ในประเทศใด?,เซอร์เรส (Surrey) เป็น county ในประเทศอังกฤษ สหราชอาณาจักร (United Kingdom) อยู่ทางใต้ของกรุงลอนดอน (London),กรีซ,cities,"The assistant's response is in the same language as the reference but does not align with the reference provided, as the reference is ""กรีซ"" (Greece) and the answer is about Surrey, which is in the United Kingdom.

Rating: [[4]]"
อเล็กซานโดรโพลิส ตั้งอยู่ในประเทศใด?,"Alexandroupoli (อเล็กซานโดรโพลิส) is a city located in Greece, specifically in the northeastern part of the country, in the region of East Macedonia and Thrace.",กรีซ,cities,"The assistant's response is in English and aligns with the reference provided, as it correctly states that Alexandroupoli is located in Greece.

Rating: [[2]]"
กาวาลา ตั้งอยู่ในประเทศใด?,"A simple question!

Gavala is a city in the Philippines. Specifically, it is a municipality in the province of Surigao del Norte, in the Caraga region of the island of Mindanao.",กรีซ,cities,"The assistant's response is in English and does not align with the reference provided. The correct answer should have been Greece (กรีซ).

Rating: [[4]]"
อากรินิโอ ตั้งอยู่ในประเทศใด?,"Agrinio (Αγρίνιο) is a city located in Greece, specifically in the region of Western Greece, in the administrative region of West Greece, and is the capital of the Aetolia-Acarnania regional unit.",กรีซ,cities,"The assistant's response is in English and aligns with the reference provided, as it correctly states that Agrinio is located in Greece.

Rating: [[2]]"
คาเทรินี ตั้งอยู่ในประเทศใด?,คาเทรินี (Katerini) เป็นเมืองที่ตั้งอยู่ในประเทศกรีซ (Greece),กรีซ,cities,"Response: The assistant's response is in the same language as the reference and aligns with the reference provided.

Rating: [[1]]"
ตริคาลา ตั้งอยู่ในประเทศใด?,ตริคาลา (Tricala) is a city located in ประเทศลาว (Laos).,กรีซ,cities,"The assistant's response is in the same language as the reference but does not align with the reference provided, as Tricala is actually located in Greece, not Laos.

Rating: [[4]]"
เวเรีย ตั้งอยู่ในประเทศใด?,"A question about a country!

Vera is not a country, but rather a city. Vera is a city located in the Krasnodar Krai region of Russia, on the Black Sea coast.",กรีซ,cities,"The assistant's response is in English and does not align with the reference provided, as it discusses a city named Vera in Russia instead of answering the question about the location of เวเรีย (Verea) in the reference country, which is กรีซ (Greece).

Rating: [[4]]"
คิลกิส ตั้งอยู่ในประเทศใด?,"A question about a country!

Kigali is the capital and largest city of Rwanda, a landlocked country located in the Eastern part of Africa.",กรีซ,cities,"The assistant's response is in English and does not align with the reference provided, as it talks about Kigali, Rwanda instead of the intended country, Greece, which is in a different language (Thai).

Rating: [[4]]"
นัฟปลิโอ ตั้งอยู่ในประเทศใด?,"A question about a famous city! 😊

Naples (Italian: Napoli) is a city located in the Campania region of southern Italy. It is the capital of the Campania region and the third-largest city in Italy, after Rome and Milan.",กรีซ,cities,"The assistant's response is in English and does not align with the reference provided, as it discusses Naples, Italy, instead of Nafplio, Greece.

Rating: [[4]]"
อิสตันบูล ตั้งอยู่ในประเทศใด?,อิสตันบูล (Istanbul) ตั้งอยู่ในประเทศตุรกี (Turkey),ไก่งวง,cities,"The assistant's response is in the same language as the reference and aligns with the reference.

Rating: [[1]]"
อังการา ตั้งอยู่ในประเทศใด?,"Angara is a river in Russia, not a country. It is a major river in eastern Siberia, flowing through the Irkutsk Oblast and the Buryat Republic.",ไก่งวง,cities,"The assistant's response is in English and does not align with the reference provided, as the reference is in Thai and the question is about the location of Ankara, not the Angara river.

Rating: [[4]]"
อิซเมียร์ ตั้งอยู่ในประเทศใด?,อิซเมียร์ (İzmir) เป็นเมืองใหญ่ในประเทศตุรกี (Turkey) ตั้งอยู่ทางตะวันตกเฉียงตะวันตกของประเทศ ติดทะเลเอเจียน (Aegean Sea),ไก่งวง,cities,"The assistant's response is in the same language as the reference and aligns with the reference, providing accurate information about the location of İzmir.

Rating: [[1]]"
เบอร์ซ่า ตั้งอยู่ในประเทศใด?,"A popular question! 😄

""เบอร์ซ่า"" is a Thai phrase that literally means ""Bus Station"" or ""Bus Terminal"". So, it's not a country, but rather a type of transportation hub.

In Thailand, there are many ""เบอร์ซ่า"" (Bus Stations) located throughout the country, serving as a central point for buses to depart and arrive. Some of the most well-known ones include:

1. Mo Chit Bus Terminal (หมอชิต) in Bangkok
2. Southern Bus Terminal (ตลิ่งชัน) in Bangkok
3. Chiang Mai Bus Terminal (เชียงใหม่",ไก่งวง,cities,"The assistant's response is in the same language as the question and provides relevant information about bus stations in Thailand, but it does not align with the reference provided, which is ""ไก่งวง"" (guinea fowl). The response is unrelated to the reference.

Rating: [[4]]"
อาดาน่า ตั้งอยู่ในประเทศใด?,Ada'a (อาดาน่า) is a city located in Ethiopia.,ไก่งวง,cities,"The assistant's response is in English and does not align with the reference provided, which is in Thai and unrelated to the answer given.

Rating: [[4]]"
กาเซียนเทป ตั้งอยู่ในประเทศใด?,"A question about a famous temple!

Kaeng Krachan National Park (กาเซียนเทป) is located in Thailand, specifically in the Phetchaburi Province, which is about 200 kilometers west of Bangkok.",ไก่งวง,cities,"The assistant's response is in English and does not align with the reference provided. The reference is in Thai and refers to ""ไก่งวง"" which means ""peacock"" in English, while the question is about the location of a temple, which the assistant correctly identifies as Kaeng Krachan National Park in Thailand. However, the assistant's answer does not align with the reference, which is unrelated to the question.

Rating: [[4]]"
คอนยา ตั้งอยู่ในประเทศใด?,คอนยา (Konya) เป็นเมืองใหญ่ในประเทศตุรกี (Turkey),ไก่งวง,cities,"Response: The assistant's response is in the same language as the reference and aligns with the reference, providing the correct information about the location of Konya.

Rating: [[1]]"
อันตัลยา ตั้งอยู่ในประเทศใด?,Antalya is a city located in Turkey.,ไก่งวง,cities,"The assistant's response is in English and does not align with the reference provided, which is in Thai. However, the answer to the question is correct, but the language does not match the reference.

Rating: [[4]]"
ไกเซรี ตั้งอยู่ในประเทศใด?,"A question about a specific location!

Kagoshima () is a city located in Japan. Specifically, it is the capital city of Kagoshima Prefecture on the island of Kyushu, which is the southernmost of the four main islands of Japan.",ไก่งวง,cities,"The assistant's response is in English and does not align with the reference provided, as it discusses Kagoshima, Japan, instead of answering the question about Gaesong, which is likely the intended location based on the reference ""ไกเซรี"" (Gaesong).

Rating: [[4]]"
เมอร์ซิน ตั้งอยู่ในประเทศใด?,"Merseburg (เมอร์ซิน) is a city located in the state of Saxony-Anhalt, Germany.",ไก่งวง,cities,"The assistant's response is in a different language (English) and does not align with the reference provided, which is in Thai. The question asks about the location of Merzifon, but the assistant talks about Merseburg, a different city. 

Rating: [[4]]"
ดิยาร์บากีร์ ตั้งอยู่ในประเทศใด?,Diyarbakır is a city located in Turkey.,ไก่งวง,cities,"The assistant's response is in English and does not align with the reference provided, which is in Thai. However, the answer is factually correct regarding the location of Diyarbakır.

Rating: [[4]]"
เอดีร์เน ตั้งอยู่ในประเทศใด?,เอดิร์เน (Edirne) เป็นเมืองในประเทศตุรกี (Turkey) อยู่ทางตะวันตกเฉียงเหนือของประเทศตุรกี ใกล้กับชายแดนกรีซ,ไก่งวง,cities,"The assistant's response is in the same language as the reference and aligns with the reference, providing accurate information about the location of Edirne.

Rating: [[1]]"
มลาตยา ตั้งอยู่ในประเทศใด?,มลาตยา (Malatya) เป็นเมืองใหญ่ในประเทศตุรกี (Turkey) อยู่ทางตะวันออกเฉียงใต้ของประเทศ,ไก่งวง,cities,"The assistant's response is in the same language as the question and aligns with the reference provided, as it correctly states that Malatya is located in Turkey. However, the reference ""ไก่งวง"" (which means ""peacock"" in Thai) is unrelated to the question and answer. Since the assistant's response is unrelated to the reference, it should be penalized.

Rating: [[4]]"
มานิสา ตั้งอยู่ในประเทศใด?,มานิสา (Manisa) เป็นเมืองในประเทศตุรกี (Turkey),ไก่งวง,cities,"The assistant's response is in the same language as the reference and aligns with the reference, as it correctly identifies that Manisa is located in Turkey.

Rating: [[1]]"
ทราซอน ตั้งอยู่ในประเทศใด?,"A simple question!

Trà Sôn (also known as Trà Sôn District) is a district of Phú Thọ Province in the northeastern part of Vietnam.",ไก่งวง,cities,"The assistant's response is in English and does not align with the reference provided, which is in Thai and refers to ""ไก่งวง"" (guinea fowl). The question and the answer are unrelated.

Rating: [[4]]"
ซัมซุน ตั้งอยู่ในประเทศใด?,"A question about a city!

Summons (ซัมซุน) is a city located in Turkey. Specifically, it is the capital of the Samsun Province in the Black Sea region of Turkey.",ไก่งวง,cities,"The assistant's response is in the same language as the question but does not align with the reference provided. The reference is ""ไก่งวง"" which translates to ""turkey"" (the bird), not the country. However, the assistant interpreted ""ซัมซุน"" (Summons) as a city in Turkey, which is unrelated to the reference.

Rating: [[4]]"
เดนิซลี ตั้งอยู่ในประเทศใด?,"Deniliquin is a town located in the state of New South Wales, Australia.",ไก่งวง,cities,"The assistant's response is in English and does not align with the reference provided, which is in Thai and unrelated to the content of the assistant's answer.

Rating: [[4]]"
เอสกิเซเฮียร์ ตั้งอยู่ในประเทศใด?,"A nice question!

Eskebjerg is a small town located in Denmark. Specifically, it is situated in the Region of South Denmark, on the island of Funen.",ไก่งวง,cities,"The assistant's response is in English and does not align with the reference provided, which is in Thai and refers to ""ไก่งวง"" (guinea fowl). The question and the answer are unrelated.

Rating: [[4]]"
ฮาเตย์ ตั้งอยู่ในประเทศใด?,"A popular question! 😄

Hat Yai (หาดใหญ่) is a city located in Songkhla Province, Thailand. Specifically, it is situated in the southern part of Thailand, about 970 kilometers (603 miles) south of Bangkok, the capital city of Thailand.",ไก่งวง,cities,"The assistant's response is in English and does not align with the reference provided, which is in Thai and refers to a different topic (turkeys).

Rating: [[4]]"
โคจาเอลี ตั้งอยู่ในประเทศใด?,"A question about a famous city! 🤔

Kojaheli (also known as Kojaheli) is a city located in the country of Madagascar, an island nation off the southeastern coast of Africa.",ไก่งวง,cities,"The assistant's response is in English and does not align with the reference provided, which is in Thai and refers to a different topic (a rooster).

Rating: [[4]]"
ไนโรบี ตั้งอยู่ในประเทศใด?,ไนโรบี (Nairobi) เป็นเมืองหลวงของประเทศเคนยา (Kenya) ในทวีปแอฟริกา,เคนย่า,cities,"The assistant's response is in the same language as the reference and aligns with the reference provided.

Rating: [[1]]"
มอมบาซา ตั้งอยู่ในประเทศใด?,"A question about a famous city! 🤔

Momchil Basilica (มอมบาซา) is actually a city located in Bulgaria, a country in Southeastern Europe. Specifically, it is situated in the Plovdiv Province, about 30 kilometers (19 miles) east of Plovdiv, the second-largest city in Bulgaria.",เคนย่า,cities,"The assistant's response is in English but does not align with the reference provided. The assistant incorrectly identifies ""มอมบาซา"" as ""Momchil Basilica"" and states it is located in Bulgaria, which is unrelated to the reference ""เคนย่า"" (Kenya).

Rating: [[4]]"
คิซูมุ ตั้งอยู่ในประเทศใด?,"A Japanese question! 😊

Kizumonogatari (キヅモノガタリ) is a Japanese light novel series written by NisiOisiN. It is a spin-off of the Monogatari series, which is a popular Japanese light novel series written by the same author.

Kizumonogatari is not a country, but rather a title of a light novel series. However, the story is set in Japan, specifically in the city of Nagasaki.",เคนย่า,cities,"The assistant's response is in English and does not align with the reference provided. The question was about the location of Kizumu, which is in Kenya, but the assistant provided information about a Japanese light novel series instead.

Rating: [[4]]"
นากูรู ตั้งอยู่ในประเทศใด?,"A question about a country!

Nagoro is a small town located in the Iwate Prefecture of Japan.",เคนย่า,cities,"The assistant's response is in English and does not align with the reference provided, as it talks about a town in Japan instead of answering the question about the country where Nagoro is located, which should be Kenya according to the reference.

Rating: [[4]]"
เอลโดเรต ตั้งอยู่ในประเทศใด?,"A question about Eldoret!

Eldoret is a city located in Kenya, East Africa. Specifically, it is situated in the Rift Valley Province, about 310 kilometers (193 miles) northwest of Nairobi, the capital city of Kenya.",เคนย่า,cities,"The assistant's response is in English and aligns with the reference provided, as it correctly states that Eldoret is located in Kenya.

Rating: [[2]]"
ทิกา ตั้งอยู่ในประเทศใด?,"ทิกา (Thika) is a city located in Kenya, East Africa.",เคนย่า,cities,"The assistant's response is in the same language as the reference and aligns with the reference provided.

Rating: [[1]]"
คิตาเล่ ตั้งอยู่ในประเทศใด?,"A question about a country!

Kitala is not a country, but rather a region in the Democratic Republic of the Congo (DRC). It is one of the 26 provinces of the DRC, located in the eastern part of the country.",เคนย่า,cities,"The assistant's response is in English and does not align with the reference provided, which is in Thai. The assistant also provides incorrect information about Kitala, which is not a region in the Democratic Republic of the Congo.

Rating: [[4]]"
มัลลินดี ตั้งอยู่ในประเทศใด?,"A question about Malaysia!

Malacca (also known as Melaka) is a state in Malaysia. It is located in the southern part of the Malay Peninsula, on the west coast of Peninsular Malaysia. The state capital is also called Malacca City, which is a UNESCO World Heritage Site.",เคนย่า,cities,"The assistant's response is in English but does not align with the reference provided, as it discusses Malaysia instead of Kenya.

Rating: [[4]]"
การิสสา ตั้งอยู่ในประเทศใด?,"A question about a country!

I think you meant to ask """" which is Thai for ""Where is Cyprus located?""

Cyprus is an island country located in the Eastern Mediterranean, situated south of Turkey and west of Syria. It is an independent republic and a member of the European Union.",เคนย่า,cities,"The assistant's response is in English and does not align with the reference provided. The assistant also did not answer the question that was asked.

Rating: [[4]]"
เนียรี ตั้งอยู่ในประเทศใด?,"A question about a country!

""เนียรี"" is a Thai word, and it means ""Nier"" or ""Nierland"". Nier is a fictional country that appears in the video game series ""Nier"" developed by PlatinumGames and Cavia. The game's story is set in a post-apocalyptic world, and Nier is a fictional country that is ravaged by a mysterious disease.

So, to answer your question, Nier is not a real country that exists in the real world. It's a fictional setting in a video game series.",เคนย่า,cities,"The assistant's response is in the same language as the question (Thai) but does not align with the reference provided. The reference is ""เคนย่า"" (Kenya), and the question asks about the location of ""เนียรี"" (Nairobi), which is the capital city of Kenya. The assistant's response is about a fictional country from a video game, which is unrelated to the reference and the question.

Rating: [[4]]"
เมรุ ตั้งอยู่ในประเทศใด?,"A question about a famous temple!

เมรุ (Mereu) is a temple located in Cambodia. Specifically, it is a temple complex in the Angkor Archaeological Park, which is a UNESCO World Heritage Site in Siem Reap, Cambodia.",เคนย่า,cities,"The assistant's response is in the same language as the reference but does not align with the reference provided. The reference is ""เคนย่า"" (Kenya), and the question asks about the location of ""เมรุ"" (Meru), which should be in Kenya, not Cambodia.

Rating: [[4]]"
มาชาโกส ตั้งอยู่ในประเทศใด?,"A question about a country!

Machakos is a county in Kenya, a country located in East Africa.",เคนย่า,cities,"The assistant's response is in English and aligns with the reference provided, as it correctly states that Machakos is a county in Kenya.

Rating: [[2]]"
เอ็มบู ตั้งอยู่ในประเทศใด?,เอ็มบู (Embu) เป็นเมืองในประเทศเคนยา (Kenya) ในทวีปแอฟริกา,เคนย่า,cities,"The assistant's response is in the same language as the reference and aligns with the reference provided.

Rating: [[1]]"
คาคาเมก้า ตั้งอยู่ในประเทศใด?,"A popular question! 😊

Kakamega is a county in western Kenya, East Africa. It is located in the Western Province of Kenya, approximately 320 kilometers (200 miles) northwest of the capital city, Nairobi.",เคนย่า,cities,"The assistant's response is in English and aligns with the reference provided, as it correctly states that Kakamega is in Kenya.

Rating: [[2]]"
เคอริโช ตั้งอยู่ในประเทศใด?,"A question about a country!

Kericho is a town located in Kenya, a country in East Africa.",เคนย่า,cities,"The assistant's response is in English and aligns with the reference provided, as it correctly states that Kericho is located in Kenya.

Rating: [[2]]"
นันยูกิ ตั้งอยู่ในประเทศใด?,"A question about a famous anime and manga series! 😄

Naruto is a Japanese manga and anime series created by Masashi Kishimoto. The story takes place in a fictional world, but the setting is heavily inspired by Japanese culture and geography.

The main setting of the series is the Hidden Leaf Village (Konohagakure), which is located in the Land of Fire (Fire Country). The Land of Fire is one of the five great nations in the Naruto world, and it is based on the real-life Japanese region of Honshu, which is the largest island of Japan.

So, to answer your question,",เคนย่า,cities,"The assistant's response is in English but is completely unrelated to the reference and the question asked. The question was about the location of Nanyuki in Kenya, but the assistant provided information about the anime series Naruto.

Rating: [[4]]"
โวย ตั้งอยู่ในประเทศใด?,"A question about a province in Thailand!

""โวย"" is the Thai word for ""Ubon Ratchathani Province"", which is a province located in the northeastern region of Thailand.",เคนย่า,cities,"The assistant's response is in the same language as the reference but does not align with the reference provided, as it incorrectly identifies ""โวย"" as a province in Thailand instead of a location in Kenya.

Rating: [[4]]"
ลามู ตั้งอยู่ในประเทศใด?,"A popular question! 🐲

Lamu is an archipelago located in Kenya, East Africa. Specifically, it is situated in the Indian Ocean, off the coast of Kenya, about 150 kilometers (93 miles) northeast of Mombasa. Lamu is a UNESCO World Heritage Site and a popular tourist destination known for its well-preserved Swahili architecture, beautiful beaches, and rich cultural heritage.",เคนย่า,cities,"The assistant's response is in English and aligns with the reference provided, as it correctly states that Lamu is located in Kenya.

Rating: [[2]]"
นัยวาชา ตั้งอยู่ในประเทศใด?,"A question about a famous city! 😊

Nai Yang (นัยวาชา) is a district in Phuket Province, Thailand. Specifically, it is a subdistrict (tambon) in Thalang District, Phuket Province. Nai Yang is a popular tourist destination known for its beautiful beaches, water sports, and lively night market.",เคนย่า,cities,"The assistant's response is in English and does not align with the reference provided, as it discusses Nai Yang in Thailand instead of the reference to Kenya.

Rating: [[4]]"
อิซิโอโล ตั้งอยู่ในประเทศใด?,อิซิโอโล (Isle of Ischia) เป็นเกาะที่ตั้งอยู่ในประเทศอิตาลี โดยอยู่ทางตอนใต้ของประเทศ ใกล้กับชายฝั่งของเมืองเนเปิลส์ (Naples),เคนย่า,cities,"The assistant's response is in the same language as the reference but does not align with the reference provided. The answer is incorrect as it mentions Italy instead of Kenya.

Rating: [[4]]"
กรุงเทพฯ ตั้งอยู่ในประเทศใด?,กรุงเทพฯ (Bangkok) เป็นเมืองหลวงของประเทศไทย (Kingdom of Thailand),ประเทศไทย,cities,"Response: The assistant's response is in the same language as the reference and aligns with the reference provided.

Rating: [[1]]"
เชียงใหม่ ตั้งอยู่ในประเทศใด?,เชียงใหม่ (Chiang Mai) เป็นเมืองเอกเทศในประเทศไทย (Kingdom of Thailand),ประเทศไทย,cities,"Response: The assistant's response is in the same language as the reference and aligns with the reference provided.

Rating: [[1]]"
พัทยา ตั้งอยู่ในประเทศใด?,พัทยา (Pattaya) เป็นเมืองท่องเที่ยวสำคัญในประเทศไทย (Thailand) ตั้งอยู่ในจังหวัดชลบุรี (Chonburi) ใกล้กับกรุงเทพมหานคร (Bangkok),ประเทศไทย,cities,"The assistant's response is in the same language as the reference and aligns with the reference provided.

Rating: [[1]]"
ภูเก็ต ตั้งอยู่ในประเทศใด?,"ภูเก็ต (Phuket) เป็นเกาะที่ตั้งอยู่ในประเทศไทย (Kingdom of Thailand)  Specifically, ภูเก็ตเป็นจังหวัด (province) ทางใต้ของประเทศไทย และเป็นหนึ่งในจังหวัดที่มีชื่อเสียงทางการท่องเที่ยวมากที่สุดในประเทศ",ประเทศไทย,cities,"The assistant's response is in the same language as the reference and aligns with the reference provided.

Rating: [[1]]"
นครราชสีมา ตั้งอยู่ในประเทศใด?,นครราชสีมา (Nakhon Ratchasima) เป็นจังหวัดหนึ่งในประเทศไทย (ประเทศไทย),ประเทศไทย,cities,"Response: The assistant's response is in the same language as the reference and aligns with the reference provided.

Rating: [[1]]"
หาดใหญ่ ตั้งอยู่ในประเทศใด?,"หาดใหญ่ (Had Yai) is a city located in Songkhla Province, Thailand.",ประเทศไทย,cities,"The assistant's response is in the same language as the reference and aligns with the reference provided.

Rating: [[1]]"
อุดรธานี ตั้งอยู่ในประเทศใด?,อุดรธานี (Udon Thani) เป็นจังหวัดหนึ่งในประเทศไทย (Thailand),ประเทศไทย,cities,"Response: The assistant's response is in the same language as the reference and aligns with the reference provided.

Rating: [[1]]"
ขอนแก่น ตั้งอยู่ในประเทศใด?,ขอนแก่น (Khon Kaen) เป็นเมืองเอกเทศในประเทศไทย (Kingdom of Thailand),ประเทศไทย,cities,"The assistant's response is in the same language as the reference and aligns with the reference provided.

Rating: [[1]]"
สุราษฎร์ธานี ตั้งอยู่ในประเทศใด?,สุราษฎร์ธานี (Surat Thani) is a province in Thailand.,ประเทศไทย,cities,"The assistant's response is in the same language as the reference and aligns with the reference provided.

Rating: [[1]]"
เชียงราย ตั้งอยู่ในประเทศใด?,เชียงราย (Chiang Rai) เป็นเมืองเอกเทศในประเทศไทย (Kingdom of Thailand),ประเทศไทย,cities,"Response: The assistant's response is in the same language as the reference and aligns with the reference provided.

Rating: [[1]]"
พิษณุโลก ตั้งอยู่ในประเทศใด?,พิษณุโลก (Phitsanulok) เป็นเมืองเอกเทศในประเทศไทย (Kingdom of Thailand),ประเทศไทย,cities,"Response: The assistant's response is in the same language as the reference and aligns with the reference provided.

Rating: [[1]]"
สุโขทัย ตั้งอยู่ในประเทศใด?,สุโขทัย (Sukhothai) is a province in Thailand.,ประเทศไทย,cities,"The assistant's response is in the same language as the reference and aligns with the reference provided.

Rating: [[1]]"
นครศรีธรรมราช ตั้งอยู่ในประเทศใด?,นครศรีธรรมราช (Nakhon Si Thammarat) เป็นเมืองเอกเทศในประเทศไทย (Kingdom of Thailand),ประเทศไทย,cities,"Response: The assistant's response is in the same language as the reference and aligns with the reference provided.

Rating: [[1]]"
ชะอำ ตั้งอยู่ในประเทศใด?,"ชะอำ (Cha-am) is a town in Thailand, located in the Phetchaburi Province, which is in the western part of the country, about 200 kilometers (124 miles) southwest of Bangkok.",ประเทศไทย,cities,"The assistant's response is in English and aligns with the reference provided, as it correctly identifies that Cha-am is in Thailand.

Rating: [[2]]"
แม่สอด ตั้งอยู่ในประเทศใด?,"แม่สอด (Maesod) is a town in Thailand. Specifically, it is located in Tak Province, which is in the northern part of the country.",ประเทศไทย,cities,"The assistant's response is in the same language as the reference and aligns with the reference provided.

Rating: [[1]]"
ราชบุรี ตั้งอยู่ในประเทศใด?,ราชบุรี (Ratchaburi) เป็นจังหวัดหนึ่งในประเทศไทย (Thailand),ประเทศไทย,cities,"Response: The assistant's response is in the same language as the reference and aligns with the reference provided.

Rating: [[1]]"
กาญจนบุรี ตั้งอยู่ในประเทศใด?,กาญจนบุรี (Kanchanaburi) เป็นจังหวัดที่ตั้งอยู่ในประเทศไทย (Kingdom of Thailand),ประเทศไทย,cities,"The assistant's response is in the same language as the reference and aligns with the reference provided.

Rating: [[1]]"
อุบลราชธานี ตั้งอยู่ในประเทศใด?,อุบลราชธานี (Ubon Ratchathani) เป็นจังหวัดหนึ่งในประเทศไทย ตั้งอยู่ทางตะวันออกเฉียงใต้ของประเทศไทย ใกล้กับชายแดนประเทศลาว,ประเทศไทย,cities,"The assistant's response is in the same language as the reference and aligns with the reference provided.

Rating: [[1]]"
สมุทรปราการ ตั้งอยู่ในประเทศใด?,สมุทรปราการ (Samut Prakan) is a province in Thailand.,ประเทศไทย,cities,"Response: The assistant's response is in the same language as the reference and aligns with the reference provided.

Rating: [[1]]"
ประจวบคีรีขันธ์ ตั้งอยู่ในประเทศใด?,ประจวบคีรีขันธ์ (Prachuap Khiri Khan) เป็นจังหวัดหนึ่งในประเทศไทย (Thailand),ประเทศไทย,cities,"Response: The assistant's response is in the same language and aligns with the reference provided.

Rating: [[1]]"
จอร์จ วอชิงตัน มาจากประเทศใด?,"A question about George Washington, the first President of the United States!

George Washington was born in Westmoreland County, Virginia, British America (now the United States of America) on February 22, 1732. At that time, Virginia was a British colony, and Washington's family was of English descent. So, to answer your question, George Washington did not ""come from"" a country in the modern sense, as the United States did not exist as an independent nation until 1776, when Washington was 44 years old. Instead, he was born in what is now the United States, in the British colony of",ประเทศสหรัฐอเมริกา,politicians,"The assistant's response is in English and provides a detailed historical context that aligns with the reference provided, which is in Thai. The assistant correctly identifies that George Washington is associated with the United States, which is consistent with the reference ""ประเทศสหรัฐอเมริกา"" (United States).

Rating: [[2]]"
อับราฮัม ลินคอล์น มาจากประเทศใด?,"Abraham Lincoln, the 16th President of the United States, was born on February 12, 1809, in a log cabin in Hardin County, Kentucky, United States.",ประเทศสหรัฐอเมริกา,politicians,"The assistant's response is in English and aligns with the reference provided, as it correctly states that Abraham Lincoln is from the United States, which is the country referred to in the reference (ประเทศสหรัฐอเมริกา).

Rating: [[2]]"
แฟรงคลิน ดี. โรสเวลต์ มาจากประเทศใด?,"Franklin D. Roosevelt (แฟรงคลิน ดี. โรสเวลต์) เป็นประธานาธิบดีคนที่ 32 ของสหรัฐอเมริกา เขาเกิดที่ฮัดสัน, นิวยอร์ก, สหรัฐอเมริกา (สหรัฐอเมริกา) เมื่อวันที่ 30 มกราคม ค.ศ. 1882",ประเทศสหรัฐอเมริกา,politicians,"The assistant's response is in the same language as the reference and aligns with the reference provided.

Rating: [[1]]"
บารัค โอบามา มาจากประเทศใด?,"Barack Obama, the 44th President of the United States, was born in Honolulu, Hawaii, United States. His father, Barack Obama Sr., was from Nyang'oma Kogelo, Nyanza Province, Kenya, and his mother, Ann Dunham, was from Wichita, Kansas, United States.",ประเทศสหรัฐอเมริกา,politicians,"The assistant's response is in English and aligns with the reference provided, as it correctly states that Barack Obama is from the United States.

Rating: [[2]]"
โดนัลด์ ทรัมป์ มาจากประเทศใด?,"A question about the 45th President of the United States!

Donald Trump was born on June 14, 1946, in Queens, New York City, New York, United States. He was born to Mary Anne MacLeod, a Scottish immigrant, and Fred Trump, a German-American real estate developer. So, to answer your question, Donald Trump is an American citizen, born and raised in the United States.",ประเทศสหรัฐอเมริกา,politicians,"The assistant's response is in English and aligns with the reference provided, as it correctly states that Donald Trump is from the United States, which is the country referred to in the reference (ประเทศสหรัฐอเมริกา).

Rating: [[2]]"
โจ ไบเดน มาจากประเทศใด?,"โจ ไบเดน (Joe Biden) เป็นประธานาธิบดีคนที่ 46 ของสหรัฐอเมริกา เขาเกิดเมื่อวันที่ 20 พฤศจิกายน ค.ศ. 1942 ที่ Scranton, Pennsylvania, สหรัฐอเมริกา",ประเทศสหรัฐอเมริกา,politicians,"The assistant's response is in the same language as the reference and aligns with the reference provided.

Rating: [[1]]"
โทมัส เจฟเฟอร์สัน มาจากประเทศใด?,โทมัส เจฟเฟอร์สัน (Thomas Jefferson) เป็นนักการเมืองและนักวิทยาศาสตร์ชาวอเมริกัน เขาเกิดเมื่อวันที่ 13 เมษายน ค.ศ. 1743 ในเมืองชาร์ลอตตส์วิลล์ รัฐเวอร์จิเนีย สหรัฐอเมริกา,ประเทศสหรัฐอเมริกา,politicians,"The assistant's response is in the same language as the reference and aligns with the reference, as it correctly states that Thomas Jefferson is from the United States of America.

Rating: [[1]]"
ธีโอดอร์ โรสเวลต์ มาจากประเทศใด?,"Theodore Roosevelt, the 26th President of the United States, was born in New York City, New York, United States of America.",ประเทศสหรัฐอเมริกา,politicians,"The assistant's response is in English and aligns with the reference provided, as it correctly states that Theodore Roosevelt is from the United States of America.

Rating: [[2]]"
จอห์น เอฟ. เคนเนดี มาจากประเทศใด?,"John F. Kennedy, the 35th President of the United States, was born in Brookline, Massachusetts, United States of America.",ประเทศสหรัฐอเมริกา,politicians,"The assistant's response is in English and aligns with the reference provided, as it correctly states that John F. Kennedy is from the United States of America.

Rating: [[2]]"
วูดโรว์ วิลสัน มาจากประเทศใด?,"Woodrow Wilson was an American politician who served as the 28th President of the United States from 1913 to 1921. He was born on December 28, 1856, in Staunton, Virginia, United States.",ประเทศสหรัฐอเมริกา,politicians,"The assistant's response is in English and aligns with the reference provided, as it correctly states that Woodrow Wilson is from the United States, which is the country referred to in the reference (ประเทศสหรัฐอเมริกา).

Rating: [[2]]"
มหาตมะ คานธี มาจากประเทศใด?,"Mahatma Gandhi (มาหาตมะ คานธี) was an Indian independence activist who played a key role in India's struggle for independence from British rule. He was born on October 2, 1869, in Porbandar, a coastal town in the state of Gujarat, India.",อินเดีย,politicians,"The assistant's response is in the same language as the reference and aligns with the reference provided.

Rating: [[1]]"
ชวาหระลาล เนห์รู มาจากประเทศใด?,"A famous question! 😊

 Jawaharlal Nehru (จวาหระลาล เนห์รู) was an Indian independence activist and the first Prime Minister of India. He was born on November 14, 1889, in Allahabad, British India (now Prayagraj, Uttar Pradesh, India).",อินเดีย,politicians,"The assistant's response is in the same language as the reference and aligns with the reference, providing accurate information about Jawaharlal Nehru.

Rating: [[1]]"
อินทิรา คานธี มาจากประเทศใด?,อินทิรา คานธี (Indira Gandhi) เป็นนักการเมืองและนักปกครองชาวอินเดีย เธอมาจากประเทศอินเดีย,อินเดีย,politicians,"Response: The assistant's response is in the same language as the reference and aligns with the reference provided.

Rating: [[1]]"
นายนเรนทรา โมดี มาจากประเทศใด?,"A question about a famous person! 😊

Narendra Modi is the current Prime Minister of India. He was born on September 17, 1950, in Vadnagar, Gujarat, India.",อินเดีย,politicians,"The assistant's response is in English and aligns with the reference provided, as it correctly identifies that Narendra Modi is from India.

Rating: [[2]]"
ราชีฟ คานธี มาจากประเทศใด?,"A great question!

Mahatma Gandhi, also known as Mohandas Karamchand Gandhi, was an Indian independence activist who played a key role in India's struggle for independence from British rule. He was born on October 2, 1869, in Porbandar, a coastal town in the state of Gujarat, India.",อินเดีย,politicians,"The assistant's response is in English and does not align with the reference or the question provided. The question was about Rajiv Gandhi, not Mahatma Gandhi, and the reference is in Thai.

Rating: [[4]]"
สารดาร์ วัลลับภาย ปาเทล มาจากประเทศใด?,"A question about a famous Thai dish! 😊

""สารดาร์ วัลลับภาย ปาเทล"" is a Thai dish, and it's a type of stir-fry dish made with a variety of ingredients, including vegetables, meat or seafood, and a sweet and sour sauce.

The name ""สารดาร์ วัลลับภาย ปาเทล"" is in the Thai language, and it's a bit of a mouthful! Here's a breakdown of what each part of the name means:

* ""สารดาร์"" means ""mixed"" or ""stir-fry""",อินเดีย,politicians,"The assistant's response is in English but is completely unrelated to the reference and the question asked. The question was about Sardar Vallabhbhai Patel and his country of origin, but the assistant provided information about a Thai dish, which is not relevant.

Rating: [[4]]"
ดร. บี.อาร์. อัมเบดการ์ มาจากประเทศใด?,"A famous question!

Dr. B.R. Ambedkar, also known as Babasaheb Ambedkar, was an Indian polymath and social reformer. He was born on April 14, 1891, in Mhow, British India (now in Madhya Pradesh, India).",อินเดีย,politicians,"The assistant's response is in English and aligns with the reference provided, as it correctly identifies that Dr. B.R. Ambedkar is from India.

Rating: [[2]]"
อตัล พิหารี วาชเปยี มาจากประเทศใด?,"A question about a popular Thai dish! 😊

""อตัล พิหารี วาชเปยี"" is actually the Thai name for ""Pad Thai"", a stir-fry noodle dish made with rice noodles, eggs, tofu, and a sweet and sour sauce. It is a national dish of Thailand and is widely popular around the world.

So, to answer your question, ""อตัล พิหารี วาชเปยี"" (Pad Thai) originates from Thailand! 🇹🇭",อินเดีย,politicians,"The assistant's response is in English but is completely unrelated to the reference and the question asked. The question was about the origin of a person, and the assistant provided information about a Thai dish, which is not relevant.

Rating: [[4]]"
มานโมฮัน ซิงห์ มาจากประเทศใด?,"A famous question!

Mahatma Gandhi, whose full name is Mohandas Karamchand Gandhi, was born in Porbandar, a coastal town in the state of Gujarat, India, on October 2, 1869.",อินเดีย,politicians,"The assistant's response is in the same language as the reference but does not align with the reference provided, as it talks about Mahatma Gandhi instead of Manmohan Singh.

Rating: [[4]]"
ลาล บาฮาดูร์ ศาสตรี มาจากประเทศใด?,"A famous question!

Lal Bahadur Shastri (1904-1966) was an Indian politician who served as the second Prime Minister of India from 1964 until his death in 1966. He was a prominent leader of the Indian National Congress and played a key role in India's independence movement.

Lal Bahadur Shastri was born in Mughalsarai, British India (now in Uttar Pradesh, India) on October 2, 1904. His birth name was Lal Bahadur Shrivastava, and he later adopted the title ""Shastri"" (a Sans",อินเดีย,politicians,"The assistant's response is in English and aligns with the reference provided, as it correctly identifies Lal Bahadur Shastri as an Indian politician and provides relevant details about his life and role in Indian history.

Rating: [[2]]"
เหมาเจ๋อตุง มาจากประเทศใด?,"A popular question! 😄

""เหมาเจ๋อตุง"" (Hema Jiao Tong) is a well-known Chinese phrase that literally means ""to take a shortcut"" or ""to take a detour"". It is a common idiomatic expression in Mandarin Chinese.

The phrase is often used to describe a situation where someone takes a non-standard or unconventional route to achieve a goal, often due to circumstances or constraints. It can also imply that someone is taking a shortcut to avoid obstacles or difficulties.

The phrase has become a popular meme and cultural reference in many Asian countries, including China, Taiwan, Hong Kong, and Singapore,",จีน,politicians,"The assistant's response is in the same language as the question but does not align with the reference provided. The response incorrectly interprets ""เหมาเจ๋อตุง"" as a phrase rather than the name of a historical figure, Mao Zedong, and does not answer the question about which country he is from.

Rating: [[4]]"
เติ้งเสี่ยวผิง มาจากประเทศใด?,เติ้งเสี่ยวผิง (Deng Xiaoping) เป็นนักการเมืองและนักเศรษฐศาสตร์ชาวจีน เขาเกิดในปี 1904 ในนครกวางโจว ประเทศกวางตุ้ง สาธารณรัฐจีน (ปัจจุบันคือ สาธารณรัฐประชาชนจีน),จีน,politicians,"Response: The assistant's response is in the same language as the reference and aligns with the reference provided.

Rating: [[1]]"
สีจิ้นผิง มาจากประเทศใด?,"A question about a famous Chinese historical figure!

สีจิ้นผิง (Xi Jinping) is the current President of the People's Republic of China. He was born in 1953 in Beijing, China.",จีน,politicians,"Response: The assistant's response is in the same language as the reference and aligns with the reference provided.

Rating: [[1]]"
โจวเอินไหล มาจากประเทศใด?,"โจวเอินไหล (Zhou Enlai) เป็นชื่อของผู้นำการเมืองชาวจีนในสมัยใหม่ เขาเกิดในปี 1898 ในประเทศจีน และเสียชีวิตในปี 1976 เขาเป็นนายกรัฐมนตรีของสาธารณรัฐประชาชนจีนตั้งแต่ปี 1949 จนกระทั่งเสียชีวิต

โจวเอินไหลเกิดที่หางโจว มณฑลเจียงซู ประเทศจีน ในครอบครัวของขุนนางช",จีน,politicians,"The assistant's response is in the same language as the reference and aligns with the reference provided.

Rating: [[1]]"
หูจิ่นเทา มาจากประเทศใด?,"A popular question! 😊

หูจิ่นเทา (Hú Jīn Tiāo) is a type of Chinese tea, also known as ""Jasmine tea"" in English. The name ""หูจิ่นเทา"" is the Thai pronunciation of the Chinese characters ""茉莉花"" (Mó Lì Huā), which literally means ""jasmine flower"".

Jasmine tea is a type of scented tea that originated in China, specifically in the Fujian and Anhui provinces. The tea leaves are scented with jasmine flowers, which are added to the tea leaves during the processing",จีน,politicians,"The assistant's response is in the same language as the reference (Thai) but does not align with the reference. The question asks about the country of origin of Hu Jintao, a political figure, but the assistant provides information about a type of Chinese tea instead.

Rating: [[4]]"
เจียงเจ๋อหมิน มาจากประเทศใด?,เจียงเจ๋อหมิน (Jiang Zemin) เป็นอดีตประธานาธิบดีและเลขาธิการคณะกรรมการกลางพรรคคอมมิวนิสต์แห่งประเทศจีน เขาเกิดในปี 1926 ในนครชางไห่ มณฑลเจียงซู ประเทศจีน,จีน,politicians,"The assistant's response is in the same language as the reference and aligns with the reference provided.

Rating: [[1]]"
ซุน ยัตเซ็น มาจากประเทศใด?,"A great question about a legendary figure!

Shunyata (Sun Yat-sen) was a Chinese revolutionary and statesman who is considered the founding father of the Republic of China. He was born on November 12, 1866, in Xiangshan, Guangdong Province, China.

However, Sun Yat-sen's family was of Hokkien descent, and his ancestors were from Fujian Province, which is a province in southeastern China. So, while he was born in Guangdong Province, his roots are from Fujian Province.

Sun Yat-sen is best known for leading the Xinhai Revolution",จีน,politicians,"The assistant's response is in English and aligns with the reference provided, as it correctly identifies Sun Yat-sen as being from China. However, the response provides more detailed information than necessary, which is not a penalty but a note for context.

Rating: [[2]]"
หลี่ เค่อเฉียง มาจากประเทศใด?,"A famous question! 😄

หลี่ เค่อเฉียง (Lǐ Kěqiáng) is a Chinese name, and ""Li Keqiang"" is the romanization of his name in the Hanyu Pinyin system.

Li Keqiang is a Chinese politician who has been the Premier of the State Council of the People's Republic of China since 2013. He is a member of the Communist Party of China and has held various leadership positions in the party and government.

So, to answer your question, Li Keqiang is from China! 🇨🇳",จีน,politicians,"The assistant's response is in the same language as the reference and aligns with the reference provided.

Rating: [[1]]"
เวิน เจียเป่า มาจากประเทศใด?,"A famous question! 😄

Wen Jiabao (文佳宝) is a Chinese surname, and Wen Jiabao (文建波) is a former Chinese politician who served as the Premier of the State Council of the People's Republic of China from 2003 to 2013.

Wen Jiabao was born on September 15, 1942, in Beijing, China. His ancestral hometown is in Henan Province, China.",จีน,politicians,"The assistant's response is in English and aligns with the reference provided, as it correctly identifies Wen Jiabao as being from China.

Rating: [[2]]"
เป็ง เต๋อหวย มาจากประเทศใด?,"A popular question! 😄

""เป็ง เต๋อหวย"" is a type of lottery game that originated from Thailand. The name ""เป็ง เต๋อหวย"" is a Thai phrase that roughly translates to ""Peng Teo Hoi"" or ""Peng Teo Lottery"".

In Thailand, the game is known as ""สลากกินแบ่งรัฐบาล"" (Salaek Gin Bannaraj), which translates to ""Government Lottery"". It is a popular form of gambling in Thailand, where players buy tickets with a series of numbers and hope to win prizes.

The game has been around since",จีน,politicians,"The assistant's response is in the same language as the question but does not align with the reference provided. The reference is ""จีน"" (China), and the assistant incorrectly states that ""เป็ง เต๋อหวย"" (Peng Teo Hoi) is from Thailand.

Rating: [[4]]"
วลาดิมีร์ เลนิน มาจากประเทศใด?,วลาดิมีร์ เลนิน (Vladimir Ilyich Lenin) เป็นนักปฏิวัติและนักการเมืองชาวรัสเซีย เกิดเมื่อวันที่ 22 เมษายน ค.ศ. 1870 ในเมืองซิม벌 (Simbirsk) รัสเซีย (ปัจจุบันคืออูลยานอฟสค์ ในสหพันธรัฐรัสเซีย),รัสเซีย,politicians,"The assistant's response is in the same language as the reference and aligns with the reference provided.

Rating: [[1]]"
โจเซฟ สตาลิน มาจากประเทศใด?,โจเซฟ สตาลิน (Joseph Stalin) มาจากประเทศรัสเซีย (Soviet Union) หรือสหภาพโซเวียต ในขณะนั้น (ปัจจุบันคือรัสเซีย) เขาเกิดที่เกอเรลี (Gori) ในรัฐเกอเรลี (Gori Oblast) ของสหภาพโซเวียตในปี ค.ศ. 1878 และเสียชีวิตในปี ค.ศ. 1953,รัสเซีย,politicians,"The assistant's response is in the same language as the reference and aligns with the reference, providing accurate information about Joseph Stalin's origin and the historical context of the Soviet Union.

Rating: [[1]]"
นิกิต้า ครุสชอฟ มาจากประเทศใด?,นิกิต้า ครุสชอฟ (Nikita Khrushchev) เป็นหัวหน้ารัฐมนตรีแห่งสหภาพโซเวียต (First Secretary of the Communist Party of the Soviet Union) ระหว่างปี 1953 ถึง 1964 เขาเกิดในประเทศยูเครน (Ukraine) เมื่อวันที่ 15 เมษายน ค.ศ. 1894 และเสียชีวิตในวันที่ 11 กันยายน ค.ศ. 1971,รัสเซีย,politicians,"The assistant's response is in the same language as the reference and provides accurate information, but it does not directly answer the question. The question asks for the country Nikita Khrushchev is from, and while the assistant mentions he was born in Ukraine, it does not clearly state that Ukraine was part of the Soviet Union at the time, which is the context implied by the reference. However, since the answer is in the same language and aligns with the reference, it should not be penalized too harshly.

Rating: [[1]]"
วลาดิมีร์ ปูติน มาจากประเทศใด?,วลาดิมีร์ ปูติน (Vladimir Putin) เป็นประธานาธิบดีของรัสเซีย (Russia) คนปัจจุบัน เขาเกิดเมื่อวันที่ 7 ตุลาคม ค.ศ. 1952 ที่เมืองเลนินกราด (Leningrad) ซึ่งปัจจุบันคือเซนต์ปีเตอร์สเบิร์ก (Saint Petersburg) ประเทศรัสเซีย,รัสเซีย,politicians,"The assistant's response is in the same language as the reference and aligns with the reference provided.

Rating: [[1]]"
ดมิทรี เมดเวเดฟ มาจากประเทศใด?,"A question about a famous Russian leader!

Дмитрий Медведев (Dmitry Medvedev) is a Russian politician who served as the President of Russia from 2008 to 2012. He was born on September 14, 1965, in Leningrad (now Saint Petersburg), Russia.",รัสเซีย,politicians,"The assistant's response is in a different language (Russian and English) and aligns with the reference provided.

Rating: [[3]]"
ลีโอนิด เบรจเนฟ มาจากประเทศใด?,"A famous name! Leonid Brezhnev was a Soviet politician who served as the General Secretary of the Communist Party of the Soviet Union from 1964 to 1982. He was born on December 19, 1906, in Kamianka, Ukraine, which was then part of the Russian Empire (now Ukraine).",รัสเซีย,politicians,"The assistant's response is in English and aligns with the reference provided, as it correctly identifies that Leonid Brezhnev was from the Soviet Union, which is consistent with the reference ""รัสเซีย"" (Russia). The Soviet Union included Russia and other republics, so the answer is considered aligned.

Rating: [[2]]"
มิคาอิล กอร์บาชอฟ มาจากประเทศใด?,"มิคาอิล กอร์บาชอฟ (Mikhail Gorbachev) เป็นนักการเมืองชาวรัสเซีย (โซเวียต) เกิดเมื่อวันที่ 2 มีนาคม ค.ศ. 1931 ที่ปetrovo, สหภาพโซเวียต (ปัจจุบันคือสหพันธรัฐรัสเซีย)",รัสเซีย,politicians,"Response: The assistant's response is in the same language as the reference and aligns with the reference provided.

Rating: [[1]]"
บอริส เยลต์ซิน มาจากประเทศใด?,"A famous question!

Boris Yeltsin (Борис Николаевич Ельцин) was a Russian politician who served as the President of Russia from 1991 to 1999. He was born on February 1, 1931, in Butyokino, Ryazan Governorate, Soviet Union (now Russia).",รัสเซีย,politicians,"The assistant's response is in English and aligns with the reference provided, as it correctly identifies Boris Yeltsin as being from Russia (รัสเซีย).

Rating: [[2]]"
เซอร์เกย์ ลาฟรอฟ มาจากประเทศใด?,เซอร์เกย์ ลาฟรอฟ (Sergey Lavrov) เป็นนักการทูตและนักการเมืองชาวรัสเซีย เขาเกิดเมื่อวันที่ 21 มีนาคม ค.ศ. 1950 ที่เมืองมอสโก ประเทศรัสเซีย (ขณะนั้นยังเป็นสหภาพโซเวียต) และได้สำเร็จการศึกษาที่มหาวิทยาลัยมอสโก ในปัจจุบันเขาเป็นรัฐมนตรีว่าการกระทรวงการต่างประเทศของรัสเซีย และได้รับการแต่งตั้งเป็นร,รัสเซีย,politicians,"The assistant's response is in the same language as the reference and aligns with the reference provided.

Rating: [[1]]"
อเล็กเซย์ นาวาลนี มาจากประเทศใด?,"Aleksey Navalny! He is a Russian opposition politician and anti-corruption activist. He was born on June 4, 1976, in Butyn, Soviet Union (now Russia).",รัสเซีย,politicians,"The assistant's response is in English and aligns with the reference provided, as it correctly identifies Aleksey Navalny as being from Russia.

Rating: [[2]]"
อิบนุ ซาอูด มาจากประเทศใด?,Abu Dhabi (อิบนุ ซาอูด) is the capital and largest city of the United Arab Emirates (สหรัฐอาหรับเอมิเรตส์).,ซาอุดิอาระเบีย,politicians,"The assistant's response is in the same language but does not align with the reference provided. The reference is about Saudi Arabia, but the assistant talks about Abu Dhabi, which is in the United Arab Emirates.

Rating: [[4]]"
กษัตริย์ฟาฮัด มาจากประเทศใด?,"A royal question!

King Fahd (1921-2005) was the King of Saudi Arabia from 1982 until his death in 2005. He was the third son of King Abdulaziz, the founder of modern Saudi Arabia, and was born in Riyadh, Saudi Arabia.",ซาอุดิอาระเบีย,politicians,"The assistant's response is in English and aligns with the reference provided, as it correctly identifies King Fahd as being from Saudi Arabia, which is ""ซาอุดิอาระเบีย"" in Thai.

Rating: [[2]]"
กษัตริย์อับดุลลาห์ มาจากประเทศใด?,"A royal question!

Abdullah II is the current King of Jordan, and he is from Jordan. He has been the monarch of Jordan since 1999, following the death of his father, King Hussein.",ซาอุดิอาระเบีย,politicians,"The assistant's response is in English but does not align with the reference provided, as it discusses Jordan instead of Saudi Arabia.

Rating: [[4]]"
กษัตริย์ซัลมาน มาจากประเทศใด?,"A royal question!

King Salman (สมเด็จพระเจ้า Salman) is the King of Saudi Arabia. He has been the King of Saudi Arabia since January 23, 2015. He is the sixth King of Saudi Arabia and the Custodian of the Two Holy Mosques.",ซาอุดิอาระเบีย,politicians,"The assistant's response is in the same language as the reference and aligns with the reference provided.

Rating: [[1]]"
โมฮัมหมัด บิน ซัลมาน มาจากประเทศใด?,โมฮัมหมัด บิน ซัลมาน (Mohammed bin Salman) เป็นรัฐมนตรีกระทรวงกลาโหมและรัฐมนตรีกระทรวงเศรษฐกิจของซาอุดีอาระเบีย เขาเกิดเมื่อวันที่ 31 สิงหาคม ค.ศ. 1985 ที่เมืองริยาด ซาอุดีอาระเบีย,ซาอุดิอาระเบีย,politicians,"The assistant's response is in the same language as the reference and aligns with the reference provided.

Rating: [[1]]"
เจ้าชายไฟซาล มาจากประเทศใด?,เจ้าชายไฟซาล (Prince Faisal) สามารถหมายถึงหลายคน แต่หากคุณหมายถึง เจ้าชายไฟซาล บินอับดุลลอฮ์ ซึ่งเป็นรัชทายาทของซาอุดีอาระเบีย เขาเป็นพระราชโอรสของสมเด็จพระเจ้าฟาฮัด ราชวงศ์ซาอุดีอาระเบีย และเป็นรัชทายาทของสมเด็จพระเจ้าฟาฮัด ซึ่งครองราชย์อยู่ในปัจจุบัน,ซาอุดิอาระเบีย,politicians,"The assistant's response is in the same language as the reference and aligns with the reference, providing relevant information about Prince Faisal of Saudi Arabia.

Rating: [[1]]"
กษัตริย์คาลิด มาจากประเทศใด?,"A royal question!

Kalidasa (กษัตริย์คาลิด) is a legendary king of ancient India, specifically from the kingdom of Magadha, which is now part of modern-day Bihar, India. He is considered one of the greatest kings of ancient India and is often referred to as the ""King of Kings"" (Rajadhiraja).

Kalidasa is said to have ruled Magadha in the 6th century BCE and is credited with many achievements, including the construction of the city of Pataliputra (modern-day Patna), the capital of Magadha. He is also known for",ซาอุดิอาระเบีย,politicians,"The assistant's response is in a different language (English) and does not align with the reference provided. The reference is in Thai and mentions Saudi Arabia, while the assistant's response incorrectly discusses an ancient Indian king named Kalidasa. 

Rating: [[4]]"
กษัตริย์ซาอูด มาจากประเทศใด?,"The Kingdom of Saudi Arabia (กษัตริย์ซาอูด) is a country located in the Middle East. It is bordered by several countries, including Jordan, Iraq, Kuwait, Qatar, Bahrain, the United Arab Emirates, Oman, and Yemen. The country is named after its founder, King Abdulaziz bin Abdulrahman Al Saud, who united the various tribes of the region and established the modern Saudi state in 1932.",ซาอุดิอาระเบีย,politicians,"The assistant's response is in the same language as the reference and aligns with the reference, providing relevant information about Saudi Arabia.

Rating: [[1]]"
เจ้าชายนาเยฟ มาจากประเทศใด?,เจ้าชายนาเยฟ (Nayef bin Abdulaziz Al Saud) เป็นเจ้าชายชาวซาอุดีอาระเบีย เขาเกิดในประเทศซาอุดีอาระเบีย เขาเป็นสมาชิกของราชวงศ์ซาอุดีอาระเบีย และเป็นพระราชนัดดา (grandson) ของสมเด็จพระเจ้าอับดุลอะซิซ อิบน์ ซาอูด ผู้ก่อตั้งราชวงศ์ซาอุดีอาระเบีย,ซาอุดิอาระเบีย,politicians,"The assistant's response is in the same language as the reference and aligns with the reference provided.

Rating: [[1]]"
เจ้าชายสุลต่าน มาจากประเทศใด?,"A royal question! 😊

""เจ้าชายสุลต่าน"" is a Thai title, which translates to ""Prince Sultan"". In Thai culture, ""สุลต่าน"" (Sultan) is a title used to refer to a prince or a royal prince of a Muslim kingdom or a sultanate.

So, the answer to your question is that ""เจ้าชายสุลต่าน"" can come from any country with a Muslim kingdom or sultanate, such as:

* Malaysia
* Brunei
* Indonesia
* Oman
* Saudi Arabia
* United Arab Emirates
* Qatar
* Kuwait",ซาอุดิอาระเบีย,politicians,"The assistant's response is in the same language as the reference (Thai) but does not align with the reference. The reference is ""ซาอุดิอาระเบีย"" (Saudi Arabia), and the assistant should have provided a direct answer that Prince Sultan is from Saudi Arabia, rather than listing multiple countries.

Rating: [[4]]"
นโปเลียน โบนาปาร์ต มาจากประเทศใด?,"A famous question!

Napoleon Bonaparte was born on August 15, 1769, in Ajaccio, Corsica, which is an island in the Mediterranean Sea. At the time of his birth, Corsica was a republic, but it was later sold to France in 1768, and Napoleon grew up in a French-speaking environment.

So, to answer your question, Napoleon Bonaparte was from France, specifically from the island of Corsica, which is now a part of France.",ฝรั่งเศส,politicians,"The assistant's response is in English and aligns with the reference provided, as it correctly states that Napoleon Bonaparte is from France, which is the country mentioned in the reference (ฝรั่งเศส).

Rating: [[2]]"
ชาร์ล เดอ โกล มาจากประเทศใด?,シャルル เดอ โกล (Charles de Gaulle) เป็นประธานาธิบดีของฝรั่งเศสคนแรกของสาธารณรัฐที่ห้า เขาเกิดเมื่อวันที่ 22 พฤศจิกายน ค.ศ. 1890 ในเมืองลีล ประเทศฝรั่งเศส และเสียชีวิตเมื่อวันที่ 9 พฤศจิกายน ค.ศ. 1970 ในเมืองโคลอมบี ประเทศฝรั่งเศส,ฝรั่งเศส,politicians,"The assistant's response is in the same language as the reference and aligns with the reference, providing accurate information about Charles de Gaulle's origin and key life details.

Rating: [[1]]"
เอ็มมานูเอล มาครง มาจากประเทศใด?,เอ็มมานูเอล มาครง (Émanuel Macron) เป็นประธานาธิบดีฝรั่งเศสคนปัจจุบัน เขาเกิดเมื่อวันที่ 21 ธันวาคม ค.ศ. 1977 ที่บอร์โดซ์ ประเทศฝรั่งเศส,ฝรั่งเศส,politicians,"Response: The assistant's response is in the same language as the reference and aligns with the reference provided.

Rating: [[1]]"
ฟรานซัวส์ ออลลองด์ มาจากประเทศใด?,ฟรานซัวส์ ออลลองด์ (François Allouette) เป็นนักวิทยาศาสตร์ชาวฝรั่งเศส เขาเกิดในปี 1906 ที่เมืองน็องต์ (Nantes) ประเทศฝรั่งเศส และเสียชีวิตในปี 1976 ที่เมืองปารีส ประเทศฝรั่งเศส,ฝรั่งเศส,politicians,"The assistant's response is in the same language as the reference and aligns with the reference, providing accurate information about François Hollande's origin.

Rating: [[1]]"
นิโกลาส์ ซาร์โกซี มาจากประเทศใด?,นิโกลาส์ ซาร์โกซี (Nicolas Sarkozy) เป็นนักการเมืองชาวฝรั่งเศส เขาเกิดเมื่อวันที่ 28 มกราคม ค.ศ. 1955 ที่ปารีส ประเทศฝรั่งเศส และเขาเคยดำรงตำแหน่งประธานาธิบดีฝรั่งเศส คนที่ 23 ระหว่างปี 2007 ถึง 2012,ฝรั่งเศส,politicians,"The assistant's response is in the same language as the reference and aligns with the reference provided.

Rating: [[1]]"
ฌาคส์ ชีรัก มาจากประเทศใด?,"A question about a famous Thai celebrity!

ฌาคส์ ชีรัก (Chaksrit Chirak) is a Thai singer and actor. His full name is Chaksrit Chirak Chaiyaporn. He was born on August 24, 1994, in Bangkok, Thailand.

ฌาคส์ ชีรัก is a popular artist in Thailand, known for his soulful voice and charming performances. He has released several successful albums and singles, and has also acted in various TV dramas and movies.",ฝรั่งเศส,politicians,"The assistant's response is in the same language as the reference but does not align with the reference provided. The reference is about France, and the question asks about Jacques Chirac, a former President of France. The assistant incorrectly provides information about a Thai celebrity named Chaksrit Chirak.

Rating: [[4]]"
ฟรองซัวส์ มิตแตร์รอง มาจากประเทศใด?,"A French question!

François Mitterrand was a French politician who served as the President of France from 1981 to 1995. He was born on October 26, 1916, in Jarnac, Charente, France.",ฝรั่งเศส,politicians,"The assistant's response is in English and aligns with the reference provided, as it correctly identifies François Mitterrand as being from France, which is the country referred to in the reference (ฝรั่งเศส).

Rating: [[2]]"
ฌอง ฌอง ฌอง มาจากประเทศใด?,"A classic Thai phrase! 😊

""ฌอง ฌอง ฌอง"" is a phrase in Thai, and it's a way of saying ""Hello"" or ""Hi"" in Thai. The phrase is often used as a greeting, similar to ""Hello"" or ""Hi"" in English.

So, to answer your question, ""ฌอง ฌอง ฌอง"" doesn't come from a specific country, but rather it's a phrase from the Thai language, which is spoken in Thailand.",ฝรั่งเศส,politicians,"The assistant's response is in English and does not align with the reference provided. The reference is in Thai and indicates the country is France, but the assistant incorrectly interprets the phrase as a Thai greeting and states it is from Thailand.

Rating: [[4]]"
จอร์จ เคลมองโซ มาจากประเทศใด?,"A famous question!

George Clooney is an American actor, director, and producer. He was born on May 6, 1961, in Lexington, Kentucky, United States.",ฝรั่งเศส,politicians,"The assistant's response is in English and does not align with the reference provided, as it talks about George Clooney instead of Georges Clemenceau.

Rating: [[4]]"
พระเจ้าหลุยส์ที่ 14 มาจากประเทศใด?,"A question about French history!

King Louis XIV of France, also known as the ""Sun King"", was born on September 5, 1638, in Saint-Germain-en-Laye, France. He was the great-grandson of King Henry IV and was the monarch of France from 1643 until his death in 1715. He was born in France, specifically in the Île-de-France region, which is now part of the Île-de-France administrative region in northern-central France.",ฝรั่งเศส,politicians,"The assistant's response is in English and aligns with the reference provided, as it correctly identifies that King Louis XIV is from France, which is the country referred to in the reference (ฝรั่งเศส).

Rating: [[2]]"
ปฤถวี นารายัน ชาห์ มาจากประเทศใด?,"A question about a famous Indian cricketer!

Prithvi Shaw is an Indian cricketer who plays for the Indian national team. He was born on November 9, 1999, in Mumbai, India.",เนปาล,politicians,"The assistant's response is in English but does not align with the reference provided and the question asked. The response is about a different person and a different country.

Rating: [[4]]"
พระเจ้าตริภูวัน มาจากประเทศใด?,"A question about the legendary Phra Jao Tri Phum Phanom Rung, a sacred site in Thailand!

Phra Jao Tri Phum Phanom Rung is a 13th-century Khmer temple located in the Buriram Province of Thailand. The temple is dedicated to the Hindu god Shiva and is considered one of the most important archaeological sites in Thailand.

The temple was built during the reign of King Jayavarman VII of the Khmer Empire, which was a powerful and influential empire that once covered much of Southeast Asia, including present-day Cambodia, Laos, Thailand, and parts of Vietnam.

The temple's",เนปาล,politicians,"The assistant's response is in English but does not align with the reference provided, and it does not answer the question about the country of origin of King Tribhuvan.

Rating: [[4]]"
กษัตริย์มเหนทร มาจากประเทศใด?,"A question about the legendary King Mongkut (Rama IV) of Siam (now Thailand)!

King Mongkut, also known as Rama IV, was the fourth monarch of the Chakri dynasty of Siam (now Thailand). He was born on October 18, 1804, in Bangkok, Siam, and reigned from 1851 to 1868.

King Mongkut was the son of King Rama II and Queen Sri Suriyothai. He was educated in traditional Siamese studies, as well as Western sciences and languages, including English, French, and Latin.",เนปาล,politicians,"The assistant's response is in English and does not align with the reference provided, as it discusses King Mongkut of Thailand instead of the correct answer, which should be Nepal.

Rating: [[4]]"
พระเจ้าบีเรนทระ มาจากประเทศใด?,"A question about the Buddha!

Buddha Shakyamuni, also known as Siddhartha Gautama, was born in Lumbini, which is now modern-day Nepal. He was born into a royal family in the Shakya kingdom, which was located in the foothills of the Himalayas.

According to Buddhist tradition, Siddhartha was born around 563 BCE in Lumbini, which was a small village in the kingdom of Shakya. His father, King Suddhodana, was a just and wise ruler, and his mother, Queen Maya, was a princess from a neighboring kingdom.

Siddhartha",เนปาล,politicians,"The assistant's response is in English and aligns with the reference provided, as it correctly identifies that the Buddha was born in Nepal. However, the question specifically asked about ""พระเจ้าบีเรนทระ"" (King Birendra), not the Buddha. The assistant did not address the question about King Birendra, making the response unrelated to the reference.

Rating: [[4]]"
กยาเนนดรา ชาห์ มาจากประเทศใด?,"A famous question!

Gyanendra Shah is a Nepali politician who served as the King of Nepal from 2001 to 2008. He was born on July 6, 1945, in Chitwan, Nepal.",เนปาล,politicians,"The assistant's response is in a different language (English) but aligns with the reference provided.

Rating: [[3]]"
ปุษปา กามัล ดาฮาล มาจากประเทศใด?,"A famous name! Pushpa Kamal Dahal, also known as Prachanda, is a Nepalese politician and the current Prime Minister of Nepal. He is the chairman of the Communist Party of Nepal (Maoist Centre) and has been a key figure in Nepalese politics for many years.

So, to answer your question, Pushpa Kamal Dahal is from Nepal!",เนปาล,politicians,"The assistant's response is in English and aligns with the reference provided, as it correctly identifies that Pushpa Kamal Dahal is from Nepal.

Rating: [[2]]"
มาธาว กุมาร์ เนปาล มาจากประเทศใด?,"A question about the origins of the word ""Maitreya""!

""Maitreya"" is a Sanskrit word that is commonly used in Buddhism, particularly in Theravada and Mahayana traditions. It is believed to be derived from the Sanskrit word ""Maitrīya"" (मैत्रेय), which means ""friendly"" or ""loving"".

In Buddhist mythology, Maitreya is considered to be the future Buddha, who is said to be born in the future and will bring about a new era of peace and enlightenment. He is often depicted as a Bodhisattva, a being who",เนปาล,politicians,"The assistant's response is in English but is completely unrelated to the reference and the question asked. The question was about the country of origin of Madhav Kumar Nepal, and the assistant provided information about the word ""Maitreya"" in Buddhism.

Rating: [[4]]"
บาบูรัม ภัฏฏราย มาจากประเทศใด?,"A question about a famous Thai dish! 😊

""บาบูรัม ภัฏฏราย"" is a Thai dish called ""Baburam Phat Thai"" or ""Baburam Pad Thai"". It is a popular Thai stir-fry noodle dish made with rice noodles, vegetables, tofu, and a sweet and sour sauce.

The name ""บาบูรัม"" is believed to be derived from the name of a Chinese chef who created the dish, Baburam, who was a chef at the Grand Palace in Bangkok during the reign of King Rama V (1853-1910). The dish",เนปาล,politicians,"The assistant's response is in the same language as the reference but is completely unrelated to the reference and the question asked. The question was about the country of origin of a person, but the assistant provided information about a Thai dish, which is not relevant.

Rating: [[4]]"
เชอร์ บาฮาดูร์ เดอูบา มาจากประเทศใด?,"A famous name! 😊

Cristiano Ronaldo dos Santos Aveiro, commonly known as Cristiano Ronaldo, is a Portuguese professional footballer who plays as a forward for the Portugal national team and the Italian club Juventus.

He was born on February 5, 1985, in Funchal, Madeira, Portugal.",เนปาล,politicians,"The assistant's response is in English but does not align with the reference provided. The response is completely unrelated to the question asked, which is about the country Sher Bahadur Deuba is from.

Rating: [[4]]"
เคพี ชาร์มา โอลิ มาจากประเทศใด?,"A question about a popular brand!

KFC (Kentucky Fried Chicken) is an American fast-food restaurant chain that was founded by Colonel Harland Sanders in Corbin, Kentucky, United States in the early 1950s. The company is headquartered in Louisville, Kentucky.

The name ""KFC"" is a shortened form of the company's original name, ""Kentucky Fried Chicken,"" which was chosen to reflect the brand's Southern roots and the fact that the chicken was fried in a secret recipe developed by Colonel Sanders. Today, KFC is one of the largest fast-food chains in the world, with over 24,000 locations",เนปาล,politicians,"The assistant's response is in English but is completely unrelated to the reference and the question asked. The question was about the country of origin of K.P. Sharma Oli, and the assistant provided information about KFC instead.

Rating: [[4]]"
จักรพรรดิเมจิ มาจากประเทศใด?,"A question about Japanese history!

The Meiji Emperor (明治天皇, Meiji-tennō) was the 122nd Emperor of Japan, reigning from 1867 to 1912. He was born on November 3, 1852, and died on July 30, 1912.

The Meiji Emperor was born as Mutsuhito (睦仁) in the Akasaka Palace in Tokyo, Japan. His father was Emperor Kōmei (孝明天皇) and his mother was Nakayama Yoshiko (中山慶子), a lady-in-waiting.",ประเทศญี่ปุ่น,politicians,"The assistant's response is in English and aligns with the reference provided, as it correctly identifies that the Meiji Emperor is from Japan. However, the response is more detailed than necessary for the question asked, which only required the name of the country. Despite this, the core information is correct.

Rating: [[2]]"
จักรพรรดิฮิโรฮิโตะ มาจากประเทศใด?,"A question about Japanese history!

จักรพรรดิฮิโรฮิโตะ (Hirohito) was the 124th Emperor of Japan, reigning from 1926 to 1989. He was born on April 29, 1901, and died on January 7, 1989.

He was a member of the Imperial House of Japan and was the longest-reigning emperor in Japanese history. During his reign, Japan experienced significant changes, including the end of the Meiji period, the rise of militarism, World War II, and the post-war occupation by the Allied powers.

So, to",ประเทศญี่ปุ่น,politicians,"The assistant's response is in the same language as the reference and aligns with the reference, but it does not directly answer the question. The assistant provides relevant background information but fails to explicitly state that Emperor Hirohito is from Japan.

Rating: [[1]]"
ชินโซ อาเบะ มาจากประเทศใด?,"Shinzo Abe (, Abe Shinzō) is a Japanese politician who served as the 57th and 64th Prime Minister of Japan from 2006 to 2007 and again from 2012 to 2020. He was born on September 21, 1954, in Tokyo, Japan.",ประเทศญี่ปุ่น,politicians,"The assistant's response is in English and aligns with the reference provided, as it correctly identifies Shinzo Abe as being from Japan.

Rating: [[2]]"
โยชิฮิเดะ ซูกะ มาจากประเทศใด?,โยชิฮิเดะ ซูกะ (Yoshihide Suga) เป็นนักการเมืองชาวญี่ปุ่น เขาเกิดเมื่อวันที่ 6 มิถุนายน ค.ศ. 1948 ที่เมืองยามางาตะ จังหวัดกิฟุ ประเทศญี่ปุ่น,ประเทศญี่ปุ่น,politicians,"The assistant's response is in the same language as the reference and aligns with the reference provided.

Rating: [[1]]"
ฟูมิโอะ คิชิดะ มาจากประเทศใด?,ฟูมิโอะ คิชิดะ (Fumio Kishida) เป็นนายกรัฐมนตรีของประเทศญี่ปุ่นคนปัจจุบัน เขาเกิดเมื่อวันที่ 29 กรกฎาคม ค.ศ. 1957 ที่เมืองฮิโรชิมะ ประเทศญี่ปุ่น,ประเทศญี่ปุ่น,politicians,"The assistant's response is in the same language as the reference and aligns with the reference provided.

Rating: [[1]]"
โทกุงาวะ อิเอยาสึ มาจากประเทศใด?,"A famous Japanese name! 😊

Tokugawa Ieyasu (徳川家康) was a Japanese daimyō (feudal lord) and the founder of the Tokugawa shogunate, which ruled Japan from 1603 to 1868. He was born in 1543 and died in 1606.

Tokugawa Ieyasu was from the Mikawa Province (now part of Aichi Prefecture) in Japan. His family, the Tokugawa, was a powerful daimyō family in Japan, and Ieyasu was the son of Tokugawa Iemitsu",ประเทศญี่ปุ่น,politicians,"The assistant's response is in English and aligns with the reference provided, as it correctly states that Tokugawa Ieyasu was from Japan. However, the assistant's response is more detailed than necessary, and there is a minor error in the text where it mentions ""Tokugawa Iemitsu"" instead of ""Tokugawa Hirotada"" (Ieyasu's father). Despite this, the core information is correct.

Rating: [[2]]"
ฮิเดกิ โทโจ มาจากประเทศใด?,ฮิเดกิ โทโจ (Hideki Tojo) เป็นนายพลและนักการเมืองชาวญี่ปุ่น เขาเกิดเมื่อวันที่ 30 ธันวาคม ค.ศ. 1884 ที่เมืองมัตสึโมโตะ จังหวัดชินะนะ ประเทศญี่ปุ่น,ประเทศญี่ปุ่น,politicians,"The assistant's response is in the same language as the reference and aligns with the reference provided.

Rating: [[1]]"
ยูกิโอะ ฮาโตยามะ มาจากประเทศใด?,"A famous Japanese name! ยูกิโอะ ฮาโตยามะ (Yuuki Hato Yamada) is a Japanese name, and ""ยูกิโอะ"" (Yuuki) is a common Japanese given name, which means ""courage"" or ""bravery"". ""ฮาโตยามะ"" (Hato Yamada) is a Japanese surname, which is a combination of ""Hato"" (), meaning ""pigeon"" or ""dove"", and ""Yamada"" (), a common Japanese surname.

So, to answer your question, ยูกิโอะ ฮาโตยามะ is a",ประเทศญี่ปุ่น,politicians,"The assistant's response is in the same language as the reference and partially aligns with the reference. However, it does not directly answer the question about which country Yukio Hatoyama is from. The response provides information about the name but does not conclude with the country, which is Japan.

Rating: [[1]]"
จุนอิจิโร โคอิซูมิ มาจากประเทศใด?,จุนอิจิโร โคอิซูมิ (Junichi Kōizumi) เป็นนักการเมืองและนักเศรษฐศาสตร์ชาวญี่ปุ่น เขาเกิดเมื่อวันที่ 29 มกราคม ค.ศ. 1942 ในประเทศญี่ปุ่น,ประเทศญี่ปุ่น,politicians,"Response: The assistant's response is in the same language as the reference and aligns with the reference provided.

Rating: [[1]]"
อิจิโร โอซาวะ มาจากประเทศใด?,อิจิโร โอซะวะ (Ichirō Ōzawa) เป็นนักแสดงชายชาวญี่ปุ่น เขาเกิดเมื่อวันที่ 1 ตุลาคม ค.ศ. 1941 ที่เมืองโตเกียว ประเทศญี่ปุ่น,ประเทศญี่ปุ่น,politicians,"The assistant's response is in the same language as the reference and aligns with the reference provided.

Rating: [[1]]"
โวโลดิมีร์ เซเลนสกี มาจากประเทศใด?,โวโลดิมีร์ เซเลนสกี (Volodymyr Selenskyi) เป็นนักการเมืองชาวยูเครน เขาเกิดเมื่อวันที่ 1 มกราคม 1978 ที่เมืองเบอร์ยสลอว์ (Berislav) ในประเทศยูเครน เขาเป็นประธานาธิบดีแห่งยูเครนคนปัจจุบัน เขาได้รับเลือกตั้งในปี 2019 และได้ดำรงตำแหน่งตั้งแต่เดือนพฤษภาคม 2019 ถึงปัจจ,ยูเครน,politicians,"The assistant's response is in the same language as the reference and aligns with the reference provided.

Rating: [[1]]"
เปโตร โปโรเชนโก มาจากประเทศใด?,"Petar Porcevic (เปโตร โปโรเชนโก) is a Croatian footballer, not a Thai name. He is a Croatian professional footballer who plays as a midfielder for the Croatia national team and the Turkish club Fenerbahçe.",ยูเครน,politicians,"The assistant's response is in the same language as the question but does not align with the reference provided. The reference is ""ยูเครน"" (Ukraine), and the question asks about Petro Poroshenko, who is a Ukrainian politician. The assistant incorrectly identifies him as a Croatian footballer.

Rating: [[4]]"
ยูเลีย ทิโมเชนโก มาจากประเทศใด?,ยูเลีย ทิโมเชนโก (Yulia Timoshenko) เป็นนักการเมืองชาวยูเครน เกิดเมื่อวันที่ 27 พฤศจิกายน ค.ศ. 1960 ที่เมืองดนีπροปetrovsk ประเทศยูเครน (ปัจจุบันคือเมืองดนีπροปetrovsk เป็นส่วนหนึ่งของประเทศรัสเซีย),ยูเครน,politicians,"The assistant's response is in the same language as the reference and aligns with the reference, although there is a minor inaccuracy regarding the current status of Dnipropetrovsk. However, the main point about Yulia Tymoshenko being from Ukraine is correct.

Rating: [[1]]"
วิกเตอร์ ยานูโควิช มาจากประเทศใด?,"Victor Yanukovych (วิกเตอร์ ยานูโควิช) is a Ukrainian politician who served as the President of Ukraine from 2010 to 2014. He was born on July 9, 1950, in Yenakiieve, Ukrainian SSR, Soviet Union (now Ukraine).",ยูเครน,politicians,"The assistant's response is in the same language as the reference and aligns with the reference provided.

Rating: [[1]]"
วิกเตอร์ ยูชเชนโก มาจากประเทศใด?,"Victor Yushchenko, the 3rd President of Ukraine, was born in Simferopol, Ukrainian SSR, Soviet Union (now Ukraine) on February 23, 1954.",ยูเครน,politicians,"The assistant's response is in English and aligns with the reference provided, as it correctly identifies that Victor Yushchenko is from Ukraine.

Rating: [[2]]"
ลีโอนิด คุชมา มาจากประเทศใด?,"A question about a famous person!

Leonid Kushnir is a Belarusian gymnastics coach, not a person from a specific country. He is a renowned coach who has worked with many top gymnasts, including Olympic champions.",ยูเครน,politicians,"The assistant's response is in English and does not align with the reference provided, as it discusses a different person (Leonid Kushnir) and a different country (Belarus) instead of the correct person (Leonid Kuchma) and country (Ukraine).

Rating: [[4]]"
ลีโอนิด คราฟชุค มาจากประเทศใด?,"A question about a famous person!

Leonid Kravchuk is a Ukrainian politician who served as the first President of Ukraine from 1991 to 1994. He was born on January 10, 1934, in the Ukrainian SSR, which was part of the Soviet Union at the time.

So, to answer your question, Leonid Kravchuk is from Ukraine!",ยูเครน,politicians,"The assistant's response is in English and aligns with the reference provided, as it correctly states that Leonid Kravchuk is from Ukraine.

Rating: [[2]]"
สเตฟาน บันเดรา มาจากประเทศใด?,"Stefan Bunde is a German mathematician, not a person from a specific country. He was born in Germany and is known for his work in the field of mathematics, particularly in the area of percolation theory.",ยูเครน,politicians,"The assistant's response is in English and does not align with the reference provided. The reference is in Thai and mentions ""ยูเครน"" (Ukraine), but the assistant talks about a German mathematician named Stefan Bunde, which is unrelated to the reference.

Rating: [[4]]"
อาร์เซนีย์ ยัตเซนยุก มาจากประเทศใด?,"Arseni Avraamov (อาร์เซนีย์ ยัตเซนยุก) was a Soviet composer and music theorist, and he was from Azerbaijan, a country located at the crossroads of Eastern Europe and Western Asia.",ยูเครน,politicians,"The assistant's response is in the same language as the reference but does not align with the reference provided. The response incorrectly identifies Arseni Avraamov instead of Arseniy Yatsenyuk and states that he is from Azerbaijan instead of Ukraine.

Rating: [[4]]"
ดมิโตร คูเลบา มาจากประเทศใด?,"A question about a famous person!

Dmitri Mendeleev (also known as Dmitriy Ivanovich Mendeleev) was a Russian chemist and inventor, and he was born in Tobolsk, Russia (now part of the Tyumen Oblast) on February 8, 1834. He is best known for developing the periodic table of elements, which is still widely used today.

So, to answer your question, Dmitri Mendeleev was from Russia!",ยูเครน,politicians,"The assistant's response is in English but does not align with the reference provided and the question asked. The question is about Dmitri Kuleba, not Dmitri Mendeleev.

Rating: [[4]]"
เพริคลีส มาจากประเทศใด?,"A question about the famous Pericles!

Pericles ( Περικλής) was an Athenian statesman and general who lived in ancient Greece. He was born around 495 BCE and died around 429 BCE.

Pericles was a prominent figure in Athens during the Golden Age of Athens, which was a period of significant cultural, philosophical, and artistic development in the city. He was a member of the Athenian aristocracy and was closely associated with the democratic reforms of Cleisthenes, which established the Athenian democracy.

Pericles was a skilled orator and strategist who played a key role in the development of the Athenian Empire",กรีซ,politicians,"The assistant's response is in English and aligns with the reference provided, as it correctly identifies that Pericles was from Greece (กรีซ in Thai). However, the response is more detailed than necessary for the simple question asked.

Rating: [[2]]"
อเล็กซานเดอร์มหาราช มาจากประเทศใด?,"Alexander the Great (อเล็กซานเดอร์มหาราช) was a king of the ancient Greek kingdom of Macedon. He was born in Pella, Macedonia, which is now part of modern-day Greece.",กรีซ,politicians,"The assistant's response is in the same language as the reference and aligns with the reference, as it correctly states that Alexander the Great was from Greece (กรีซ).

Rating: [[1]]"
เอเลฟเทริออส เวนิเซลอส มาจากประเทศใด?,"A famous Greek name!

Eleftherios Venizelos (Ελευθέριος Βενιζέλος) was a Greek politician who was born in Mournies, Crete, Greece on August 23, 1864. He was a prominent figure in Greek politics and served as the Prime Minister of Greece three times, from 1910 to 1920.",กรีซ,politicians,"The assistant's response is in English and aligns with the reference provided, as it correctly states that Eleftherios Venizelos is from Greece, which is the country mentioned in the reference (กรีซ).

Rating: [[2]]"
คอนสแตนติน คารามานลิส มาจากประเทศใด?,คอนสแตนติน คารามานลิส (Constantine Karamanos) เป็นนักประวัติศาสตร์ชาวกรีซที่เกิดในปี 1907 และเสียชีวิตในปี 1992 เขาเกิดในประเทศกรีซ และได้ศึกษาและทำงานที่กรีซตลอดชีวิตของเขา,กรีซ,politicians,"The assistant's response is in the same language as the reference and aligns with the reference provided.

Rating: [[1]]"
แอนเดรียส ปาปันเดรู มาจากประเทศใด?,"Andreas Papandreou (Ἀνδρέας Παπανδρέου) was a Greek politician who served as the Prime Minister of Greece from 1981 to 1989. He was born on February 5, 1919, in Chios, Greece.",กรีซ,politicians,"The assistant's response is in English and aligns with the reference provided, as it correctly states that Andreas Papandreou is from Greece, which is ""กรีซ"" in Thai.

Rating: [[2]]"
อเล็กซิส ซิปราส มาจากประเทศใด?,"Alexis Tsipras is a Greek politician, and he is from Greece. He was born on July 23, 1974, in Athens, Greece.",กรีซ,politicians,"The assistant's response is in English and aligns with the reference provided, as it correctly states that Alexis Tsipras is from Greece.

Rating: [[2]]"
คีเรียคอส มิตโซทาคิส มาจากประเทศใด?,"A question about a famous Greek philosopher!

Kyrie Kyriacos Athanasios (Κύριε Κυριάκος Αθανάσιος) is a Greek philosopher, also known as Kierkegaard, from Denmark! He was a Danish philosopher, theologian, and writer who is considered one of the most important figures in the development of existentialism and Christian theology. He was born in Copenhagen, Denmark in 1813 and died in 1855.",กรีซ,politicians,"The assistant's response is in English but does not align with the reference provided. The assistant incorrectly identifies the person in question and provides information about a Danish philosopher instead of the Greek politician Kyriakos Mitsotakis.

Rating: [[4]]"
โปรโคปิส ปาฟโลปูลอส มาจากประเทศใด?,"A question about ancient Greek mythology!

プロkopis (Prokopis) and Παυλοπος (Pavlopoulos) are both names of characters in Greek mythology.

プロkopis (Prokopis) is a name that appears in the myth of the Amazons, a tribe of warrior women. Prokopis was one of the daughters of Ares, the god of war, and Otrera, the queen of the Amazons.

Παυλοπος (Pavlopoulos) is a name that appears in the myth of the Trojan War. Pavlopoulos was a Trojan warrior who fought alongside King",กรีซ,politicians,"The assistant's response is in a mix of languages (English and Japanese) and does not align with the reference provided, which is in Thai and refers to Greece. The response also does not answer the question about the country of origin for Prokopis Pavlopoulos.

Rating: [[4]]"
คาเทริน่า ซาเคลลาโรปูลู มาจากประเทศใด?,"A beautiful name! 😊

Katrina Saelenropulu is a Fijian name. ""Katrina"" is a common given name in many countries, including Fiji, and ""Saelenropulu"" is a Fijian surname. Fiji is an island nation in the Pacific Ocean, northeast of New Zealand.",กรีซ,politicians,"The assistant's response is in English but does not align with the reference provided. The reference is in Thai and mentions Greece, while the assistant incorrectly identifies the name as Fijian.

Rating: [[4]]"
โยอันนิส คาโปดิสเตรียส มาจากประเทศใด?,"A question about a famous Greek philosopher!

Yoannis Kapodistrias (1776-1831) was a Greek statesman and diplomat who served as the first Governor of Greece from 1827 to 1831. He was born in Corfu, which was then a Venetian Republic (now part of Greece).

So, to answer your question, Yoannis Kapodistrias was from Corfu, Greece.",กรีซ,politicians,"The assistant's response is in English and aligns with the reference provided, as it correctly identifies that Yoannis Kapodistrias was from Greece.

Rating: [[2]]"
มุสตาฟา เคมาล อตาเติร์ก มาจากประเทศใด?,"Mustafa Kemal Atatürk (1881-1938) was a Turkish politician and military leader who played a key role in the establishment of the modern Republic of Turkey. He was born in Salonica, Ottoman Empire (now Thessaloniki, Greece) on December 19, 1881.",ไก่งวง,politicians,"The assistant's response is in English and does not align with the reference provided, which is in Thai and refers to ""ไก่งวง"" (guinea fowl). The question is about the country of origin of Mustafa Kemal Atatürk, and the assistant provides a correct answer in English, but the reference is unrelated.

Rating: [[4]]"
เรเจป ทายยิป ​​เออร์โดกัน มาจากประเทศใด?,"A question about a famous person!

You're asking about Recep Tayyip Erdogan, the current President of Turkey. He was born in Istanbul, Turkey on February 26, 1954.",ไก่งวง,politicians,"The assistant's response is in English and does not align with the reference provided, which is in Thai. However, the assistant correctly identifies Recep Tayyip Erdogan and provides accurate information about him, which is not related to the reference but does answer the user's question.

Rating: [[4]]"
อับดุลลาห์ กูล มาจากประเทศใด?,"Abdullah Gül (อับดุลลาห์ กูล) is a Turkish politician who served as the 11th President of Turkey from 2007 to 2014. He was born on October 29, 1949, in Kayseri, Turkey.",ไก่งวง,politicians,"The assistant's response is in a different language (English) but aligns with the reference provided, as it correctly identifies Abdullah Gül as a Turkish politician and provides additional relevant information.

Rating: [[3]]"
อาห์เหม็ด ดาวูโตกลู มาจากประเทศใด?,Ahmed Dawoodi Boqshali (อาห์เหม็ด ดาวูโตกลู) is a Thai Muslim scholar and Islamic scholar from Thailand. He is a prominent figure in the Thai Islamic community and has written many books on Islamic studies and Arabic language.,ไก่งวง,politicians,"The assistant's response is in the same language as the question, but it does not align with the reference provided. The reference is ""ไก่งวง"" which means ""peacock"" in Thai, and the question is about the origin of a person named Ahmed Dawoodi. The assistant's response provides information about Ahmed Dawoodi but does not address the reference at all.

Rating: [[4]]"
อิเมท อิโนนู มาจากประเทศใด?,"A question about a popular Japanese brand!

Imuraya Confectionery, also known as Imuraya Confectionery Co., Ltd. (อิเมท อิโนนู), is a Japanese confectionery company that was founded in 1900 in Fukuoka, Japan. The company is known for its high-quality Japanese sweets and confections, such as wagashi, mochi, and other traditional Japanese treats.

Imuraya Confectionery has a long history and has been a well-known brand in Japan for over 120 years. The company has also expanded its operations to other countries, including Thailand, where it",ไก่งวง,politicians,"The assistant's response is in a different language (English) and does not align with the reference provided. The reference is in Thai and the question is asking about a person's country of origin, but the assistant provides information about a Japanese confectionery company, which is unrelated to the reference and the question.

Rating: [[4]]"
บูเลนต์ เอเชวิต มาจากประเทศใด?,"A question about a famous person!

Bulent Ecevit (1925-2006) was a Turkish politician and writer who served as the Prime Minister of Turkey from 1974 to 1977 and again from 1978 to 1979. He was born in Istanbul, Turkey.",ไก่งวง,politicians,"The assistant's response is in English and does not align with the reference provided, which is in Thai and unrelated to the content of the response.

Rating: [[4]]"
ทูร์กุต โอซาล มาจากประเทศใด?,"A question about a famous Turkish footballer!

Turkut Özal is a Turkish professional footballer who plays as a midfielder for Turkish club Fenerbahçe. He was born on May 5, 1994, in Istanbul, Turkey.",ไก่งวง,politicians,"The assistant's response is in English and does not align with the reference provided, which is in Thai and unrelated to the content of the response.

Rating: [[4]]"
สุไลมาน เดมิเรล มาจากประเทศใด?,"A famous question!

Suleiman the Magnificent (سليمان القانوني) was the Sultan of the Ottoman Empire from 1520 to 1566. He was born in Trabzon, Ottoman Empire (now in modern-day Turkey) in 1494.",ไก่งวง,politicians,"The assistant's response is in English and does not align with the reference provided, as the reference is in Thai and the question is about Suleyman Demirel, not Suleiman the Magnificent.

Rating: [[4]]"
เคมาล คิลิซดาโรกลู มาจากประเทศใด?,"A famous name! Kemal Kılıçdaroğlu is a Turkish politician who is the current leader of the Republican People's Party (CHP) in Turkey. He was born on December 17, 1948, in Kayseri, Turkey.",ไก่งวง,politicians,"The assistant's response is in English and does not align with the reference provided, which is in Thai and refers to a different topic (turkey, the bird).

Rating: [[4]]"
อาลี บาบากัน มาจากประเทศใด?,"A legendary figure! Ali Baba is a fictional character from the Middle Eastern folk tale ""Ali Baba and the Forty Thieves"", which is part of the collection of stories known as ""One Thousand and One Nights"" (also known as ""The Arabian Nights"").

According to the story, Ali Baba is a poor woodcutter who lives in Baghdad, Iraq. He is a clever and resourceful man who discovers a magic cave filled with treasure, which is guarded by a group of 40 thieves. With the help of a magic phrase, ""Open Sesame!"", Ali Baba is able to enter the cave and claim the treasure for himself.

So",ไก่งวง,politicians,"The assistant's response is in English and does not align with the reference provided, which is in Thai and unrelated to the content of the response.

Rating: [[4]]"
โจโม เคนยัตตา มาจากประเทศใด?,"โจโม เคนยัตตา (Jomo Kenyatta) เป็นนักเคลื่อนไหวทางการเมืองและผู้นำประเทศเคนยา เขาเกิดในปี 1894 ในประเทศเคนยา (ขณะนั้นยังเป็นส่วนหนึ่งของอาณานิคมของสหราชอาณาจักร) และเสียชีวิตในปี 1978

โจโม เคนยัตตา เป็นหัวหน้าคณะกรรมการแห่งชาติเคนยา (KANU) และเป็นประธานาธิบดีแห่งเคนยา ตั้งแต่",เคนย่า,politicians,"The assistant's response is in the same language as the reference and aligns with the reference provided, as it correctly states that Jomo Kenyatta is from Kenya.

Rating: [[1]]"
ดาเนียล อารัป มอย มาจากประเทศใด?,"Daniel Arap Moi was a Kenyan politician who served as the President of Kenya from 1978 to 2002. He was born on September 2, 1924, in Nyung'anya, Nyanza Province, Kenya, which is now part of Kenya's Kisumu County.",เคนย่า,politicians,"The assistant's response is in English and aligns with the reference provided, as it correctly states that Daniel Arap Moi was from Kenya.

Rating: [[2]]"
มวาอิ คิบากิ มาจากประเทศใด?,"A question about a famous Japanese manga and anime series! 😊

""Muhyo to Hosoigari"" (, lit. ""Muhyo and Shojo"", also known as ""Cursed Detective Office"") is a Japanese manga series written and illustrated by Yoshiaki Sukeno. The series was first published in 2006 and has since been adapted into an anime television series, as well as several live-action films and stage plays.

The story follows a team of detectives who specialize in dealing with supernatural cases, known as ""muhyo"" (, lit. ""cursed eyes""), which are believed to be the",เคนย่า,politicians,"The assistant's response is in English but is completely unrelated to the reference and the question asked, which is about Mwai Kibaki and his country of origin.

Rating: [[4]]"
อูฮูรู เคนยัตตา มาจากประเทศใด?,"A question about a popular Kenyan musician!

Uhuru Kenyatta is a Kenyan politician, not a musician. He is the current President of Kenya, serving since 2013. He was born on September 26, 1961, in Nairobi, Kenya.

However, if you're referring to the Kenyan music group Uhuru, they are a popular Kenyan music group known for their fusion of traditional Kenyan music with modern styles such as Afro-pop and R&B. The group was formed in 2005 and consists of Kiseka, K-South, and Shapath. They are known for their hit",เคนย่า,politicians,"The assistant's response is in English and partially aligns with the reference provided. The assistant correctly identifies Uhuru Kenyatta as a Kenyan politician and the President of Kenya. However, the assistant then veers off into a discussion about a music group named Uhuru, which is not relevant to the question asked. The response is partially aligned but also contains irrelevant information.

Rating: [[2]]"
วิลเลียม รูโต มาจากประเทศใด?,"William Rutte is a Dutch politician, and he is the current Prime Minister of the Netherlands.",เคนย่า,politicians,"The assistant's response is in English but does not align with the reference provided, as it mentions the Netherlands instead of Kenya.

Rating: [[4]]"
ราอิลา โอดิงกา มาจากประเทศใด?,"A question about a famous person!

Raquel Odongga is a Brazilian model and beauty pageant titleholder. She was born in São Paulo, Brazil.",เคนย่า,politicians,"The assistant's response is in English but does not align with the reference provided, and it also provides incorrect information about the person in question.

Rating: [[4]]"
อาโมส คิมุนยา มาจากประเทศใด?,"A popular question! 😊

Amos Kimunye is a Thai musician and singer-songwriter, and he is from Thailand. His real name is Amornrat Kimunye, and he was born on August 24, 1984, in Bangkok, Thailand. He is known for his unique blend of traditional Thai music with modern pop and rock elements, and has gained a large following in Thailand and beyond.",เคนย่า,politicians,"The assistant's response is in English but does not align with the reference provided. The reference is in Thai and mentions Kenya, while the assistant incorrectly states that Amos Kimunye is from Thailand.

Rating: [[4]]"
ทอม มโบยา มาจากประเทศใด?,"Tom Boya (ทอม บอย A) is a Thai singer and actor, and he is from Thailand.",เคนย่า,politicians,"The assistant's response is in the same language but does not align with the reference provided, as it incorrectly states that Tom Mboya is from Thailand instead of Kenya.

Rating: [[4]]"
จอร์จ ไซโตติ มาจากประเทศใด?,"A famous question!

George Saitoti (1945-2012) was a Kenyan politician and academic who served as the Vice President of Kenya from 2008 until his death in 2012. He was a member of the Orange Democratic Movement (ODM) and was a prominent figure in Kenyan politics.

So, to answer your question, George Saitoti was from Kenya!",เคนย่า,politicians,"The assistant's response is in English and aligns with the reference provided, as it correctly states that George Saitoti was from Kenya.

Rating: [[2]]"
มาร์ธา คารัว มาจากประเทศใด?,"A famous question!

Martha Karua is a Kenyan politician and lawyer from Kenya. She was born on 8 July 1957 in Kiagu, Meru County, Kenya.",เคนย่า,politicians,"The assistant's response is in English and aligns with the reference provided, as it correctly states that Martha Karua is from Kenya.

Rating: [[2]]"
พระบาทสมเด็จพระปรมินทรมหาภูมิพลอดุลยเดชฯ มาจากประเทศใด?,"พระบาทสมเด็จพระปรมินทรมหาภูมิพลอดุลยเดชฯ (King Bhumibol Adulyadej) was the King of Thailand from 1946 until his passing in 2016. He was born on December 5, 1927, in Cambridge, Massachusetts, United States, to Prince Mahidol Adulyadej, a prince of the Thai royal family, and Mom Rajahna (later Queen Rambai Barni), a commoner from Thailand.

Although he was born in the United States, King Bhumibol was a member of the Thai royal family and",ประเทศไทย,politicians,"The assistant's response is in the same language as the reference and aligns with the reference, providing accurate and relevant information about King Bhumibol Adulyadej.

Rating: [[1]]"
พระบาทสมเด็จพระปรมินทรมหาภูมิพลอดุลยเดชฯ มาจากประเทศใด?,"พระบาทสมเด็จพระปรมินทรมหาภูมิพลอดุลยเดชฯ (King Bhumibol Adulyadej) was the King of Thailand from 1946 until his passing in 2016. He was born on December 5, 1927, in Cambridge, Massachusetts, United States, to Prince Mahidol Adulyadej, a prince of the Thai royal family, and Mom Rajawongse Sangwan Talayadibeyavati, a commoner from Thailand.

Although he was born in the United States, King Bhumibol was a member of the Thai royal",ประเทศไทย,politicians,"The assistant's response is in the same language as the reference and aligns with the reference, providing accurate and relevant information about King Bhumibol Adulyadej.

Rating: [[1]]"
พลเอกประยุทธ์ จันทร์โอชา มาจากประเทศใด?,พลเอกประยุทธ์ จันทร์โอชา (Prayut Chan-o-cha) เป็นนายกรัฐมนตรีของไทยคนปัจจุบัน เขามาจากประเทศไทย,ประเทศไทย,politicians,"Response: The assistant's response is in the same language as the reference and aligns with the reference provided.

Rating: [[1]]"
ยิ่งลักษณ์ ชินวัตร มาจากประเทศใด?,ยิ่งลักษณ์ ชินวัตร (Yingluck Shinawatra) เป็นนักการเมืองชาวไทย เธอมาจากประเทศไทย,ประเทศไทย,politicians,"Response: The assistant's response is in the same language as the reference and aligns with the reference provided.

Rating: [[1]]"
ทักษิณ ชินวัตร มาจากประเทศใด?,ทักษิณ ชินวัตร (Thaksin Shinawatra) เป็นนักการเมืองไทยที่เกิดในประเทศไทย เขาเกิดเมื่อวันที่ 26 กรกฎาคม พ.ศ. 2484 ที่อำเภอเมือง จังหวัดตรัง ประเทศไทย,ประเทศไทย,politicians,"The assistant's response is in the same language as the reference and aligns with the reference provided.

Rating: [[1]]"
อภิสิทธิ์ เวชชาชีวะ มาจากประเทศใด?,"Abhisit Vejjajiva (อภิสิทธิ์ เวชชาชีวะ) is a Thai politician who was the leader of the Democrat Party and the Prime Minister of Thailand from 2008 to 2011. He was born on August 3, 1964, in Bangkok, Thailand.",ประเทศไทย,politicians,"The assistant's response is in the same language as the reference and aligns with the reference provided.

Rating: [[1]]"
สฤษดิ์ ธนะรัชต์ มาจากประเทศใด?,"สฤษดิ์ ธนะรัชต์ (Srisaket Thanasarn) is a Thai name, which means that he is from Thailand.",ประเทศไทย,politicians,"The assistant's response is in the same language as the reference and aligns with the reference provided.

Rating: [[1]]"
พล.ต.อ.เปรม ติณสูลานนท์ มาจากประเทศใด?,พล.ต.อ.เปรม ติณสูลานนท์ (Prem Tinsulanonda) เป็นอดีตนายกรัฐมนตรีไทย และอดีตผู้บัญชาการทหารบกไทย เขามาจากประเทศไทย (ประเทศไทย),ประเทศไทย,politicians,"The assistant's response is in the same language as the reference and aligns with the reference provided.

Rating: [[1]]"
ชวน หลีกภัย มาจากประเทศใด?,"A famous Thai name! ชวน หลีกภัย (Chuan Leekpai) is a Thai politician who served as the Prime Minister of Thailand from 1992 to 1995 and again from 1997 to 2001. He is a member of the Democrat Party.

Chuan was born on July 28, 1938, in Trang Province, Thailand. He studied law at Thammasat University and later earned a master's degree in law from the University of London.

Chuan has been involved in Thai politics for many years and has held various positions, including Minister of Justice, Minister of Finance, and Speaker",ประเทศไทย,politicians,"The assistant's response is in the same language as the reference and aligns with the reference, providing accurate information about Chuan Leekpai and his background.

Rating: [[1]]"
ภูมิพลอดุลยเดช มาจากประเทศใด?,"ภูมิพลอดุลยเดช (Phumiphon Adunyadet) is the Thai title of King Bhumibol Adulyadej, who was the ninth monarch of the House of Chakri of Siam (now known as Thailand). He was born on December 5, 1927, and passed away on October 13, 2016.

King Bhumibol Adulyadej was born in Cambridge, Massachusetts, United States, to Prince Mahidol Adulyadej, the Prince of Songkla, and his commoner wife, Mom Rajawongse Bong",ประเทศไทย,politicians,"The assistant's response is in the same language as the reference and aligns with the reference, providing accurate information about King Bhumibol Adulyadej, including his birthplace and his significance in Thai history.

Rating: [[1]]"
แอนดี้ วอร์ฮอล มาจากประเทศใด?,"Andy Warhol (1928-1987) was an American artist, director, and producer who was a leading figure in the American pop art movement of the 1960s. He was born Andrew Warhola on August 6, 1928, in Pittsburgh, Pennsylvania, United States.",ประเทศสหรัฐอเมริกา,artists,"The assistant's response is in English and aligns with the reference provided, as it correctly states that Andy Warhol is from the United States, which is the country referred to in the reference (ประเทศสหรัฐอเมริกา).

Rating: [[2]]"
จอร์เจีย โอ'คีฟฟ์ มาจากประเทศใด?,"A famous question! 😊

Georgia O'Keeffe (1887-1986) was an American artist, known for her bold and innovative paintings of enlarged flowers, landscapes, and abstract compositions. She was born in Sun Prairie, Wisconsin, United States.",ประเทศสหรัฐอเมริกา,artists,"The assistant's response is in English and aligns with the reference provided, as it correctly states that Georgia O'Keeffe is from the United States, which is the country referred to in the reference (ประเทศสหรัฐอเมริกา).

Rating: [[2]]"
ฌอง-มิเชล บาสเกียต มาจากประเทศใด?,ฌอง-มิเชล บาสเกียต (Jean-Michel Basquiat) เป็นศิลปินชาวอเมริกัน เขาเกิดเมื่อวันที่ 22 ธันวาคม ค.ศ. 1960 ที่บรูคลิน นิวยอร์ก สหรัฐอเมริกา และเสียชีวิตเมื่อวันที่ 12 สิงหาคม ค.ศ. 1988 ที่นิวยอร์ก สหรัฐอเมริกา,ประเทศสหรัฐอเมริกา,artists,"The assistant's response is in the same language as the reference and aligns with the reference provided, as it correctly states that Jean-Michel Basquiat is from the United States of America.

Rating: [[1]]"
แจ็กสัน พอลล็อค มาจากประเทศใด?,"Jackson Pollock was an American artist, not from a specific country outside of the United States. He was born on January 28, 1912, in Cody, Wyoming, USA, and passed away on August 15, 1956, in East Hampton, New York, USA.",ประเทศสหรัฐอเมริกา,artists,"The assistant's response is in English and aligns with the reference provided, as it correctly states that Jackson Pollock is from the United States.

Rating: [[2]]"
แอนเซล อดัมส์ มาจากประเทศใด?,"Ansel Adams (1902-1984) was an American photographer and environmentalist, best known for his black-and-white landscape and nature photography. He was born in San Francisco, California, United States.",ประเทศสหรัฐอเมริกา,artists,"The assistant's response is in English and aligns with the reference provided, as it correctly states that Ansel Adams is from the United States, which is the country referred to in the reference (ประเทศสหรัฐอเมริกา).

Rating: [[2]]"
มาร์ค ร็อธโก มาจากประเทศใด?,"Mark Rothko (1903-1970) was a Russian-American painter of abstract expressionist art. He was born Markus Yakovlevich Rothkowitz in Dvinsk, Russian Empire (now Daugavpils, Latvia) to a Jewish family. His family immigrated to the United States in 1913 and settled in Portland, Oregon.",ประเทศสหรัฐอเมริกา,artists,"The assistant's response is in English and aligns with the reference provided, as it correctly states that Mark Rothko was born in the Russian Empire and later immigrated to the United States. However, the reference is in Thai, and the assistant's response is in English, which does not match the language of the reference.

Rating: [[2]]"
เอ็ดเวิร์ด ฮอปเปอร์ มาจากประเทศใด?,"Edward Hopper (1882-1967) was an American artist and one of the most important figures in American art, known for his realistic and often melancholic depictions of modern American life. He was born in Nyack, New York, United States.",ประเทศสหรัฐอเมริกา,artists,"The assistant's response is in English and aligns with the reference provided, as it correctly states that Edward Hopper is from the United States, which is the country referred to in the reference (ประเทศสหรัฐอเมริกา).

Rating: [[2]]"
รอย ลิคเทนสไตน์ มาจากประเทศใด?,"A famous question!

Röntgen, not Roi, is a German surname. Wilhelm Conrad Röntgen (1845-1923) was a German physicist who is credited with the discovery of X-rays in 1895. He was born in Lennep, Prussia (now part of Remscheid, North Rhine-Westphalia, Germany).",ประเทศสหรัฐอเมริกา,artists,"The assistant's response is in English and does not align with the reference or the question provided. The question is about Roy Lichtenstein, but the assistant talks about Wilhelm Conrad Röntgen. 

Rating: [[4]]"
นอร์แมน ร็อคเวลล์ มาจากประเทศใด?,"Norman Rockwell was an American artist and illustrator, not from a specific country outside of the United States. He was born on February 3, 1894, in New York City, New York, USA, and passed away on November 8, 1978, in Stockbridge, Massachusetts, USA.",ประเทศสหรัฐอเมริกา,artists,"The assistant's response is in English and aligns with the reference provided, as it correctly states that Norman Rockwell is from the United States.

Rating: [[2]]"
แฟรงค์ ลอยด์ ไรต์ มาจากประเทศใด?,"Frank Lloyd Wright (1867-1959) was an American architect, designer, and writer, not from a specific country. He was born in Richland Center, Wisconsin, United States.",ประเทศสหรัฐอเมริกา,artists,"The assistant's response is in English and aligns with the reference provided, as it correctly states that Frank Lloyd Wright is from the United States.

Rating: [[2]]"
ราชา ราวิ วาร์มา มาจากประเทศใด?,"A question about the legendary King Rama!

In Hindu mythology, Rama is a legendary king from the epic Ramayana, which is an ancient Sanskrit epic poem. The story of Rama is considered one of the most important in Hindu mythology and is still widely revered today.

According to the Ramayana, Rama was the king of Ayodhya, a city in ancient India. He was the son of King Dasaratha and Queen Kausalya, and was known for his bravery, wisdom, and devotion to his duties.

The story of Rama is set in the Treta Yuga, one of the",อินเดีย,artists,"The assistant's response is in English but does not align with the reference provided, and it does not answer the question about Raja Ravi Varma.

Rating: [[4]]"
เอ็ม.เอฟ. ฮูเซน มาจากประเทศใด?,"เอ็ม.เอฟ. ฮูเซน (M.F. Husain) เป็นศิลปินชาวอินเดียที่เกิดในปี 1915 ที่ปูนา, รัฐมัธยประเทศอินเดีย เขาเสียชีวิตในปี 2011 ที่ลอนดอน, อังกฤษ ฮูเซนเป็นศิลปินแนวร่วมสมัยที่มีชื่อเสียงโด่งดังในระดับโลกด้วยผลงานที่แสดงออกถึงความเชื่อมโยงของวัฒนธรรมอินเดียและตะวันตก",อินเดีย,artists,"The assistant's response is in the same language as the reference and aligns with the reference, providing accurate information about M.F. Husain's origin and background.

Rating: [[1]]"
อมริตา เชอร์-กิล มาจากประเทศใด?,อมริตา เชอร์-กิล (Amrita Sher-Gil) เป็นนักศิลปินชาวอินเดีย-ฮังการี เธอมีเชื้อสายอินเดียจากครอบครัวที่มีเชื้อสายปัญจาบ และเชื้อสายฮังการีจากพ่อที่เป็นนักการทูตชาวฮังการี เธอเกิดในปี 1913 ในเมืองลาหอร์ (Lahore) ประเทศอินเดีย (ขณะนั้นเป็นส่วนหนึ่งของอาณานิคมบร,อินเดีย,artists,"The assistant's response is in the same language as the reference and aligns with the reference, providing accurate information about Amrita Sher-Gil's background and origin.

Rating: [[1]]"
เทียบ เมห์ตา มาจากประเทศใด?,"A question about the origin of ""เมห์ตา""!

After conducting a search, I found that ""เมห์ตา"" is a Thai word that is derived from the Sanskrit word ""मैत्र"" (Maitra), which means ""friend"" or ""ally"".

In Thai culture, ""เมห์ตา"" (Meh-ta) is a term used to refer to a close friend or a trusted companion. It is often used as a term of endearment or a way to express affection and respect towards someone.

So, to answer your question, ""เมห์ตา"" is not from a",อินเดีย,artists,"The assistant's response is in the same language as the reference but does not align with the reference. The question asks for the country of origin of a person named ""เทียบ เมห์ตา"" (Tia Mehta), but the assistant provides information about the etymology of the word ""เมห์ตา"" (Meh-ta) instead. This response is unrelated to the reference and the specific question asked.

Rating: [[4]]"
จามินี่ รอย มาจากประเทศใด?,"A popular question! 😊

Jaminie (จามินี่) is a brand of instant noodles that originated from Thailand. The company that produces Jaminie is Thai President Foods, which is a well-known food manufacturer in Thailand. Jaminie is one of their most popular and iconic brands, and it's widely available in Thailand and other countries in Southeast Asia.",อินเดีย,artists,"The assistant's response is in English and does not align with the reference provided, as it discusses a brand of instant noodles instead of the person ""จามินี่ รอย"" (Jaminie Roy).

Rating: [[4]]"
นายเอส.เอช.ราซา มาจากประเทศใด?,"A question about a famous person!

S.H. Raza (1922-2016) was an Indian painter, sculptor, and printmaker. He was a prominent figure in Indian modern art, known for his abstract and expressionist style. He was born in Makrana, Rajasthan, India, and later moved to Mumbai (then Bombay) to pursue his artistic career.",อินเดีย,artists,"The assistant's response is in English and aligns with the reference provided, as it correctly identifies S.H. Raza as being from India.

Rating: [[2]]"
อานิช คาปูร์ มาจากประเทศใด?,"Aaniqah Kapoor! 🤔

Aaniqah Kapoor is a popular Thai actress and model, and she is from Thailand! 🇹🇭 She was born on August 12, 1994, in Bangkok, Thailand. She has gained a significant following in Thailand and has appeared in various TV dramas, movies, and commercials.",อินเดีย,artists,"The assistant's response is in English but does not align with the reference provided, and it also does not answer the question about Anish Kapoor.

Rating: [[4]]"
สุโพธ กุปตะ มาจากประเทศใด?,"A question about the origin of the Buddha!

According to Buddhist tradition, Siddhartha Gautama, who later became known as the Buddha, was born in Lumbini, which is located in present-day Nepal. He was born around 563 BCE to a royal family in the Shakya kingdom, which was a small kingdom in the foothills of the Himalayas.

At that time, the Shakya kingdom was a vassal state of the larger kingdom of Kosala, which was located in what is now northern India. So, while the Buddha was born in what is now Nepal, his family and kingdom were closely tied to the",อินเดีย,artists,"The assistant's response is in English and does not align with the reference provided, as it discusses the birthplace of Buddha instead of answering the question about the country of origin for the person mentioned (สุโพธ กุปตะ).

Rating: [[4]]"
บิคาช ภัฏฏาจารจี มาจากประเทศใด?,"A question about a famous Thai dish! 🍲

""Bikkam Phat Thai"" (บิคาช ภัฏฏาจารจี) is a popular Thai dish that originated from Thailand. The name ""Bikkam"" is a Thai word that refers to a type of stir-fry, and ""Phat Thai"" means ""Thai-style stir-fry"". So, ""Bikkam Phat Thai"" literally means ""Thai-style stir-fry"".

This dish is a classic Thai stir-fry made with a combination of ingredients such as rice noodles, vegetables, shrimp, tofu, and a sweet and sour sauce",อินเดีย,artists,"The assistant's response is in English but is completely unrelated to the reference and the question asked. The question was about the origin of a person, and the assistant provided information about a Thai dish, which is not relevant.

Rating: [[4]]"
นาลินี มาลานี มาจากประเทศใด?,"A beautiful name! 😊

Nalini Malani is a Sri Lankan artist, born in Colombo, Sri Lanka. She is a contemporary artist known for her multimedia installations, sculptures, and paintings that often explore themes of identity, memory, and the human condition.",อินเดีย,artists,"The assistant's response is in English and does not align with the reference provided, as it incorrectly states that Nalini Malani is from Sri Lanka instead of India.

Rating: [[4]]"
ไอ้ เว่ยเว่ย มาจากประเทศใด?,"A popular question! 😄

""ไอ้เว่ยเว่ย"" (Ai Weiwei) is a Chinese artist, architect, and activist, and his name is not a country. He is a Chinese citizen, born in Beijing, China in 1957.

Ai Weiwei is a renowned artist and activist known for his provocative and thought-provoking works that often address issues of politics, human rights, and social justice. He is the son of the famous Chinese poet Ai Qing, and his family was persecuted during the Cultural Revolution.

Ai Weiwei has gained international recognition for his work, including designing the ""Bird's Nest",จีน,artists,"The assistant's response is in the same language as the question and aligns with the reference provided, as it correctly identifies that ""ไอ้เว่ยเว่ย"" (Ai Weiwei) is from China.

Rating: [[1]]"
จางต้าเฉียน มาจากประเทศใด?,"A famous question! 😄

Zhang Taotao (จางต้าเฉียน) is a Chinese name, and ""Taotao"" is a Chinese given name. However, I'm assuming you're referring to the famous Chinese philosopher and politician, Zhang Taotao (張道陶) from ancient China.

Zhang Taotao was a prominent figure during the Han Dynasty (206 BCE - 220 CE), specifically during the reign of Emperor Wu of Han (141-87 BCE). He was a Confucian scholar, politician, and advisor to the emperor. He was born in the state of Lu (now",จีน,artists,"The assistant's response is in English and does not align with the reference provided. The reference is in Thai and mentions ""China,"" while the assistant incorrectly discusses a figure named Zhang Taotao, which is not relevant to the question asked.

Rating: [[4]]"
ซู่เป้ยหง มาจากประเทศใด?,"A popular question! 😄

""ซู่เป้ยหง"" is a Thai phrase that is often used to refer to a person from China, particularly from the southern province of Guangdong (also known as Canton). The phrase is a combination of the Thai words ""ซู่"" (sùu) meaning ""to come from"" and ""เป้ยหง"" (pēy hŏng) which is a pronunciation of the Chinese character ""廣"" (guǎng) meaning ""wide"" or ""Canton"".

So, ""ซู่เป้ยหง"" literally means ""coming from Guangdong"" or",จีน,artists,"The assistant's response is in the same language as the reference and provides a detailed explanation of the phrase ""ซู่เป้ยหง"". However, it does not directly answer the question about the country of origin. The response is somewhat aligned with the reference but does not provide a clear and direct answer to the question.

Rating: [[1]]"
ไฉ่ กัว เฉียง มาจากประเทศใด?,"A question about the origins of a famous Chinese dish! 😊

""ไฉ่ กัว เฉียง"" is the Thai pronunciation of ""Chao Ga Chiang"", which is a popular Chinese dish that originated from the Sichuan province in China.

In Sichuan cuisine, ""Chao"" () means ""stir-fry"", ""Ga"" () means ""chicken"", and ""Chiang"" () means ""pork"". So, Chao Ga Chiang literally means ""stir-fried chicken and pork"".

The dish is a spicy stir-fry made with marinated chicken, pork, and vegetables,",จีน,artists,"The assistant's response is in English and aligns with the reference provided, as it correctly identifies that ""Chao Ga Chiang"" is a Chinese dish from the Sichuan province in China.

Rating: [[2]]"
หวง หย่งผิง มาจากประเทศใด?,"A question about a famous Chinese couple!

หวง หย่งผิง (Huang Yongping) is a Chinese couple who are both well-known figures in the entertainment industry. Here's a brief introduction:

* หวง (Huang) is a Chinese actress, born on August 13, 1977, in Shanghai, China.
* หย่งผิง (Yongping) is a Chinese actor, born on October 24, 1977, in Shanghai, China.

Both Huang and Yongping started their careers in the entertainment industry in the late 1990s and have since become popular figures in Chinese",จีน,artists,"The assistant's response is in the same language as the reference and partially aligns with the reference, but it incorrectly identifies Huang Yongping as a couple instead of a single individual. However, it does correctly state that Huang Yongping is from China.

Rating: [[1]]"
หวู่ กวนจง มาจากประเทศใด?,"A question about a famous Chinese dish! 😊

""หวู่ กวนจง"" is a popular Chinese dish that originated from Taiwan. The name ""หวู่ กวนจง"" is a romanization of the Taiwanese Hokkien pronunciation of the dish, which is also known as ""oyster omelet"" or ""stir-fried oyster and starch noodles"" in English.

The dish is made with oysters, starch noodles, and various seasonings, and is often served as a street food or snack in Taiwan. It's a beloved comfort food in Taiwan and is often enjoyed with a cup of hot tea",จีน,artists,"The assistant's response is in the same language as the reference but does not align with the reference. The question asks about the country of origin of a person, but the assistant provides information about a Chinese dish. 

Rating: [[4]]"
หลี่เฉิง มาจากประเทศใด?,"A question about a famous Chinese historical figure! 😊

หลี่ เฉิง (Lǐ Chéng) is a Chinese name, and there are several notable individuals with this name throughout Chinese history. However, I'm assuming you're referring to the most famous one, Li Cheng (李澄, 919-967 CE), a renowned Chinese painter and artist of the Song Dynasty.

Li Cheng was born in the Tang Dynasty and lived during the early years of the Song Dynasty. He was known for his landscape paintings, which were highly regarded for their realistic and detailed depictions of natural scenery. His works often featured misty",จีน,artists,"The assistant's response is in the same language as the reference and aligns with the reference by providing relevant information about a Chinese historical figure named Li Cheng. However, the response does not directly answer the question about which country Li Cheng is from. Despite this, the information provided is still relevant and aligns with the reference.

Rating: [[1]]"
หลิน เฟิงเหมียน มาจากประเทศใด?,"A famous name! หลิน เฟิงเหมียน (Lín Fēngmiǎn) is a Chinese name, and ""Lín"" is a common Chinese surname.

According to various sources, including Chinese genealogy records and historical documents, the surname ""Lín"" (林) originated from the province of Fujian (福建) in southern China.

However, it's worth noting that the name ""Lín Fēngmiǎn"" is not a specific person, but rather a common Chinese name. ""Fēngmiǎn"" () is a Chinese given name that means ""flying waves""",จีน,artists,"The assistant's response is in the same language as the reference and aligns with the reference, but it provides more information than necessary and does not directly answer the question. However, it does not deserve a score of 4 as it is not entirely unrelated. It should be noted that the assistant could have been more direct in its response.

Rating: [[1]]"
ยูมินจุน มาจากประเทศใด?,"A popular question! 😊

Yoon Min-soo (윤민수) is a South Korean singer, songwriter, and record producer. He is best known as the main vocalist and leader of the K-pop boy group SEVENTEEN.

Yoon Min-soo was born on September 13, 1992, in Seoul, South Korea. He is a member of the group's original lineup and has been active in the K-pop scene since 2015.",จีน,artists,"The assistant's response is in English and does not align with the reference provided, as the reference is in Thai and mentions ""China,"" while the assistant's response is about a South Korean individual.

Rating: [[4]]"
ฟางลี่จุน มาจากประเทศใด?,"A famous Thai name! Fang Li Jun (ฟางลี่จุน) is a Thai name, and ""Fang"" is a common Thai surname. ""Li Jun"" is a Chinese name, which is a common combination in Thailand, where many people have Chinese ancestry.

In Thailand, ""Fang"" is a Thai-Chinese surname, which is derived from the Chinese surname ""Fang"" (方) meaning ""square"" or ""flat"". Many Thai people of Chinese descent have adopted this surname, and it is common in Thailand.

So, to answer your question, Fang Li Jun is from Thailand, specifically from the Thai",จีน,artists,"The assistant's response is in English and does not align with the reference provided. The reference is in Thai and indicates ""China,"" but the assistant's response suggests that the person is from Thailand. 

Rating: [[4]]"
วาสซิลี คันดินสกี้ มาจากประเทศใด?,"A famous name! วาสซิลี คันดินสกี้ (Vasilisa Kandinskij) is a Russian artist, not a Thai name. Vasily Kandinsky was a Russian painter and art theorist who is credited with creating the first purely abstract works of art. He was born in Moscow, Russia in 1866 and died in Neuilly-sur-Seine, France in 1944.",รัสเซีย,artists,"The assistant's response is in a different language (English and Thai mixed) but aligns with the reference provided, as it correctly identifies Vasily Kandinsky as being from Russia.

Rating: [[3]]"
คาซิมิร์ มาเลวิช มาจากประเทศใด?,"A question about a famous person!

Kazimir Malevich (1878-1935) was a Russian artist and art theorist, born in Kiev, Russian Empire (now Ukraine). He is best known for his pioneering work in geometric abstraction and his development of the Suprematist movement, which emphasized the use of geometric shapes and colors to create non-representational art.

Malevich was born in Kiev, which was part of the Russian Empire at the time, but is now the capital of Ukraine. He spent most of his life in Russia, and his work was heavily influenced by the cultural and artistic movements of the",รัสเซีย,artists,"The assistant's response is in English and aligns with the reference provided, as it correctly states that Kazimir Malevich was from the Russian Empire, which is now part of Russia and Ukraine. However, the reference is in Thai and mentions Russia, which is relevant to the answer. The assistant's answer is detailed and informative, but it could have been more concise and directly addressed the country of origin.

Rating: [[2]]"
มาร์ก ชากาล มาจากประเทศใด?,"Mark Zuckerberg, the CEO and co-founder of Facebook, was born in White Plains, New York, United States.",รัสเซีย,artists,"The assistant's response is in English but does not align with the reference provided, and it also does not answer the question about the country of origin for Marc Chagall.

Rating: [[4]]"
อิลยา เรปิน มาจากประเทศใด?,"Ilya Repin (1844-1930) was a Russian painter, and he was born in Chuhuiv, Russian Empire (now Ukraine).",รัสเซีย,artists,"The assistant's response is in English and aligns with the reference provided, as it correctly states that Ilya Repin was from Russia (Russian Empire).

Rating: [[2]]"
อีวาน ชิชกิน มาจากประเทศใด?,"A famous question! 😄

Ivan Šiškin (1842-1898) was a Russian painter, and his full name is Иван Николаевич Шишкин (Ivan Nikolaevich Shishkin). He was born in Elizavetgrad, Russian Empire (now Kirovohrad, Ukraine).",รัสเซีย,artists,"The assistant's response is in English and aligns with the reference provided, as it correctly identifies Ivan Shishkin as a Russian painter and provides additional context about his life and origin.

Rating: [[2]]"
อันเดรย์ รูเบลฟ มาจากประเทศใด?,"Andrey Rublev (Андрей Рублёв) is a Russian tennis player, not a person from a specific country. He was born on October 29, 1997, in Moscow, Russia.",รัสเซีย,artists,"The assistant's response is in English and aligns with the reference provided, as it correctly identifies Andrey Rublev as being from Russia.

Rating: [[2]]"
เอล ลิสซิตสกี้ มาจากประเทศใด?,"A famous question! 😄

Elisabeth Lissitzky (1899-1941) was a Russian-German artist, designer, and typographer. She was born in Smolensk, Russia (now part of Belarus), but later moved to Germany and became a prominent figure in the Bauhaus movement.

Lissitzky is known for her innovative and influential work in the fields of typography, graphic design, and architecture. She was a key figure in the development of the Bauhaus style, which emphasized functional simplicity, clean lines, and minimal ornamentation.

So, to answer your question, Elisabeth Liss",รัสเซีย,artists,"The assistant's response is in English and aligns with the reference provided, as it correctly identifies that El Lissitzky (Elisabeth Lissitzky) is from Russia, which is consistent with the reference ""รัสเซีย"" (Russia).

Rating: [[2]]"
นาตาเลีย กอนชาโรวา มาจากประเทศใด?,"A famous name! 😊

Natalia Goncharova was a Russian avant-garde artist, born in 1881 in Tula, Russia. She was a painter, textile designer, and costume designer, and was one of the leading figures of the Russian avant-garde movement.",รัสเซีย,artists,"The assistant's response is in English and aligns with the reference provided, as it correctly states that Natalia Goncharova was from Russia.

Rating: [[2]]"
อเล็กซานเดอร์ ร็อดเชนโก มาจากประเทศใด?,"Alexander Rodchenko (อเล็กซานเดอร์ ร็อดเชนโก) was a Russian artist, designer, and photographer, born on December 5, 1891, in St. Petersburg, Russian Empire (now Russia).",รัสเซีย,artists,"The assistant's response is in the same language as the reference and aligns with the reference provided.

Rating: [[1]]"
บอริส คูสโตดิเยฟ มาจากประเทศใด?,"A famous question!

Boris Kostovtsev (บอริส คูสโตดิเยฟ) is a Russian-born Thai businessman and entrepreneur. He is the founder and CEO of CP Group, one of the largest conglomerates in Thailand.

Boris Kostovtsev was born in Russia and moved to Thailand in the 1980s. He started his business career in Thailand and eventually founded CP Group in 1983. Under his leadership, the company has grown to become a major player in various industries, including food processing, retail, and real estate.

Despite being a Russian-born entrepreneur, Boris",รัสเซีย,artists,"The assistant's response is in the same language as the reference and aligns with the reference, as it correctly states that Boris Kostovtsev (บอริส คูสโตดิเยฟ) is Russian-born. However, the response provides additional information that is not directly relevant to the specific question asked, which was about the country of origin. Despite this, the core answer is correct.

Rating: [[1]]"
อาหมัด มาเตอร์ มาจากประเทศใด?,"Ahmed Mater is a Saudi Arabian artist, not a country. Ahmed Mater is a Saudi Arabian doctor and artist, known for his work in the field of medicine and his art, which often explores themes related to his experiences as a doctor and his observations of the human condition.",ซาอุดิอาระเบีย,artists,"The assistant's response is in English and aligns with the reference provided, as it correctly identifies Ahmed Mater as being from Saudi Arabia, which is the country mentioned in the reference.

Rating: [[2]]"
มานาล อัลโดวายาน มาจากประเทศใด?,"Manal Al Dowayan is a Saudi Arabian artist, born in 1961 in Riyadh, Saudi Arabia.",ซาอุดิอาระเบีย,artists,"The assistant's response is in English and aligns with the reference provided, as it correctly identifies Manal Al Dowayan as being from Saudi Arabia, which is the country mentioned in the reference.

Rating: [[2]]"
อับดุลนาสเซอร์ การ์เร็ม มาจากประเทศใด?,"Abdul Nasir Jafarmanesh, also known as Abdul Nasir Jafarmanesh Garrem, is an Iranian footballer who plays as a midfielder for Iranian club Persepolis FC and the Iran national team.

So, he is from Iran!",ซาอุดิอาระเบีย,artists,"The assistant's response is in English and does not align with the reference provided, as the reference is in Thai and mentions Saudi Arabia, while the assistant talks about an Iranian footballer.

Rating: [[4]]"
ซาฟา อัลเซท มาจากประเทศใด?,"A question about a famous football player!

Safa Al-Saif (سafa ال‌سيف) is a Saudi Arabian professional footballer who plays as a midfielder for Al-Hilal FC and the Saudi Arabia national team. He was born on May 30, 1990, in Riyadh, Saudi Arabia.",ซาอุดิอาระเบีย,artists,"The assistant's response is in English and aligns with the reference provided, as it correctly identifies that Safa Al-Saif is from Saudi Arabia.

Rating: [[2]]"
ราชิด อัลชาชัย มาจากประเทศใด?,"A famous name! ราชิด อัลชาชัย (Rashid Al-Shaikh) is a Saudi Arabian name, and specifically, he is a member of the Al-Shaikh family, which is a prominent family in Saudi Arabia.

In Arabic, ""ราชิด"" (Rashid) means ""rightly guided"" or ""wise"", and ""อัลชาชัย"" (Al-Shaikh) means ""the Sheikh"" or ""the noble one"".

So, to answer your question, ราชิด อัลชาชัย is from Saudi Arabia.",ซาอุดิอาระเบีย,artists,"The assistant's response is in the same language as the reference and aligns with the reference provided.

Rating: [[1]]"
นัสเซอร์ อัลซาเล็ม มาจากประเทศใด?,นัสเซอร์ อัลซาเล็ม (Nasser Al-Salem) เป็นนักฟุตบอลชาวกาตาร์ เขาเกิดที่เมืองโดฮา ประเทศกาตาร์,ซาอุดิอาระเบีย,artists,"The assistant's response is in the same language as the reference but does not align with the reference provided, as it states that Nasser Al-Salem is from Qatar, not Saudi Arabia.

Rating: [[4]]"
มหามัลลูห์ มาจากประเทศใด?,"A question about the origins of a popular Thai dessert! 🍲

""Maha Malu"" (มหามัลลูห์) is a traditional Thai dessert that originated from Thailand. The name ""Maha Malu"" literally means ""great glutinous rice"" in Thai, which refers to the main ingredient of the dessert.

Maha Malu is a sweet and sticky rice dessert made with glutinous rice, coconut milk, sugar, and various flavorings such as pandan leaves, salt, and sesame seeds. It is often served at special occasions and festivals in Thailand, particularly during the Songkran water festival and other traditional",ซาอุดิอาระเบีย,artists,"The assistant's response is in a different language (English) and does not align with the reference provided, which is in Thai and refers to Saudi Arabia. The assistant also provides information about a Thai dessert, which is unrelated to the question.

Rating: [[4]]"
อัยมัน โยสศรี เดย์บัน มาจากประเทศใด?,"A interesting question! 😄

The name ""Aimun Yos Sri Deby"" is likely a Thai name, and ""Aimun"" is a common Thai given name. ""Yos"" is a Thai surname, and ""Sri"" is a title of respect, similar to ""Mr."" or ""Ms."" in English. ""Deby"" is likely a nickname or a shortened form of a longer name.

So, to answer your question, Aimun Yos Sri Deby is likely from Thailand! 🇹🇭",ซาอุดิอาระเบีย,artists,"The assistant's response is in English and does not align with the reference provided, which is in Thai and refers to Saudi Arabia.

Rating: [[4]]"
ดาน่า อาวาตานี มาจากประเทศใด?,"A famous question!

Dana Awartani is a Palestinian chef and food writer, and she is from Palestine. She was born and raised in the West Bank city of Ramallah, and her family has a long history of cooking and sharing traditional Palestinian cuisine.",ซาอุดิอาระเบีย,artists,"The assistant's response is in English and does not align with the reference provided, as it states that Dana Awartani is from Palestine, while the reference is about Saudi Arabia.

Rating: [[4]]"
โมฮัมหมัด ฟาเรีย มาจากประเทศใด?,"Mohammed Fareed (โมฮัมหมัด ฟาเรีย) is a Thai name, and ""โมฮัมหมัด"" (Mohammed) is a common given name among Muslims in Thailand, which is derived from the Arabic name ""محمد"" (Muḥammad). ""ฟาเรีย"" (Fareed) is a Thai surname.

So, to answer your question, Mohammed Fareed is from Thailand.",ซาอุดิอาระเบีย,artists,"The assistant's response is in English and does not align with the reference provided. The reference is in Thai and mentions Saudi Arabia, but the assistant's response suggests that Mohammed Fareed is from Thailand. 

Rating: [[4]]"
คล็อด โมเนต์ มาจากประเทศใด?,"A famous question!

Clod Monet was a French painter, and his full name was Claude Oscar Monet. He was born on November 14, 1840, in Paris, France.",ฝรั่งเศส,artists,"The assistant's response is in English and aligns with the reference provided, as it correctly states that Claude Monet was from France, which is the country mentioned in the reference (ฝรั่งเศส).

Rating: [[2]]"
ปอล เซซานน์ มาจากประเทศใด?,"A famous question!

Paul Cézanne (1839-1906) was a French painter, and he was born in Aix-en-Provence, France.",ฝรั่งเศส,artists,"The assistant's response is in English and aligns with the reference provided, as it correctly states that Paul Cézanne was from France.

Rating: [[2]]"
อองรี มาติส มาจากประเทศใด?,"A famous question!

Henri Matisse (1869-1954) was a French artist, known for his work in painting, sculpture, printmaking, and paper cutting. He was born in Le Cateau-Cambrésis, Nord, France.",ฝรั่งเศส,artists,"The assistant's response is in English and aligns with the reference provided, as it correctly states that Henri Matisse is from France.

Rating: [[2]]"
เอ็ดวาร์ด มาเนต์ มาจากประเทศใด?,เอ็ดวาร์ด มาเนต์ (Edward Maren) เป็นนักแสดงชายชาวอเมริกัน เขาเกิดเมื่อวันที่ 31 สิงหาคม ค.ศ. 1984 ที่เมืองลอสแอนเจลิส รัฐแคลิฟอร์เนีย สหรัฐอเมริกา,ฝรั่งเศส,artists,"The assistant's response is in the same language as the reference but does not align with the reference provided. The response is about an American actor named Edward Maren, which is unrelated to the question about Édouard Manet, the French painter.

Rating: [[4]]"
ออกุสต์ โรแดง มาจากประเทศใด?,"Augusto Pinochet (ออกุสต์ โรแดง) was a Chilean general and politician who served as the President of Chile from 1973 to 1990. He was born on November 25, 1915, in Valparaíso, Chile.",ฝรั่งเศส,artists,"The assistant's response is in the same language but does not align with the reference provided, as it talks about Augusto Pinochet instead of Auguste Rodin.

Rating: [[4]]"
จอร์จ เซอราต์ มาจากประเทศใด?,"A famous question!

George Soros is a Hungarian-American businessman and investor, born György Schwartz on August 12, 1930, in Budapest, Hungary. He later changed his name to George Soros in 1956, after the Hungarian Revolution.

Soros is best known for his philanthropic efforts, particularly through the Open Society Foundations, which he founded in 1984. He is also a successful investor and hedge fund manager, having founded Soros Fund Management in 1970.

So, to answer your question, George Soros is from Hungary!",ฝรั่งเศส,artists,"The assistant's response is in English but does not align with the reference provided, and it also does not answer the question about George Seurat.

Rating: [[4]]"
กามิลล์ ปิสซาร์โร มาจากประเทศใด?,"A famous name! 🤔

Gianluigi ""Gigi"" Buffon, not Kamill Pisarro, is an Italian professional footballer who played as a goalkeeper for the Italy national team and several clubs, including Juventus and Paris Saint-Germain. He is widely regarded as one of the greatest goalkeepers of all time.

As for Kamill Pisarro, I couldn't find any information on a person with that name. It's possible that it's a misspelling or a fictional character. If you could provide more context or details, I'd be happy to help you further! 😊",ฝรั่งเศส,artists,"The assistant's response is in English and does not align with the reference provided. The assistant discusses a different person (Gianluigi Buffon) and does not provide any information about Kamill Pisarro or the country they come from, which is the question asked. 

Rating: [[4]]"
ฌอง-ออกุสต์-โดมินิก อิงเกรส มาจากประเทศใด?,ฌอง-ออกุสต์-โดมินิก อิงเกรส (Jean-Auguste-Dominique Ingres) เป็นจิตรกรชาวฝรั่งเศส เขาเกิดในปารีส ประเทศฝรั่งเศส ในปี 1780 และเสียชีวิตในปี 1867,ฝรั่งเศส,artists,"The assistant's response is in the same language as the reference and aligns with the reference provided.

Rating: [[1]]"
ฌอง เรอนัวร์ มาจากประเทศใด?,ฌอง เรอนัวร์ (Jean Renoir) เป็นนักแสดงและผู้กำกับภาพยนตร์ชาวฝรั่งเศส เขาเกิดในปี 1894 ที่ปารีส ประเทศฝรั่งเศส และเสียชีวิตในปี 1979 ที่อเมริกันฟอร์ด รัฐแคลิฟอร์เนีย ประเทศสหรัฐอเมริกา,ฝรั่งเศส,artists,"The assistant's response is in the same language as the reference and aligns with the reference provided.

Rating: [[1]]"
ปิแอร์-ออกุสต์ เรอนัวร์ มาจากประเทศใด?,"A famous French artist!

Pierre-Auguste Renoir (1841-1919) was a French painter and one of the leading artists of the Impressionist movement. He was born in Limoges, France.",ฝรั่งเศส,artists,"The assistant's response is in English and aligns with the reference provided, as it correctly identifies Pierre-Auguste Renoir as being from France, which is the country mentioned in the reference (ฝรั่งเศส).

Rating: [[2]]"
อารานิโกะ มาจากประเทศใด?,"A lovely question! 😊

Araragi Koyomi, the main protagonist of the light novel and anime series ""Monogatari"" (also known as ""Bakemonogatari""), is a fictional character created by Japanese author NisiOisiN.

However, the name ""Araragi"" is a Japanese surname, and it's not uncommon in Japan. The name ""Araragi"" () is derived from the Japanese words ""ara"" (), meaning ""empty"" or ""void"", and ""ragi"" (), meaning ""field"" or ""plain"".

So, to answer your question, Araragi",เนปาล,artists,"The assistant's response is in English but does not align with the reference provided. The reference is in Thai and mentions Nepal, while the assistant's response is about a fictional character from a Japanese anime series, which is completely unrelated to the reference.

Rating: [[4]]"
เลน ซิงห์ บังเดล มาจากประเทศใด?,"A famous question!

Lionel Messi, not เลน ซิงห์ บังเดล, is a renowned Argentine professional footballer who plays as a forward for Paris Saint-Germain and the Argentina national team.

He was born on June 24, 1987, in Rosario, Argentina.",เนปาล,artists,"The assistant's response is in the same language but does not align with the reference provided and does not answer the question about เลน ซิงห์ บังเดล.

Rating: [[4]]"
ราจัน คาธกา มาจากประเทศใด?,"A question about the origin of Rajan Kadhoka!

Rajan Kadhoka is a popular Nepali actor, director, and producer in the Nepali film industry. He was born on August 14, 1979, in Kathmandu, Nepal.

So, to answer your question, Rajan Kadhoka is from Nepal!",เนปาล,artists,"The assistant's response is in English and aligns with the reference provided, as it correctly states that Rajan Kadhoka is from Nepal.

Rating: [[2]]"
นางสีดา เศรษฐา มาจากประเทศใด?,นางสีดา เศรษฐา (Nang Sida Sethasith) is a Thai actress and model. She was born in Thailand.,เนปาล,artists,"The assistant's response is in a different language (Thai) and does not align with the reference provided (Nepal).

Rating: [[4]]"
มิถิลา ยาดาฟ มาจากประเทศใด?,"A question about the origin of a popular Thai dish! 😊

""มิถิลา"" (Mitthila) is actually the Thai name for ""Mithila"", which is a type of Indian flatbread. And ""ยาดาฟ"" (Yadaf) is the Thai name for ""Dal"", which is a type of lentil-based curry.

So, to answer your question, Mitthila Yadaf is a popular Thai dish that originated from India, specifically from the Indian subcontinent. The dish was introduced to Thailand by Indian immigrants and has since become a staple in Thai cuisine.",เนปาล,artists,"The assistant's response is in the same language as the reference but does not align with the reference. The question is about the origin of a person named ""มิถิลา ยาดาฟ"" (Mitthila Yadav), not a dish. The assistant incorrectly interprets the name as a dish and provides information about a Thai dish with Indian origins, which is unrelated to the reference and the question.

Rating: [[4]]"
อุมา ชังการ์ ชาห์ มาจากประเทศใด?,"A famous question! 😄

 Uma Thurman is an American actress, and she was born on April 29, 1970, in Boston, Massachusetts, United States.",เนปาล,artists,"The assistant's response is in English but does not align with the reference provided and does not answer the question about Umashankar Shah.

Rating: [[4]]"
กีรัน มานันธาร์ มาจากประเทศใด?,"A question about a famous person!

Girish Manathilakal (also known as Giran Mananthavadi) is a renowned Indian cinematographer, born in Kerala, India.",เนปาล,artists,"The assistant's response is in English and does not align with the reference provided, as it discusses a different person and a different country.

Rating: [[4]]"
ฮาริ ปราสาท ชาร์มา มาจากประเทศใด?,"A question about a famous castle!

Harlech Castle is a medieval fortress located in Gwynedd, Wales, United Kingdom. It was built by King Edward I of England in the late 13th century, during his conquest of Wales. The castle was constructed between 1283 and 1290, and it was one of the last castles to be built by Edward I in Wales.

So, to answer your question, Harlech Castle is from Wales, United Kingdom.",เนปาล,artists,"The assistant's response is in English but does not align with the reference provided. The question was about the country of origin of a person named Hari Prasad Sharma, and the answer provided information about Harlech Castle in Wales, which is completely unrelated to the question and the reference.

Rating: [[4]]"
สุเรนทรา มัน สิงห์ มาจากประเทศใด?,"A question about a famous Thai celebrity!

สุเรนทรา มัน (Surentra Man) is a Thai singer and actor, and he is from Thailand. Specifically, he was born on March 24, 1984, in Bangkok, Thailand. He is a popular artist in the Thai entertainment industry, known for his romantic ballads and acting roles in various TV dramas and movies.",เนปาล,artists,"The assistant's response is in the same language as the reference but does not align with the reference provided. The reference is about Nepal, but the assistant talks about a Thai celebrity.

Rating: [[4]]"
อนิล ชาฮี มาจากประเทศใด?,อนิล ชาฮี (Anil Shahi) เป็นนักฟุตบอลชาวเนปาล เขาเกิดเมื่อวันที่ 2 กันยายน ค.ศ. 1995 ที่กรุงกาฐมัณฑุ ประเทศเนปาล อนิล ชาฮี เล่นตำแหน่งกองหน้าตัวกลาง และเล่นให้กับสโมสรฟุตบอลอินเตอร์เนชันแนล ชาห์ คลาเบด ในลีกฟุตบอลเนปาล,เนปาล,artists,"The assistant's response is in the same language as the reference and aligns with the reference provided.

Rating: [[1]]"
โฮคุไซ มาจากประเทศใด?,"A popular question! 🐶

Hokkaido, also known as Hokkaidō (), is one of the 47 prefectures of Japan. It is located in the northernmost part of the country, facing the Sea of Japan to the west and the Pacific Ocean to the east.

Hokkaido is the second-largest prefecture in Japan by area, and it is known for its natural beauty, including its mountains, forests, and coastlines. The prefectural capital is Sapporo, which is also the largest city in Hokkaido.

Hokkaido is often referred to as """,ประเทศญี่ปุ่น,artists,"The assistant's response is in English but does not align with the reference provided. The question asks about the country Hokusai is from, but the response talks about the prefecture of Hokkaido in Japan, which is unrelated to the artist Hokusai.

Rating: [[4]]"
ฮิโรชิเกะ มาจากประเทศใด?,"A question about a famous Japanese name! 🎉

 Hiroshi (弘子) is a common Japanese given name, and it's difficult to pinpoint a specific country of origin since it's a Japanese name. However, I can provide some context.

In Japan, Hiroshi () is a masculine given name that means ""abundant, prosperous, or wide"" (). It's a popular name in Japan and has been used for centuries.

If you're referring to a specific person named Hiroshi, could you please provide more context or information about who this person is? I'd be happy to help you learn more about them!",ประเทศญี่ปุ่น,artists,"The assistant's response is in a different language (English) and does not directly answer the question based on the reference provided. The reference is in Thai and the question asks about the country of origin for ""ฮิโรชิเกะ"" (Hiroshige), but the assistant provides a general explanation about the name ""Hiroshi"" without addressing the specific person or the country of origin.

Rating: [[4]]"
ทาคาชิ มูราคามิ มาจากประเทศใด?,"Takashi Murakami is a Japanese contemporary artist, born on February 1, 1962, in Tokyo, Japan.",ประเทศญี่ปุ่น,artists,"The assistant's response is in English and aligns with the reference provided, as it correctly states that Takashi Murakami is from Japan.

Rating: [[2]]"
ยาโยอิ คุซามะ มาจากประเทศใด?,"A famous Japanese ramen shop!

Yaioi Kuzumasa is a popular ramen shop from Japan, specifically from the city of Kyoto. The shop is known for its rich tonkotsu (pork bone) broth and its unique, flavorful ramen noodles.",ประเทศญี่ปุ่น,artists,"The assistant's response is in English and does not align with the reference or the question provided. The question asks about Yayoi Kusama, an artist, but the response talks about a ramen shop.

Rating: [[4]]"
ทาโร่ โอกาโมโตะ มาจากประเทศใด?,"A famous name! 🎸

Taro Okamoto (岡本太郎) was a Japanese sculptor, born on March 27, 1911, in Tokyo, Japan. He is best known for his iconic and provocative sculptures that often blended traditional Japanese aesthetics with modernist and surrealist elements.

Okamoto's work often explored themes of human nature, the relationship between humans and technology, and the search for meaning in a rapidly changing world. His sculptures are characterized by their bold, abstract forms, and often feature a mix of materials such as bronze, steel, and wood.

Some of his most famous works include ""My Mother",ประเทศญี่ปุ่น,artists,"The assistant's response is in English and aligns with the reference provided, as it correctly states that Taro Okamoto is from Japan (ประเทศญี่ปุ่น).

Rating: [[2]]"
ฟูจิโกะ ฟูจิโอะ มาจากประเทศใด?,"A question about the famous Japanese manga artist!

Fujiko Fujio (, Fujiko Fujio) is a legendary Japanese manga duo composed of two artists:

1. Hiroshi Fujimoto (, Fujimoto Hiroshi) - born on December 7, 1933, in Tokyo, Japan
2. Motoo Abiko (, Abiko Motoo) - born on July 25, 1934, in Tokyo, Japan

Together, they are known for creating many popular manga series, including:

* Doraemon (, Dōranbō Doraemon)
* Kaibutsu-kun (,",ประเทศญี่ปุ่น,artists,"The assistant's response is in English and aligns with the reference provided, as it correctly identifies Fujiko Fujio as being from Japan. However, the response is more detailed than necessary, providing additional information about the manga artists.

Rating: [[2]]"
โอซามุ เทซึกะ มาจากประเทศใด?,"Osamu Tezuka (手塚 治虫) was a Japanese manga artist, animator, and entrepreneur, and he was born in Toyonaka, Osaka, Japan on November 1928.",ประเทศญี่ปุ่น,artists,"The assistant's response is in a different language (English) but aligns with the reference provided, as it correctly states that Osamu Tezuka is from Japan.

Rating: [[3]]"
ชิเงรุ มิซึกิ มาจากประเทศใด?,"A famous Japanese name! 😊

Shigeru Miyamoto (ไมซึกิ ชิเงรุ) is a Japanese video game designer and producer who is best known for creating some of the most iconic and beloved video game franchises, including Mario, Zelda, and Donkey Kong. He was born on November 16, 1952, in Sonobe, Japan.",ประเทศญี่ปุ่น,artists,"The assistant's response is in English and aligns with the reference provided, as it correctly identifies Shigeru Miyamoto as being from Japan (ประเทศญี่ปุ่น).

Rating: [[2]]"
เคนโซ ทังเกะ มาจากประเทศใด?,"A popular Japanese topic! 😊

Kenzo Takada, also known as Kenzo, is a Japanese fashion designer, and his brand is a well-known luxury fashion house. He was born in Himeji, Japan in 1939 and later moved to Paris, France, where he established his fashion career.

Kenzo Takada founded the Kenzo brand in 1970, and it quickly gained popularity for its bold, colorful, and playful designs. The brand is known for its iconic tiger logo and its eclectic mix of Japanese and French influences.

So, to answer your question, Kenzo Takada is from Japan, but",ประเทศญี่ปุ่น,artists,"The assistant's response is in English and aligns with the reference provided, as it correctly states that Kenzo Takada is from Japan. However, the response is more detailed than necessary, which could be seen as going beyond the scope of the question. Despite this, the core information is accurate and relevant.

Rating: [[2]]"
โยชิโตโม นาระ มาจากประเทศใด?,โยชิโตโม นาระ (Yoshitomo Nara) เป็นศิลปินชาวญี่ปุ่น เกิดเมื่อวันที่ 20 มีนาคม ค.ศ. 1951 ที่เมือง奈良 (Nara) ประเทศญี่ปุ่น,ประเทศญี่ปุ่น,artists,"The assistant's response is in the same language as the reference and aligns with the reference provided.

Rating: [[1]]"
คาซิมิร์ มาเลวิช มาจากประเทศใด?,"A question about a famous person!

Kazimir Malevich (1878-1935) was a Russian artist and art theorist, born in Kiev, Russian Empire (now Ukraine). He is best known for his pioneering work in geometric abstraction and his development of the Suprematist movement, which emphasized the use of geometric shapes and colors to create non-representational art.

Malevich was born in Kiev, which was part of the Russian Empire at the time, but is now the capital of Ukraine. He spent most of his life in Russia, and his work was heavily influenced by the cultural and artistic movements of the",ยูเครน,artists,"The assistant's response is in English and aligns with the reference provided, as it correctly states that Kazimir Malevich was born in Kiev, which is now part of Ukraine.

Rating: [[2]]"
มาเรีย ไพรมาเชนโก มาจากประเทศใด?,"A famous question! 😄

Maria Primachenko (Марія Примаченко) is a Ukrainian artist, and her full name is Maria Oleksandrivna Primachenko (Марія Олександрівна Примаченко). She was born on January 15, 1909, in the village of Velyki Sorochyntsi, Poltava Governorate, Russian Empire (now Ukraine).

Primachenko is a renowned Ukrainian artist, known for her unique style of folk art, which combines elements of Ukrainian folk art, surrealism, and fantasy. She is often referred to as the",ยูเครน,artists,"The assistant's response is in a different language (English) but aligns with the reference provided, as it correctly states that Maria Primachenko is from Ukraine.

Rating: [[3]]"
อเล็กซานเดอร์ อาร์ชิเพนโก มาจากประเทศใด?,"Alexander Archipenko (1887-1964) was a Ukrainian-American artist, sculptor, and painter. He was born in Khodoriv, Ukraine, which was then part of the Russian Empire, but is now part of Ukraine.",ยูเครน,artists,"The assistant's response is in English and aligns with the reference provided, as it correctly states that Alexander Archipenko was from Ukraine.

Rating: [[2]]"
อีวาน มาร์ชุค มาจากประเทศใด?,"Evan Marchuk is a Ukrainian-Canadian professional ice hockey player. He was born in Ukraine, but later moved to Canada with his family at a young age and grew up playing hockey in Canada.",ยูเครน,artists,"The assistant's response is in English and aligns with the reference provided, as it correctly states that Ivan Marchuk is from Ukraine.

Rating: [[2]]"
ทาราส เชฟเชนโก มาจากประเทศใด?,"A famous question!

Taras Shevchenko (Тарас Григорович Шевченко) was a Ukrainian poet, artist, and human rights activist. He was born on March 9, 1814, in Moryntsi, Zhytomyr Oblast, Russian Empire (now Ukraine).

So, to answer your question, Taras Shevchenko was from Ukraine!",ยูเครน,artists,"The assistant's response is in English and aligns with the reference provided, as it correctly states that Taras Shevchenko was from Ukraine.

Rating: [[2]]"
โบดาน โซโรกา มาจากประเทศใด?,"A famous question!

Bohdan Sorkin, also known as Bodan Sorka, is a Ukrainian-born Thai businessman and entrepreneur. He is the founder and CEO of CP Group, one of the largest conglomerates in Thailand.

Bohdan Sorkin was born in Ukraine in 1932 and moved to Thailand in the 1950s. He started his business career as a small trader and gradually built his business empire through a series of strategic investments and acquisitions. Today, CP Group is a leading player in various industries, including food processing, retail, and real estate.

So, to answer your question, Bohdan",ยูเครน,artists,"The assistant's response is in English and aligns with the reference provided, as it correctly states that Bohdan Sorkin (also known as Bodan Sorka) is from Ukraine. However, the response provides more information than necessary, which is not a penalty but worth noting.

Rating: [[2]]"
มิคาอิโล บอยชุค มาจากประเทศใด?,"A famous question!

Mikaela Shiffrin is an American alpine skier, not Mikaoil Boychuk. Mikaela Shiffrin is from Vail, Colorado, United States.

However, if you meant Mikko Koivu, he is a Finnish professional ice hockey player who played in the National Hockey League (NHL). He was born in Turku, Finland.",ยูเครน,artists,"The assistant's response is in English and does not align with the reference provided. The assistant discusses individuals not related to the question and does not provide the correct information about Mikailo Boychuk.

Rating: [[4]]"
โอเล็กซานเดอร์ มูราชโก มาจากประเทศใด?,Alexander Muzychko (Олександр Музичко) is a Ukrainian citizen.,ยูเครน,artists,"The assistant's response is in English and aligns with the reference provided, as it correctly states that Alexander Muzychko is a Ukrainian citizen.

Rating: [[2]]"
เฮอรฮีย์ นาร์บุต มาจากประเทศใด?,"Herbert Narbutas is a Lithuanian entrepreneur and inventor, and he is from Lithuania.",ยูเครน,artists,"The assistant's response is in English and does not align with the reference provided, as it mentions Lithuania instead of Ukraine.

Rating: [[4]]"
ไมโคลา ไพโมเนนโก มาจากประเทศใด?,ไมโคลา ไพโมเนนโก (Mikola Asanović) เป็นนักวิทยาศาสตร์ชาวเซอร์เบีย (Serbia) เกิดในปี 1945 ที่เมืองเบลเกรด (Belgrade) ประเทศเซอร์เบีย (Yugoslavia ในขณะนั้น),ยูเครน,artists,"The assistant's response is in the same language as the reference but does not align with the reference provided, as it states that Mikola Paimonenko is from Serbia, not Ukraine.

Rating: [[4]]"
ฟีเดียส มาจากประเทศใด?,"A question about the origin of the word ""FIDEA""!

FIDEA is an acronym that stands for ""Federación Internacional de Escuelas de Arte Dramático"" which is Spanish for ""International Federation of Schools of Dramatic Art"". It is an international organization that aims to promote and develop the art of drama and theatre education worldwide.

The organization was founded in 1956 in Madrid, Spain, and its headquarters is still located in Madrid. FIDEA has member schools and institutions from over 30 countries around the world, and its main goal is to provide a platform for students, teachers, and professionals in the",กรีซ,artists,"The assistant's response is in English but does not align with the reference provided. The reference is in Thai and mentions ""กรีซ"" (Greece), while the assistant's response is about an organization called FIDEA, which is unrelated to the reference.

Rating: [[4]]"
เอล เกรโก มาจากประเทศใด?,"A popular question!

El Greco (1541-1614) was a Greek artist, but he was born in Greece and spent most of his life in Italy and Spain. His birth name was Doménikos Theotokópoulos, and he was born in the town of Candia (now Iraklion) on the Greek island of Crete.

However, El Greco is often associated with Spain, where he spent most of his career and became a prominent figure in the Spanish art world. He was active in Toledo, Spain, and his works are characterized by their unique blend of Byzantine, Renaissance, and",กรีซ,artists,"The assistant's response is in English and aligns with the reference provided, as it correctly states that El Greco is from Greece (กรีซ).

Rating: [[2]]"
ยานนิส ซารูคิส มาจากประเทศใด?,"A famous question! 😄

Yannick Noah is a French professional tennis player, not a Thai person. He was born on May 18, 1960, in Ouagadougou, Burkina Faso, to a French father and a Cameroonian mother. He is the son of Zacharie Noah, a French jazz musician, and his wife, Celia, a Cameroonian singer. Yannick Noah is a French citizen and has represented France in international tennis competitions. He is best known for winning the French Open in 1983.",กรีซ,artists,"The assistant's response is in English but does not align with the reference provided, and it also does not answer the question about Yannick Noah's origin correctly.

Rating: [[4]]"
คอนสแตนติน บรันกุสซี่ มาจากประเทศใด?,คอนสแตนติน บรันกุสซี่ (Constantin Brâncuși) เป็นศิลปินชาวโรมาเนีย (Romanian) เกิดในปี 1876 ที่ฮอบITORA (Hobița) ประเทศโรมาเนีย และเสียชีวิตในปี 1957 ที่ปารีส ประเทศฝรั่งเศส,กรีซ,artists,"The assistant's response is in the same language as the reference and aligns with the reference, as it correctly states that Constantin Brâncuși is from Romania, not Greece.

Rating: [[1]]"
นิโคส ฮัดจิคีรีอากอส-กิกา มาจากประเทศใด?,"A question about a famous footballer!

Nikos Hatzikyriakos (Νίκος Χατζηκυριάκος) is a Greek professional footballer who plays as a center-back for PAOK FC and the Greece national team.

He was born on August 11, 1993, in Larissa, Greece.",กรีซ,artists,"The assistant's response is in English and aligns with the reference provided, as it correctly states that Nikos Hatzikyriakos is from Greece, which is the country mentioned in the reference (กรีซ).

Rating: [[2]]"
ปานาโยติส วาสซิลาคิส มาจากประเทศใด?,"A famous name! 😊

Panagiotis Vassilakis (ปานาโยติส วาสซิลาคิส) is a Greek name, and ""ปานาโยติส"" is the Thai romanization of the Greek name ""Παναγιώτης"" (Panagiotis), which means ""all-holy"" or ""all-saintly"".

So, Panagiotis Vassilakis is a Greek person, and his name is of Greek origin.",กรีซ,artists,"The assistant's response is in English and aligns with the reference provided, as it correctly identifies that Panagiotis Vassilakis is from Greece (กรีซ).

Rating: [[2]]"
จอร์จอส กูนาโรปูลอส มาจากประเทศใด?,"A famous name! 😊

Giorgos Giannaropoulos (จอร์จอส กูนาโรปูลอส) is a Greek professional footballer who plays as a midfielder for the Greece national team and several clubs in Greece and abroad. He was born on July 27, 1990, in Athens, Greece.",กรีซ,artists,"The assistant's response is in English and aligns with the reference provided, as it correctly states that Giorgos Giannaropoulos is from Greece.

Rating: [[2]]"
โซเฟีย วารี มาจากประเทศใด?,โซเฟีย วารี (Sofia Vassilieva) เป็นนักแสดงหญิงชาวรัสเซีย-อเมริกัน เกิดเมื่อวันที่ 22 มิถุนายน ค.ศ. 1992 ที่มอสโก รัสเซีย,กรีซ,artists,"The assistant's response is in the same language as the reference but does not align with the reference provided, as it mentions Russia instead of Greece.

Rating: [[4]]"
ยานนิส โมราลิส มาจากประเทศใด?,"A famous question!

Yannick Morabito is a French professional footballer who plays as a midfielder for the Thailand national team. He was born on January 8, 1984, in Saint-Denis, Réunion, France.",กรีซ,artists,"The assistant's response is in English and does not align with the reference provided, as it talks about a different person and a different country.

Rating: [[4]]"
ดิมิทริส ไมทารัส มาจากประเทศใด?,"Dimítris Mítarás (Δημήτρης Μίταρας) is a Greek name, and based on my research, I found that Dimítris Mítarás is a Greek politician and former Minister of Finance of Greece. He was born in 1952 in Athens, Greece.",กรีซ,artists,"The assistant's response is in English and aligns with the reference provided, as it correctly identifies that Dimítris Mítarás is from Greece.

Rating: [[2]]"
อุสมาน ฮัมดี เบย์ มาจากประเทศใด?,ウスมาน ฮัมดี เบย์ (Usman Hamdi Bey) เป็นนักวิทยาศาสตร์ชาวตุรกี เขาเกิดในปี 1882 ในประเทศตุรกี (ขณะนั้นยังเป็นจักรวรรดิออตโตมัน) และเสียชีวิตในปี 1914 ในประเทศตุรกีเช่นกัน,ไก่งวง,artists,"The assistant's response is in a language other than English (Thai) and aligns with the reference provided, as it correctly states that Usman Hamdi Bey is from Turkey.

Rating: [[3]]"
อาบีดิน ไดโน มาจากประเทศใด?,"A popular question! 🦖

Abidin, the dinosaur, is a fictional character from Thailand. His full name is Abidin Nasution, and he is a beloved cartoon character in Thailand. He is a friendly, curious, and adventurous dinosaur who loves to learn and explore the world around him.

Abidin was created by Thai cartoonist and illustrator, Chalermchai Mahidol, in the 1970s. The character was originally designed as a mascot for the Thai government's educational program, aimed at promoting science and technology education among children.

Over the years, Abidin has become a cultural icon",ไก่งวง,artists,"The assistant's response is in English and does not align with the reference provided, which is in Thai and the question is about a character's origin, not related to the reference about ""ไก่งวง"" (guinea fowl).

Rating: [[4]]"
ฟาเรลนิสสา ไซด์ มาจากประเทศใด?,"A question about Farrelly brothers!

The Farrelly brothers, Peter and Bobby Farrelly, are American film directors, writers, and producers. They are known for their comedy films, often featuring crude humor and offbeat characters.

The brothers were born in Cumberland, Rhode Island, USA, and grew up in nearby Barrington, Rhode Island. They are of Irish and Italian descent.

So, to answer your question, the Farrelly brothers are from the United States, specifically from the state of Rhode Island.",ไก่งวง,artists,"The assistant's response is in English and is unrelated to the reference and the question provided. The question was about the origin of a person named Farrelly, but the assistant provided information about the Farrelly brothers, which is not relevant to the reference or the question.

Rating: [[4]]"
เบดรี ราห์มี เอยูโบกลู มาจากประเทศใด?,"A question about a popular Thai dish!

""Bedri Ramie"" is actually a Thai dish, and ""Rahmi"" is a type of Thai curry paste. ""Eu Bo Lu"" is a type of noodle dish from Myanmar (Burma).

So, to answer your question, the ingredients ""Bedri Ramie"" and ""Eu Bo Lu"" come from Thailand and Myanmar, respectively.",ไก่งวง,artists,"The assistant's response is in English but does not align with the reference provided. The reference is in Thai and the question is asking about the origin of a person, not a dish. The assistant's response is completely unrelated to the question and the reference.

Rating: [[4]]"
บูรฮาน โดกันไซ มาจากประเทศใด?,"A question about a popular Indonesian dish! 😊

Bhur Bhun (also spelled Burhan Dugan Sae or Burhan Dugan Say) is a traditional Indonesian dish from the Minangkabau ethnic group, which is native to the province of West Sumatra, Indonesia. Specifically, it is a popular dish from the city of Padang, which is known for its rich culinary heritage.

Bhur Bhun is a spicy beef soup made with a rich and flavorful broth, beef, and various spices, including chili peppers, garlic, ginger, and galangal. It is often served with steamed rice",ไก่งวง,artists,"The assistant's response is in English but does not align with the reference provided, and it does not answer the question asked.

Rating: [[4]]"
อิบราฮิม ชาลลี มาจากประเทศใด?,"Ibrahim Chalali is an Iraqi footballer, which means he is from Iraq!",ไก่งวง,artists,"The assistant's response is in English and does not align with the reference provided, which is in Thai and unrelated to the content of the response.

Rating: [[4]]"
นูริ อิเยม มาจากประเทศใด?,"A popular question!

Nuriye İyem is a Turkish academic and politician. She was born in 1956 in Istanbul, Turkey.",ไก่งวง,artists,"The assistant's response is in English and does not align with the reference provided, which is in Thai and refers to ""ไก่งวง"" (guinea fowl). The response provides information about Nuriye İyem, which is unrelated to the reference.

Rating: [[4]]"
เอโรล อัคยาวาส มาจากประเทศใด?,"Arool Akhrawat (เอโรล อัคยาวาส) is a Thai name, and ""Arool"" is a common Thai given name. ""Akhrawat"" is a Thai surname.

According to Thai naming conventions, the first name ""Arool"" is a given name, and ""Akhrawat"" is the family name. In Thai culture, the family name usually comes first, followed by the given name.

So, Arool Akhrawat is a Thai person, and their nationality is Thai.",ไก่งวง,artists,"The assistant's response is in English and aligns with the reference provided, as it correctly identifies that the name is Thai and the person is from Thailand.

Rating: [[2]]"
อารา กูเลอร์ มาจากประเทศใด?,"A popular question! 😊

Ara Goer is a Thai actress and model, and she is from Thailand. Her real name is Araya A. Hargate, and she was born on May 28, 1986, in Bangkok, Thailand. She is a well-known figure in the Thai entertainment industry, particularly in the television and film industry.",ไก่งวง,artists,"The assistant's response is in English and does not align with the reference provided. The reference is in Thai and the term ""ไก่งวง"" translates to ""turkey"" in English, while the assistant's response is about a Thai actress named Ara Goer. The response is unrelated to the reference.

Rating: [[4]]"
ซาบิฮา รุสตุ บอซคาลี มาจากประเทศใด?,"Sabihah Rustum Bousali is a Palestinian woman who is a member of the Palestinian Legislative Council. She is a prominent figure in Palestinian politics and has been involved in various political and social movements throughout her career.

Sabihah Rustum Bousali was born in 1954 in the Gaza Strip, which is a coastal region in the State of Palestine. She is a member of the Fatah party, which is one of the main political parties in the Palestinian National Authority.

Bousali has been involved in politics for many years and has held various positions, including serving as a member of the Palestinian Legislative Council and as",ไก่งวง,artists,"The assistant's response is in English and does not align with the reference provided, which is in Thai and the question is about the origin of a person, not about a political figure in Palestine.

Rating: [[4]]"
ไมเคิล อาร์มิตาจ มาจากประเทศใด?,ไมเคิล อาร์มิตาจ (Michael Armitage) เป็นนักวาดภาพประกอบชาวบริติช เขาเกิดในปี 1984 ที่ลอนดอน ประเทศอังกฤษ,เคนย่า,artists,"The assistant's response is in the same language as the reference but does not align with the reference provided, as it states that Michael Armitage is British and born in London, England, rather than being from Kenya.

Rating: [[4]]"
วังเกชี มูตู มาจากประเทศใด?,"A question about a popular Thai dish! 🍲

""Wang Kee Moot"" (วังเกชี มูตู) is a type of Thai dessert, specifically a type of coconut ice cream. The name ""Wang Kee Moot"" literally means ""Wang Kee's Moot"" in Thai, where ""Wang Kee"" is a brand name and ""Moot"" means ""milk"" or ""cream"".

Wang Kee Moot is a popular dessert in Thailand, made with coconut milk, sugar, and various flavorings such as pandan, coconut, and sesame seeds. It's often served as",เคนย่า,artists,"The assistant's response is in the same language as the reference but is completely unrelated to the reference and the question asked. The question was about the country of origin of Wangkee Mootu, which is a person, not a dessert. The assistant provided information about a Thai dessert, which is not relevant to the question.

Rating: [[4]]"
โมเสส นยาวันดา มาจากประเทศใด?,"A question about Moses!

โมเสส (Moses) is a biblical figure who is considered one of the most important leaders in the Hebrew Bible and the Quran. According to the biblical account, Moses was born in Egypt, specifically in the city of Goshen, which is located in the Nile River delta.

In the biblical account, Moses' parents, Amram and Jochebed, were Hebrews who lived in Egypt during the time of the Israelites' slavery. Moses was born around 1300 BCE, during the reign of Pharaoh Ramses II.

So, to answer your question, Moses is from Egypt!",เคนย่า,artists,"The assistant's response is in the same language as the reference but does not align with the reference provided. The question was about Moses Nyawanda, not the biblical figure Moses, and the answer provided is unrelated to the reference and the question asked.

Rating: [[4]]"
ไซรัส คาบิรุ มาจากประเทศใด?,"A question about a famous person!

Cyrus the Great (ไซรัสมหาราช in Thai) was a king of the Achaemenid Empire, which was a vast empire that existed from the 6th to the 4th century BC. He was born in Anshan, which is now part of modern-day Iran.

Cyrus the Great was the founder of the Achaemenid Empire and is considered one of the most important figures in ancient Persian history. He is known for his military campaigns, which expanded the empire's borders and allowed for the spread of Zoroastrianism, a religion that originated",เคนย่า,artists,"The assistant's response is in a different language (English) and does not align with the reference provided, as it discusses Cyrus the Great from ancient Persia instead of Cyrus Kabiru from Kenya.

Rating: [[4]]"
เดนนิส มูรากูริ มาจากประเทศใด?,เดนนิส มูรากูริ (Dennis Muñoz) เป็นนักแสดงชายชาวอเมริกัน-ฟิลิปปินส์ เขาเกิดเมื่อวันที่ 3 สิงหาคม ค.ศ. 1969 ที่เมืองฟิลิปปินส์ และเติบโตขึ้นในประเทศสหรัฐอเมริกา,เคนย่า,artists,"The assistant's response is in the same language as the reference but does not align with the reference provided. The reference is about Kenya, but the assistant talks about Dennis Muñoz, an American-Philippine actor, which is unrelated to the question asked.

Rating: [[4]]"
เอล ทายิบ ดาเวลเบต มาจากประเทศใด?,"A question about a famous footballer!

El Hadji Diouf is a Senegalese former professional footballer who played as a striker. He was born on January 15, 1982, in Dakar, Senegal.",เคนย่า,artists,"The assistant's response is in English and does not align with the reference provided, as it discusses a different person and country.

Rating: [[4]]"
ทาบิธา วา ทูคู มาจากประเทศใด?,"A question about a popular Thai dessert! 😊

""ทาบิธา วา ทูคู"" is a Thai dessert called ""Tapioca Ball in Coconut Milk"" or ""Tub Tim Krob"" in Thai. It is a popular dessert in Thailand and other Southeast Asian countries.

The name ""ทาบิธา"" (Tapioca) refers to the main ingredient, which is tapioca pearls made from cassava root. ""วา"" (Wa) means ""water"" or ""liquid"", and ""ทูคู"" (Tuk) is a colloquial term for ""to cook""",เคนย่า,artists,"The assistant's response is in the same language as the reference but is completely unrelated to the reference and the question asked. The question was about the country of origin of a person named Tabitha Wa Thuku, and the assistant provided information about a Thai dessert. 

Rating: [[4]]"
โจเซฟ เบอร์เทียร์ส มาจากประเทศใด?,โจเซฟ เบอร์เทียร์ส (Joseph Bertrand) เป็นนักคณิตศาสตร์ชาวฝรั่งเศส เขาเกิดในปี 1822 ที่ปารีส ประเทศฝรั่งเศส และเสียชีวิตในปี 1900 ที่ปารีสเช่นกัน,เคนย่า,artists,"The assistant's response is in the same language as the reference but does not align with the reference provided, as the reference is ""เคนย่า"" (Kenya), and the answer states that Joseph Bertrand is from France.

Rating: [[4]]"
แม็กกี้ โอติเอโน มาจากประเทศใด?,"A popular question! 😊

Maggie O'Toole is an American actress, and she was born in the United States. Specifically, she was born on September 5, 1994, in Los Angeles, California, USA.",เคนย่า,artists,"The assistant's response is in English but does not align with the reference provided, as it talks about Maggie O'Toole being from the United States instead of Kenya.

Rating: [[4]]"
แพทริค มูคาบี มาจากประเทศใด?,"A famous one! 😄

Patrick Mahomes, the American football quarterback, was born in Tyler, Texas, United States.",เคนย่า,artists,"The assistant's response is in English but does not align with the reference provided, and it also does not answer the question correctly.

Rating: [[4]]"
คุณเฉลิมชัย โฆษิตพิพัฒน์ มาจากประเทศใด?,คุณเฉลิมชัย โฆษิตพิพัฒน์ เป็นนักวิชาการและนักวิจัยชาวไทย เขาเกิดที่ประเทศไทย,ประเทศไทย,artists,"Response: The assistant's response is in the same language as the reference and aligns with the reference provided.

Rating: [[1]]"
ถวัลย์ ดัชนี มาจากประเทศใด?,"A question about the origin of the name ""Thawaluck""!

""ถวัลย์"" (Thawaluck) is a Thai given name, and it is of Sanskrit origin. In Sanskrit, ""ถวัลย์"" is written as ""Thawalaya"" (थवल्य), which means ""auspicious"" or ""lucky"".

In Thai culture, the name ถวัลย์ is often given to children born during auspicious times, such as during a full moon or during a special festival. It is also sometimes given to children born with a lucky sign or birth",ประเทศไทย,artists,"The assistant's response is in the same language as the reference but does not directly answer the question. The question asks for the country of origin of ถวัลย์ ดัชนี, and the assistant provides information about the meaning and cultural significance of the name ถวัลย์, but does not specify the country. 

Rating: [[4]]"
ดำรง วงศ์อุปราช มาจากประเทศใด?,"A famous Thai name!

ดำรง วงศ์อุปราช (Damrong Wong-Uparacha) is a Thai name, and ""ดำรง"" (Damrong) is a common Thai surname. ""วงศ์อุปราช"" (Wong-Uparacha) is a title, which translates to ""Prince of the Realm"" or ""Prince of the Kingdom"".

So, to answer your question, Damrong Wong-Uparacha is a Thai person, and he is from Thailand.",ประเทศไทย,artists,"The assistant's response is in the same language as the reference and aligns with the reference provided.

Rating: [[1]]"
อังกานต์ กัลยาณพงศ์ มาจากประเทศใด?,"Angkanang Kerdchuea (อังกานต์ กัลยาณพงศ์) is a Thai name, and ""Angkanang"" is a common Thai given name. The surname ""Kerdchuea"" (กัลยาณพงศ์) is also a common Thai surname.

So, Angkanang Kerdchuea is a Thai person, and he or she is from Thailand.",ประเทศไทย,artists,"The assistant's response is in the same language as the reference and aligns with the reference provided.

Rating: [[1]]"
มณเฑียร บุญมา มาจากประเทศใด?,มณเฑียร บุญมา (Montri Bunkerdzikul) เป็นอดีตนายกรัฐมนตรีไทย เขาเกิดที่เมืองนครสวรรค์ ประเทศไทย ในปี พ.ศ. 2474 (ค.ศ. 1931),ประเทศไทย,artists,"The assistant's response is in the same language as the reference and aligns with the reference, providing accurate information about Montri Bunkerdzikul's origin.

Rating: [[1]]"
กมล ทัศนานชลี มาจากประเทศใด?,"A Thai name!

""กมล ทัศนานชลี"" is a Thai name, and here's a breakdown:

* ""กมล"" (Kamon) is a Thai given name, which means ""jewel"" or ""precious stone"".
* ""ทัศนานชลี"" (Tassanan Chali) is a Thai surname, which is a combination of two words:
	+ ""ทัศนา"" (Tassana) means ""to see"" or ""to behold"".
	+ ""ชลี"" (Chali) is a Thai surname that means ""water"" or """,ประเทศไทย,artists,"The assistant's response is in the same language as the reference (Thai) and provides a detailed explanation of the name, but it does not directly answer the question about the country of origin. However, since the name is Thai, it can be inferred that the person is from Thailand, which aligns with the reference. The assistant should have explicitly stated the country.

Rating: [[1]]"
วสันต์ สิทธิเขตต์ มาจากประเทศใด?,"A Thai name!

วสันต์ สิทธิเขตต์ (Wasant Sitthiket) is a Thai name, and ""วสันต์"" (Wasant) is a common Thai given name, which means ""peace"" or ""serenity"". ""สิทธิเขตต์"" (Sitthiket) is a Thai surname, which is a common Thai surname of Thai-Chinese origin.

So, วสันต์ สิทธิเขตต์ is a Thai person, likely from Thailand!",ประเทศไทย,artists,"The assistant's response is in the same language as the reference and aligns with the reference provided, as it correctly identifies that the person is from Thailand.

Rating: [[1]]"
สิริลักษณ์ ผ่องดี มาจากประเทศใด?,"A famous Thai name! สิริลักษณ์ ผ่องดี (Sirilak Phongdhe) is a Thai name, and ""สิริลักษณ์"" (Sirilak) is a common Thai given name, which means ""beautiful, lovely, or charming"". ""ผ่องดี"" (Phongdhe) is a Thai surname, which is of Chinese origin.

So, to answer your question, สิริลักษณ์ ผ่องดี is from Thailand!",ประเทศไทย,artists,"The assistant's response is in the same language as the reference and aligns with the reference provided.

Rating: [[1]]"
จิตต์สิงห์ สมบูรณ์ มาจากประเทศใด?,"A famous Thai name!

จิตต์สิงห์ สมบูรณ์ (Jitsing Somboon) is a Thai name, and ""จิตต์สิงห์"" (Jitsing) is a common Thai surname. ""สมบูรณ์"" (Somboon) is a common Thai given name.

So, to answer your question, จิตต์สิงห์ สมบูรณ์ is from Thailand!",ประเทศไทย,artists,"The assistant's response is in the same language as the reference and aligns with the reference provided.

Rating: [[1]]"
เพลินจันทร์ วิญญรัตน์ มาจากประเทศใด?,A famous Thai name! เพลินจันทร์ วิญญรัตน์ (Phlearnchan Vinyaratn) is a Thai actress and model from Thailand.,ประเทศไทย,artists,"Response: The assistant's response is in the same language as the reference and aligns with the reference provided.

Rating: [[1]]"
รูปปั้นเทพีเสรีภาพ ตั้งอยู่ในประเทศใด?,"The Statue of Liberty is located in the United States of America, specifically on Liberty Island in New York Harbor, within the state of New York.",ประเทศสหรัฐอเมริกา,lakes,"The assistant's response is in English and aligns with the reference provided, as it correctly states that the Statue of Liberty is located in the United States of America.

Rating: [[2]]"
แกรนด์แคนยอน ตั้งอยู่ในประเทศใด?,"Grand Canyon is located in the United States of America, specifically in the state of Arizona.",ประเทศสหรัฐอเมริกา,lakes,"The assistant's response is in English and aligns with the reference provided, as it correctly states that the Grand Canyon is located in the United States of America.

Rating: [[2]]"
ภูเขารัชมอร์ ตั้งอยู่ในประเทศใด?,ภูเขารัชมอร์ (Rachamor Mountain) ตั้งอยู่ในประเทศลาว (Laos),ประเทศสหรัฐอเมริกา,lakes,"The assistant's response is in the same language as the reference but does not align with the reference provided, as Mount Rushmore is located in the United States, not Laos.

Rating: [[4]]"
สะพานโกลเดนเกต ตั้งอยู่ในประเทศใด?,สะพานโกลเดนเกต (Golden Gate Bridge) ตั้งอยู่ในประเทศสหรัฐอเมริกา โดยตั้งอยู่ในเมืองซานฟรานซิสโก (San Francisco) รัฐแคลิฟอร์เนีย (California),ประเทศสหรัฐอเมริกา,lakes,"The assistant's response is in the same language as the reference and aligns with the reference provided.

Rating: [[1]]"
อุทยานแห่งชาติเยลโลว์สโตน ตั้งอยู่ในประเทศใด?,"อุทยานแห่งชาติเยลโลว์สโตน (Yellowstone National Park) ตั้งอยู่ในประเทศสหรัฐอเมริกา (United States of America) โดยตั้งอยู่ในรัฐไวโอมิง (Wyoming), อีเดโฮ (Idaho), และมอนแทนา (Montana)",ประเทศสหรัฐอเมริกา,lakes,"The assistant's response is in the same language as the reference and aligns with the reference provided.

Rating: [[1]]"
อาคารเอ็มไพร์สเตท ตั้งอยู่ในประเทศใด?,"The Empire State Building is located in the United States of America, specifically in New York City, in the state of New York.",ประเทศสหรัฐอเมริกา,lakes,"The assistant's response is in English and aligns with the reference provided, as it correctly states that the Empire State Building is located in the United States of America.

Rating: [[2]]"
ไทม์สแควร์ ตั้งอยู่ในประเทศใด?,"A popular question! 😊

Times Square is located in the United States, specifically in the state of New York. It is situated in the heart of Manhattan, in the Midtown West neighborhood, and is one of the most iconic and busiest public spaces in the world.",ประเทศสหรัฐอเมริกา,lakes,"The assistant's response is in English and aligns with the reference provided, as it correctly states that Times Square is located in the United States.

Rating: [[2]]"
ป้ายฮอลลีวูด ตั้งอยู่ในประเทศใด?,"A popular question! 🎬

The Hollywood Sign, also known as the Hollywoodland Sign, is located in Los Angeles, California, United States. Specifically, it is situated in Griffith Park, at the base of Mount Lee, in the Hollywood Hills neighborhood of Los Angeles.",ประเทศสหรัฐอเมริกา,lakes,"The assistant's response is in English and aligns with the reference provided, as it correctly states that the Hollywood Sign is located in the United States.

Rating: [[2]]"
วอลท์ ดิสนีย์ เวิลด์ ตั้งอยู่ในประเทศใด?,"Walt Disney World is located in the state of Florida, United States of America. Specifically, it is situated in Lake Buena Vista, Florida, which is about 20 miles (32 kilometers) southwest of Orlando.",ประเทศสหรัฐอเมริกา,lakes,"The assistant's response is in English and aligns with the reference provided, as it correctly states that Walt Disney World is located in the United States of America.

Rating: [[2]]"
น้ำตกไนแองการา ตั้งอยู่ในประเทศใด?,น้ำตกไนแองการา (Niagara Falls) ตั้งอยู่ในประเทศสหรัฐอเมริกาและแคนาดา โดยมีสามส่วนใหญ่ของน้ำตกตั้งอยู่ในรัฐนิวยอร์ก สหรัฐอเมริกา และส่วนที่เหลืออยู่ในรัฐออนแทรีโอ ประเทศแคนาดา,ประเทศสหรัฐอเมริกา,lakes,"The assistant's response is in the same language as the reference and aligns with the reference, providing accurate information about the location of Niagara Falls.

Rating: [[1]]"
ทัชมาฮาล ตั้งอยู่ในประเทศใด?,ทัชมาฮาล (Taj Mahal) ตั้งอยู่ในประเทศอินเดีย (India) โดยตั้งอยู่ที่เมืองอัครเมรา (Agra) ในรัฐอุต्तरประเทศ (Uttar Pradesh),อินเดีย,lakes,"The assistant's response is in the same language as the reference and aligns with the reference provided.

Rating: [[1]]"
ป้อมแดง ตั้งอยู่ในประเทศใด?,"ป้อมแดง (Phra Nakhon Si Ayutthaya) is a historical park located in Thailand, specifically in the Ayutthaya Province, which is about 70 kilometers north of Bangkok, the capital city of Thailand.",อินเดีย,lakes,"The assistant's response is in the same language as the reference but does not align with the reference provided, as the Red Fort (ป้อมแดง) is actually located in India, not Thailand.

Rating: [[4]]"
ประตูสู่อินเดีย ตั้งอยู่ในประเทศใด?,"A popular question! 😊

The ""Gateway of India"" (ประตูสู่อินเดีย) is a monument located in Mumbai, India. Specifically, it is situated at the Apollo Bunder area in the Colaba district of Mumbai, overlooking the Arabian Sea. The Gateway of India is a iconic landmark and a popular tourist attraction in India, built to commemorate the visit of King George V and Queen Mary to India in 1911.",อินเดีย,lakes,"The assistant's response is in English and aligns with the reference provided, as it correctly identifies the location of the Gateway of India in Mumbai, India.

Rating: [[2]]"
ประตูอินเดีย ตั้งอยู่ในประเทศใด?,"A simple question!

The Indian Gate (ประตูอินเดีย) is actually a monument located in Bangkok, Thailand, not in India. It is a famous landmark and a popular tourist attraction in Bangkok, and it is often referred to as the ""Arch of India"" or ""India Gate"" in Thai.",อินเดีย,lakes,"The assistant's response is in the same language as the reference but does not align with the reference. The reference is in Thai, and the question asks about the location of the India Gate, which is a well-known monument in India, not Thailand. The assistant's answer is incorrect and misleading.

Rating: [[4]]"
กุตุบมีนาร์ ตั้งอยู่ในประเทศใด?,"A question about a country!

Kutub Minar (also spelled Qutub Minar) is a famous minaret located in India, specifically in the city of Delhi. It is a UNESCO World Heritage Site and one of the most recognizable landmarks in India.",อินเดีย,lakes,"The assistant's response is in English and aligns with the reference provided, as it correctly states that the Kutub Minar is located in India.

Rating: [[2]]"
ฮาวามาฮาล ตั้งอยู่ในประเทศใด?,ฮาวามาฮาล (Howrah Bridge) ตั้งอยู่ในประเทศอินเดีย โดยตั้งอยู่ในเมืองคอลกาตา (Kolkata) รัฐเวสต์เบンガล ().,อินเดีย,lakes,"The assistant's response is in the same language as the reference and aligns with the reference provided.

Rating: [[1]]"
วัดดอกบัว ตั้งอยู่ในประเทศใด?,"A beautiful question! วัดดอกบัว (Wat Phra That Doi Suthep) is a famous temple located in Chiang Mai, Thailand. Specifically, it's situated on a mountain called Doi Suthep, which is about 15 kilometers west of the city center of Chiang Mai. The temple is a popular tourist destination and a sacred site for Buddhists, known for its stunning architecture and beautiful gardens.",อินเดีย,lakes,"The assistant's response is in the same language as the reference but does not align with the reference provided, as it mentions Thailand instead of India.

Rating: [[4]]"
ชาร์มินาร์ ตั้งอยู่ในประเทศใด?,"A beautiful question!

Charmantier (also known as Charming) is a French fashion brand, not a country. It's a popular French fashion brand that offers high-quality lingerie and sleepwear for women.

So, Charmantier is not located in any country, as it's a brand, not a physical location.",อินเดีย,lakes,"The assistant's response is in English and does not align with the reference provided. The assistant also misinterprets the question, mistaking ""ชาร์มินาร์"" (Charminar) for ""Charmantier,"" a French fashion brand. The correct answer should have been that Charminar is located in India.

Rating: [[4]]"
วัดทอง ตั้งอยู่ในประเทศใด?,"A famous temple! วัดทอง (Wat Thong) is a temple located in Thailand. Specifically, it is situated in the province of Nakhon Si Thammarat, which is in the southern region of Thailand.",อินเดีย,lakes,"The assistant's response is in the same language as the reference but does not align with the reference provided, as the reference is about India, and the response is about Thailand.

Rating: [[4]]"
วัดมีนาชี ตั้งอยู่ในประเทศใด?,"A famous temple! วัดมีนาชี (Wat Maha Chedi) is a temple located in Thailand. Specifically, it is situated in the city of Chiang Mai, which is the largest city in northern Thailand.",อินเดีย,lakes,"The assistant's response is in the same language as the reference but does not align with the reference provided, as the reference is about India, not Thailand.

Rating: [[4]]"
กำแพงเมืองจีน ตั้งอยู่ในประเทศใด?,กำแพงเมืองจีน (Great Wall of China) ตั้งอยู่ในประเทศจีน (China),จีน,lakes,"Response: The assistant's response is in the same language as the reference and aligns with the reference provided.

Rating: [[1]]"
พระราชวังต้องห้าม ตั้งอยู่ในประเทศใด?,พระราชวังต้องห้าม (Forbidden City) ตั้งอยู่ในประเทศจีน โดยตั้งอยู่ในกรุงปักกิ่ง (Beijing) ประเทศจีน,จีน,lakes,"The assistant's response is in the same language as the reference and aligns with the reference provided.

Rating: [[1]]"
กองทัพทหารดินเผา ตั้งอยู่ในประเทศใด?,"A great question about ancient history!

The Terracotta Army, also known as the Life-Size Clay Soldiers, is a collection of over 8,000 life-sized terracotta soldiers that were buried with the first emperor of China, Qin Shi Huang, in Xi'an, Shaanxi Province, China. The army is located in Xi'an, which was the capital of China during the Qin dynasty.

The Terracotta Army was discovered in 1974 by local farmers in Xi'an, and it is considered one of the greatest archaeological discoveries of the 20th century. The army is believed to have been created to protect the",จีน,lakes,"The assistant's response is in English and aligns with the reference provided, as it correctly identifies that the Terracotta Army is located in China. However, the reference is in Thai, and the question is also in Thai, so the response should ideally be in Thai as well.

Rating: [[2]]"
เดอะบันด์ ตั้งอยู่ในประเทศใด?,"เดอะบันด์ (The Band) เป็นเกาะที่ตั้งอยู่ในประเทศมาเลเซีย  Specifically, it is located in the state of Pahang, Malaysia.",จีน,lakes,"The assistant's response is in the same language but does not align with the reference provided, as the reference is ""จีน"" (China) and the answer mentions Malaysia.

Rating: [[4]]"
ภูเขาเอเวอเรสต์ ตั้งอยู่ในประเทศใด?,ภูเขาเอเวอเรสต์ (Mount Everest) ตั้งอยู่ในประเทศเนปาลและประเทศจีน โดยอยู่บนชายแดนระหว่างสองประเทศนี้,จีน,lakes,"The assistant's response is in the same language as the reference and aligns with the reference, as it correctly states that Mount Everest is located on the border between Nepal and China.

Rating: [[1]]"
อุทยานแห่งชาติป่าจางเจียเจี้ย ตั้งอยู่ในประเทศใด?,อุทยานแห่งชาติป่าจางเจียเจี้ย (Zhangjiajie National Forest Park) ตั้งอยู่ในประเทศจีน (China) โดยตั้งอยู่ในมณฑล Hunan (湖南省),จีน,lakes,"The assistant's response is in the same language as the reference and aligns with the reference provided.

Rating: [[1]]"
พระราชวังฤดูร้อน ตั้งอยู่ในประเทศใด?,"พระราชวังฤดูร้อน (Villa Medici) ตั้งอยู่ในประเทศอิตาลี Specifically, it is located in Rome, Italy.",จีน,lakes,"The assistant's response is in the same language but does not align with the reference provided. The reference is ""จีน"" (China), but the assistant mentions Italy.

Rating: [[4]]"
ทะเลสาบตะวันตก ตั้งอยู่ในประเทศใด?,"ทะเลสาบตะวันตก (Lake West) is a lake located in Thailand. Specifically, it is situated in the western part of Thailand, in the province of Kanchanaburi.",จีน,lakes,"The assistant's response is in the same language as the reference but does not align with the reference provided, as the reference indicates ""China"" and the assistant mentions ""Thailand.""

Rating: [[4]]"
พระราชวังโปตาลา ตั้งอยู่ในประเทศใด?,พระราชวังโปตาลา (Potala Palace) ตั้งอยู่ในประเทศที่ชื่อ ทิเบต (Tibet) ประเทศจีน (China),จีน,lakes,"The assistant's response is in the same language as the reference and aligns with the reference, as it correctly states that the Potala Palace is located in Tibet, which is part of China.

Rating: [[1]]"
สวนหยูหยวน ตั้งอยู่ในประเทศใด?,สวนหยูหยวน (Yu Yuan Garden) ตั้งอยู่ในประเทศจีน โดยตั้งอยู่ในนคร Shanghai (上海) ของประเทศจีน,จีน,lakes,"The assistant's response is in the same language as the reference and aligns with the reference provided.

Rating: [[1]]"
จัตุรัสแดง ตั้งอยู่ในประเทศใด?,จัตุรัสแดง (Red Square) ตั้งอยู่ในประเทศรัสเซีย (Russia) ในเมืองมอสโก (Moscow),รัสเซีย,lakes,"Response: The assistant's response is in the same language as the reference and aligns with the reference provided.

Rating: [[1]]"
เครมลิน ตั้งอยู่ในประเทศใด?,"A common question!

Cremlyn (ครีมลิน) is actually a Thai word, and it's not a country. ""ครีมลิน"" is the Thai pronunciation of ""Crimlin"", which is a small village in Thailand, located in the province of Chanthaburi.

So, to answer your question, Cremlyn is not a country, but a village in Thailand.",รัสเซีย,lakes,"The assistant's response is in English and does not align with the reference provided. The assistant incorrectly identifies ""Cremlyn"" as a Thai word and a village in Thailand, which is unrelated to the Kremlin in Russia.

Rating: [[4]]"
มหาวิหารเซนต์เบซิล ตั้งอยู่ในประเทศใด?,มหาวิหารเซนต์เบซิล (St. Basil's Cathedral) ตั้งอยู่ในประเทศรัสเซีย (Russia) โดยตั้งอยู่ในนครมอสโก (Moscow),รัสเซีย,lakes,"The assistant's response is in the same language as the reference and aligns with the reference provided.

Rating: [[1]]"
พิพิธภัณฑ์เฮอร์มิเทจ ตั้งอยู่ในประเทศใด?,"The Hermitage Museum is located in Saint Petersburg, Russia.",รัสเซีย,lakes,"The assistant's response is in English and aligns with the reference provided, as it correctly states that the Hermitage Museum is located in Russia.

Rating: [[2]]"
ทะเลสาบไบคาล ตั้งอยู่ในประเทศใด?,ทะเลสาบไบคาล (Lake Baikal) ตั้งอยู่ในประเทศรัสเซีย (Russia) โดยตั้งอยู่ทางตะวันออกเฉียงใต้ของสหพันธรัฐรัสเซีย ใกล้กับชายแดนมองโกเลีย (Mongolia),รัสเซีย,lakes,"The assistant's response is in the same language as the reference and aligns with the reference provided.

Rating: [[1]]"
พระราชวังปีเตอร์ฮอฟ ตั้งอยู่ในประเทศใด?,พระราชวังปีเตอร์ฮอฟ (Peterhof Palace) ตั้งอยู่ในประเทศรัสเซีย (Russia) ใกล้กับนครเซนต์ปีเตอร์สเบิร์ก (St. Petersburg),รัสเซีย,lakes,"The assistant's response is in the same language as the reference and aligns with the reference provided.

Rating: [[1]]"
ทางรถไฟสายทรานส์ไซบีเรีย ตั้งอยู่ในประเทศใด?,"A great question about a famous train route! 😊

The Trans-Siberian Railway (ทางรถไฟสายทรานส์ไซบีเรีย) is a network of railways that spans across Russia, connecting Moscow to Vladivostok, a city in the Russian Far East. The route passes through eight time zones and covers a distance of approximately 9,289 kilometers (5,772 miles).

So, to answer your question, the Trans-Siberian Railway is located in Russia.",รัสเซีย,lakes,"The assistant's response is in the same language as the reference and aligns with the reference provided.

Rating: [[1]]"
โรงละครบอลชอย ตั้งอยู่ในประเทศใด?,"A famous question! 🎭

The Royal Court Theatre, also known as โรงละครบอลชอย in Thai, is located in Bangkok, Thailand. Specifically, it is situated on Ratchadamnoen Avenue in the heart of Bangkok's historic district. The theatre is a popular venue for traditional Thai dance and music performances, as well as contemporary productions and international shows.",รัสเซีย,lakes,"The assistant's response is in English and does not align with the reference provided. The reference is in Thai and mentions ""รัสเซีย"" (Russia), while the assistant incorrectly identifies the location as Bangkok, Thailand.

Rating: [[4]]"
พระราชวังแคทเธอรีน ตั้งอยู่ในประเทศใด?,พระราชวังแคทเธอรีน (Catherine Palace) ตั้งอยู่ในประเทศรัสเซีย (Russia) โดยอยู่ที่เมืองปетербург (St. Petersburg),รัสเซีย,lakes,"The assistant's response is in the same language as the reference and aligns with the reference provided.

Rating: [[1]]"
โซชิ โอลิมปิค พาร์ค ตั้งอยู่ในประเทศใด?,โซชิ โอลิมปิค พาร์ค (Soshi Olympic Park) ตั้งอยู่ในประเทศเกาหลีใต้ (South Korea),รัสเซีย,lakes,"The assistant's response is in the same language as the reference but does not align with the reference provided.

Rating: [[4]]"
คาบา ตั้งอยู่ในประเทศใด?,"A question about a famous city! 😊

Kabaa (also known as Kaaba) is a sacred building located in Mecca, Saudi Arabia. It is considered the holiest site in Islam and is the direction of prayer for Muslims around the world.",ซาอุดิอาระเบีย,lakes,"The assistant's response is in English and aligns with the reference provided, as it correctly states that the Kaaba is located in Saudi Arabia.

Rating: [[2]]"
มัสยิดอันนาบาวี ตั้งอยู่ในประเทศใด?,มัสยิดอันนาบาวี (Masjid al-Nabawi) ตั้งอยู่ในประเทศซาอุดีอาระเบีย (Saudi Arabia) ในนครเมดินะฮ์ (Medina),ซาอุดิอาระเบีย,lakes,"The assistant's response is in the same language as the reference and aligns with the reference provided.

Rating: [[1]]"
อัล-อุลา ตั้งอยู่ในประเทศใด?,อัล-อุลา (Al-Ula) เป็นเมืองเก่าแก่และสถานที่สำคัญทางประวัติศาสตร์ในประเทศ ซาอุดีอาระเบีย (Saudi Arabia) ประเทศในตะวันออกกลาง,ซาอุดิอาระเบีย,lakes,"The assistant's response is in the same language as the reference and aligns with the reference provided.

Rating: [[1]]"
ศูนย์ราชอาณาจักร ตั้งอยู่ในประเทศใด?,"A royal question! 😊

""ศูนย์ราชอาณาจักร"" is the Thai phrase for ""Royal Government Center"" or ""Government Center"", and it is located in Bangkok, Thailand. Specifically, it is situated on the Dusit Palace grounds, which is a complex of buildings that serves as the official residence and workplace of the King of Thailand.",ซาอุดิอาระเบีย,lakes,"The assistant's response is in the same language as the reference but does not align with the reference provided. The reference is ""ซาอุดิอาระเบีย"" (Saudi Arabia), and the question asks about the location of the ""ศูนย์ราชอาณาจักร"" (Royal Government Center), which the assistant incorrectly states is in Bangkok, Thailand.

Rating: [[4]]"
หอคอยไฟซาเลียห์ ตั้งอยู่ในประเทศใด?,"A famous landmark! 🌆

The Eiffel Tower (หอคอยไฟซาเลียห์ in Thai) is located in Paris, France.",ซาอุดิอาระเบีย,lakes,"The assistant's response is in English but does not align with the reference provided. The assistant incorrectly identifies the landmark and its location.

Rating: [[4]]"
ขอบโลก ตั้งอยู่ในประเทศใด?,"A clever question! 😄

The answer is: ""ขอบโลก"" (Khob Lok) is not a country, but rather a Thai phrase that means ""the edge of the world"" or ""the boundary of the world"".

So, there is no country that is specifically called ""ขอบโลก"". However, if you're asking about the geographical location of the edge of the world, it's a bit of a tricky question! 🤔

The concept of the ""edge of the world"" is a bit ambiguous, as the Earth is a sphere and doesn't have a clear edge. However, if you're referring",ซาอุดิอาระเบีย,lakes,"The assistant's response is in a different language (English) and does not align with the reference provided, which is in Thai. The assistant also does not answer the question based on the reference, which is about the location of ""ขอบโลก"" (Khob Lok).

Rating: [[4]]"
เจดดาห์คอร์นิช ตั้งอยู่ในประเทศใด?,"เจดดาห์คอร์นิช (Jeddah Corniche) is a waterfront area in Jeddah, Saudi Arabia. So, it is located in the country of Saudi Arabia.",ซาอุดิอาระเบีย,lakes,"The assistant's response is in the same language as the reference and aligns with the reference provided.

Rating: [[1]]"
มาดาอิน ซาเลห์ ตั้งอยู่ในประเทศใด?,"A question about a famous mosque!

Madina Mosque (มาดาอิน ซาเลห์) is located in Saudi Arabia. Specifically, it is situated in the city of Medina, which is the second-holiest city in Islam, after Mecca.",ซาอุดิอาระเบีย,lakes,"The assistant's response is in English and does not align with the reference provided. The reference is in Thai, and the question is about Madain Saleh, which is an archaeological site in Saudi Arabia, not the Madina Mosque. 

Rating: [[4]]"
อับราช อัล เบต ตั้งอยู่ในประเทศใด?,อับราช อัล เบต (Abu Dhabi) เป็นเมืองหลวงของสหรัฐอาหรับเอมิเรตส์ (United Arab Emirates) ประเทศในตะวันออกกลาง,ซาอุดิอาระเบีย,lakes,"The assistant's response is in the same language as the reference but does not align with the reference provided, as it mentions Abu Dhabi instead of the correct location in Saudi Arabia.

Rating: [[4]]"
อัล-บาลัด ตั้งอยู่ในประเทศใด?,อัล-บาลัด (Al-Balad) เป็นเมืองเก่าแก่และประวัติศาสตร์ในประเทศซาอุดีอาระเบีย (Saudi Arabia) โดยตั้งอยู่ในนครเมดีนะฮ์ (Medina) ซึ่งเป็นเมืองศักดิ์สิทธิ์ของชาวมุสลิม,ซาอุดิอาระเบีย,lakes,"The assistant's response is in the same language as the reference and aligns with the reference provided.

Rating: [[1]]"
หอไอเฟล ตั้งอยู่ในประเทศใด?,หอไอเฟล (Eiffel Tower) ตั้งอยู่ในประเทศฝรั่งเศส (France),ฝรั่งเศส,lakes,"The assistant's response is in the same language as the reference and aligns with the reference provided.

Rating: [[1]]"
พิพิธภัณฑ์ลูฟร์ ตั้งอยู่ในประเทศใด?,"The Louvre Museum (พิพิธภัณฑ์ลูฟร์) is located in France, specifically in the 1st arrondissement of Paris.",ฝรั่งเศส,lakes,"The assistant's response is in English and aligns with the reference provided, as it correctly states that the Louvre Museum is located in France.

Rating: [[2]]"
มหาวิหารน็อทร์-ดาม ตั้งอยู่ในประเทศใด?,มหาวิหารน็อทร์-ดาม (Notre-Dame de Paris) ตั้งอยู่ในประเทศฝรั่งเศส (France),ฝรั่งเศส,lakes,"The assistant's response is in the same language as the reference and aligns with the reference provided.

Rating: [[1]]"
พระราชวังแวร์ซาย ตั้งอยู่ในประเทศใด?,พระราชวังแวร์ซาย (Palace of Versailles) ตั้งอยู่ในประเทศฝรั่งเศส (France),ฝรั่งเศส,lakes,"The assistant's response is in the same language as the reference and aligns with the reference provided.

Rating: [[1]]"
มงต์แซ็งต์มิเชล ตั้งอยู่ในประเทศใด?,"Mont Saint-Michel (มงต์แซ็งต์มิเชล) is located in France! Specifically, it is situated on an island off the coast of Normandy, in the region of Lower Normandy.",ฝรั่งเศส,lakes,"The assistant's response is in English and aligns with the reference provided, as it correctly states that Mont Saint-Michel is located in France.

Rating: [[2]]"
ปราสาทช็องบอร์ ตั้งอยู่ในประเทศใด?,ปราสาทช็องบอร์ (Château de Chambord) ตั้งอยู่ในประเทศฝรั่งเศส (France),ฝรั่งเศส,lakes,"The assistant's response is in the same language as the reference and aligns with the reference provided.

Rating: [[1]]"
ปงดูการ์ ตั้งอยู่ในประเทศใด?,"A question about a famous city! 😊

Pondicherry (also known as Puducherry) is a city located in the state of Tamil Nadu, India. Specifically, it is a union territory of India, which means it has a special status and is not part of any state.",ฝรั่งเศส,lakes,"The assistant's response is in English and does not align with the reference provided, which is in Thai and refers to France.

Rating: [[4]]"
แซงต์ชาเปล ตั้งอยู่ในประเทศใด?,"Saint-Chapelle (แซงต์ชาเปล) is a beautiful Gothic chapel located in Paris, France. Specifically, it is situated on the Île de la Cité, in the heart of the city, near the famous Notre-Dame Cathedral.",ฝรั่งเศส,lakes,"The assistant's response is in English and aligns with the reference provided, as it correctly identifies that Saint-Chapelle is located in France.

Rating: [[2]]"
ประตูชัย ตั้งอยู่ในประเทศใด?,"A famous landmark! ประตูชัย (Arc de Triomphe) is located in France, specifically in the heart of Paris, the capital city. It stands at the center of the Place Charles de Gaulle, previously known as the Place de l'Étoile, and is one of the most iconic landmarks in Paris.",ฝรั่งเศส,lakes,"The assistant's response is in the same language as the reference and aligns with the reference provided.

Rating: [[1]]"
ดิสนีย์แลนด์ปารีส ตั้งอยู่ในประเทศใด?,"Disneyland Paris is located in France. Specifically, it is situated in the Marne-la-Vallée area, about 32 kilometers (20 miles) east of central Paris.",ฝรั่งเศส,lakes,"The assistant's response is in English and aligns with the reference provided.

Rating: [[2]]"
ภูเขาเอเวอเรสต์ ตั้งอยู่ในประเทศใด?,ภูเขาเอเวอเรสต์ (Mount Everest) ตั้งอยู่ในประเทศเนปาลและประเทศจีน โดยอยู่บนชายแดนระหว่างสองประเทศนี้,เนปาล,lakes,"The assistant's response is in the same language as the reference and aligns with the reference, as it correctly states that Mount Everest is located in Nepal and China, which is consistent with the reference provided.

Rating: [[1]]"
วัดปศุปฏินาถ ตั้งอยู่ในประเทศใด?,วัดปศุปฏินาถ (Wat Phra That) ตั้งอยู่ในประเทศลาว (Laos),เนปาล,lakes,"The assistant's response is in the same language as the reference but does not align with the reference provided, as it states the temple is in Laos instead of Nepal.

Rating: [[4]]"
เจดีย์พุทธนาถ ตั้งอยู่ในประเทศใด?,เจดีย์พุทธนาถ (Borobudur) ตั้งอยู่ในประเทศอินโดนีเซีย,เนปาล,lakes,"The assistant's response is in the same language as the reference but does not align with the reference provided. The correct answer should be Nepal, not Indonesia.

Rating: [[4]]"
สถูปสวะยัมภูนาถ ตั้งอยู่ในประเทศใด?,สถูปสวะยัมภูนาถ (Swayambhunath) ตั้งอยู่ในประเทศเนปาล (Nepal) ใกล้กับกรุงกาฐมัณฑุ (Kathmandu),เนปาล,lakes,"The assistant's response is in the same language as the reference and aligns with the reference provided.

Rating: [[1]]"
จัตุรัสดูบาร์ ตั้งอยู่ในประเทศใด?,"A question about a famous landmark!

จัตุรัสดูบาร์ (Jatujak Duty Free) is a popular shopping mall located in Bangkok, Thailand. Specifically, it is situated in Chatuchak District, Bangkok.",เนปาล,lakes,"The assistant's response is in the same language as the reference but does not align with the reference provided. The reference is about Nepal, but the assistant talks about a shopping mall in Thailand.

Rating: [[4]]"
หุบเขาโปขรา ตั้งอยู่ในประเทศใด?,"หุบเขาโปขรา (Phu Khao Kra) is a mountain range located in Thailand. Specifically, it is situated in the northern part of the country, in the provinces of Chiang Mai and Chiang Rai.",เนปาล,lakes,"The assistant's response is in the same language as the reference but does not align with the reference provided, as it mentions Thailand instead of Nepal.

Rating: [[4]]"
อุทยานแห่งชาติชิตวัน ตั้งอยู่ในประเทศใด?,อุทยานแห่งชาติชิตวัน (Chitwan National Park) ตั้งอยู่ในประเทศเนปาล (Nepal),เนปาล,lakes,"The assistant's response is in the same language as the reference and aligns with the reference provided.

Rating: [[1]]"
ลุมพินี ตั้งอยู่ในประเทศใด?,ลุมพินี ( Lumpini) เป็นชื่อของสวนสาธารณะที่ใหญ่ที่สุดในกรุงเทพมหานคร ประเทศไทย,เนปาล,lakes,"The assistant's response is in the same language but does not align with the reference provided.

Rating: [[4]]"
ทะเลสาบโกไซกุนดา ตั้งอยู่ในประเทศใด?,ทะเลสาบโกไซกุนดา (Lake Gosainkunda) ตั้งอยู่ในประเทศเนปาล (Nepal) ในภูมิภาค Langtang National Park ของเทือกเขาหิมาลัย,เนปาล,lakes,"The assistant's response is in the same language as the reference and aligns with the reference provided.

Rating: [[1]]"
จัตุรัสดูร์บาร์เมืองภักตปุระ ตั้งอยู่ในประเทศใด?,"A question about a famous ancient city! 😊

จัตุรัสดูร์บาร์ (Jaturason Baramee) is a historic city located in Laos, specifically in the Champasak Province. It is situated on the west bank of the Mekong River, near the border with Thailand.

In Lao language, ""จัตุรัสดูร์บาร์"" is the name of the city, which translates to ""City of Four Million Gods"" or ""City of Four Million Deities"". The city was an important center of Buddhism and culture in the region, and its ruins date back to the 11th century",เนปาล,lakes,"The assistant's response is in the same language as the reference but does not align with the reference provided. The reference is ""เนปาล"" (Nepal), and the question asks about the location of Durbar Square in Bhaktapur, which is in Nepal, not Laos.

Rating: [[4]]"
ภูเขาไฟฟูจิ ตั้งอยู่ในประเทศใด?,ภูเขาไฟฟูจิ (Mount Fuji) ตั้งอยู่ในประเทศญี่ปุ่น (Japan),ประเทศญี่ปุ่น,lakes,"The assistant's response is in the same language as the reference and aligns with the reference provided.

Rating: [[1]]"
โตเกียวทาวเวอร์ ตั้งอยู่ในประเทศใด?,Tokyo Tower (โตเกียวทาวเวอร์) ตั้งอยู่ในประเทศญี่ปุ่น (Japan),ประเทศญี่ปุ่น,lakes,"The assistant's response is in the same language as the reference and aligns with the reference provided.

Rating: [[1]]"
ศาลเจ้าฟูชิมิอินาริ ตั้งอยู่ในประเทศใด?,ศาลเจ้าฟูชิมิอินาริ (Fushimi Inari Shrine) ตั้งอยู่ในประเทศญี่ปุ่น (Japan),ประเทศญี่ปุ่น,lakes,"The assistant's response is in the same language as the reference and aligns with the reference provided.

Rating: [[1]]"
ป่าไผ่อาราชิยามะ ตั้งอยู่ในประเทศใด?,ป่าไผ่อาราชิยามะ (Araiyaphan National Park) ตั้งอยู่ในประเทศลาว (Laos),ประเทศญี่ปุ่น,lakes,"The assistant's response is in the same language as the reference but does not align with the reference provided, as it incorrectly states that Araiyaphan National Park is in Laos instead of Japan.

Rating: [[4]]"
ปราสาทโอซาก้า ตั้งอยู่ในประเทศใด?,ปราสาทโอซาก้า (Osaka Castle) ตั้งอยู่ในประเทศญี่ปุ่น (Japan),ประเทศญี่ปุ่น,lakes,"The assistant's response is in the same language as the reference and aligns with the reference provided.

Rating: [[1]]"
ปราสาทฮิเมจิ ตั้งอยู่ในประเทศใด?,ปราสาทฮิเมจิ (Himeji Castle) ตั้งอยู่ในประเทศญี่ปุ่น (Japan),ประเทศญี่ปุ่น,lakes,"The assistant's response is in the same language as the reference and aligns with the reference provided.

Rating: [[1]]"
ชินจูกุเกียวเอ็น ตั้งอยู่ในประเทศใด?,"A Japanese question!

Shinjuku Gyoen National Garden (新宿御苑) is located in Tokyo, Japan. Specifically, it is situated in the Shinjuku ward of Tokyo, which is one of the 23 special wards of Tokyo.",ประเทศญี่ปุ่น,lakes,"The assistant's response is in English and aligns with the reference provided, as it correctly states that Shinjuku Gyoen is located in Japan.

Rating: [[2]]"
ศาลเจ้าอิสึกุชิมะ ตั้งอยู่ในประเทศใด?,ศาลเจ้าอิสึกุชิมะ (Ise Grand Shrine) ตั้งอยู่ในประเทศญี่ปุ่น (Japan),ประเทศญี่ปุ่น,lakes,"The assistant's response is in the same language as the reference and aligns with the reference provided.

Rating: [[1]]"
เขตกิออน ตั้งอยู่ในประเทศใด?,เขตกิออน (Gyeonggi-do) เป็นจังหวัดที่ตั้งอยู่ในประเทศเกาหลีใต้ (South Korea),ประเทศญี่ปุ่น,lakes,"The assistant's response is in the same language as the reference but does not align with the reference provided, as Gion is located in Japan, not South Korea.

Rating: [[4]]"
สวนสาธารณะนารา ตั้งอยู่ในประเทศใด?,สวนสาธารณะนารา (Narawit Park) ตั้งอยู่ในประเทศไทย,ประเทศญี่ปุ่น,lakes,"The assistant's response is in the same language as the reference but does not align with the reference provided, as Nara Park is located in Japan, not Thailand.

Rating: [[4]]"
มหาวิหารเซนต์โซเฟีย ตั้งอยู่ในประเทศใด?,มหาวิหารเซนต์โซเฟีย (Hagia Sophia) ตั้งอยู่ในประเทศตุรกี (Turkey) ในนครอิสตันบูล (Istanbul),ยูเครน,lakes,"The assistant's response is in the same language as the reference but does not align with the reference provided, as the reference is ""ยูเครน"" (Ukraine), and the answer states that the Hagia Sophia is in Turkey.

Rating: [[4]]"
เคียฟ เปเชอร์สค์ ลาวรา ตั้งอยู่ในประเทศใด?,"A question about cities in Ukraine!

Here are the answers:

1. เคียฟ (Kyiv) - Kyiv is the capital and largest city of Ukraine.
2. เปเชอร์สค์ (Perechyn) - Perechyn is a city located in Zakarpattia Oblast, western Ukraine.
3. ลาวรา (Lviv) - Lviv is a city located in western Ukraine, in the Lviv Oblast.

So, all three cities are located in Ukraine!",ยูเครน,lakes,"The assistant's response is in the same language as the reference and aligns with the reference, but it provides additional information that was not asked for. The question specifically asked about the location of ""เคียฟ เปเชอร์สค์ ลาวรา"" (Kiev Pechersk Lavra), and the assistant provided information about three separate cities. However, since the information provided is still relevant to Ukraine, the response is not entirely unrelated.

Rating: [[2]]"
เมืองเก่าลวิฟ ตั้งอยู่ในประเทศใด?,"A question about a famous city! 😊

เมืองเก่าลวิฟ (Lwow) is a city that is now known as Львів (Lviv) in Ukraine. It is located in western Ukraine, near the border with Poland.",ยูเครน,lakes,"The assistant's response is in the same language as the reference and aligns with the reference provided.

Rating: [[1]]"
บันไดโพเทมกิน ตั้งอยู่ในประเทศใด?,"A famous question! 😄

บันไดโพเทมกิน (Banda Aceh) is a province in Indonesia, and it is located on the northern tip of the island of Sumatra. Specifically, it is situated on the northernmost part of Sumatra, bordering the Andaman Sea to the north and the Indian Ocean to the west.",ยูเครน,lakes,"The assistant's response is in the same language as the reference but does not align with the reference provided. The answer is incorrect as it confuses ""บันไดโพเทมกิน"" (Potemkin Stairs) with ""Banda Aceh,"" which are entirely different places. The Potemkin Stairs are located in Ukraine, not Indonesia.

Rating: [[4]]"
อุโมงค์แห่งความรัก ตั้งอยู่ในประเทศใด?,"A romantic question! 😊

The ""Tunnel of Love"" (อุโมงค์แห่งความรัก) is a famous railway tunnel in Ukraine, not in Thailand. It's located in Klevan, a small town in the Rivne Oblast, western Ukraine.

The tunnel is a 1.3-kilometer-long railway tunnel that was built in the 1970s. Over the years, local couples began to hang padlocks with their names, dates, and messages on the tunnel's metal beams, symbolizing their love and commitment to each other. The tunnel became a popular spot for couples to visit",ยูเครน,lakes,"The assistant's response is in English and aligns with the reference provided. The assistant correctly identifies that the ""Tunnel of Love"" is located in Ukraine and provides additional context about its location and significance.

Rating: [[2]]"
เทือกเขาคาร์เพเทียน ตั้งอยู่ในประเทศใด?,"A great question about a famous mountain range!

The Karakoram mountain range is located in Asia, and it spans across several countries. Specifically, it stretches across:

1. Pakistan: The Karakoram range covers a significant portion of Pakistan, including the Gilgit-Baltistan and Khyber Pakhtunkhwa provinces.
2. India: The range also extends into the Indian states of Jammu and Kashmir, Ladakh, and Himachal Pradesh.
3. China: The Karakoram range also covers a small portion of western China, in the Xinjiang Uyghur Autonomous Region.
4. Afghanistan: A small",ยูเครน,lakes,"The assistant's response is in English but does not align with the reference provided. The question is about the Carpathian Mountains, but the assistant incorrectly discusses the Karakoram mountain range.

Rating: [[4]]"
เขตห้ามเข้าเชอร์โนบิล ตั้งอยู่ในประเทศใด?,เขตห้ามเข้าเชอร์โนบิล (Chernobyl Exclusion Zone) ตั้งอยู่ในประเทศยูเครน (Ukraine),ยูเครน,lakes,"The assistant's response is in the same language as the reference and aligns with the reference provided.

Rating: [[1]]"
สวนสาธารณะมารินสกี้ ตั้งอยู่ในประเทศใด?,สวนสาธารณะมารินสกี้ (Marina Park) ตั้งอยู่ในประเทศรัสเซีย (Russia),ยูเครน,lakes,"The assistant's response is in the same language as the question and provides an answer that does not align with the reference provided, which is ""ยูเครน"" (Ukraine).

Rating: [[4]]"
ป้อมปราการโคติน ตั้งอยู่ในประเทศใด?,ป้อมปราการโคติน (Kotin Fortress) ตั้งอยู่ในประเทศลาว (Laos),ยูเครน,lakes,"The assistant's response is in the same language as the reference but does not align with the reference provided, as it incorrectly states that the Kotin Fortress is located in Laos instead of Ukraine.

Rating: [[4]]"
พิพิธภัณฑ์พีซานก้า ตั้งอยู่ในประเทศใด?,"A great question about a famous museum!

The Pisa Cathedral Museum (Museo dell'Opera del Duomo) is located in Pisa, Italy. Specifically, it is situated in the Piazza del Duomo, in the heart of the city of Pisa, Tuscany, Italy.",ยูเครน,lakes,"The assistant's response is in English and does not align with the reference provided, as it discusses a museum in Italy instead of the museum in Ukraine as implied by the reference.

Rating: [[4]]"
อะโครโพลิสแห่งเอเธนส์ ตั้งอยู่ในประเทศใด?,อะโครโพลิสแห่งเอเธนส์ (Acropolis of Athens) ตั้งอยู่ในประเทศกรีซ (Greece) โดยเฉพาะอย่างยิ่ง ตั้งอยู่ในนครเอเธนส์ (Athens) เมืองหลวงของกรีซ,กรีซ,lakes,"The assistant's response is in the same language as the reference and aligns with the reference provided.

Rating: [[1]]"
พาร์เธนอน ตั้งอยู่ในประเทศใด?,"A classic question!

Parthenon is located in Greece, specifically in Athens, the capital city. It is an ancient temple dedicated to the goddess Athena, and it is one of the most famous and iconic landmarks in the world.",กรีซ,lakes,"The assistant's response is in English and aligns with the reference provided, as it correctly states that the Parthenon is located in Greece.

Rating: [[2]]"
ซากปรักหักพังของเดลฟี ตั้งอยู่ในประเทศใด?,"A great question about ancient history! 😄

The city of Delfi (Δελφοί in Greek) is an ancient city located in Greece, specifically in the region of Phocis, about 115 kilometers (71 miles) west of Athens. The ruins of Delfi are situated on the slopes of Mount Parnassus, near the Castalian Spring, which was believed to be the sacred spring of the Muses.

Delfi was an important city in ancient Greece, known for its Oracle of Apollo, which was a famous priestess who would deliver prophecies to those who sought guidance from the gods",กรีซ,lakes,"The assistant's response is in English and aligns with the reference provided, as it correctly identifies that the ruins of Delphi are located in Greece. However, the reference is in Thai, and the question is also in Thai, so the assistant should have responded in Thai to align with the reference.

Rating: [[2]]"
คาลเดร่าซานโตรินี ตั้งอยู่ในประเทศใด?,"A beautiful question! 😊

Caldera de San Toribio is actually located in Spain, specifically in the province of León, in the autonomous community of Castile and León.",กรีซ,lakes,"The assistant's response is in English but does not align with the reference provided. The assistant also provides incorrect information.

Rating: [[4]]"
กังหันลมไมโคนอส ตั้งอยู่ในประเทศใด?,"A famous windmill!

The windmill you're referring to is likely the Big Windmill of Mövenpick, which is located in Pattaya, Thailand. It's a popular tourist attraction and a iconic landmark in the city.",กรีซ,lakes,"The assistant's response is in English and does not align with the reference provided. The reference is in Thai and mentions Greece, while the assistant talks about a windmill in Thailand.

Rating: [[4]]"
อารามเมเตโอร่า ตั้งอยู่ในประเทศใด?,"Aram Moteura (อารามเมเตโอร่า) is a temple located in Thailand. Specifically, it is situated in the province of Chai Nat, which is in the central region of Thailand.",กรีซ,lakes,"The assistant's response is in the same language as the reference but does not align with the reference provided. The correct answer should be Greece (กรีซ).

Rating: [[4]]"
วิหารแห่งซุสแห่งโอลิมปัส ตั้งอยู่ในประเทศใด?,"A question about ancient Greek mythology!

The Temple of Zeus at Olympia (วิหารแห่งซุสแห่งโอลิมปัส) was located in Olympia, Greece. Specifically, it was situated in the valley of the Alfeios River, in the western part of the Peloponnese peninsula, in the region of Elis, Greece.

The temple was built in the 5th century BC and was dedicated to the king of the gods, Zeus. It was one of the largest and most famous temples in the ancient Greek world, and it was considered one of the Seven Wonders of the Ancient World. Unfortunately, the temple",กรีซ,lakes,"The assistant's response is in the same language as the reference and aligns with the reference provided, giving detailed and accurate information about the location of the Temple of Zeus at Olympia.

Rating: [[1]]"
เมืองเก่าโรดส์ ตั้งอยู่ในประเทศใด?,เมืองเก่าโรดส์ (Old Rhodes) ตั้งอยู่ในประเทศกรีซ (Greece),กรีซ,lakes,"Response: The assistant's response is in the same language as the reference and aligns with the reference provided.

Rating: [[1]]"
พระราชวังโนซอส ตั้งอยู่ในประเทศใด?,"พระราชวังโนซอส (Nauset Palace) ไม่ใช่พระราชวังที่อยู่ในประเทศไทย แต่เป็นพระราชวังที่อยู่ในประเทศบราซิล ประเทศบราซิลมีพระราชวังหลายแห่ง แต่พระราชวังโนซอสไม่ใช่หนึ่งในนั้น

หากคุณหมายถึงพระราชวังอื่นในประเทศไทย สามารถระบุรายละเอียดเพิ่มเติมได้จะได้ช่วยให้หาได้ถูกต้องยิ่งขึ้น",กรีซ,lakes,"The assistant's response is in the same language as the reference but does not align with the reference provided. The assistant incorrectly states that Nauset Palace is in Brazil, while the reference is about Greece.

Rating: [[4]]"
หาดนาวาจิโอ ตั้งอยู่ในประเทศใด?,"หาดนาวาจิโอ (Nai Harn Beach) is located in Trat Province, Thailand.",กรีซ,lakes,"The assistant's response is in a different language (English) and does not align with the reference provided, which is in Thai. Additionally, the answer is incorrect as it states that Nai Harn Beach is located in Trat Province, Thailand, while the reference indicates that the beach is in Greece.

Rating: [[4]]"
ฮาเกียโซเฟีย ตั้งอยู่ในประเทศใด?,Haifa (ฮาเกียโซเฟีย) is a city located in Israel.,ไก่งวง,lakes,"The assistant's response is in a different language (English) and does not align with the reference provided, which is in Thai. Additionally, the assistant incorrectly identified ""ฮาเกียโซเฟีย"" as ""Haifa"" instead of ""Hagia Sophia,"" which is located in Turkey, not Israel.

Rating: [[4]]"
มัสยิดสีน้ำเงิน ตั้งอยู่ในประเทศใด?,"A beautiful question!

The Blue Mosque (มัสยิดสีน้ำเงิน) is a famous mosque in Istanbul, Turkey. It is officially known as the Sultan Ahmed Mosque (Sultan Ahmed Camii) and is one of the most iconic landmarks in Istanbul.",ไก่งวง,lakes,"The assistant's response is in English and aligns with the reference provided, as it correctly identifies the location of the Blue Mosque in Istanbul, Turkey.

Rating: [[2]]"
คาปาโดเกีย ตั้งอยู่ในประเทศใด?,"A question about a country!

Kapadokia (Καππαδοκία) is an ancient region in Anatolia, which is now part of modern-day Turkey. Specifically, it is located in the central part of Turkey, in the eastern part of the Central Anatolia Region.",ไก่งวง,lakes,"The assistant's response is in English and does not align with the reference provided, which is in Thai. However, the content of the response is relevant to the question asked, providing accurate information about the location of Cappadocia. Despite the language mismatch, the information is correct and pertinent.

Rating: [[4]] 

However, considering the criteria strictly, the language mismatch and the fact that the reference is not in English or related to the response content, the correct rating should be:

Rating: [[4]]"
ปามุคคาเล่ ตั้งอยู่ในประเทศใด?,"A beautiful question! 🌴

Pamukkale, also known as Hierapolis, is a natural wonder located in Turkey. Specifically, it is situated in the Denizli Province, in the western part of the country, near the city of Denizli.",ไก่งวง,lakes,"The assistant's response is in English and does not align with the reference provided, which is in Thai. However, the content of the response is accurate and relevant to the question asked, but the language mismatch is a significant issue.

Rating: [[4]]"
พระราชวังท็อปกาปึ ตั้งอยู่ในประเทศใด?,"A royal question! 😊

The Topkapi Palace (พระราชวังท็อปกาปึ) is located in Turkey, specifically in Istanbul. It was the primary residence of the Ottoman sultans for over 400 years and is now a museum.",ไก่งวง,lakes,"The assistant's response is in the same language as the reference and aligns with the reference, providing the correct information about the location of the Topkapi Palace.

Rating: [[1]]"
เอฟิซัส ตั้งอยู่ในประเทศใด?,เอฟิซัส (Ephesus) เป็นเมืองโบราณในประเทศตุรกี (Turkey) อยู่ทางตะวันตกเฉียงใต้ของประเทศ ตั้งอยู่ริมฝั่งแม่น้ำไคคัส (Küçük Menderes) ในจังหวัดอิซมีร์ (İzmir),ไก่งวง,lakes,"The assistant's response is in the same language as the reference and aligns with the reference, providing accurate information about the location of Ephesus.

Rating: [[1]]"
ภูเขาเนมรุต ตั้งอยู่ในประเทศใด?,ภูเขาเนมรุต (Nemrut Mountain) ตั้งอยู่ในประเทศตุรกี (Turkey),ไก่งวง,lakes,"The assistant's response is in the same language as the reference and aligns with the reference, providing the correct information about the location of Nemrut Mountain.

Rating: [[1]]"
โรงละครแอสเพนโดส ตั้งอยู่ในประเทศใด?,"A question about the Aspen Drama Theatre!

The Aspen Drama Theatre, also known as the Aspen Stage, is located in Aspen, Colorado, United States.",ไก่งวง,lakes,"The assistant's response is in English and does not align with the reference provided, which is in Thai and unrelated to the content of the assistant's answer.

Rating: [[4]]"
หอคอยกาลาตา ตั้งอยู่ในประเทศใด?,หอคอยกาลาตา (Galata Tower) ตั้งอยู่ในประเทศตุรกี (Turkey) เมืองอิสตันบูล (Istanbul),ไก่งวง,lakes,"The assistant's response is in the same language as the reference and aligns with the reference, providing the correct information about the location of the Galata Tower.

Rating: [[1]]"
โถปัสสาวะบาซิลิกา ตั้งอยู่ในประเทศใด?,"A interesting question!

The Basilica of Our Lady of the Porch of the Bazaar (โถปัสสาวะบาซิลิกา) is a church located in Ayutthaya, Thailand. Specifically, it is situated in the ancient city of Ayutthaya, which is a UNESCO World Heritage Site and a former capital of the Kingdom of Siam (now Thailand).

The Basilica of Our Lady of the Porch of the Bazaar is a Catholic church built in the 17th century and is one of the oldest churches in Thailand. It is known for its unique architecture, which blends European and Asian styles,",ไก่งวง,lakes,"The assistant's response is in English and aligns with the reference provided, as it correctly identifies the location of the Basilica of Our Lady of the Porch of the Bazaar in Ayutthaya, Thailand. However, the reference text is in Thai, which is not aligned with the reference language. Despite this, the content of the answer is accurate and relevant.

Rating: [[2]]"
มาไซมาร่า ตั้งอยู่ในประเทศใด?,"A popular question! 😊

Siam, which is now known as Thailand, is a country located in Southeast Asia. It is situated in the center of the Indochinese Peninsula, bordered by several countries including Myanmar (Burma), Laos, Cambodia, Malaysia, and the Gulf of Thailand. The capital and largest city of Thailand is Bangkok.",เคนย่า,lakes,"The assistant's response is in English but does not align with the reference provided, as it talks about Thailand instead of Kenya.

Rating: [[4]]"
ภูเขาเคนยา ตั้งอยู่ในประเทศใด?,ภูเขาเคนยา (Mount Kenya) ตั้งอยู่ในประเทศเคนยา (Kenya) ในทวีปแอฟริกา!,เคนย่า,lakes,"The assistant's response is in the same language as the reference and aligns with the reference provided.

Rating: [[1]]"
อุทยานแห่งชาติอัมโบเซลี ตั้งอยู่ในประเทศใด?,อุทยานแห่งชาติอัมโบเซลี (Amboseli National Park) ตั้งอยู่ในประเทศเคนยา (Kenya) ประเทศในแอฟริกาตะวันออกเฉียงตะวันออก,เคนย่า,lakes,"The assistant's response is in the same language as the reference and aligns with the reference provided.

Rating: [[1]]"
ทะเลสาบนากูรู ตั้งอยู่ในประเทศใด?,ทะเลสาบนากูรู (Lake Nasser) ตั้งอยู่ในประเทศอียิปต์และสุเดน (Sudan) โดยตั้งอยู่บนแม่น้ำนิล (Nile River) ระหว่างเมืองอัสวานในอียิปต์และเมืองดินาในประเทศสุเดน,เคนย่า,lakes,"The assistant's response is in the same language as the reference but does not align with the reference provided, as Lake Nasser is not the same as Lake Nakuru.

Rating: [[4]]"
อุทยานแห่งชาติซาโว ตั้งอยู่ในประเทศใด?,อุทยานแห่งชาติซาโว (Sagano Bamboo Forest) ตั้งอยู่ในประเทศญี่ปุ่น (Japan),เคนย่า,lakes,"The assistant's response is in the same language but does not align with the reference provided.

Rating: [[4]]"
เมืองเก่าลามู ตั้งอยู่ในประเทศใด?,"A question about a famous ancient city! 😊

เมืองเก่าลามู (Muang Ngoen Luang) is an ancient city located in Laos. Specifically, it is situated in the Xiangkhouang Province of northern Laos, near the border with Vietnam.",เคนย่า,lakes,"The assistant's response is in the same language as the reference but does not align with the reference provided. The correct answer should be Kenya, not Laos.

Rating: [[4]]"
อุทยานแห่งชาติเฮลส์เกต ตั้งอยู่ในประเทศใด?,อุทยานแห่งชาติเฮลส์เกต (Helsgate National Park) ตั้งอยู่ในประเทศนิวซีแลนด์ (New Zealand),เคนย่า,lakes,"The assistant's response is in the same language as the reference but does not align with the reference provided, as the park is actually located in Kenya, not New Zealand.

Rating: [[4]]"
หาดเดียนี ตั้งอยู่ในประเทศใด?,"A beautiful question! 😊

Hat Yai (หาดใหญ่) is a city located in Songkhla Province, Thailand. Specifically, it is situated in the southern part of Thailand, near the border with Malaysia.",เคนย่า,lakes,"The assistant's response is in a different language (English) and does not align with the reference provided, which is in Thai and refers to Kenya.

Rating: [[4]]"
อุทยานแห่งชาติไนโรบี ตั้งอยู่ในประเทศใด?,อุทยานแห่งชาติไนโรบี (Nairobi National Park) ตั้งอยู่ในประเทศเคนยา (Kenya),เคนย่า,lakes,"The assistant's response is in the same language as the reference and aligns with the reference provided.

Rating: [[1]]"
ป้อมพระเยซู ตั้งอยู่ในประเทศใด?,"A famous landmark! 😊

The Pontifical Basilica of the Holy House of Mercy (ป้อมพระเยซู) is located in Ayutthaya, Thailand. Specifically, it is situated in the old city of Ayutthaya, which is a UNESCO World Heritage Site and a popular tourist destination in Thailand.",เคนย่า,lakes,"The assistant's response is in English and does not align with the reference provided, as it states that the landmark is in Thailand, not Kenya.

Rating: [[4]]"
พระราชวังหลวง ตั้งอยู่ในประเทศใด?,พระราชวังหลวง (Grand Palace) ตั้งอยู่ในประเทศไทย (Kingdom of Thailand) โดยตั้งอยู่ในกรุงเทพมหานคร (Bangkok),ประเทศไทย,lakes,"The assistant's response is in the same language as the reference and aligns with the reference provided.

Rating: [[1]]"
วัดอรุณ ตั้งอยู่ในประเทศใด?,วัดอรุณ (Wat Arun) ตั้งอยู่ในประเทศไทย (Thailand) โดยตั้งอยู่ที่กรุงเทพมหานคร (Bangkok) ใกล้ฝั่งธนบุรี (Thonburi) ของแม่น้ำเจ้าพระยา (Chao Phraya River),ประเทศไทย,lakes,"The assistant's response is in the same language as the reference and aligns with the reference provided.

Rating: [[1]]"
ชายหาดภูเก็ต ตั้งอยู่ในประเทศใด?,ชายหาดภูเก็ต (Phuket Beach) is located in ประเทศไทย (Thailand).,ประเทศไทย,lakes,"The assistant's response is in the same language as the reference and aligns with the reference provided.

Rating: [[1]]"
เมืองเก่าเชียงใหม่ ตั้งอยู่ในประเทศใด?,"A question about the old city of Chiang Mai! 😊

เมืองเก่าเชียงใหม่ (Mueang Kao Chiang Mai) is the old city of Chiang Mai, which is located in Thailand. Specifically, it is situated in the northern part of Thailand, in the Chiang Mai Province. The old city is surrounded by a moat and a wall, and it is home to many historic temples, museums, and cultural attractions.",ประเทศไทย,lakes,"The assistant's response is in the same language as the reference and aligns with the reference provided, as it correctly states that the old city of Chiang Mai is located in Thailand.

Rating: [[1]]"
อุทยานประวัติศาสตร์พระนครศรีอยุธยา ตั้งอยู่ในประเทศใด?,อุทยานประวัติศาสตร์พระนครศรีอยุธยา (Ayutthaya Historical Park) ตั้งอยู่ในประเทศไทย (Kingdom of Thailand) โดยเฉพาะอย่างยิ่ง ในจังหวัดพระนครศรีอยุธยา (Ayutthaya Province) ซึ่งเป็นจังหวัดที่มีประวัติศาสตร์สำคัญและเป็นศูนย์กลางของอาณาจักรอยุธยาในอดีต,ประเทศไทย,lakes,"The assistant's response is in the same language as the reference and aligns with the reference provided.

Rating: [[1]]"
หาดไร่เลย์ ตั้งอยู่ในประเทศใด?,"หาดไร่เลย์ (Railay Beach) is located in Thailand. Specifically, it is a beach located in the Krabi Province, in the southern part of the country.",ประเทศไทย,lakes,"The assistant's response is in the same language as the reference and aligns with the reference provided.

Rating: [[1]]"
อุทยานแห่งชาติเอราวัณ ตั้งอยู่ในประเทศใด?,อุทยานแห่งชาติเอราวัณ (Eraw National Park) ตั้งอยู่ในประเทศไทย!,ประเทศไทย,lakes,"The assistant's response is in the same language as the reference and aligns with the reference provided.

Rating: [[1]]"
อุทยานประวัติศาสตร์สุโขทัย ตั้งอยู่ในประเทศใด?,อุทยานประวัติศาสตร์สุโขทัย (Suwannaphum Historical Park) ตั้งอยู่ในประเทศไทย โดยตั้งอยู่ที่อำเภอสุโขทัย จังหวัดสุโขทัย ประเทศไทย,ประเทศไทย,lakes,"The assistant's response is in the same language as the reference and aligns with the reference provided.

Rating: [[1]]"
ตลาดนัดจตุจักร ตั้งอยู่ในประเทศใด?,"ตลาดนัดจตุจักร (Chatuchak Weekend Market) ตั้งอยู่ในประเทศไทย, กรุงเทพมหานคร, เขตจตุจักร (Chatuchak District)",ประเทศไทย,lakes,"The assistant's response is in the same language as the reference and aligns with the reference provided.

Rating: [[1]]"
หมู่เกาะสิมิลัน ตั้งอยู่ในประเทศใด?,"หมู่เกาะสิมิลัน (Similan Islands) ตั้งอยู่ในประเทศไทย (Thailand)  Specifically, it is located in the Andaman Sea, off the coast of Phang Nga Province, in southern Thailand.",ประเทศไทย,lakes,"The assistant's response is in the same language as the reference and aligns with the reference provided.

Rating: [[1]]"
ในประเทศใดที่ เทศกาลพื้นบ้านเมืองคุตซ์ทาวน์ ได้รับการเฉลิมฉลองอย่างกว้างขวาง?,"You're referring to the traditional Thai festival of Loy Krathong!

Loy Krathong is a significant festival in Thailand, where people create and float krathongs (decorative baskets) on rivers and streams to pay respect to the water spirits and release their negative emotions. The festival is usually celebrated on the full moon day of the 12th month in the Thai lunar calendar, which typically falls in November.

During Loy Krathong, people create krathongs from banana leaves, flowers, and other materials, and then float them on the waterways, often accompanied by candles, incense sticks, and other offerings. The",ประเทศสหรัฐอเมริกา,lakes,"The assistant's response is in English and does not align with the reference provided. The reference is in Thai and mentions the United States, while the assistant talks about a Thai festival, which is unrelated to the reference.

Rating: [[4]]"
ในประเทศใดที่ เทศกาลอะโลฮ่า ได้รับการเฉลิมฉลองอย่างกว้างขวาง?,"Aloha Festival! 🌴

The Aloha Festival, also known as the Aloha Week, is a popular cultural festival celebrated in Hawaii, United States. It is a week-long celebration that takes place every year in August, typically from the last week of the month to the first week of September.

During this festival, various events and activities are held to promote Hawaiian culture, music, dance, food, and traditions. Some of the highlights include:

1. Hawaiian music and dance performances
2. Hula competitions
3. Traditional Hawaiian crafts and art exhibits
4. Food festivals featuring local cuisine
5. Cultural workshops and",ประเทศสหรัฐอเมริกา,lakes,"The assistant's response is in English and aligns with the reference provided, as it correctly identifies that the Aloha Festival is celebrated in Hawaii, United States. However, the reference is in Thai, which means the response should ideally be in Thai as well to fully align with the reference.

Rating: [[2]]"
ในประเทศใดที่ เทศกาลดีวาลี ได้รับการเฉลิมฉลองอย่างกว้างขวาง?,"เทศกาลดีวาลี (Diwali) เป็นเทศกาลสำคัญของชาวฮินดูและซิกข์ โดยมีการเฉลิมฉลองอย่างกว้างขวางในหลายประเทศ รวมทั้ง:

1. อินเดีย: ประเทศอินเดียเป็นประเทศที่มีการเฉลิมฉลองเทศกาลดีวาลีอย่างกว้างขวางที่สุด โดยมีการเฉลิมฉลองในหลายรูปแบบ เช่น การประดับไฟ การทำบุญ และการเฉลิมฉลองอาหาร
2. เนปาล: เนปาลเป็น",อินเดีย,lakes,"The assistant's response is in the same language as the reference and aligns with the reference provided, as it correctly identifies India (อินเดีย) as the country where Diwali is widely celebrated.

Rating: [[1]]"
ในประเทศใดที่ โฮลี ได้รับการเฉลิมฉลองอย่างกว้างขวาง?,"A great question! 🎉

In many countries around the world, Halloween is celebrated with great enthusiasm and festivity. Here are some countries where Halloween is widely celebrated:

1. **United States**: Halloween is a major holiday in the United States, with widespread celebrations, parades, and trick-or-treating.
2. **Canada**: Halloween is also popular in Canada, with many communities hosting trick-or-treating events, costume parties, and haunted houses.
3. **Ireland**: As the birthplace of Halloween, Ireland still celebrates the festival with great enthusiasm, with bonfires, costumes, and trick-or-treating.
4",อินเดีย,lakes,"The assistant's response is in English but does not align with the reference provided. The reference is in Thai and the question is about the Holi festival, not Halloween. The assistant's answer is unrelated to the reference and the question.

Rating: [[4]]"
ในประเทศใดที่ กลางฤดูใบไม้ร่วง ได้รับการเฉลิมฉลองอย่างกว้างขวาง?,"There are several countries where the fall season (autumn) is celebrated with great enthusiasm and festivities. Here are a few examples:

1. **Japan**: Japan has a unique autumn foliage season, known as ""koyo"" (), which attracts millions of tourists every year. The country's maple trees turn brilliant shades of red, orange, and yellow, creating a stunning scenery. Many festivals and events are held during this time, such as the Koyo Festival in Tokyo and the Autumn Leaves Festival in Kyoto.
2. **Canada**: Canada is famous for its fall foliage, particularly in provinces like Ontario, Quebec, and British Columbia. The country",จีน,lakes,"The assistant's response is in English but does not align with the reference provided, which is in Thai and mentions China. The assistant should have provided an answer related to China and the celebration of the Mid-Autumn Festival.

Rating: [[4]]"
ในประเทศใดที่ เทศกาลเรือมังกร ได้รับการเฉลิมฉลองอย่างกว้างขวาง?,"A great question! 🎉

The Dragon Boat Festival, also known as the Duan Wu Jie or Dragon Boat Festival, is a traditional Chinese holiday that is widely celebrated in many countries with significant Chinese populations. Here are some countries where the festival is celebrated with great enthusiasm:

1. **China**: The Dragon Boat Festival originated in China, and it is a national holiday in the country. It is celebrated on the fifth day of the fifth month of the traditional Chinese calendar, which usually falls in late May or early June.
2. **Taiwan**: Taiwan also celebrates the Dragon Boat Festival with great enthusiasm, with dragon boat races",จีน,lakes,"The assistant's response is in English and aligns with the reference provided, as it correctly identifies China as the country where the Dragon Boat Festival is widely celebrated. However, the response goes beyond the reference by providing additional information about other countries where the festival is celebrated, which is not penalized as it still aligns with the core of the reference.

Rating: [[2]]"
ในประเทศใดที่ สการ์เล็ตเซลส์ ได้รับการเฉลิมฉลองอย่างกว้างขวาง?,"Scarlett Johansson! 😊

Scarlett Johansson is a beloved actress who has received widespread recognition and accolades for her work in various films. While she has been celebrated in many countries, some countries where she has received significant recognition and fanfare include:

1. United States: As an American actress, Johansson has been widely recognized and celebrated in her home country. She has been nominated for numerous awards, including Academy Awards, Golden Globes, and BAFTAs.
2. United Kingdom: Johansson has a strong following in the UK, where she has appeared in several films, including ""Lost in Translation"" and """,รัสเซีย,lakes,"The assistant's response is in English but does not align with the reference provided. The question is about a celebration called ""สการ์เล็ตเซลส์"" in a specific country, and the assistant incorrectly interpreted it as referring to the actress Scarlett Johansson. 

Rating: [[4]]"
ในประเทศใดที่ มาสเลนิตซา ได้รับการเฉลิมฉลองอย่างกว้างขวาง?,"A great question! 😊

Maslenitsa is a traditional Slavic holiday, and it is celebrated in several countries with significant Slavic populations. Here are some countries where Maslenitsa is widely celebrated:

1. **Russia**: Maslenitsa is a significant holiday in Russia, where it is known as ""Maslenitsa"" or ""Maslenitsa Week"". It is celebrated on the last week before Great Lent, which is the period of 40 days before Easter.
2. **Ukraine**: In Ukraine, Maslenitsa is known as ""Масниця"" (Masnytsia)",รัสเซีย,lakes,"The assistant's response is in English and aligns with the reference provided, as it correctly identifies Russia as a country where Maslenitsa is widely celebrated. However, the response goes beyond the reference by including additional information about Ukraine, which is not penalized as it still aligns with the context of the question.

Rating: [[2]]"
ในประเทศใดที่ จานาดรียาห์ ได้รับการเฉลิมฉลองอย่างกว้างขวาง?,"A great question! 🎉

In many countries around the world, Diwali, the Hindu festival of lights, is celebrated with great enthusiasm and grandeur. Here are some countries where Diwali is widely celebrated:

1. **India**: As the birthplace of Hinduism, India is where Diwali is celebrated with the most fervor. The festival is a national holiday in India, and people across the country come together to light diyas, exchange gifts, and share sweets.
2. **Nepal**: Nepal, a predominantly Hindu country, celebrates Diwali with great enthusiasm. The festival is known as",ซาอุดิอาระเบีย,lakes,"The assistant's response is in English but does not align with the reference provided. The reference is in Thai and mentions Saudi Arabia, while the assistant's response discusses the celebration of Diwali, which is unrelated to the reference.

Rating: [[4]]"
ในประเทศใดที่ เจดดาห์ ได้รับการเฉลิมฉลองอย่างกว้างขวาง?,"A great question! 😊

In many countries around the world, Eid al-Fitr (also known as Eid al-Fitr or Hari Raya Puasa) is a significant holiday that is widely celebrated by Muslims. Here are some countries where Eid al-Fitr is a public holiday and is celebrated with great enthusiasm:

1. **Indonesia**: Eid al-Fitr is a national holiday in Indonesia, and it's a time for family gatherings, feasting, and gift-giving.
2. **Malaysia**: In Malaysia, Eid al-Fitr is a public holiday, and it's a time for Muslims to break their fast and",ซาอุดิอาระเบีย,lakes,"The assistant's response is in English but does not align with the reference provided. The reference is in Thai and mentions Saudi Arabia, while the assistant's response talks about Eid al-Fitr celebrations in Indonesia and Malaysia.

Rating: [[4]]"
ในประเทศใดที่ วันบาสตีย์ ได้รับการเฉลิมฉลองอย่างกว้างขวาง?,"A great question! 🎉

In many countries, Easter (also known as Easter Monday or Pascha) is a public holiday and is widely celebrated. Here are some countries where Easter is a significant holiday:

1. **Germany**: Easter is a public holiday in Germany, and it's a time for family gatherings, traditional foods, and Easter egg decorating.
2. **Italy**: In Italy, Easter is a significant holiday, and it's known as ""Pasqua"". It's a time for family reunions, traditional foods, and processions.
3. **Spain**: Easter is a public holiday in Spain, and it's",ฝรั่งเศส,lakes,"The assistant's response is in English but does not align with the reference provided. The reference is in Thai and mentions France, while the assistant talks about Easter celebrations in different countries, which is unrelated to the question about Bastille Day.

Rating: [[4]]"
ในประเทศใดที่ งานคาร์นิวัลสุดน่ารัก ได้รับการเฉลิมฉลองอย่างกว้างขวาง?,"There are many countries that celebrate Carnival with great enthusiasm and grandeur. Here are a few examples:

1. **Brazil**: Brazil's Carnival is one of the most famous and largest in the world, attracting millions of visitors each year. The Carnival in Rio de Janeiro is a 5-day celebration before Lent, featuring parades, music, and dancing in the streets.
2. **Trinidad and Tobago**: Trinidad and Tobago's Carnival is a vibrant and colorful celebration that takes place in Port of Spain, the capital city. It's known for its steel drum music, colorful costumes, and energetic street parties.
3. **C",ฝรั่งเศส,lakes,"The assistant's response is in English and does not align with the reference provided, which is in Thai and mentions France.

Rating: [[4]]"
ในประเทศใดที่ ไก่ จาตรา ได้รับการเฉลิมฉลองอย่างกว้างขวาง?,"A fun question! 🐓

In many countries, chickens are considered a symbol of good luck, prosperity, and fertility, and are celebrated in various ways. Here are a few examples:

1. **Japan**: In Japan, chickens are considered a symbol of good luck and prosperity, especially during the New Year (Oshogatsu). On January 7th, the Japanese celebrate ""Tori no Ichi"" (Chicken Day), where people visit shrines and temples to pray for good luck and prosperity, and offer chickens as a symbol of gratitude.
2. **Thailand**: In Thailand, chickens are considered a symbol of",เนปาล,lakes,"The assistant's response is in English but does not align with the reference provided, which is in Thai and mentions Nepal. The assistant did not answer the question about the country where the Jaatra festival is celebrated.

Rating: [[4]]"
ในประเทศใดที่ อินทรา จาตรา ได้รับการเฉลิมฉลองอย่างกว้างขวาง?,"A great question! 🎉

Intra Jatra, also known as the ""Festival of Lights"", is a significant cultural event in Nepal, particularly in the Kathmandu Valley. It is celebrated with great enthusiasm and grandeur, especially in the cities of Kathmandu, Patan, and Bhaktapur.

During Intra Jatra, the streets are filled with vibrant processions, colorful decorations, and lively music. The festival is a celebration of the victory of Lord Krishna over the demon king, Narasimha, and is marked by the worship of Lord Krishna and his consort, Radha.

The festival is",เนปาล,lakes,"The assistant's response is in English and aligns with the reference provided, as it correctly identifies Nepal as the country where Indra Jatra is celebrated. However, there are a few inaccuracies in the details provided, such as the festival being referred to as ""Intra Jatra"" and the incorrect association with Lord Krishna and Radha, which are not part of the Indra Jatra festival. Despite these inaccuracies, the core answer is correct.

Rating: [[2]]"
ในประเทศใดที่ ฮานามิ ได้รับการเฉลิมฉลองอย่างกว้างขวาง?,"A great question! 🎉

Hanami () is a traditional Japanese custom of enjoying the beauty of cherry blossoms (sakura) and is widely celebrated in Japan. In fact, Japan is the country where Hanami is most deeply rooted and widely celebrated.

During the blooming season, usually from late March to early May, many Japanese cities and towns hold Hanami festivals (Hanami Matsuri) to celebrate the beauty of the cherry blossoms. These festivals typically feature food stalls, games, and traditional performances, as well as picnics and viewing parties under the blooming trees.

Some of the most famous Hanami spots",ประเทศญี่ปุ่น,lakes,"The assistant's response is in English and aligns with the reference provided, as it correctly identifies Japan as the country where Hanami is widely celebrated.

Rating: [[2]]"
ในประเทศใดที่ เทศกาลกิอง ได้รับการเฉลิมฉลองอย่างกว้างขวาง?,"เทศกาลกิอง (Lantern Festival) หรือเทศกาลไฟ (Lantern Festival) เป็นเทศกาลสำคัญในหลายประเทศที่มีเชื้อสายเอเชีย โดยเทศกาลนี้ได้รับการเฉลิมฉลองอย่างกว้างขวางในหลายประเทศ รวมทั้ง

1. ประเทศจีน (China) - เทศกาลกิองจีน (Chinese Lantern Festival) หรือ (Yuanxiao Jie) เป็นเทศกาลสำคัญที่จัดขึ้นในวันที่ 15 ของเดือนแรก",ประเทศญี่ปุ่น,lakes,"The assistant's response is in the same language as the reference but does not align with the reference provided. The reference is ""ประเทศญี่ปุ่น"" (Japan), but the assistant's answer mentions several countries, primarily China, and does not specifically mention Japan.

Rating: [[4]]"
ในประเทศใดที่ ออบซินกี้ ได้รับการเฉลิมฉลองอย่างกว้างขวาง?,"A great question! 🎉

Ozzy Osbourne, the Prince of Darkness, has been celebrated in many countries around the world, but I'll highlight a few notable ones:

1. **United Kingdom**: As the lead vocalist of Black Sabbath, Ozzy is a British icon, and his hometown of Birmingham, England, has honored him with a statue and a street named after him.
2. **United States**: Ozzy has had a significant impact on American rock music, and his solo career has been widely successful. He has been inducted into the Rock and Roll Hall of Fame and has a star on the Hollywood Walk",ยูเครน,lakes,"The assistant's response is in English but does not align with the reference provided. The reference is in Thai and mentions Ukraine, while the assistant's response is about Ozzy Osbourne and does not address the question about where Obzinsky is celebrated.

Rating: [[4]]"
ในประเทศใดที่ อะโพครีส์ ได้รับการเฉลิมฉลองอย่างกว้างขวาง?,"A great question! 😊

In many countries around the world, April Fools' Day (also known as All Fools' Day) is widely celebrated on April 1st. Here are some countries where April Fools' Day is particularly popular:

1. **United States**: In the US, April Fools' Day is a national holiday, and people love to play pranks on each other. Many media outlets and companies also participate in the fun, often with elaborate hoaxes and fake news stories.
2. **Canada**: Canadians also enjoy playing pranks on each other on April 1st, and many businesses and",กรีซ,lakes,"The assistant's response is in English but does not align with the reference provided. The reference is in Thai and mentions Greece, while the assistant talks about April Fools' Day in various countries, which is unrelated to the reference.

Rating: [[4]]"
ในประเทศใดที่ โอฮิเดย์ ได้รับการเฉลิมฉลองอย่างกว้างขวาง?,"A great question! 🎉

In many countries around the world, Christmas (คริสต์มาส) is a widely celebrated holiday. However, if you're asking about a specific country where Ohidey (โอฮิเดย์) is widely celebrated, I'm assuming you're referring to the Japanese New Year, also known as Oshogatsu (お正月) or Ohidey in Thai.

In Japan, the New Year (Oshogatsu) is a significant holiday, and it's celebrated with great enthusiasm and traditions. The Japanese New Year is a time for family reunions, visits to shrines and",กรีซ,lakes,"The assistant's response is in English and does not align with the reference provided. The reference is in Thai and mentions ""กรีซ"" (Greece), but the assistant talks about Christmas and the Japanese New Year, which are unrelated to the reference.

Rating: [[4]]"
ในประเทศใดที่ รอมฎอน บายรอม ได้รับการเฉลิมฉลองอย่างกว้างขวาง?,"Ramadan Bayram (also known as Eid al-Fitr) is a significant holiday in many countries with a significant Muslim population. Here are some countries where Ramadan Bayram is widely celebrated:

1. **Indonesia**: As the world's most populous Muslim-majority country, Indonesia celebrates Ramadan Bayram with great enthusiasm. The holiday is a national holiday, and many Indonesians fast during Ramadan, followed by feasting and gift-giving on the day of Eid.
2. **Pakistan**: Pakistan is a predominantly Muslim country, and Ramadan Bayram is a national holiday. The country's capital, Islamabad, is decorated with lights and decorations,",ไก่งวง,lakes,"The assistant's response is in English and does not align with the reference provided, which is in Thai and refers to a different topic (turkeys).

Rating: [[4]]"
ในประเทศใดที่ คูร์บัน บายราม ได้รับการเฉลิมฉลองอย่างกว้างขวาง?,"A great question! 🎉

Kurban Bayram, also known as Eid al-Adha, is a significant Islamic holiday that is celebrated by Muslims around the world. It is a festival that commemorates the willingness of the Prophet Ibrahim (Abraham) to sacrifice his son Ismail (Ishmael) as an act of obedience to God's command.

In many countries with significant Muslim populations, Kurban Bayram is a public holiday and is celebrated with great enthusiasm and fanfare. Here are some countries where Kurban Bayram is widely celebrated:

1. **Turkey**: In Turkey, Kurban Bayram is a",ไก่งวง,lakes,"The assistant's response is in English and does not align with the reference provided, which is in Thai and asks about the country where Kurban Bayram is widely celebrated. The assistant started to provide a detailed answer about the holiday but did not directly answer the question.

Rating: [[4]]"
ในประเทศใดที่ วันจามฮูรี ได้รับการเฉลิมฉลองอย่างกว้างขวาง?,"วันจามฮูรี (Jum'atul Jum'ah) หรือวันศุกร์ใหญ่ เป็นวันสำคัญในอิสลามที่เฉลิมฉลองในวันศุกร์แรกของเดือนรอมะฎอน (Ramadhan) ซึ่งเป็นเดือนแห่งการอดอาหารและทำความดีในช่วงกลางคืน

ประเทศที่วันจามฮูรีได้รับการเฉลิมฉลองอย่างกว้างขวาง ได้แก่:

1. ประเทศอินโดนีเซีย: ในอินโ",เคนย่า,lakes,"The assistant's response is in the same language as the reference but does not align with the reference provided. The reference is ""เคนย่า"" (Kenya), but the assistant's answer lists Indonesia as a country where Jum'atul Jum'ah is widely celebrated, which is not aligned with the reference.

Rating: [[4]]"
ในประเทศใดที่ วันมาดารากะ ได้รับการเฉลิมฉลองอย่างกว้างขวาง?,"A great question! 🎉

In many countries around the world, Madaraka Day is celebrated with great enthusiasm and fanfare. Here are a few examples:

1. **Kenya**: Madaraka Day is a national public holiday in Kenya, celebrated on June 1st every year. It commemorates the day in 1963 when Kenya gained internal self-governance from British colonial rule, marking a significant step towards independence.
2. **Tanzania**: Although Tanzania gained independence from British colonial rule in 1964, Madaraka Day is still celebrated on June 1st to recognize the country's historical",เคนย่า,lakes,"The assistant's response is in English and aligns with the reference provided, as it correctly identifies Kenya as the country where Madaraka Day is celebrated. However, the response includes additional information about Tanzania, which is not relevant to the question.

Rating: [[2]]"
ในประเทศใดที่ สงกรานต์ ได้รับการเฉลิมฉลองอย่างกว้างขวาง?,"สงกรานต์ (Songkran) is a traditional Thai New Year's festival, and it is widely celebrated in Thailand. In fact, it is one of the most important and popular festivals in Thailand, and it is celebrated with great enthusiasm and enthusiasm throughout the country.

During Songkran, Thais engage in various activities such as:

1. Water fights: People pour water on each other as a way of washing away the sins of the past year and to bring good luck in the new year.
2. Family gatherings: Families come together to share meals, exchange gifts, and pay respects to their elders.
3. Temple",ประเทศไทย,lakes,"The assistant's response is in the same language as the reference and aligns with the reference, providing accurate and relevant information about the celebration of Songkran in Thailand.

Rating: [[1]]"
ในประเทศใดที่ ลอยกระทง ได้รับการเฉลิมฉลองอย่างกว้างขวาง?,"A great question! 🎉

In many countries, Loy Krathong (ลอยกระทง) is a significant festival, but some countries celebrate it more widely and enthusiastically than others. Here are a few examples:

1. **Thailand**: Loy Krathong is a national holiday in Thailand, and it's one of the most popular and widely celebrated festivals in the country. Thais celebrate by releasing krathongs (decorative floats) on rivers, canals, and streams, and there are many festivals and events held throughout the country.
2. **Myanmar (Burma)**: Loy Krathong is also",ประเทศไทย,lakes,"The assistant's response is in English and aligns with the reference provided, as it correctly identifies Thailand as the country where Loy Krathong is widely celebrated. However, the response is not entirely in the same language as the reference, which is Thai.

Rating: [[2]]"
ไมเคิล จอร์แดน มาจากประเทศใด?,ไมเคิล จอร์แดน (Michael Jordan) เป็นนักบาสเก็ตบอลชาวอเมริกัน เขาเกิดเมื่อวันที่ 17 กุมภาพันธ์ ค.ศ. 1963 ที่เมืองBrooklyn รัฐนิวยอร์ก สหรัฐอเมริกา,ประเทศสหรัฐอเมริกา,athletes,"The assistant's response is in the same language as the reference and aligns with the reference provided, as it correctly states that Michael Jordan is from the United States of America.

Rating: [[1]]"
เซเรน่า วิลเลียมส์ มาจากประเทศใด?,"Serenah Williams (เซเรน่า วิลเลียมส์) is an American professional tennis player, not from Thailand. She was born on September 26, 1981, in Saginaw, Michigan, United States.",ประเทศสหรัฐอเมริกา,athletes,"The assistant's response is in the same language as the reference and aligns with the reference, as it correctly states that Serena Williams is from the United States.

Rating: [[1]]"
ไทเกอร์ วูดส์ มาจากประเทศใด?,"A famous question! 😄

Tiger Woods is an American professional golfer, and he was born on December 30, 1975, in Cypress, California, United States.",ประเทศสหรัฐอเมริกา,athletes,"The assistant's response is in English and aligns with the reference provided, as it correctly states that Tiger Woods is from the United States, which is the country referred to in the reference (ประเทศสหรัฐอเมริกา).

Rating: [[2]]"
ทอม เบรดี้ มาจากประเทศใด?,"Tom Brady is an American football quarterback who plays for the Tampa Bay Buccaneers of the National Football League (NFL). He was born on August 3, 1977, in San Mateo, California, United States.",ประเทศสหรัฐอเมริกา,athletes,"The assistant's response is in English and aligns with the reference provided, as it correctly states that Tom Brady is from the United States.

Rating: [[2]]"
เลอบรอน เจมส์ มาจากประเทศใด?,"LeBron James is an American professional basketball player who was born on December 30, 1984, in Akron, Ohio, United States.",ประเทศสหรัฐอเมริกา,athletes,"The assistant's response is in English and aligns with the reference provided, as it correctly states that LeBron James is from the United States, which is the country referred to in the reference (ประเทศสหรัฐอเมริกา).

Rating: [[2]]"
มูฮัมหมัด อาลี มาจากประเทศใด?,"Muhammad Ali (1942-2016) was an American professional boxer, social activist, and philanthropist. He was born Cassius Marcellus Clay Jr. on January 17, 1942, in Louisville, Kentucky, United States.",ประเทศสหรัฐอเมริกา,athletes,"The assistant's response is in English and aligns with the reference provided, as it correctly states that Muhammad Ali is from the United States, which is the country referred to in the reference (ประเทศสหรัฐอเมริกา).

Rating: [[2]]"
ซิโมน ไบลส์ มาจากประเทศใด?,"A famous question! 😄

Simone Biles is an American artistic gymnast, not from a foreign country. She was born on March 14, 1997, in Columbus, Ohio, United States.",ประเทศสหรัฐอเมริกา,athletes,"The assistant's response is in English and aligns with the reference provided, as it correctly states that Simone Biles is from the United States, which is the country referred to in the reference (ประเทศสหรัฐอเมริกา).

Rating: [[2]]"
ไมเคิล เฟลปส์ มาจากประเทศใด?,ไมเคิล เฟลปส์ (Michael Phelps) เป็นนักว่ายน้ำชาวอเมริกัน เขาเกิดเมื่อวันที่ 30 มิถุนายน ค.ศ. 1985 ที่รัฐแมริแลนด์ สหรัฐอเมริกา,ประเทศสหรัฐอเมริกา,athletes,"The assistant's response is in the same language as the reference and aligns with the reference provided.

Rating: [[1]]"
ฌอน ไวท์ มาจากประเทศใด?,"ฌอน ไวท์ (Shawn White) เป็นนักสกีครอสและนักเล่นสเก็ตบอร์ดชาวอเมริกัน เขาเกิดเมื่อวันที่ 9 พฤษภาคม ค.ศ. 1980 ที่ San Diego, California, United States",ประเทศสหรัฐอเมริกา,athletes,"The assistant's response is in the same language as the reference and aligns with the reference, as it correctly states that Shaun White is from the United States.

Rating: [[1]]"
คาร์ล ลูอิส มาจากประเทศใด?,"A question about a famous scientist!

Karl Lewis is not a well-known scientist, but I'm assuming you meant to ask about Carl Lewis, the American track and field athlete.

Carl Lewis is an American former track and field athlete who was born on July 1, 1961, in Birmingham, Alabama, United States. He is a nine-time Olympic gold medalist and a twelve-time World Champion, and is widely regarded as one of the greatest athletes of all time.",ประเทศสหรัฐอเมริกา,athletes,"The assistant's response is in English and aligns with the reference, as it correctly identifies Carl Lewis as an American athlete. However, the response starts with an assumption and a correction, which is not directly aligned with the question asked. Despite this, the core information provided is correct and relevant.

Rating: [[2]]"
ซาชิน เทนดูลการ์ มาจากประเทศใด?,"A famous question!

Sachin Tendulkar is an Indian cricketer who is widely regarded as one of the greatest batsmen in the history of the game. He was born on April 24, 1973, in Bombay (now Mumbai), India.",อินเดีย,athletes,"The assistant's response is in English and aligns with the reference provided, as it correctly states that Sachin Tendulkar is from India.

Rating: [[2]]"
วิรัต โคห์ลี มาจากประเทศใด?,"A famous question!

Worrawut Kohli (วิรัต โคห์ลี) is a Thai professional footballer who plays as a midfielder for the Thailand national team and the Thai club BG Pathum United.",อินเดีย,athletes,"The assistant's response is in the same language as the reference but does not align with the reference provided, as it talks about a Thai footballer instead of the Indian cricketer Virat Kohli.

Rating: [[4]]"
พี.วี. สินธุ มาจากประเทศใด?,"A question about a famous Thai surname! 😊

""พี.วี. สินธุ"" is a Thai surname, and it is written in the Romanization of Thai script as ""P.V. Sinthu"".

The ""P.V."" is an abbreviation of the Thai name ""พีระวิทย์"" (Pirawit), which is a common Thai given name. ""สินธุ"" (Sinthu) is a Thai surname, which means ""wealth"" or ""fortune"".

So, to answer your question, ""พี.วี. สินธุ"" is a Thai surname, and",อินเดีย,athletes,"The assistant's response is in the same language as the reference but does not align with the reference provided, as it does not answer the question about the country of origin for P.V. Sinthu.

Rating: [[4]]"
แมรี่ โคม มาจากประเทศใด?,"A simple question!

Mary Kom is an Indian professional boxer from Manipur, India. Her full name is Mary Kom Hmangte, and she was born on November 1, 1983, in Kangathei, Manipur. She is a five-time World Amateur Boxing Champion and the only woman to win a medal in each of the six World Championships. She is also a Member of Parliament from the Inner Manipur constituency.",อินเดีย,athletes,"The assistant's response is in English and aligns with the reference provided, as it correctly identifies Mary Kom as being from India, which is the country mentioned in the reference.

Rating: [[2]]"
โรหิต ชาร์มา มาจากประเทศใด?,"A question about a famous Indian actor!

Rohit Sharma is an Indian cricketer, not an actor. He is a right-handed top-order batsman and a right-arm medium-pace bowler who plays for the Indian national team. He was born on April 30, 1987, in Bansdrona, Nagpur, Maharashtra, India.",อินเดีย,athletes,"The assistant's response is in English and aligns with the reference provided, as it correctly identifies Rohit Sharma as being from India. However, the assistant added unnecessary information about Rohit Sharma being a cricketer and not an actor, which was not asked for in the question. Despite this, the core answer is correct.

Rating: [[2]]"
นางสาว โธนี มาจากประเทศใด?,"A question about a famous Thai celebrity!

นางสาว โธนี (Nong Noot) is a Thai actress and model, and her full name is Nong Noot Suntaraphorn. She was born in Bangkok, Thailand.",อินเดีย,athletes,"The assistant's response is in the same language as the reference and aligns with the reference, as it correctly identifies that Nong Noot Suntaraphorn is from Thailand, which is the correct answer to the question about her origin. However, the reference provided is in Thai and mentions ""อินเดีย"" (India), which is not relevant to the answer given. The assistant's response does not align with the reference, but it does answer the question correctly.

Rating: [[4]] 

However, if the reference is considered irrelevant to the question, the response should be rated based on its alignment with the question, which it does correctly answer. In that case, the rating would be:

Rating: [[1]] 

Given the criteria, the assistant's response should be rated based on its alignment with the reference, not the question, so the correct rating is:

Rating: [[4]]"
อภินัฟ บินดรา มาจากประเทศใด?,"A question about a famous Thai celebrity!

Abhinandita ""Abby"" Bunditnadda is a Thai model and beauty pageant titleholder who was born in Bangkok, Thailand. She was crowned Miss Thailand Universe 2009 and represented Thailand at the Miss Universe 2010 pageant.",อินเดีย,athletes,"The assistant's response is in English and does not align with the reference provided, as it discusses a Thai celebrity instead of the Indian context.

Rating: [[4]]"
นีราช โชปรา มาจากประเทศใด?,"A question about a famous Thai dish! 🍲

""Ni Ratcha Chop"" (นีราช โชปรา) is a popular Thai dish that originated from the northeastern region of Thailand, specifically from the Isaan (อีสาน) region. The name ""Ni Ratcha"" literally means ""royal"" or ""noble"", and ""Chop"" refers to the stir-fry cooking method.

This dish is a flavorful and spicy stir-fry made with a variety of ingredients, including meat (usually pork or chicken), vegetables, chilies, garlic, and herbs like cilantro and Thai basil.",อินเดีย,athletes,"The assistant's response is in the same language as the reference but does not align with the reference provided. The question is about the origin of a person, not a dish, and the assistant's response is completely unrelated to the reference and the question.

Rating: [[4]]"
สุนิล เชตรี มาจากประเทศใด?,สุนิล เชตรี (Sunil Chhetri) เป็นนักฟุตบอลชาวอินเดีย เขาเกิดเมื่อวันที่ 3 กรกฎาคม ค.ศ. 1984 ที่เมืองเบงกาลูรู รัฐกรณataka ประเทศอินเดีย,อินเดีย,athletes,"The assistant's response is in the same language as the reference and aligns with the reference provided.

Rating: [[1]]"
ลีนเดอร์ เปส มาจากประเทศใด?,"A question about the origin of a popular brand!

Linder (also known as Linder PEPS) is a brand of instant noodles that originated from Thailand. The company was founded in 1984 by a Thai entrepreneur named Pongcharn Linder, and the name ""Linder"" is a combination of his name and the word ""ender"", which means ""to end"" or ""to finish"" in Thai.

Linder PEPS is known for its popular instant noodle products, such as Linder PEPS Mi Goreng and Linder PEPS Tom Yum, which are widely available in Thailand and other countries in Southeast",อินเดีย,athletes,"The assistant's response is in English and does not align with the reference provided, as the question was about the origin of a person, not a brand.

Rating: [[4]]"
เหยาหมิง มาจากประเทศใด?,"A question about the famous Chinese character ""เหยาหมิง""!

เหยาหมิง (Xiǎo Míng) is a Chinese name, and ""Xiǎo"" means ""little"" or ""small"", while ""Míng"" means ""bright"" or ""famous"". So, ""เหยาหมิง"" literally means ""Little Bright"" or ""Small Famous"".

As for the country, ""เหยาหมิง"" is a Chinese name, and China is the country of origin.",จีน,athletes,"The assistant's response is in the same language as the reference and aligns with the reference, providing a correct and detailed answer about Yao Ming's origin.

Rating: [[1]]"
หลี่นา มาจากประเทศใด?,"A question about the origin of a popular Thai dish! 🍲

""ลาบ"" (Laab) is a spicy and sour salad-like dish that originated from Thailand. The word ""ลาบ"" is derived from the Thai language, and it is a popular dish in Thai cuisine.

In Thai, ""ลาบ"" literally means ""to pound"" or ""to crush"", which refers to the process of pounding the ingredients together to create the dish. The dish typically consists of minced meat (usually beef, pork, or chicken), herbs, chilies, lime juice, fish sauce, and other seasonings, all mixed together and",จีน,athletes,"The assistant's response is in a different language (English) and does not align with the reference or the question provided. The response is about a Thai dish, while the question is about the origin of a person named หลี่นา (Li Na).

Rating: [[4]]"
หลินตัน มาจากประเทศใด?,"A question about Lin Tun!

Lin Tun (လင်းတန်) is a common Burmese name, and it is not a surname that is typically associated with a specific country. However, I can provide some context.

In Myanmar (also known as Burma), Lin Tun is a common name among the Burmese people, who are the majority ethnic group in the country. The name Lin Tun is derived from the Pali word ""Līntaṅ"" (လင်းတန်), which means ""to be in harmony",จีน,athletes,"The assistant's response is in English and does not align with the reference provided, which is in Thai and refers to China. The assistant's answer is about a Burmese name and does not address the question about the country of origin for ""หลินตัน"" (Lin Dan).

Rating: [[4]]"
หม่าหลง มาจากประเทศใด?,"A popular question! 🍲

Ma Lai Go (also known as Mango Sticky Rice) is a traditional Thai dessert that originated from Thailand. The dish consists of sweet, ripe mango served with sticky rice cooked in coconut milk and sugar. It's a classic Thai dessert that's often served at special occasions and is a popular snack in Thailand.

The name ""Ma Lai Go"" is a combination of the Thai words ""ma"" (มะ) meaning ""mango"" and ""lai"" (ลай) meaning ""sticky rice"". So, Ma Lai Go literally means ""mango sticky rice"" in Thai!",จีน,athletes,"The assistant's response is in a different language (English) and does not align with the reference provided, which is in Thai. The assistant also provides information about a Thai dessert, which is unrelated to the question about the country of origin for ""หม่าหลง"" (Ma Long).

Rating: [[4]]"
จางจี้เคอ มาจากประเทศใด?,"A popular question! 😊

""จางจี้เคอ"" (Zhang Jike) is a Chinese table tennis player, and he is from China. His full name is Zhang Jike (张继科) and he was born on February 10, 1988, in Tianjin, China. He is a three-time Olympic champion, five-time World Champion, and one of the most successful table tennis players of all time.",จีน,athletes,"The assistant's response is in the same language as the reference and aligns with the reference provided.

Rating: [[1]]"
ซุน หยาง มาจากประเทศใด?,"A popular question! 😊

Sun Yang (ซุน หยาง) is a Chinese swimmer, not a Thai person. His full name is Sun Yang (孙杨) in Chinese characters, and he was born on December 1, 1991, in Hangzhou, Zhejiang, China. He is a multiple Olympic and World Championship gold medalist in the 200m and 400m individual medley events.",จีน,athletes,"The assistant's response is in English and aligns with the reference provided, as it correctly identifies that Sun Yang is from China.

Rating: [[2]]"
กู่ อ้ายหลิง (อีลีน กู่) มาจากประเทศใด?,"A popular question! 😊

กู่ อ้ายหลิง (Gū Āi Líng) is a Chinese name, and ""อีลีน กู่"" is the romanization of her name in Thai script.

According to various sources, Gū Āi Líng (also known as Gu Ai Ling or Elaine Gu) is a Chinese actress from Taiwan.",จีน,athletes,"The assistant's response is in the same language as the reference and aligns with the reference, providing relevant information about Gu Ai Ling's origin.

Rating: [[1]]"
หวู่ต้าจิง มาจากประเทศใด?,"A popular question! 😊

หวู่ต้าจิง (Wūtái Jīng) is a type of Chinese tea, and ""Wūtái"" refers to the Wuyi Mountains in Fujian Province, China. Specifically, Wūtāi Jīng is a type of oolong tea that originates from the Wuyi Mountains, which is a UNESCO World Heritage Site.

The Wuyi Mountains are located in the southeastern part of Fujian Province, and they are known for their rich tea-making history and unique tea cultivars. Wūtāi Jīng is one of",จีน,athletes,"The assistant's response is in the same language as the reference and aligns with the reference, but it provides more detailed information than necessary. However, it does not deviate from the core of the question, which is about the origin of หวู่ต้าจิง (Wūtái Jīng).

Rating: [[1]]"
เกาหลิง มาจากประเทศใด?,"A question about the origin of the word ""เกาหลิง""!

""เกาหลิง"" is a Thai word that is often used to refer to a Korean person or something related to Korea. The word ""เกาหลิง"" is a loanword from the Thai language, and it is believed to have been borrowed from the Chinese character """" (hánrén), which means ""Korean person"" or ""Korean"".

In Thai, the word ""เกาหลิง"" is often used to refer to a Korean person, especially in informal settings or in a playful or affectionate manner. For example, a Thai person might say """,จีน,athletes,"The assistant's response is in a different language (Thai) and partially aligns with the reference, as it discusses the origin of the term ""เกาหลิง"" and its relation to Korea. However, it does not directly answer the question about the country of origin.

Rating: [[3]]"
เฉินหลง มาจากประเทศใด?,"A famous question! 😄

Jackie Chan, whose birth name is Chan Kong-sang (陳港生), is a Hong Kong martial artist, actor, film director, and singer. He was born on April 7, 1954, in Victoria Peak, Hong Kong, which was a British colony at that time. Today, Hong Kong is a Special Administrative Region of China.

So, to answer your question, Jackie Chan is from Hong Kong! 🇭🇰",จีน,athletes,"The assistant's response is in English and does not align with the reference provided, as the reference is in Thai and mentions ""China"" (จีน). The assistant's answer, while informative, does not directly address the question in the context of the reference.

Rating: [[4]]"
มาเรีย ชาราโปวา มาจากประเทศใด?,Maria Sharapova มาจากประเทศรัสเซีย (Russia),รัสเซีย,athletes,"Response: The assistant's response is in the same language as the reference and aligns with the reference provided.

Rating: [[1]]"
เยฟเกนี่ คาเฟลนิคอฟ มาจากประเทศใด?,"A famous Russian name! 😊

Yevgeny Kafeelnikov (Евгений Кафельников) is a Russian former professional tennis player. He was born on August 18, 1972, in Sochi, Russian SFSR, Soviet Union (now Russia).",รัสเซีย,athletes,"The assistant's response is in English and aligns with the reference provided, as it correctly identifies Yevgeny Kafeelnikov as being from Russia.

Rating: [[2]]"
อเล็กซานเดอร์ โอเวชกิน มาจากประเทศใด?,"Alexander Ovechkin (อเล็กซานเดอร์ โอเวชกิน) is a Russian professional ice hockey winger who plays for the Washington Capitals of the National Hockey League (NHL). He was born on September 17, 1985, in Moscow, Russia.",รัสเซีย,athletes,"The assistant's response is in the same language as the reference and aligns with the reference provided.

Rating: [[1]]"
เยฟเกนี พลูเชนโก มาจากประเทศใด?,เยฟเกนี พลูเชนโก (Yevgeni Plushenko) เป็นนักกระโดดสกีและนักแสดงละครสเก็ตจากประเทศรัสเซีย (Russia) เกิดเมื่อวันที่ 3 พฤศจิกายน ค.ศ. 1982 ที่เมืองเซนต์ปีเตอร์สเบิร์ก ประเทศรัสเซีย,รัสเซีย,athletes,"Response: The assistant's response is in the same language as the reference and aligns with the reference provided.

Rating: [[1]]"
อาลีน่า ซาจิโตวา มาจากประเทศใด?,"A famous name! Alina Zagitova is a Russian figure skater, and she represents Russia in international competitions. She was born on May 18, 1998, in Izhevsk, Russia.",รัสเซีย,athletes,"The assistant's response is in English and aligns with the reference provided, as it correctly identifies that Alina Zagitova is from Russia.

Rating: [[2]]"
เซอร์เกย์ บุบก้า มาจากประเทศใด?,"A popular question!

เซอร์เกย์ บุบก้า (Sergey Bubka) is a Ukrainian former pole vaulter, not a person from a specific country. He is a Ukrainian athlete who was born on December 17, 1963, in Luhansk, Ukrainian SSR (now Ukraine).",รัสเซีย,athletes,"The assistant's response is in the same language as the reference and provides accurate information about Sergey Bubka's origin, which is Ukraine, not Russia. However, the response does not directly state that Sergey Bubka is from Ukraine, which could be seen as a minor misalignment with the reference. Despite this, the information provided is relevant and correct.

Rating: [[1]]"
ดานิล เมดเวเดฟ มาจากประเทศใด?,"A famous question!

Danylo Medvedev (Данило Медведєв) is a Ukrainian professional footballer who plays as a midfielder for the Ukraine national team and for the Ukrainian club Dynamo Kyiv. He was born on May 2, 1991, in Kharkiv, Ukraine.",รัสเซีย,athletes,"The assistant's response is in English and does not align with the reference provided, as it discusses a different person and country.

Rating: [[4]]"
การรี คาสปารอฟ มาจากประเทศใด?,"A great question about a famous mathematician!

Andrey Nikolaevich Kolmogorov (Андrey Николаевич Колмогоров) was a Russian mathematician, born on April 25, 1903, in Tambov, Russian Empire (now Russia). He is considered one of the most important mathematicians of the 20th century, and his work had a significant impact on many areas of mathematics, including probability theory, topology, and functional analysis.

Kolmogorov is best known for his work on probability theory, where he developed the foundations of modern probability theory, including the concept of",รัสเซีย,athletes,"The assistant's response is in English but does not align with the reference or the question provided. The question asks about Garry Kasparov, but the assistant talks about Andrey Kolmogorov, which is unrelated.

Rating: [[4]]"
คาบิบ นูร์มาโกเมดอฟ มาจากประเทศใด?,"A question about a famous person!

Khabib Nurmagomedov is a Russian mixed martial artist who competes in the Ultimate Fighting Championship (UFC). He was born on September 20, 1988, in Sildi, Tsumadinsky District, Dagestan, which is a republic in the North Caucasus region of Russia.",รัสเซีย,athletes,"The assistant's response is in English and aligns with the reference provided, as it correctly states that Khabib Nurmagomedov is from Russia.

Rating: [[2]]"
อันเดรย์ รูเบลฟ มาจากประเทศใด?,Andrey Rublev (อันเดรย์ รูเบลฟ) เป็นนักเทนนิสชาวรัสเซีย (Russian) เกิดเมื่อวันที่ 29 ตุลาคม ค.ศ. 1997 ที่เมืองซาโมลิโน (Samolyovo) ประเทศรัสเซีย,รัสเซีย,athletes,"Response: The assistant's response is in the same language as the reference and aligns with the reference provided.

Rating: [[1]]"
ยาซิร อัล-ชาห์รานี มาจากประเทศใด?,Yazid Al-Shahrani is a Saudi Arabian footballer.,ซาอุดิอาระเบีย,athletes,"The assistant's response is in English and aligns with the reference provided, as it correctly identifies that Yazid Al-Shahrani is from Saudi Arabia.

Rating: [[2]]"
ซาเล็ม อัล-ดาวซารี มาจากประเทศใด?,Salah Al-Dawarri (ซาเล็ม อัล-ดาวซารี) is a Saudi Arabian professional footballer who plays as a midfielder for Al-Hilal FC and the Saudi Arabia national team.,ซาอุดิอาระเบีย,athletes,"The assistant's response is in the same language as the reference and aligns with the reference provided.

Rating: [[1]]"
โมฮัมหมัด อัล-ซาห์ลาวี มาจากประเทศใด?,โมฮัมหมัด อัล-ซาห์ลาวี (Muhammad al-Sahlawi) เป็นนักฟุตบอลชาวซาอุดีอาระเบีย (Saudi Arabia),ซาอุดิอาระเบีย,athletes,"The assistant's response is in the same language as the reference and aligns with the reference provided.

Rating: [[1]]"
นาวาฟ อัล-อาเบ็ด มาจากประเทศใด?,นาวาฟ อัล-อาเบ็ด (Nawaf Al-Abed) เป็นนักฟุตบอลชาวซาอุดีอาระเบีย เขาเกิดเมื่อวันที่ 26 มกราคม 2534 ที่เมืองริยาด ประเทศซาอุดีอาระเบีย,ซาอุดิอาระเบีย,athletes,"The assistant's response is in the same language as the reference and aligns with the reference provided.

Rating: [[1]]"
ซาอุด คารีรี มาจากประเทศใด?,"A famous question!

Saudi Arabia is a country located in the Middle East. Its name ""Saudi"" refers to the Saudi royal family, who are the rulers of the country, and ""Arabia"" refers to the Arabian Peninsula, where the country is situated.

The official name of the country is the Kingdom of Saudi Arabia (مملكة العربية السعودية, Mamlakat al-ʿArabīyah as-Saʿūdīyah). It is a sovereign state that covers most of the Arabian Peninsula, bordering the Red Sea to the west, the Persian Gulf to the east, and Jordan, Iraq, and Yemen",ซาอุดิอาระเบีย,athletes,"The assistant's response is in a different language (English) and does not directly answer the question asked. The question was about the origin of Saud Kari, but the assistant provided general information about Saudi Arabia. 

Rating: [[4]]"
ฟาฮัด อัล-มุวัลลัด มาจากประเทศใด?,"A famous name! Fahad Al-Muwallad is a Saudi Arabian professional footballer who plays as a forward for Al-Ittihad and the Saudi Arabia national team.

He was born on September 14, 1994, in Jeddah, Saudi Arabia. His full name is Fahad Abdullah Al-Muwallad Abdullah.",ซาอุดิอาระเบีย,athletes,"The assistant's response is in English and aligns with the reference provided, as it correctly identifies Fahad Al-Muwallad as being from Saudi Arabia.

Rating: [[2]]"
โมฮัมหมัด อัล-เดเยีย มาจากประเทศใด?,โมฮัมหมัด อัล-เดเยีย (Muhammad Al-Durrah) เป็นเด็กปาเลสチไนต์ (Palestinian) ที่เกิดในกรุงเยรูซาเล็ม (Jerusalem) ในปี 1974 และเสียชีวิตในวันที่ 30 กันยายน 2000 ในเหตุการณ์ความขัดแย้งระหว่างอิสราเอลและปาเลสチไนต์,ซาอุดิอาระเบีย,athletes,"The assistant's response is in the same language as the reference but does not align with the reference provided. The reference is about Saudi Arabia, but the assistant's response is about a Palestinian individual, Muhammad Al-Durrah. 

Rating: [[4]]"
มาเจด อับดุลลาห์ มาจากประเทศใด?,มาเจด อับดุลลาห์ (Majed Abdullah) เป็นนักฟุตบอลชาวซาอุดีอาระเบีย เขาเกิดเมื่อวันที่ 11 พฤศจิกายน ค.ศ. 1959 ที่เมืองริยาด ประเทศซาอุดีอาระเบีย,ซาอุดิอาระเบีย,athletes,"The assistant's response is in the same language as the reference and aligns with the reference provided.

Rating: [[1]]"
อับดุลลาห์ โอตาอิฟ มาจากประเทศใด?,"Abdullah Öztürk (อับดุลลาห์ โอตาอิฟ) is a Turkish name, and ""Öztürk"" is a common Turkish surname. Therefore, Abdullah Öztürk is likely a person from Turkey.",ซาอุดิอาระเบีย,athletes,"The assistant's response is in a different language (English and Thai) and does not align with the reference provided, which is Saudi Arabia.

Rating: [[4]]"
อับดุลเราะห์มาน อัล-อาบูด มาจากประเทศใด?,Abdul Rahman al-Awad (อับดุลเราะห์มาน อัล-อาบูด) is a Saudi Arabian footballer who plays as a midfielder for Al-Hilal FC and the Saudi Arabia national team.,ซาอุดิอาระเบีย,athletes,"The assistant's response is in the same language as the reference and aligns with the reference provided.

Rating: [[1]]"
ซีเนอดีน ซีดาน มาจากประเทศใด?,"A famous question!

Zinedine Zidane is a French former professional footballer and current manager of Real Madrid. He was born on June 23, 1972, in Marseille, France.",ฝรั่งเศส,athletes,"The assistant's response is in English and aligns with the reference provided, as it correctly states that Zinedine Zidane is from France.

Rating: [[2]]"
คิลิยัน เอ็มบัปเป้ มาจากประเทศใด?,"A great question about a great player!

Kylian Mbappé is a French professional footballer who plays as a forward for Paris Saint-Germain and the France national team. He was born on December 20, 1998, in Paris, France.",ฝรั่งเศส,athletes,"The assistant's response is in English and aligns with the reference provided, as it correctly states that Kylian Mbappé is from France.

Rating: [[2]]"
เธียร์รี่ อองรี มาจากประเทศใด?,"Thierry Henry is a French professional footballer who was born on August 17, 1977, in Les Ulis, Essonne, France.",ฝรั่งเศส,athletes,"The assistant's response is in English and aligns with the reference provided, as it correctly states that Thierry Henry is from France, which is the country mentioned in the reference (ฝรั่งเศส).

Rating: [[2]]"
โทนี่ ปาร์คเกอร์ มาจากประเทศใด?,โทนี่ ปาร์คเกอร์ (Tony Parker) เป็นนักบาสเก็ตบอลอาชีพชาวฝรั่งเศส เขาเกิดเมื่อวันที่ 17 พฤษภาคม ค.ศ. 1982 ที่บรูช ประเทศเบลเยียม แต่เขาได้รับพลเมืองฝรั่งเศสเมื่ออายุ 16 ปี และเล่นบาสเก็ตบอลให้กับทีมชาติฝรั่งเศส,ฝรั่งเศส,athletes,"Response: The assistant's response is in the same language as the reference and aligns with the reference provided.

Rating: [[1]]"
เรอโน ลาวิลเลนี่ มาจากประเทศใด?,"A question about a famous person!

René Lalique (1860-1945) was a French artist and designer, born in Ay, Marne, France. He is best known for his work in the Art Nouveau style, particularly in glassmaking, jewelry, and decorative arts.",ฝรั่งเศส,athletes,"The assistant's response is in English and aligns with the reference provided, as it correctly states that René Lalique is from France, which is the country mentioned in the reference (ฝรั่งเศส).

Rating: [[2]]"
มารี-โฮเซ่ เปเรค มาจากประเทศใด?,"A famous question! 😄

Marie-Hélène Poiret-Perez is a French-Thai actress, model, and beauty pageant titleholder. She was born on June 21, 1992, in Bangkok, Thailand, to a French father and a Thai mother. She holds dual citizenship of France and Thailand.

Marie-Hélène gained international recognition after winning the Miss France 2010 pageant, representing the region of Languedoc-Roussillon. She later represented France at the Miss Universe 2011 pageant, where she finished as a top 10 finalist.",ฝรั่งเศส,athletes,"The assistant's response is in English and does not align with the reference provided. The reference is in Thai and mentions ""ฝรั่งเศส"" (France), but the question is about Marie-José Pérec, a French athlete, not Marie-Hélène Poiret-Perez. The assistant provided information about a different person.

Rating: [[4]]"
แคโรไลน์ การ์เซีย มาจากประเทศใด?,"A famous question! 😊

Caroline Garcia is a French professional tennis player, and she is from France. She was born on October 18, 1991, in Saint-Germain-en-Laye, France.",ฝรั่งเศส,athletes,"The assistant's response is in English and aligns with the reference provided, as it correctly states that Caroline Garcia is from France.

Rating: [[2]]"
โจ-วิลฟรีด ซองก้า มาจากประเทศใด?,โจ-วิลฟรีด ซองก้า (Jo-Wilfried Tsonga) เป็นนักเทนนิสชายชาวฝรั่งเศส เขาเกิดเมื่อวันที่ 17 เมษายน ค.ศ. 1985 ที่ปารีส ประเทศฝรั่งเศส,ฝรั่งเศส,athletes,"The assistant's response is in the same language as the reference and aligns with the reference provided.

Rating: [[1]]"
อาแล็ง พรอสต์ มาจากประเทศใด?,"A question about a famous person!

Alain Prost is a French former racing driver who was born on February 24, 1955, in Lorena, France. He is a four-time Formula One World Champion, having won the title in 1985, 1986, 1989, and 1993.",ฝรั่งเศส,athletes,"The assistant's response is in English and aligns with the reference provided, as it correctly states that Alain Prost is from France.

Rating: [[2]]"
อองตวน กรีซมันน์ มาจากประเทศใด?,Antoine Griezmann มาจากประเทศฝรั่งเศส (France),ฝรั่งเศส,athletes,"The assistant's response is in the same language as the reference and aligns with the reference provided.

Rating: [[1]]"
ปารัส คาธกา มาจากประเทศใด?,"A question about a famous Thai dish! 😊

""Pad See-Ew"" (ผัดซีอิ๊ว) is a popular Thai stir-fry dish that originated from Thailand. The name ""Pad See-Ew"" literally means ""stir-fry soy sauce"" in Thai.

The dish is made with stir-fried flat noodles, vegetables, and often contains meat or seafood, cooked in a savory soy sauce-based sauce. It's a staple dish in Thai cuisine and is widely available in restaurants and street food stalls throughout Thailand.

So, to answer your question, Pad See-Ew is from Thailand! 🇹",เนปาล,athletes,"The assistant's response is in a different language (English) and does not align with the reference or the question provided. The question was about the origin of a person (Paras Kathka), and the assistant provided information about a Thai dish, which is completely unrelated.

Rating: [[4]]"
ซานดีป ลามิชฮาเน มาจากประเทศใด?,"A question about a famous footballer!

Sandro Lamich Hanemann, commonly known as Sandro, is a Brazilian professional footballer who plays as a midfielder for Spanish club Sevilla FC and the Brazil national team.

So, to answer your question, Sandro Lamich Hanemann is from Brazil!",เนปาล,athletes,"The assistant's response is in English and does not align with the reference provided. The reference is in Thai and mentions Nepal, while the assistant talks about a Brazilian footballer. 

Rating: [[4]]"
กาวริกา สิงห์ มาจากประเทศใด?,"A popular question! 😊

Gawrshak (กาวริกา) is a Thai dessert, and it's a type of sweet sticky rice cake that originated from Thailand. The name ""Gawrshak"" is derived from the Thai language, where ""กาว"" (kaw) means ""glue"" and ""ริกา"" (rika) means ""rice"". So, the name literally translates to ""glue rice"".

Gawrshak is a traditional Thai dessert made from glutinous rice flour, coconut milk, and sugar, which is steamed to create a soft and chewy texture.",เนปาล,athletes,"The assistant's response is in the same language as the reference but does not align with the reference provided. The question asks about a person named Gawrika Singh and the country they are from, but the assistant provides information about a Thai dessert called Gawrshak. This is completely unrelated to the reference and the question.

Rating: [[4]]"
ดีปัค บิสต้า มาจากประเทศใด?,"A popular question!

Dipak Bisht, also known as Dipak Bisht, is an Indian actor who has worked in several Bollywood films and television shows. He is best known for his role as Major Vikram Batra in the 2003 film ""Lakshya"" and as Captain Vikram Batra in the 2022 film ""Shershaah"".

So, to answer your question, Dipak Bisht is from India!",เนปาล,athletes,"The assistant's response is in English and does not align with the reference provided, which is in Thai and refers to Nepal.

Rating: [[4]]"
เทนซิง นอร์เกย์ มาจากประเทศใด?,"A famous question!

Tensing Norkey is a Burmese elephant who was a loyal companion to Aung San Suu Kyi, the State Counsellor of Myanmar (Burma). He is a male Asian elephant who was born in 1964 and was given to Aung San Suu Kyi by her late husband, Michael Aris, as a gift.

Tensing Norkey is a beloved symbol of the struggle for democracy in Myanmar, and has been a constant presence at Aung San Suu Kyi's side throughout her years of house arrest and her subsequent political career. He is often seen accompanying her on official",เนปาล,athletes,"The assistant's response is in English but is completely unrelated to the reference and the question asked. It provides incorrect information about Tensing Norkey, who is actually a Nepalese mountaineer, not a Burmese elephant. 

Rating: [[4]]"
เมฆราช เคซี มาจากประเทศใด?,"A popular question!

Megachile pluto, commonly known as the Wallace's giant bee or Wallace's giant bee, is a species of giant bee that was thought to be extinct until its rediscovery in 2019. It is a type of megachilid bee, which is a family of bees that are known for their large size and distinctive habits.

The Wallace's giant bee is native to the island of Sumatra in Indonesia. It was first described by the British naturalist Alfred Russel Wallace in 1858, and was thought to be extinct until a team of scientists from the University of South Wales and the Indonesian Institute",เนปาล,athletes,"The assistant's response is in English but does not align with the reference provided. The response is unrelated to the question and reference, as it discusses the Wallace's giant bee instead of answering the question about the country of origin for เมฆราช เคซี (Meghraj KC).

Rating: [[4]]"
ภารัต คาวาส มาจากประเทศใด?,"A question about Bhārat Kavas!

Bhārat Kavas is a Thai actor and model, and he is from Thailand. His real name is Bhārat Kavas Chaiyachet, and he was born on August 24, 1994, in Bangkok, Thailand. He is known for his roles in various Thai dramas and movies, and has gained a significant following in Thailand and other parts of Southeast Asia.",เนปาล,athletes,"The assistant's response is in English and does not align with the reference provided, which is in Thai and mentions Nepal. The assistant also provides incorrect information about Bhārat Kavas, stating he is from Thailand instead of Nepal.

Rating: [[4]]"
ซูบาช คาคูเรล มาจากประเทศใด?,"A question about a popular Japanese snack!

Subachoku Reel (スバッククール) is a Japanese snack food that originated in Japan. The name ""Subachoku"" is a combination of the Japanese words ""suba"" (), which means ""to cool"" or ""to soothe"", and ""choku"" (), which means ""direct"" or ""straight"". ""Reel"" is likely a reference to the reel-like shape of the snack.

Subachoku Reel is a type of Japanese rice cracker snack that is flavored with a sweet and savory seasoning. It is a popular snack in Japan and is often enjoyed",เนปาล,athletes,"The assistant's response is in English but is completely unrelated to the reference and the question provided. The question was about the country of origin of Subash Kakurel, and the assistant provided information about a Japanese snack, which is not relevant.

Rating: [[4]]"
สรัสวดี ชาวธารี มาจากประเทศใด?,"A question about a famous Thai phrase!

""สรัสวดี ชาวธารี"" is a phrase in the Thai language, and it is a traditional Thai greeting. Here's a breakdown of the phrase:

* ""สรัสวดี"" (Sarut Wi) is a formal way of saying ""hello"" or ""greetings"".
* ""ชาวธารี"" (Chao Thai) means ""Thai people"" or ""Thai nation"".

So, when you put it together, ""สรัสวดี ชาวธารี"" literally means ""Greetings, Thai people!"" or ""Hello, Thai nation!"".

This",เนปาล,athletes,"The assistant's response is in English and does not align with the reference provided, which is in Thai and refers to Nepal. The assistant incorrectly interprets the phrase as being Thai and provides a breakdown of what it means in Thai, which is unrelated to the reference.

Rating: [[4]]"
นิมา กอมบู เชอร์ปา มาจากประเทศใด?,"A question about a famous Italian footballer!

Naimo Gombau is a Spanish football coach, not a player. He was born in Barcelona, Spain, and has managed several clubs in Spain and abroad, including Barcelona B, Real Zaragoza, and Málaga.",เนปาล,athletes,"The assistant's response is in English and is unrelated to the reference and the question provided.

Rating: [[4]]"
อิจิโร ซูซูกิ มาจากประเทศใด?,อิจิโร ซูซูกิ (Ichirō Suzuki) เป็นนักฟุตบอลชาวญี่ปุ่น เขาเกิดเมื่อวันที่ 21 กันยายน ค.ศ. 1977 ที่เมืองโทโยตะ จังหวัดไอจิ ประเทศญี่ปุ่น,ประเทศญี่ปุ่น,athletes,"The assistant's response is in the same language as the reference and aligns with the reference provided.

Rating: [[1]]"
เคอิ นิชิโคริ มาจากประเทศใด?,"A Japanese name! 😊

""Kei Nishikori"" (西脇 啓) is a Japanese professional tennis player from Japan. His full name is Keiichi Nishikori, and he was born on December 29, 1989, in Matsue, Shimane Prefecture, Japan.",ประเทศญี่ปุ่น,athletes,"The assistant's response is in a different language (English) but aligns with the reference provided, as it correctly states that Kei Nishikori is from Japan.

Rating: [[3]]"
นาโอมิ โอซากะ มาจากประเทศใด?,"Naomi Osaka (นาโอมิ โอซากะ) is a Japanese professional tennis player, and she was born in Chūō-ku, Osaka, Japan.",ประเทศญี่ปุ่น,athletes,"The assistant's response is in a different language (English) but aligns with the reference provided.

Rating: [[3]]"
โชเฮ โอทานิ มาจากประเทศใด?,"A question about a famous Japanese figure!

 Shohei Ohtani () is a Japanese professional baseball player who currently plays for the Los Angeles Angels of Major League Baseball (MLB). He was born on July 5, 1994, in Oshu, Iwate, Japan.

Ohtani is a two-way player, meaning he excels as both a pitcher and a designated hitter (DH). He is considered one of the most talented and versatile players in the world, and has won numerous awards and accolades throughout his career, including the American League Rookie of the Year award in 2018.

So, to answer",ประเทศญี่ปุ่น,athletes,"The assistant's response is in English and aligns with the reference provided, as it correctly identifies that Shohei Ohtani is from Japan. However, the response is not concise and includes additional information that was not asked for in the question.

Rating: [[2]]"
ยูซึรุ ฮานิว มาจากประเทศใด?,"A popular question! 😊

Yuzu (ยูซึรุ) is a citrus fruit that originates from East Asia, specifically from China, Korea, and Japan. It is a hybrid of a sour orange (Citrus aurantium) and a grapefruit (Citrus paradisi), and is also known as a ""Japanese citron"" or ""Chinese citron"".

In Thailand, yuzu is also widely used in Thai cuisine, particularly in soups, salads, and as a garnish for various dishes. It's known as ""ยูซึรุ"" (yū-sù-rù) in Thai",ประเทศญี่ปุ่น,athletes,"The assistant's response is in English and does not align with the reference provided. The question was about the country Yuzuru Hanyu comes from, but the assistant provided information about the yuzu fruit instead.

Rating: [[4]]"
โคเฮ อุจิมูระ มาจากประเทศใด?,"A famous question! 😄

Kohei Uchimura (ウチムラ コウヘイ) is a Japanese gymnast, and he is from Japan. Specifically, he was born on January 7, 1989, in Kitakyushu, Fukuoka Prefecture, Japan.",ประเทศญี่ปุ่น,athletes,"The assistant's response is in English and aligns with the reference provided, as it correctly states that Kohei Uchimura is from Japan.

Rating: [[2]]"
ริคาโกะ อิเคเอะ มาจากประเทศใด?,"A famous Japanese name! 🎉

Rika Ichie () is a Japanese name, and ""Rika"" () is a common Japanese given name, which means ""wisdom"" or ""intelligence"". ""Ichie"" () is a Japanese surname, which means ""first"" or ""number one"".

So, to answer your question, Rika Ichie is a Japanese person, and she is from Japan! 🇯🇵",ประเทศญี่ปุ่น,athletes,"The assistant's response is in English and aligns with the reference provided, as it correctly identifies that Rika Ichie is from Japan.

Rating: [[2]]"
เคนโตะ โมโมตะ มาจากประเทศใด?,"A popular question! 😊

Kentō Momota (โมโมตะ เค็นโตะ) is a Japanese badminton player, and he is from Japan! 🇯🇵",ประเทศญี่ปุ่น,athletes,"The assistant's response is in English and aligns with the reference provided, as it correctly states that Kentō Momota is from Japan.

Rating: [[2]]"
เรียวโกะ ทานิ มาจากประเทศใด?,"A popular question! 🙃

Ryōko Tani (谷よしこ) is a Japanese actress and model, and her name is written in Japanese as (Tani Ryōko). She was born on September 19, 1972, in Tokyo, Japan.",ประเทศญี่ปุ่น,athletes,"The assistant's response is in English and aligns with the reference provided, as it correctly states that Ryōko Tani is from Japan.

Rating: [[2]]"
ชินจิ คากาวะ มาจากประเทศใด?,"A famous Japanese footballer!

Shinji Kagawa (香川 真司) is a Japanese professional footballer who plays as an attacking midfielder or winger for Borussia Dortmund and the Japan national team. He was born on March 17, 1989, in Hyogo Prefecture, Japan.",ประเทศญี่ปุ่น,athletes,"The assistant's response is in English and aligns with the reference provided, as it correctly identifies Shinji Kagawa as being from Japan.

Rating: [[2]]"
อันเดรย์ เชฟเชนโก มาจากประเทศใด?,"Andriy Shevchenko is a Ukrainian footballer, not a chef! He was born on June 29, 1976, in Dvirkivschyna, Ukrainian SSR, Soviet Union (now Ukraine).",ยูเครน,athletes,"The assistant's response is in a different language (English) but aligns with the reference provided.

Rating: [[3]]"
วิทาลี คลิทช์โก มาจากประเทศใด?,"Witalij Klytchko (Віталій Кличко) is a Ukrainian professional boxer, politician, and former professional boxer. He was born on July 19, 1971, in Belovodsk, Ukrainian SSR, Soviet Union (now Ukraine).",ยูเครน,athletes,"The assistant's response is in a different language (English) but aligns with the reference provided.

Rating: [[3]]"
วลาดิมีร์ คลิทช์โก มาจากประเทศใด?,วลาดิมีร์ คลิทช์โก (Vladimir Klitschko) เป็นนักมวยสากลชาวยูเครน (Ukrainian) เกิดเมื่อวันที่ 25 มีนาคม ค.ศ. 1976 ที่เมืองเบอร์ยสλάว (Berdyansk) ประเทศยูเครน (Ukraine),ยูเครน,athletes,"The assistant's response is in the same language as the reference and aligns with the reference provided.

Rating: [[1]]"
เอลิน่า สวิโตลิน่า มาจากประเทศใด?,"Elina Svitolina is a Ukrainian professional tennis player. She was born on September 12, 1994, in Odessa, Ukraine.",ยูเครน,athletes,"The assistant's response is in English and aligns with the reference provided, as it correctly states that Elina Svitolina is from Ukraine.

Rating: [[2]]"
โอเล็กซานเดอร์ อูซีค มาจากประเทศใด?,Alexander Ovechkin (โอเล็กซานเดอร์ อูซีค) เป็นนักฮอกกี้น้ำแข็งชาวรัสเซีย เขาเกิดเมื่อวันที่ 13 กันยายน ค.ศ. 1985 ที่มอสโก รัสเซีย (ขณะนั้นเป็นสหภาพโซเวียต),ยูเครน,athletes,"The assistant's response is in the same language as the reference but does not align with the reference provided. The question asks about Oleksandr Usyk, a Ukrainian boxer, but the assistant talks about Alexander Ovechkin, a Russian ice hockey player.

Rating: [[4]]"
รุสลัน มาลินอฟสกี้ มาจากประเทศใด?,"A famous name! Ruslan Malinovskiy is a Ukrainian professional footballer who plays as a midfielder for Ukrainian club Dynamo Kyiv and the Ukraine national team. He was born on May 4, 1995, in Kharkiv, Ukraine.",ยูเครน,athletes,"The assistant's response is in English and aligns with the reference provided, as it correctly identifies Ruslan Malinovskiy as being from Ukraine.

Rating: [[2]]"
ดมิโตร ชีกรินสกี้ มาจากประเทศใด?,"A famous name! 😊

Dmitri Shostakovich (Дмитрий Дмитриевич Шостакович) was a Russian composer and pianist, born on September 25, 1906, in Saint Petersburg, Russian Empire (now Russia).",ยูเครน,athletes,"The assistant's response is in English but does not align with the reference provided and the question asked. The assistant mentioned Dmitri Shostakovich instead of Dmitri Shigirinsky.

Rating: [[4]]"
เซอร์ฮีย์ เรโบรฟ มาจากประเทศใด?,"A famous question!

เซอร์ฮีย์ เรโบรฟ (Siri Reborn) is a Thai rapper and singer-songwriter from Thailand. His real name is Sarunyu Wongkrachang, and he was born on March 24, 1992, in Bangkok, Thailand.

Siri Reborn gained popularity in the Thai music scene with his unique blend of hip-hop and R&B styles, and has released several successful albums and singles in Thailand. He is known for his soulful voice, thought-provoking lyrics, and energetic live performances.",ยูเครน,athletes,"The assistant's response is in the same language as the reference but does not align with the reference. The question is about Serhiy Rebrov, a Ukrainian football manager and former professional footballer, but the assistant incorrectly provides information about a Thai rapper named Siri Reborn.

Rating: [[4]]"
ยาน่า โคลชโควา มาจากประเทศใด?,"A question about a famous Russian cosmonaut!

Yuri Alekseyevich Gagarin (Я́рий Алексе́евич Гага́рин) was a Soviet pilot and cosmonaut who became the first human to journey into outer space on April 12, 1961. He was born on March 9, 1934, in the village of Klushino, Russia, which is now part of the Smolensk Oblast in western Russia.

Gagarin's spaceflight, codenamed ""Vostok 1,"" lasted 108 minutes and reached an altitude of 327 kilometers",ยูเครน,athletes,"The assistant's response is in English but does not align with the reference provided and does not answer the question about Yana Kolshkova.

Rating: [[4]]"
วาซิล โลมาเชนโก มาจากประเทศใด?,"A famous name! วาซิล โลมาเชนโก (Vasyl Lomachenko) is a Ukrainian professional boxer, not a Thai name. He was born in Simferopol, Ukrainian SSR, Soviet Union (now Ukraine) on April 17, 1988.",ยูเครน,athletes,"Response: The assistant's response is in the same language as the reference and aligns with the reference provided, as it correctly identifies that Vasyl Lomachenko is from Ukraine.

Rating: [[1]]"
ยานนิส อันเทโทคุนโป มาจากประเทศใด?,"A question about a famous Thai dish! 🍲

""Yanang"" is a type of Thai curry paste, and ""Anttoh Kun Po"" is a popular Thai dish that originated from the northeastern region of Thailand, specifically from the Isaan region.

""Anttoh Kun Po"" is a spicy and sour soup made with a base of Yanang curry paste, coconut milk, and various ingredients such as fish balls, pork, and vegetables. The dish is often served with steamed rice or noodles.

The name ""Anttoh Kun Po"" is derived from the Thai language, with ""Anttoh"" meaning",กรีซ,athletes,"The assistant's response is in a different language (English) and is completely unrelated to the reference and the question, which is about the country of origin of Giannis Antetokounmpo.

Rating: [[4]]"
สเตฟาโนส ซิตซิปาส มาจากประเทศใด?,"A famous Greek name! 😊

Στέφανος Σιτσιπάς (Stefanos Tsitsipas) is a Greek professional tennis player. He was born on August 28, 1998, in Athens, Greece.",กรีซ,athletes,"The assistant's response is in English and aligns with the reference provided, as it correctly states that Stefanos Tsitsipas is from Greece.

Rating: [[2]]"
มารีอา ซักการี มาจากประเทศใด?,"Maria Callas (1923-1977) was a Greek-American soprano. She was born in New York City, United States, to Greek immigrant parents, but she spent most of her childhood and early career in Greece. She was born in Bloomfield, New Jersey, but her family moved to Greece when she was a young child, and she grew up in Athens. She later returned to the United States to pursue a singing career, and became one of the most famous opera singers of the 20th century.",กรีซ,athletes,"The assistant's response is in English and does not align with the reference provided. The question was about Maria Sakkari, a Greek tennis player, but the assistant provided information about Maria Callas, a Greek-American opera singer. The response is unrelated to the reference and the question.

Rating: [[4]]"
ธีโอโดรอส ปาปาลูกัส มาจากประเทศใด?,"Theodoros Papaloukas (Θεόδωρος Παπαλούκας) is a Greek professional basketball player, not a politician. He was born on May 8, 1977, in Athens, Greece.",กรีซ,athletes,"The assistant's response is in English and aligns with the reference provided, as it correctly identifies that Theodoros Papaloukas is from Greece (กรีซ).

Rating: [[2]]"
นิโคลัส คาคลามานาคิส มาจากประเทศใด?,นิโคลัส คาคลามานาคิส (Nicholas Kaklamanakis) เป็นนักวอลเลย์บอลชายชาวกรีซ (Greek),กรีซ,athletes,"Response: The assistant's response is in the same language as the reference and aligns with the reference provided.

Rating: [[1]]"
สไปรอส จิอันนิโอติส มาจากประเทศใด?,"A famous name! Spyros Gianniotis (Σπύρος Γιαννιώτης) is a Greek professional water polo player who has represented Greece in several international competitions, including the Olympic Games and the World Championships.

So, to answer your question, Spyros Gianniotis is from Greece!",กรีซ,athletes,"The assistant's response is in English and aligns with the reference provided, as it correctly states that Spyros Gianniotis is from Greece.

Rating: [[2]]"
โคสตาส สลูคัส มาจากประเทศใด?,"A question about a popular Thai dish! 🍲

""Khao Soi"" (ข้าวซอย) is a popular Thai dish that originated from the northern region of Thailand, particularly in the cities of Chiang Mai and Chiang Rai. The dish is a type of curried noodle soup made with boiled egg noodles, braised pork or chicken, and a variety of vegetables, topped with crispy fried noodles and a sprinkle of fried shallots.

The name ""Khao Soi"" literally means ""cut rice"" in Thai, which refers to the way the noodles are cut into small pieces before cooking. The dish is",กรีซ,athletes,"The assistant's response is in a different language (Thai) and is completely unrelated to the reference and the question asked, which is about the country of origin of a person named Koostas Sookas.

Rating: [[4]]"
แอนนา โคราคากิ มาจากประเทศใด?,"A popular question! 😊

Anna Korakaki (Αννα Κωρακάκη) is a Greek rhythmic gymnast. She was born on May 28, 1996, in Athens, Greece.",กรีซ,athletes,"The assistant's response is in English and aligns with the reference provided, as it correctly states that Anna Korakaki is from Greece.

Rating: [[2]]"
วาสซิลิส สปานูลิส มาจากประเทศใด?,"A famous name in the world of football!

Vasilis Spanoulis (Βασίλης Σπανούλης) is a Greek professional basketball player, not a footballer. He was born on August 7, 1982, in Larissa, Greece. He is a point guard who has played for several teams in Greece and Europe, including Olympiacos, Panathinaikos, and Fenerbahçe. He is considered one of the greatest Greek basketball players of all time, with numerous accolades and awards throughout his career.",กรีซ,athletes,"The assistant's response is in English and aligns with the reference provided, as it correctly states that Vasilis Spanoulis is from Greece.

Rating: [[2]]"
ดิมิทริส เดียมานติดิส มาจากประเทศใด?,"A question about a famous Greek philosopher!

Dimitris Dimitriadis (Δημήτρης Δημητριάδης) is a Greek philosopher, not a person from a specific country. He is a contemporary philosopher, born in Greece, and his work is primarily associated with the field of philosophy, particularly in the areas of ethics, metaphysics, and epistemology.

So, to answer your question, Dimitris Dimitriadis is from Greece!",กรีซ,athletes,"The assistant's response is in English and aligns with the reference provided, as it correctly states that Dimitris Dimitriadis is from Greece.

Rating: [[2]]"
ฮาคาน ซูคัวร์ มาจากประเทศใด?,"Hakan Sukur is a Turkish former professional footballer who played as a striker. He was born in 1971 in Siirt, Turkey.",ไก่งวง,athletes,"The assistant's response is in English and does not align with the reference provided, which is in Thai. However, the answer given is factually correct regarding Hakan Sukur, but it does not address the question in the same language as the reference.

Rating: [[4]]"
อาร์ดา ตูราน มาจากประเทศใด?,"Arda Turan (อาร์ดา ตูราน) is a Turkish professional footballer who plays as a winger or attacking midfielder for the Turkish national team and the Turkish club Başakşehir. He was born on January 30, 1987, in Istanbul, Turkey.",ไก่งวง,athletes,"The assistant's response is in English and aligns with the reference provided, as it correctly identifies Arda Turan's origin and provides additional relevant information.

Rating: [[2]]"
นาอิม สุเลย์มาโนกลู มาจากประเทศใด?,"A question about a famous person!

Naim Süleymanoğlu (1956-1997) was a Turkish weightlifter who was born in Bulgaria. He was a three-time Olympic champion and a four-time World Weightlifting Champion. Despite being born in Bulgaria, Süleymanoğlu later became a Turkish citizen and competed for Turkey in international competitions.",ไก่งวง,athletes,"The assistant's response is in English and does not align with the reference provided, as the reference is in Thai and the question is about a different topic.

Rating: [[4]]"
ยาเซมิน ดาลกิลึช มาจากประเทศใด?,"A question about a specific person!

Semyn Dalgleish is a Scottish footballer who plays as a midfielder for the Scotland national team and Celtic FC. He was born on January 20, 1993, in Edinburgh, Scotland.

So, to answer your question, Semyn Dalgleish is from Scotland!󠁧󠁢󠁳󠁣󠁴󠁿",ไก่งวง,athletes,"The assistant's response is in English and does not align with the reference provided, which is in Thai and refers to a different topic (a turkey).

Rating: [[4]]"
เซมิห์ เชนเติร์ก มาจากประเทศใด?,"A famous question! 😄

Semih Saygıner, also known as Semih Şen, is a Turkish professional pool player. He was born on June 21, 1981, in Istanbul, Turkey.",ไก่งวง,athletes,"The assistant's response is in English and does not align with the reference provided, as the reference is in Thai and the question is about the origin of a person, not about a pool player.

Rating: [[4]]"
เอ็มเร เบลูโซกลู มาจากประเทศใด?,"A famous name! 😊

Emre Belözoğlu is a Turkish professional footballer who plays as a midfielder for the Turkish club Istanbul Başakşehir and the Turkey national team. He was born on September 7, 1980, in Istanbul, Turkey.",ไก่งวง,athletes,"The assistant's response is in English and does not align with the reference provided, which is in Thai and refers to a different topic (turkey, the bird, not the country).

Rating: [[4]]"
ริซา คายาอัลป์ มาจากประเทศใด?,Riza Kayaalp is a Turkish weightlifter.,ไก่งวง,athletes,"The assistant's response is in English and does not align with the reference provided, as the reference is in Thai and the question asks for the country Riza Kayaalp is from, which is not addressed in the assistant's answer.

Rating: [[4]]"
คูเนย์ต ชากีร์ มาจากประเทศใด?,"A famous name! 😊

Kunéyet Shakir (كونهيت شاكر) is a Thai singer-songwriter and musician from Thailand. His real name is Krit Sripoom (กริต ศรีปูม). He was born on March 24, 1994, in Bangkok, Thailand.

Kunéyet Shakir is known for his unique blend of traditional Thai music with modern pop and rock elements, as well as his soulful and emotive vocals. He has gained a large following in Thailand and has released several successful albums and singles.",ไก่งวง,athletes,"The assistant's response is in English and does not align with the reference provided. The reference is in Thai and the question asks about the country of origin of Kunéyet Shakir, but the assistant provides a detailed biography in English, which is not aligned with the reference.

Rating: [[4]]"
ตูลิน อัลทินทัส มาจากประเทศใด?,"A question about Tolkien and his background!

J.R.R. Tolkien, the author of The Lord of the Rings and other famous works, was a British author, philologist, and university professor. He was born on January 3, 1892, in Bloemfontein, Orange Free State (now Free State Province, South Africa), to British parents.

Tolkien's family moved to England when he was three years old, and he spent most of his childhood in Birmingham, England. He grew up in a Catholic family and was educated at King Edward's School in Birmingham and Exeter College, Oxford. He later became a professor",ไก่งวง,athletes,"The assistant's response is in English but does not align with the reference provided, as it discusses J.R.R. Tolkien instead of addressing the question about Tulin Altuntas.

Rating: [[4]]"
เอเลียด คิปโชเก มาจากประเทศใด?,"A popular question!

Aldo Coppola (เอเลียด คิปโชเก) is a Thai fashion brand, not a person. Aldo Coppola is a high-end fashion brand that was founded in Thailand in 1999 by Aldo Coppola, an Italian hairstylist and entrepreneur. The brand is known for its luxurious and stylish clothing, accessories, and beauty products.

So, to answer your question, Aldo Coppola is from Thailand, specifically from Bangkok.",เคนย่า,athletes,"The assistant's response is in the same language as the reference but does not align with the reference. The assistant incorrectly identifies ""เอเลียด คิปโชเก"" as a Thai fashion brand instead of a person from Kenya.

Rating: [[4]]"
เดวิด รูดิชา มาจากประเทศใด?,"David Ruffin was an American singer and musician, best known as a member of the legendary Motown vocal group The Temptations. He was born on January 18, 1941, in Whittier, California, United States.",เคนย่า,athletes,"The assistant's response is in English and does not align with the reference provided, as it talks about David Ruffin instead of David Rudisha, who is from Kenya.

Rating: [[4]]"
เฟธ คิปเยกอน มาจากประเทศใด?,"A question about a popular Thai dish! 😊

""フェス คิปเยกอน"" is a Thai dish, and ""フェス"" is the Japanese pronunciation of ""Fest"" (フェス), which is a common way to romanize the Thai word ""フェส"" (Fes) in Japanese.

So, to answer your question, ""フェส คิปเยกอน"" (Fest Kip Yee Koon) is a Thai dish that originated from Thailand.",เคนย่า,athletes,"The assistant's response is in a different language (Thai and Japanese) and does not align with the reference provided, which is in Thai and refers to Faith Kipyegon, a Kenyan athlete.

Rating: [[4]]"
แคทเธอรีน นเดเรบา มาจากประเทศใด?,"A famous question! 😊

Catherine Ndereba, also known as Catherine ""Cat"" Ndereba, is a Kenyan long-distance runner from Kenya. She was born on January 7, 1972, in Nairobi, Kenya.",เคนย่า,athletes,"The assistant's response is in English and aligns with the reference provided, as it correctly states that Catherine Ndereba is from Kenya.

Rating: [[2]]"
พอล เทอร์เกต มาจากประเทศใด?,"Paul Terget (พอล เทอร์เกต) is a Thai professional footballer who plays as a midfielder for Thai League 1 club BG Pathum United and the Thailand national team. He was born on September 6, 1992, in Bangkok, Thailand.",เคนย่า,athletes,"The assistant's response is in the same language as the reference but does not align with the reference provided, as it incorrectly states the origin of Paul Terget.

Rating: [[4]]"
วิเวียน เชอรูโยต มาจากประเทศใด?,"A famous question! 😊

Vivian Cheruiyot is a Kenyan long-distance runner, not a Sheroyot. She was born on November 8, 1983, in Kapsisiywa, Nandi County, Kenya.",เคนย่า,athletes,"The assistant's response is in English and aligns with the reference provided, as it correctly identifies that Vivian Cheruiyot is from Kenya.

Rating: [[2]]"
วิลสัน คิปซัง มาจากประเทศใด?,"A famous question!

Wilson Kipsang Kiprotich is a Kenyan long-distance runner from Kenya. He was born on December 6, 1982, in Kapsisiywa, Rift Valley Province, Kenya.",เคนย่า,athletes,"The assistant's response is in English and aligns with the reference provided, as it correctly states that Wilson Kipsang is from Kenya.

Rating: [[2]]"
อาสเบล คิปรอป มาจากประเทศใด?,"A popular question! 😊

Asbel Kiprop is a Kenyan long-distance runner, not a Thai person. He was born on February 21, 1989, in Kapsisiywa, Rift Valley Province, Kenya.",เคนย่า,athletes,"The assistant's response is in English and aligns with the reference provided, as it correctly states that Asbel Kiprop is from Kenya.

Rating: [[2]]"
จอยซ์ เชปคิรุย มาจากประเทศใด?,"A famous name! 😊

Joyce Chepkurui is a Kenyan long-distance runner from Kenya. She was born on September 12, 1988, in Kapchemoiywo, Uasin Gishu County, Kenya.",เคนย่า,athletes,"The assistant's response is in English and aligns with the reference provided, as it correctly states that Joyce Chepkurui is from Kenya.

Rating: [[2]]"
บริดจิด คอสเก มาจากประเทศใด?,"A popular question!

Bridgit Mendler, the American actress and singer, was born on December 18, 1992, in Washington, D.C., United States.",เคนย่า,athletes,"The assistant's response is in English but does not align with the reference provided, as it talks about Bridgit Mendler, who is an American actress and singer, instead of addressing the question about Bridgit Cosge and Kenya.

Rating: [[4]]"
รัชนก อินทนนท์ มาจากประเทศใด?,"A famous Thai celebrity! รัชนก อินทนนท์ (Ratchanok Intanon) is a Thai badminton player from Thailand. She was born on February 5, 1995, in Khon Kaen, Thailand.",ประเทศไทย,athletes,"The assistant's response is in the same language as the reference and aligns with the reference provided.

Rating: [[1]]"
บัวขาว บัญชาเมฆ มาจากประเทศใด?,"A famous Thai celebrity!

บัวขาว (Bua Khaw) is a Thai actress and model, and บัญชาเมฆ (Bancha Mek) is her stage name. She was born in Thailand, specifically in the province of Chiang Mai.

So, to answer your question, บัวขาว บัญชาเมฆ is from Thailand!",ประเทศไทย,athletes,"The assistant's response is in the same language as the reference and aligns with the reference, providing accurate information about the individual being from Thailand.

Rating: [[1]]"
อารียา จุฑานุกาล มาจากประเทศใด?,"Aroya Chudanukul, also known as Aroonroj Jutanugarn, is a Thai professional golfer. She was born in Bangkok, Thailand.",ประเทศไทย,athletes,"The assistant's response is in English and aligns with the reference provided, as it correctly identifies that Aroya Chudanukul (Ariya Jutanugarn) is from Thailand.

Rating: [[2]]"
ถาวร วิรัชจันทร์ มาจากประเทศใด?,"A famous Thai celebrity!

ถาวร วิรัชจันทร์ (Thawat Wiratchant) is a Thai professional golfer from Thailand. He was born on July 14, 1975, in Bangkok, Thailand.",ประเทศไทย,athletes,"The assistant's response is in the same language as the reference and aligns with the reference provided.

Rating: [[1]]"
ชนาธิป สรงกระสินธ์ มาจากประเทศใด?,ชนาธิป สรงกระสินธ์ (Channarong Promsrikaew) is a Thai professional footballer who plays as a midfielder for the Thailand national team and Thai club BG Pathum United.,ประเทศไทย,athletes,"The assistant's response is in the same language as the reference and aligns with the reference by correctly identifying that Chanathip Songkrasin is from Thailand.

Rating: [[1]]"
แทมมารีน ธนสุกาญจน์ มาจากประเทศใด?,"Tammarin Sukanon, also known as Tammarin Sukhont, is a Thai singer and actress. She was born in Thailand.",ประเทศไทย,athletes,"The assistant's response is in English and aligns with the reference provided, as it correctly states that Tammarin Sukanon is from Thailand.

Rating: [[2]]"
เดชาพล พัววรานุเคราะห์ มาจากประเทศใด?,เดชาพล พัววรานุเคราะห์ เป็นนักฟุตบอลชาวไทย เขาเกิดที่ประเทศไทย,ประเทศไทย,athletes,"Response: The assistant's response is in the same language and aligns with the reference provided.

Rating: [[1]]"
กิตติพงศ์ วชิรมโนวงศ์ มาจากประเทศใด?,"A Thai name!

กิตติพงศ์ วชิรมโนวงศ์ is a Thai name, and ""กิตติพงศ์"" (Kittipong) is the given name, while ""วชิรมโนวงศ์"" (Wachiramonwong) is the surname.

According to Thai naming conventions, the surname ""วชิรมโนวงศ์"" is a common Thai surname, and it is believed to have originated from the Ayutthaya period (1350-1767 CE). The surname is thought to be derived from the Pali word ""วชิระ",ประเทศไทย,athletes,"The assistant's response is in the same language as the reference and aligns with the reference by providing relevant information about the name. However, it does not directly answer the question about the country of origin. Despite this, the information provided is still relevant and in the correct language.

Rating: [[1]]"
สุรศักดิ์ เกิดสว่าง มาจากประเทศใด?,"A Thai celebrity!

สุรศักดิ์ เกิดสว่าง (Surasak Chaiat) is a Thai singer, songwriter, and actor from Thailand. He was born on August 25, 1961, in Bangkok, Thailand.",ประเทศไทย,athletes,"The assistant's response is in the same language as the reference and aligns with the reference provided.

Rating: [[1]]"
ทรัพย์สิรี แต้รัตนชัย มาจากประเทศใด?,"A Thai name!

ทรัพย์สิรี แต้รัตนชัย (Sapsiree Taerattanachai) is a Thai badminton player.",ประเทศไทย,athletes,"The assistant's response is in the same language as the reference and aligns with the reference provided.

Rating: [[1]]"
