Question,Predicted,answers,label,llm_output
Σε ποια χώρα βρίσκεται το Νέα Υόρκη;,Το Νέα Υόρκη βρίσκεται στις **Ηνωμένες Πολιτείες της Αμερικής**.,Ηνωμένες Πολιτείες,cities,"The assistant's response is in the same language as the reference and aligns with the reference provided.

Rating: [[1]]"
Σε ποια χώρα βρίσκεται το Λος Άντζελες;,"Το Λος Άντζελες βρίσκεται στις **Ηνωμένες Πολιτείες της Αμερικής**, στην πολιτεία της **Καλιφόρνια**.",Ηνωμένες Πολιτείες,cities,"The assistant's response is in the same language as the reference and aligns with the reference provided.

Rating: [[1]]"
Σε ποια χώρα βρίσκεται το Σικάγο;,"Το Σικάγο βρίσκεται στις **Ηνωμένες Πολιτείες Αμερικής**. 

Πιο συγκεκριμένα, βρίσκεται στην πολιτεία του **Ιλινόις**.",Ηνωμένες Πολιτείες,cities,"The assistant's response is in the same language as the reference and aligns with the reference provided.

Rating: [[1]]"
Σε ποια χώρα βρίσκεται το Χιούστον;,"Το Χιούστον βρίσκεται στις **Ηνωμένες Πολιτείες Αμερικής**, στην πολιτεία του **Τέξας**.",Ηνωμένες Πολιτείες,cities,"The assistant's response is in the same language as the reference and aligns with the reference provided.

Rating: [[1]]"
Σε ποια χώρα βρίσκεται το Φοίνιξ;,"Το Φοίνιξ βρίσκεται στην **Αριζόνα**, Ηνωμένες Πολιτείες Αμερικής.",Ηνωμένες Πολιτείες,cities,"The assistant's response is in the same language as the reference and aligns with the reference, as it correctly states that Phoenix is located in Arizona, United States of America.

Rating: [[1]]"
Σε ποια χώρα βρίσκεται το Σαν Ντιέγκο;,"Το Σαν Ντιέγκο βρίσκεται στις **Ηνωμένες Πολιτείες Αμερικής**, στην πολιτεία της **Καλιφόρνια**.",Ηνωμένες Πολιτείες,cities,"The assistant's response is in the same language as the reference and aligns with the reference provided.

Rating: [[1]]"
Σε ποια χώρα βρίσκεται το Σαν Φρανσίσκο;,"Το Σαν Φρανσίσκο βρίσκεται στις **Ηνωμένες Πολιτείες της Αμερικής**. 

Πιο συγκεκριμένα, βρίσκεται στην πολιτεία της **Καλιφόρνια**.",Ηνωμένες Πολιτείες,cities,"The assistant's response is in the same language as the reference and aligns with the reference provided.

Rating: [[1]]"
Σε ποια χώρα βρίσκεται το Σιάτλ;,"Το Σιάτλ βρίσκεται στις **Ηνωμένες Πολιτείες Αμερικής**. 

Πιο συγκεκριμένα, βρίσκεται στην πολιτεία της **Ουάσινγκτον**.",Ηνωμένες Πολιτείες,cities,"The assistant's response is in the same language as the reference and aligns with the reference provided.

Rating: [[1]]"
Σε ποια χώρα βρίσκεται το Ντένβερ;,"Το Ντένβερ βρίσκεται στις **Ηνωμένες Πολιτείες Αμερικής**. 

Είναι η πρωτεύουσα του **Κολοράντο**.",Ηνωμένες Πολιτείες,cities,"The assistant's response is in the same language as the reference and aligns with the reference, as it correctly states that Denver is in the United States of America and is the capital of Colorado.

Rating: [[1]]"
Σε ποια χώρα βρίσκεται το Μιάμι;,"Το Μιάμι βρίσκεται στις **Ηνωμένες Πολιτείες Αμερικής**, στην πολιτεία της **Φλόριντα**.",Ηνωμένες Πολιτείες,cities,"The assistant's response is in the same language as the reference and aligns with the reference provided.

Rating: [[1]]"
Σε ποια χώρα βρίσκεται το Όστιν;,"Το Όστιν βρίσκεται στην **Ηνωμένες Πολιτείες Αμερικής**, στην πολιτεία του **Τέξας**.",Ηνωμένες Πολιτείες,cities,"The assistant's response is in the same language as the reference and aligns with the reference provided.

Rating: [[1]]"
Σε ποια χώρα βρίσκεται το Βοστώνη;,"Το Βοστώνη βρίσκεται στις **Ηνωμένες Πολιτείες Αμερικής**. 

Πιο συγκεκριμένα, βρίσκεται στην πολιτεία της **Μασαχουσέτης**.",Ηνωμένες Πολιτείες,cities,"The assistant's response is in the same language as the reference and aligns with the reference provided.

Rating: [[1]]"
Σε ποια χώρα βρίσκεται το Λας Βέγκας;,"Το Λας Βέγκας βρίσκεται στις **Ηνωμένες Πολιτείες Αμερικής**, στην πολιτεία της **Νεβάδα**.",Ηνωμένες Πολιτείες,cities,"The assistant's response is in the same language as the reference and aligns with the reference provided.

Rating: [[1]]"
Σε ποια χώρα βρίσκεται το Ορλάντο;,"Το Ορλάντο βρίσκεται στις **Ηνωμένες Πολιτείες Αμερικής**, στην πολιτεία της **Φλόριντα**.",Ηνωμένες Πολιτείες,cities,"The assistant's response is in the same language as the reference and aligns with the reference provided.

Rating: [[1]]"
Σε ποια χώρα βρίσκεται το Σακραμέντο;,"Το Σακραμέντο βρίσκεται στις **Ηνωμένες Πολιτείες Αμερικής**, στην πολιτεία της **Καλιφόρνια**. 

Είναι η πρωτεύουσα της Καλιφόρνια.",Ηνωμένες Πολιτείες,cities,"The assistant's response is in the same language as the reference and aligns with the reference provided.

Rating: [[1]]"
Σε ποια χώρα βρίσκεται το Πόρτλαντ;,"Το Πόρτλαντ βρίσκεται στις **Ηνωμένες Πολιτείες Αμερικής**. 

Υπάρχουν δύο πόλεις με το όνομα Πόρτλαντ στις ΗΠΑ:

* **Πόρτλαντ, Όρεγκον** - η μεγαλύτερη πόλη στην πολιτεία Όρεγκον.
* **Πόρτλαντ, Μέιν** - η μεγαλύτερη πόλη στην πολιτεία Μέιν.",Ηνωμένες Πολιτείες,cities,"The assistant's response is in the same language as the reference and aligns with the reference provided. The assistant correctly identifies that Portland is located in the United States and provides additional context about the two cities named Portland in the United States.

Rating: [[1]]"
Σε ποια χώρα βρίσκεται το Τάμπα;,"Το Τάμπα βρίσκεται στις **Ηνωμένες Πολιτείες Αμερικής**, στην πολιτεία της **Φλόριντα**.",Ηνωμένες Πολιτείες,cities,"The assistant's response is in the same language as the reference and aligns with the reference provided.

Rating: [[1]]"
Σε ποια χώρα βρίσκεται το Κλίβελαντ;,"Το Κλίβελαντ βρίσκεται στις **Ηνωμένες Πολιτείες Αμερικής**. 

Πιο συγκεκριμένα, βρίσκεται στην πολιτεία του **Οχάιο**.",Ηνωμένες Πολιτείες,cities,"The assistant's response is in the same language as the reference and aligns with the reference provided.

Rating: [[1]]"
Σε ποια χώρα βρίσκεται το Μινεάπολη;,"Το Μινεάπολη βρίσκεται στις **Ηνωμένες Πολιτείες Αμερικής**. 

Πιο συγκεκριμένα, βρίσκεται στην πολιτεία του **Μινεσότα**.",Ηνωμένες Πολιτείες,cities,"The assistant's response is in the same language as the reference and aligns with the reference provided. The assistant correctly identifies that Minneapolis is located in the United States and more specifically in the state of Minnesota.

Rating: [[1]]"
Σε ποια χώρα βρίσκεται το Σαν Αντόνιο;,"Το Σαν Αντόνιο βρίσκεται στις **Ηνωμένες Πολιτείες Αμερικής**, στην πολιτεία του **Τέξας**.",Ηνωμένες Πολιτείες,cities,"The assistant's response is in the same language as the reference and aligns with the reference provided.

Rating: [[1]]"
Σε ποια χώρα βρίσκεται το Βομβάη;,Το Βομβάη βρίσκεται στην **Ινδία**.,Ινδία,cities,"The assistant's response is in the same language as the reference and aligns with the reference provided.

Rating: [[1]]"
Σε ποια χώρα βρίσκεται το Δελχί;,Το Δελχί βρίσκεται στην **Ινδία**.,Ινδία,cities,"The assistant's response is in the same language as the reference and aligns with the reference provided.

Rating: [[1]]"
Σε ποια χώρα βρίσκεται το Μπανγκαλούρου;,Το Μπανγκαλούρου βρίσκεται στην **Ινδία**.,Ινδία,cities,"The assistant's response is in the same language as the reference and aligns with the reference provided.

Rating: [[1]]"
Σε ποια χώρα βρίσκεται το Τσενάι;,Το Τσενάι βρίσκεται στην **Ινδία**.,Ινδία,cities,"The assistant's response is in the same language as the reference and aligns with the reference provided.

Rating: [[1]]"
Σε ποια χώρα βρίσκεται το Χαϊντεραμπάντ;,Το Χαϊντεραμπάντ βρίσκεται στην **Ινδία**.,Ινδία,cities,"The assistant's response is in the same language as the reference and aligns with the reference provided.

Rating: [[1]]"
Σε ποια χώρα βρίσκεται το Αχμενταμπάντ;,Το Αχμενταμπάντ βρίσκεται στην **Ινδία**.,Ινδία,cities,"The assistant's response is in the same language as the reference and aligns with the reference provided.

Rating: [[1]]"
Σε ποια χώρα βρίσκεται το Πούνε;,Το Πούνε βρίσκεται στην **Ινδία**.,Ινδία,cities,"The assistant's response is in the same language as the reference and aligns with the reference provided.

Rating: [[1]]"
Σε ποια χώρα βρίσκεται το Καλκούτα;,"Το Καλκούτα βρίσκεται στην **Ινδία**. 

Πιο συγκεκριμένα, είναι η πρωτεύουσα της πολιτείας **Δυτική Βεγγάλη**.",Ινδία,cities,"The assistant's response is in the same language as the reference and aligns with the reference provided.

Rating: [[1]]"
Σε ποια χώρα βρίσκεται το Τζαϊπούρ;,"Το Τζαϊπούρ βρίσκεται στην **Ινδία**. 

Είναι η πρωτεύουσα της πολιτείας **Ρατζασθάν**.",Ινδία,cities,"The assistant's response is in the same language as the reference and aligns with the reference provided.

Rating: [[1]]"
Σε ποια χώρα βρίσκεται το Λάκναου;,Το Λάκναου βρίσκεται στην **Ινδία**.,Ινδία,cities,"The assistant's response is in the same language as the reference and aligns with the reference provided.

Rating: [[1]]"
Σε ποια χώρα βρίσκεται το Κανπούρ;,Το Κανπούρ βρίσκεται στην **Ινδία**.,Ινδία,cities,"The assistant's response is in the same language as the reference and aligns with the reference provided.

Rating: [[1]]"
Σε ποια χώρα βρίσκεται το Ναγκπούρ;,Το Ναγκπούρ βρίσκεται στην **Ινδία**.,Ινδία,cities,"The assistant's response is in the same language as the reference and aligns with the reference provided.

Rating: [[1]]"
Σε ποια χώρα βρίσκεται το Indore;,Το Indore βρίσκεται στην **Ινδία**.,Ινδία,cities,"The assistant's response is in the same language as the reference and aligns with the reference provided.

Rating: [[1]]"
Σε ποια χώρα βρίσκεται το Πάτνα;,"Το Πάτνα βρίσκεται στην **Ινδία**. 

Είναι η πρωτεύουσα της πολιτείας Μπιχάρ.",Ινδία,cities,"The assistant's response is in the same language as the reference and aligns with the reference provided.

Rating: [[1]]"
Σε ποια χώρα βρίσκεται το Μποπάλ;,Το Μποπάλ βρίσκεται στην **Ινδία**.,Ινδία,cities,"The assistant's response is in the same language as the reference and aligns with the reference provided.

Rating: [[1]]"
Σε ποια χώρα βρίσκεται το Βαντοντάρα;,Το Βαντοντάρα βρίσκεται στην **Ιταλία**.,Ινδία,cities,"The assistant's response is in the same language as the reference but does not align with the reference provided.

Rating: [[4]]"
Σε ποια χώρα βρίσκεται το Visakhapatnam;,Το Visakhapatnam βρίσκεται στην **Ινδία**.,Ινδία,cities,"The assistant's response is in the same language as the reference and aligns with the reference provided.

Rating: [[1]]"
Σε ποια χώρα βρίσκεται το Surat;,Το Surat βρίσκεται στην **Ινδία**.,Ινδία,cities,"The assistant's response is in the same language as the reference and aligns with the reference provided.

Rating: [[1]]"
Σε ποια χώρα βρίσκεται το Αμριτσάρ;,Το Αμριτσάρ βρίσκεται στην **Ινδία**.,Ινδία,cities,"The assistant's response is in the same language as the reference and aligns with the reference provided.

Rating: [[1]]"
Σε ποια χώρα βρίσκεται το Rajkot;,Το Rajkot βρίσκεται στην **Ινδία**.,Ινδία,cities,"The assistant's response is in the same language as the reference and aligns with the reference provided.

Rating: [[1]]"
Σε ποια χώρα βρίσκεται το Σαγκάη;,Το Σαγκάη βρίσκεται στην **Κίνα**.,Κίνα,cities,"The assistant's response is in the same language as the reference and aligns with the reference provided.

Rating: [[1]]"
Σε ποια χώρα βρίσκεται το το Πεκίνο;,Το Πεκίνο βρίσκεται στην **Κίνα**. 🇨🇳,Κίνα,cities,"The assistant's response is in the same language as the reference and aligns with the reference provided.

Rating: [[1]]"
Σε ποια χώρα βρίσκεται το Guangzhou;,Το Guangzhou βρίσκεται στην **Κίνα**.,Κίνα,cities,"The assistant's response is in the same language as the reference and aligns with the reference provided.

Rating: [[1]]"
Σε ποια χώρα βρίσκεται το Shenzhen;,Το Shenzhen βρίσκεται στην **Κίνα**.,Κίνα,cities,"The assistant's response is in the same language as the reference and aligns with the reference provided.

Rating: [[1]]"
Σε ποια χώρα βρίσκεται το Τσενγκντού;,"Το Τσενγκντού βρίσκεται στην **Κίνα**. 🇨🇳

Είναι η πρωτεύουσα της επαρχίας Σιτσουάν.",Κίνα,cities,"The assistant's response is in the same language as the reference and aligns with the reference provided. The assistant correctly states that Chengdu is located in China and provides additional information about it being the capital of the Sichuan province.

Rating: [[1]]"
Σε ποια χώρα βρίσκεται το Γουχάν;,Το Γουχάν βρίσκεται στην **Κίνα**.,Κίνα,cities,"The assistant's response is in the same language as the reference and aligns with the reference provided.

Rating: [[1]]"
Σε ποια χώρα βρίσκεται το Τσονγκκίνγκ;,Το Τσονγκκίνγκ βρίσκεται στην **Κίνα**.,Κίνα,cities,"The assistant's response is in the same language as the reference and aligns with the reference provided.

Rating: [[1]]"
Σε ποια χώρα βρίσκεται το Xi'an;,Το Xi'an βρίσκεται στην **Κίνα**.,Κίνα,cities,"The assistant's response is in the same language as the reference and aligns with the reference provided.

Rating: [[1]]"
Σε ποια χώρα βρίσκεται το Hangzhou;,Το Hangzhou βρίσκεται στην **Κίνα**.,Κίνα,cities,"The assistant's response is in the same language as the reference and aligns with the reference provided.

Rating: [[1]]"
Σε ποια χώρα βρίσκεται το Σούτζου;,Το Σούτζου βρίσκεται στην **Ιαπωνία**.,Κίνα,cities,"The assistant's response is in the same language as the reference but does not align with the reference provided.

Rating: [[4]]"
Σε ποια χώρα βρίσκεται το Τιαντζίν;,Το Τιαντζίν βρίσκεται στην **Κίνα**.,Κίνα,cities,"The assistant's response is in the same language as the reference and aligns with the reference provided.

Rating: [[1]]"
Σε ποια χώρα βρίσκεται το Ναντζίνγκ;,Το Ναντζίνγκ βρίσκεται στην **Κίνα**.,Κίνα,cities,"The assistant's response is in the same language as the reference and aligns with the reference provided.

Rating: [[1]]"
Σε ποια χώρα βρίσκεται το Χαρμπίν;,Το Χαρμπίν βρίσκεται στην **Κίνα**.,Κίνα,cities,"The assistant's response is in the same language as the reference and aligns with the reference provided.

Rating: [[1]]"
Σε ποια χώρα βρίσκεται το Qingdao;,Το Qingdao βρίσκεται στην **Κίνα**.,Κίνα,cities,"The assistant's response is in the same language as the reference and aligns with the reference provided.

Rating: [[1]]"
Σε ποια χώρα βρίσκεται το Νταλιάν;,Το Νταλιάν βρίσκεται στην **Κίνα**.,Κίνα,cities,"The assistant's response is in the same language as the reference and aligns with the reference provided.

Rating: [[1]]"
Σε ποια χώρα βρίσκεται το Shijiazhuang;,"Το Shijiazhuang βρίσκεται στην **Κίνα**. 

Είναι η πρωτεύουσα της επαρχίας Hebei.",Κίνα,cities,"The assistant's response is in the same language as the reference and aligns with the reference provided.

Rating: [[1]]"
Σε ποια χώρα βρίσκεται το Fuzhou;,"Το Fuzhou βρίσκεται στην **Κίνα**. 

Είναι η πρωτεύουσα της επαρχίας Fujian, στην νοτιοανατολική ακτή της χώρας.",Κίνα,cities,"The assistant's response is in the same language as the reference and aligns with the reference provided.

Rating: [[1]]"
Σε ποια χώρα βρίσκεται το Zhengzhou;,"Το Zhengzhou βρίσκεται στην **Κίνα**. 

Είναι η πρωτεύουσα της επαρχίας Henan.",Κίνα,cities,"The assistant's response is in the same language as the reference and aligns with the reference provided.

Rating: [[1]]"
Σε ποια χώρα βρίσκεται το Κουνμίνγκ;,"Το Κουνμίνγκ βρίσκεται στην **Κίνα**. 

Είναι η πρωτεύουσα της επαρχίας Γιουνάν.",Κίνα,cities,"The assistant's response is in the same language as the reference and aligns with the reference provided.

Rating: [[1]]"
Σε ποια χώρα βρίσκεται το Τσανγκσά;,"Το Τσανγκσά βρίσκεται στην **Κίνα**. 

Είναι μια πόλη στην επαρχία Σιτσουάν.",Κίνα,cities,"The assistant's response is in the same language as the reference and aligns with the reference provided.

Rating: [[1]]"
Σε ποια χώρα βρίσκεται το Μόσχα;,Το Μόσχα βρίσκεται στη **Ρωσία**.,Ρωσία,cities,"The assistant's response is in the same language as the reference and aligns with the reference provided.

Rating: [[1]]"
Σε ποια χώρα βρίσκεται το Αγία Πετρούπολη;,Το Αγία Πετρούπολη βρίσκεται στη **Ρωσία**.,Ρωσία,cities,"The assistant's response is in the same language as the reference and aligns with the reference provided.

Rating: [[1]]"
Σε ποια χώρα βρίσκεται το Νοβοσιμπίρσκ;,Το Νοβοσιμπίρσκ βρίσκεται στη **Ρωσία**.,Ρωσία,cities,"The assistant's response is in the same language as the reference and aligns with the reference provided.

Rating: [[1]]"
Σε ποια χώρα βρίσκεται το Αικατερινούπολη;,Το Αικατερινούπολη βρίσκεται στη **Ρωσία**.,Ρωσία,cities,"The assistant's response is in the same language as the reference and aligns with the reference provided.

Rating: [[1]]"
Σε ποια χώρα βρίσκεται το Καζάν;,"Το Καζάν βρίσκεται στη **Ρωσία**. 

Είναι η πρωτεύουσα της Δημοκρατίας του Ταταρστάν, μιας ομοσπονδιακής υποκείμενης οντότητας στη Ρωσία.",Ρωσία,cities,"The assistant's response is in the same language as the reference and aligns with the reference provided.

Rating: [[1]]"
Σε ποια χώρα βρίσκεται το Νίζνι Νόβγκοροντ;,Το Νίζνι Νόβγκοροντ βρίσκεται στη **Ρωσία**.,Ρωσία,cities,"The assistant's response is in the same language as the reference and aligns with the reference provided.

Rating: [[1]]"
Σε ποια χώρα βρίσκεται το Τσελιάμπινσκ;,Το Τσελιάμπινσκ βρίσκεται στη **Ρωσία**.,Ρωσία,cities,"The assistant's response is in the same language as the reference and aligns with the reference provided.

Rating: [[1]]"
Σε ποια χώρα βρίσκεται το Σαμαρά;,"Το Σαμαρά βρίσκεται στην **Ελλάδα**. 

Είναι μια πόλη στην Πελοπόννησο, στην περιφερειακή ενότητα Μεσσηνίας.",Ρωσία,cities,"The assistant's response is in the same language as the reference but does not align with the reference provided. The reference is ""Ρωσία"" (Russia), and the assistant incorrectly states that Samara is in Greece.

Rating: [[4]]"
Σε ποια χώρα βρίσκεται το Ομσκ;,Το Ομσκ βρίσκεται στη **Ρωσία**.,Ρωσία,cities,"The assistant's response is in the same language as the reference and aligns with the reference provided.

Rating: [[1]]"
Σε ποια χώρα βρίσκεται το Ροστόφ-ον-Ντον;,Το Ροστόφ-ον-Ντον βρίσκεται στη **Ρωσία**.,Ρωσία,cities,"The assistant's response is in the same language as the reference and aligns with the reference provided.

Rating: [[1]]"
Σε ποια χώρα βρίσκεται το Ούφα;,"Το Ούφα βρίσκεται στη **Ρωσία**. 

Είναι η πρωτεύουσα της Δημοκρατίας του Μπασκορτοστάν, μιας ομοσπονδιακής υποκείμενης οντότητας στη Ρωσία.",Ρωσία,cities,"The assistant's response is in the same language as the reference and aligns with the reference provided.

Rating: [[1]]"
Σε ποια χώρα βρίσκεται το Κρασνογιάρσκ;,Το Κρασνογιάρσκ βρίσκεται στη **Ρωσία**.,Ρωσία,cities,"The assistant's response is in the same language as the reference and aligns with the reference provided.

Rating: [[1]]"
Σε ποια χώρα βρίσκεται το Περμανάντ;,Το Περμανάντ βρίσκεται στην **Ινδονησία**.,Ρωσία,cities,"The assistant's response is in the same language as the reference but does not align with the reference provided.

Rating: [[4]]"
Σε ποια χώρα βρίσκεται το Voronezh;,Το Voronezh βρίσκεται στη **Ρωσία**.,Ρωσία,cities,"The assistant's response is in the same language as the reference and aligns with the reference provided.

Rating: [[1]]"
Σε ποια χώρα βρίσκεται το Βόλγκογκραντ;,Το Βόλγκογκραντ βρίσκεται στη **Ρωσία**.,Ρωσία,cities,"The assistant's response is in the same language as the reference and aligns with the reference provided.

Rating: [[1]]"
Σε ποια χώρα βρίσκεται το Σαράτοφ;,Το Σαράτοφ βρίσκεται στη **Ρωσία**.,Ρωσία,cities,"The assistant's response is in the same language as the reference and aligns with the reference provided.

Rating: [[1]]"
Σε ποια χώρα βρίσκεται το Κρασνοντάρ;,"Το Κρασνοντάρ βρίσκεται στη **Ρωσία**. 

Είναι η μεγαλύτερη πόλη του Κράι Κρασνοντάρ, μιας ομοσπονδιακής οντότητας στη νότια Ρωσία.",Ρωσία,cities,"The assistant's response is in the same language as the reference and aligns with the reference provided.

Rating: [[1]]"
Σε ποια χώρα βρίσκεται το Tolyatti;,Το Tolyatti βρίσκεται στη **Ρωσία**.,Ρωσία,cities,"The assistant's response is in the same language as the reference and aligns with the reference provided.

Rating: [[1]]"
Σε ποια χώρα βρίσκεται το Izhevsk;,Το Izhevsk βρίσκεται στη **Ρωσία**.,Ρωσία,cities,"The assistant's response is in the same language as the reference and aligns with the reference provided.

Rating: [[1]]"
Σε ποια χώρα βρίσκεται το Ουλιάνοφσκ;,Το Ουλιάνοφσκ βρίσκεται στη **Ρωσία**.,Ρωσία,cities,"The assistant's response is in the same language as the reference and aligns with the reference provided.

Rating: [[1]]"
Σε ποια χώρα βρίσκεται το Ριάντ;,Το Ριάντ βρίσκεται στη **Σαουδική Αραβία**.,Σαουδική Αραβία,cities,"The assistant's response is in the same language as the reference and aligns with the reference provided.

Rating: [[1]]"
Σε ποια χώρα βρίσκεται το Τζέντα;,Το Τζέντα βρίσκεται στη **Σαουδική Αραβία**.,Σαουδική Αραβία,cities,"The assistant's response is in the same language as the reference and aligns with the reference provided.

Rating: [[1]]"
Σε ποια χώρα βρίσκεται το Μέκκα;,Το Μέκκα βρίσκεται στη **Σαουδική Αραβία**.,Σαουδική Αραβία,cities,"The assistant's response is in the same language as the reference and aligns with the reference provided.

Rating: [[1]]"
Σε ποια χώρα βρίσκεται το Μεδίνα;,"Το Μεδίνα βρίσκεται στο **Μαρόκο**. 

Πιο συγκεκριμένα, το Μεδίνα είναι η παλιά πόλη του Μαρόκου, η οποία βρίσκεται στην πόλη **Μαράκες**.",Σαουδική Αραβία,cities,"The assistant's response is in the same language as the reference but does not align with the reference provided. Medina is located in Saudi Arabia, not Morocco.

Rating: [[4]]"
Σε ποια χώρα βρίσκεται το Νταμάμ;,Το Νταμάμ βρίσκεται στη **Σαουδική Αραβία**.,Σαουδική Αραβία,cities,"The assistant's response is in the same language as the reference and aligns with the reference provided.

Rating: [[1]]"
Σε ποια χώρα βρίσκεται το Khobar;,Το Khobar βρίσκεται στην **Σαουδική Αραβία**.,Σαουδική Αραβία,cities,"The assistant's response is in the same language as the reference and aligns with the reference provided.

Rating: [[1]]"
Σε ποια χώρα βρίσκεται το Ταμπούκ;,Το Ταμπούκ βρίσκεται στην **Σαουδική Αραβία**.,Σαουδική Αραβία,cities,"The assistant's response is in the same language as the reference and aligns with the reference provided.

Rating: [[1]]"
Σε ποια χώρα βρίσκεται το Abha;,Το Abha βρίσκεται στη **Σαουδική Αραβία**.,Σαουδική Αραβία,cities,"The assistant's response is in the same language as the reference and aligns with the reference provided.

Rating: [[1]]"
Σε ποια χώρα βρίσκεται το Ταΐφ;,Το Ταΐφ βρίσκεται στη **Σαουδική Αραβία**.,Σαουδική Αραβία,cities,"The assistant's response is in the same language as the reference and aligns with the reference provided.

Rating: [[1]]"
Σε ποια χώρα βρίσκεται το Hofuf;,Το Hofuf βρίσκεται στην **Σαουδική Αραβία**.,Σαουδική Αραβία,cities,"The assistant's response is in the same language as the reference and aligns with the reference provided.

Rating: [[1]]"
Σε ποια χώρα βρίσκεται το Μπουραϊντά;,Το Μπουραϊντά βρίσκεται στην **Ινδία**.,Σαουδική Αραβία,cities,"The assistant's response is in the same language but does not align with the reference provided.

Rating: [[4]]"
Σε ποια χώρα βρίσκεται το Najran;,Το Najran βρίσκεται στη **Σαουδική Αραβία**.,Σαουδική Αραβία,cities,"The assistant's response is in the same language as the reference and aligns with the reference provided.

Rating: [[1]]"
Σε ποια χώρα βρίσκεται το Χαλάζι;,"Το Χαλάζι βρίσκεται στην **Ελλάδα**. 

Είναι ένα χωριό στην περιφερειακή ενότητα Μαγνησίας, στη Θεσσαλία.",Σαουδική Αραβία,cities,"The assistant's response is in the same language as the reference but does not align with the reference provided.

Rating: [[4]]"
Σε ποια χώρα βρίσκεται το Jazan;,"Το Jazan βρίσκεται στη **Σαουδική Αραβία**. 

Είναι μια πόλη και η πρωτεύουσα της Επαρχίας Jazan, η οποία βρίσκεται στη νοτιοδυτική πλευρά της χώρας, κατά μήκος της Κόκκινης Θάλασσας.",Σαουδική Αραβία,cities,"The assistant's response is in the same language as the reference and aligns with the reference provided.

Rating: [[1]]"
Σε ποια χώρα βρίσκεται το Αλ Τζουμπάιλ;,Το Αλ Τζουμπάιλ βρίσκεται στο **Ομάν**.,Σαουδική Αραβία,cities,"The assistant's response is in the same language but does not align with the reference provided.

Rating: [[4]]"
Σε ποια χώρα βρίσκεται το Qatif;,Το Qatif βρίσκεται στη **Σαουδική Αραβία**.,Σαουδική Αραβία,cities,"The assistant's response is in the same language as the reference and aligns with the reference provided.

Rating: [[1]]"
Σε ποια χώρα βρίσκεται το Αλ Χαρτζ;,Το Αλ Χαρτζ βρίσκεται στην **Σαουδική Αραβία**.,Σαουδική Αραβία,cities,"The assistant's response is in the same language as the reference and aligns with the reference provided.

Rating: [[1]]"
Σε ποια χώρα βρίσκεται το Γιανμπού;,"Το Γιανμπού βρίσκεται στην **Κίνα**. 

Είναι μια πόλη στην επαρχία Σαντόνγκ.",Σαουδική Αραβία,cities,"The assistant's response is in the same language but does not align with the reference provided.

Rating: [[4]]"
Σε ποια χώρα βρίσκεται το Khamis Mushait;,Το Khamis Mushait βρίσκεται στην **Σαουδική Αραβία**.,Σαουδική Αραβία,cities,"The assistant's response is in the same language as the reference and aligns with the reference provided.

Rating: [[1]]"
Σε ποια χώρα βρίσκεται το Αλ Μπαχάχ;,Το Αλ Μπαχάχ βρίσκεται στο **Ομάν**.,Σαουδική Αραβία,cities,"The assistant's response is in the same language but does not align with the reference provided.

Rating: [[4]]"
Σε ποια χώρα βρίσκεται το Παρίσι;,Το Παρίσι βρίσκεται στη **Γαλλία**. 🇫🇷,Γαλλία,cities,"The assistant's response is in the same language as the reference and aligns with the reference provided.

Rating: [[1]]"
Σε ποια χώρα βρίσκεται το Μασσαλία;,Το Μασσαλία βρίσκεται στη **Γαλλία**. 🇫🇷,Γαλλία,cities,"The assistant's response is in the same language as the reference and aligns with the reference provided.

Rating: [[1]]"
Σε ποια χώρα βρίσκεται το Λυών;,Το Λυών βρίσκεται στη **Γαλλία**.,Γαλλία,cities,"The assistant's response is in the same language as the reference and aligns with the reference provided.

Rating: [[1]]"
Σε ποια χώρα βρίσκεται το Τουλούζη;,Το Τουλούζη βρίσκεται στη **Γαλλία**.,Γαλλία,cities,"The assistant's response is in the same language as the reference and aligns with the reference provided.

Rating: [[1]]"
Σε ποια χώρα βρίσκεται το Ομορφη;,"Το Ομορφη είναι ένα χωριό στην **Ελλάδα**. 

Βρίσκεται στην Πελοπόννησο, στην περιφερειακή ενότητα Αρκαδίας.",Γαλλία,cities,"The assistant's response is in the same language (Greek) but does not align with the reference provided, which is ""Γαλλία"" (France).

Rating: [[4]]"
Σε ποια χώρα βρίσκεται το Νάντη;,Το Νάντη βρίσκεται στη **Γαλλία**.,Γαλλία,cities,"The assistant's response is in the same language as the reference and aligns with the reference provided.

Rating: [[1]]"
Σε ποια χώρα βρίσκεται το Στρασβούργο;,Το Στρασβούργο βρίσκεται στη **Γαλλία**.,Γαλλία,cities,"The assistant's response is in the same language as the reference and aligns with the reference provided.

Rating: [[1]]"
Σε ποια χώρα βρίσκεται το Μονπελιέ;,Το Μονπελιέ βρίσκεται στη **Γαλλία**.,Γαλλία,cities,"The assistant's response is in the same language as the reference and aligns with the reference provided.

Rating: [[1]]"
Σε ποια χώρα βρίσκεται το Μπορντό;,Το Μπορντό βρίσκεται στη **Γαλλία**.,Γαλλία,cities,"The assistant's response is in the same language as the reference and aligns with the reference provided.

Rating: [[1]]"
Σε ποια χώρα βρίσκεται το Λιλ;,Το Λιλ βρίσκεται στη **Γαλλία**.,Γαλλία,cities,"The assistant's response is in the same language as the reference and aligns with the reference provided.

Rating: [[1]]"
Σε ποια χώρα βρίσκεται το Ρεν;,Το Ρεν βρίσκεται στη **Γαλλία**.,Γαλλία,cities,"The assistant's response is in the same language as the reference and aligns with the reference provided.

Rating: [[1]]"
Σε ποια χώρα βρίσκεται το Ρεμς;,Το Ρεμς βρίσκεται στη **Γαλλία**.,Γαλλία,cities,"The assistant's response is in the same language as the reference and aligns with the reference provided.

Rating: [[1]]"
Σε ποια χώρα βρίσκεται το Χάβρη;,Το Χάβρη βρίσκεται στη **Γαλλία**.,Γαλλία,cities,"The assistant's response is in the same language as the reference and aligns with the reference provided.

Rating: [[1]]"
Σε ποια χώρα βρίσκεται το Saint-Étienne;,Το Saint-Étienne βρίσκεται στη **Γαλλία**.,Γαλλία,cities,"The assistant's response is in the same language as the reference and aligns with the reference provided.

Rating: [[1]]"
Σε ποια χώρα βρίσκεται το Τουλόν;,Το Τουλόν βρίσκεται στη **Γαλλία**.,Γαλλία,cities,"The assistant's response is in the same language as the reference and aligns with the reference provided.

Rating: [[1]]"
Σε ποια χώρα βρίσκεται το Θυμούς;,"Το Θυμούς βρίσκεται στην **Ελλάδα**. 

Είναι ένα μικρό νησί στο Αιγαίο Πέλαγος, μέρος του νομού Χίου.",Γαλλία,cities,"The assistant's response is in the same language as the reference (Greek) but does not align with the reference provided, which is ""Γαλλία"" (France). The assistant incorrectly states that Thymou is in Greece.

Rating: [[4]]"
Σε ποια χώρα βρίσκεται το Γκρενόμπλ;,Το Γκρενόμπλ βρίσκεται στη **Γαλλία**.,Γαλλία,cities,"The assistant's response is in the same language as the reference and aligns with the reference provided.

Rating: [[1]]"
Σε ποια χώρα βρίσκεται το Ντιζόν;,Το Ντιζόν βρίσκεται στη **Γαλλία**.,Γαλλία,cities,"The assistant's response is in the same language as the reference and aligns with the reference provided.

Rating: [[1]]"
Σε ποια χώρα βρίσκεται το Nîmes;,Το Nîmes βρίσκεται στη **Γαλλία**.,Γαλλία,cities,"The assistant's response is in the same language as the reference and aligns with the reference provided.

Rating: [[1]]"
Σε ποια χώρα βρίσκεται το Αιξ-αν-Προβάνς;,Το Αιξ-αν-Προβάνς βρίσκεται στη **Γαλλία**.,Γαλλία,cities,"The assistant's response is in the same language as the reference and aligns with the reference provided.

Rating: [[1]]"
Σε ποια χώρα βρίσκεται το Κατμαντού;,Το Κατμαντού βρίσκεται στο **Νεπάλ**.,Νεπάλ,cities,"The assistant's response is in the same language as the reference and aligns with the reference provided.

Rating: [[1]]"
Σε ποια χώρα βρίσκεται το Ποκάρα;,Το Ποκάρα βρίσκεται στο **Νεπάλ**.,Νεπάλ,cities,"The assistant's response is in the same language as the reference and aligns with the reference provided.

Rating: [[1]]"
Σε ποια χώρα βρίσκεται το Lalitpur;,Το Lalitpur βρίσκεται στο **Νεπάλ**.,Νεπάλ,cities,"The assistant's response is in the same language as the reference and aligns with the reference provided.

Rating: [[1]]"
Σε ποια χώρα βρίσκεται το Μπιρατνάγκαρ;,Το Μπιρατνάγκαρ βρίσκεται στην **Ινδία**.,Νεπάλ,cities,"The assistant's response is in the same language as the reference but does not align with the reference provided, as Biratnagar is actually located in Nepal, not India.

Rating: [[4]]"
Σε ποια χώρα βρίσκεται το Janakpur;,Το Janakpur βρίσκεται στο **Νεπάλ**.,Νεπάλ,cities,"The assistant's response is in the same language as the reference and aligns with the reference provided.

Rating: [[1]]"
Σε ποια χώρα βρίσκεται το Dharan;,Το Dharan βρίσκεται στο **Νεπάλ**.,Νεπάλ,cities,"The assistant's response is in the same language as the reference and aligns with the reference provided.

Rating: [[1]]"
Σε ποια χώρα βρίσκεται το Butwal;,Το Butwal βρίσκεται στο **Νεπάλ**.,Νεπάλ,cities,"The assistant's response is in the same language as the reference and aligns with the reference provided.

Rating: [[1]]"
Σε ποια χώρα βρίσκεται το Birgunj;,Το Birgunj βρίσκεται στο **Νεπάλ**.,Νεπάλ,cities,"The assistant's response is in the same language as the reference and aligns with the reference provided.

Rating: [[1]]"
Σε ποια χώρα βρίσκεται το Hetauda;,Το Hetauda βρίσκεται στο **Νεπάλ**.,Νεπάλ,cities,"The assistant's response is in the same language as the reference and aligns with the reference provided.

Rating: [[1]]"
Σε ποια χώρα βρίσκεται το Nepalgunj;,Το Nepalgunj βρίσκεται στο **Νεπάλ**.,Νεπάλ,cities,"The assistant's response is in the same language as the reference and aligns with the reference provided.

Rating: [[1]]"
Σε ποια χώρα βρίσκεται το Itahari;,Το Itahari βρίσκεται στο **Νεπάλ**.,Νεπάλ,cities,"The assistant's response is in the same language as the reference and aligns with the reference provided.

Rating: [[1]]"
Σε ποια χώρα βρίσκεται το Dhangadhi;,Το Dhangadhi βρίσκεται στο **Νεπάλ**.,Νεπάλ,cities,"The assistant's response is in the same language as the reference and aligns with the reference provided.

Rating: [[1]]"
Σε ποια χώρα βρίσκεται το Μπακταπούρ;,Το Μπακταπούρ βρίσκεται στο **Νεπάλ**.,Νεπάλ,cities,"The assistant's response is in the same language as the reference and aligns with the reference provided.

Rating: [[1]]"
Σε ποια χώρα βρίσκεται το Τουλσιπούρ;,Το Τουλσιπούρ βρίσκεται στην **Ινδία**.,Νεπάλ,cities,"The assistant's response is in the same language as the reference but does not align with the reference provided, as the reference indicates ""Νεπάλ"" (Nepal) and the assistant states ""Ινδία"" (India).

Rating: [[4]]"
Σε ποια χώρα βρίσκεται το Καλάγια;,"Το Καλάγια βρίσκεται στην **Ελλάδα**. 

Πιο συγκεκριμένα, είναι ένα χωριό στην Πελοπόννησο, στην περιφερειακή ενότητα Μεσσηνίας.",Νεπάλ,cities,"The assistant's response is in the same language (Greek) but does not align with the reference provided, which is ""Νεπάλ"" (Nepal).

Rating: [[4]]"
Σε ποια χώρα βρίσκεται το Ghorahi;,Το Ghorahi βρίσκεται στο **Νεπάλ**.,Νεπάλ,cities,"The assistant's response is in the same language as the reference and aligns with the reference provided.

Rating: [[1]]"
Σε ποια χώρα βρίσκεται το Damak;,"Το Damak βρίσκεται στην **Ινδία**. 

Είναι μια πόλη στην πολιτεία **Μπιχάρ**.",Νεπάλ,cities,"The assistant's response is in the same language as the reference but does not align with the reference provided, as it incorrectly states that Damak is in India, when the reference indicates it should be in Nepal.

Rating: [[4]]"
Σε ποια χώρα βρίσκεται το Lahan;,"Το Lahan βρίσκεται στην **Ελλάδα**. 

Είναι μια πόλη στην περιφερειακή ενότητα Λακωνίας, στην Πελοπόννησο.",Νεπάλ,cities,"The assistant's response is in the same language (Greek) but does not align with the reference provided, which is Nepal.

Rating: [[4]]"
Σε ποια χώρα βρίσκεται το Kirtipur;,Το Kirtipur βρίσκεται στο **Νεπάλ**.,Νεπάλ,cities,"The assistant's response is in the same language as the reference and aligns with the reference provided.

Rating: [[1]]"
Σε ποια χώρα βρίσκεται το Τόκιο;,Το Τόκιο βρίσκεται στην **Ιαπωνία**. 🇯🇵,Ιαπωνία,cities,"The assistant's response is in the same language as the reference and aligns with the reference provided.

Rating: [[1]]"
Σε ποια χώρα βρίσκεται το Οσάκα;,Το Οσάκα βρίσκεται στην **Ιαπωνία**.,Ιαπωνία,cities,"The assistant's response is in the same language as the reference and aligns with the reference provided.

Rating: [[1]]"
Σε ποια χώρα βρίσκεται το Γιοκοχάμα;,Το Γιοκοχάμα βρίσκεται στην **Ιαπωνία**.,Ιαπωνία,cities,"The assistant's response is in the same language as the reference and aligns with the reference provided.

Rating: [[1]]"
Σε ποια χώρα βρίσκεται το Ναγκόγια;,Το Ναγκόγια βρίσκεται στην **Ιαπωνία**.,Ιαπωνία,cities,"The assistant's response is in the same language as the reference and aligns with the reference provided.

Rating: [[1]]"
Σε ποια χώρα βρίσκεται το Sapporo;,"Το Sapporo βρίσκεται στην **Ιαπωνία**. 

Είναι η πέμπτη μεγαλύτερη πόλη της Ιαπωνίας και η πρωτεύουσα της νήσου Χοκκάιντο.",Ιαπωνία,cities,"The assistant's response is in the same language as the reference and aligns with the reference provided.

Rating: [[1]]"
Σε ποια χώρα βρίσκεται το Φουκουόκα;,Το Φουκουόκα βρίσκεται στην **Ιαπωνία**.,Ιαπωνία,cities,"The assistant's response is in the same language as the reference and aligns with the reference provided.

Rating: [[1]]"
Σε ποια χώρα βρίσκεται το Κόμπε;,Το Κόμπε βρίσκεται στην **Ιαπωνία**.,Ιαπωνία,cities,"The assistant's response is in the same language as the reference and aligns with the reference provided.

Rating: [[1]]"
Σε ποια χώρα βρίσκεται το Κιότο;,Το Κιότο βρίσκεται στην **Ιαπωνία**.,Ιαπωνία,cities,"The assistant's response is in the same language as the reference and aligns with the reference provided.

Rating: [[1]]"
Σε ποια χώρα βρίσκεται το Χιροσίμα;,Το Χιροσίμα βρίσκεται στην **Ιαπωνία**.,Ιαπωνία,cities,"The assistant's response is in the same language as the reference and aligns with the reference provided.

Rating: [[1]]"
Σε ποια χώρα βρίσκεται το Σεντάι;,Το Σεντάι βρίσκεται στην **Ιαπωνία**.,Ιαπωνία,cities,"The assistant's response is in the same language as the reference and aligns with the reference provided.

Rating: [[1]]"
Σε ποια χώρα βρίσκεται το Κιτακιούσου;,Το Κιουσιού βρίσκεται στην **Ιαπωνία**.,Ιαπωνία,cities,"The assistant's response is in the same language as the reference and aligns with the reference, but it mentions ""Κιουσιού"" instead of ""Κιτακιούσου"". However, since ""Κιουσιού"" is a part of Japan, the answer is still considered correct.

Rating: [[1]]"
Σε ποια χώρα βρίσκεται το Chiba;,"Το Chiba βρίσκεται στην **Ιαπωνία**. 

Είναι μια πόλη και νομός (prefecture) που βρίσκεται στα ανατολικά της χώρας, κοντά στο Τόκιο.",Ιαπωνία,cities,"The assistant's response is in the same language as the reference and aligns with the reference provided.

Rating: [[1]]"
Σε ποια χώρα βρίσκεται το Σακάι;,"Το Σακάι βρίσκεται στην **Ιαπωνία**. 

Είναι μια πόλη στην νοτιοδυτική πλευρά της χώρας, στην περιφέρεια Κάνσαι.",Ιαπωνία,cities,"The assistant's response is in the same language as the reference and aligns with the reference provided.

Rating: [[1]]"
Σε ποια χώρα βρίσκεται το Σιζουόκα;,Το Σιζουόκα βρίσκεται στην **Ιαπωνία**.,Ιαπωνία,cities,"The assistant's response is in the same language as the reference and aligns with the reference provided.

Rating: [[1]]"
Σε ποια χώρα βρίσκεται το Οκαγιάμα;,Το Οκαγιάμα βρίσκεται στην **Ιαπωνία**.,Ιαπωνία,cities,"The assistant's response is in the same language as the reference and aligns with the reference provided.

Rating: [[1]]"
Σε ποια χώρα βρίσκεται το Χαμαμάτσου;,Το Χαμαμάτσου βρίσκεται στην **Ιαπωνία**.,Ιαπωνία,cities,"The assistant's response is in the same language as the reference and aligns with the reference provided.

Rating: [[1]]"
Σε ποια χώρα βρίσκεται το Καγκοσίμα;,Το Καγκοσίμα βρίσκεται στην **Ιαπωνία**.,Ιαπωνία,cities,"The assistant's response is in the same language as the reference and aligns with the reference provided.

Rating: [[1]]"
Σε ποια χώρα βρίσκεται το Niigata;,"Το Niigata βρίσκεται στην **Ιαπωνία**. 

Είναι μια πόλη στην ακτή του νησιού Χόνσου, και είναι η πρωτεύουσα της Νομαρχίας Niigata.",Ιαπωνία,cities,"The assistant's response is in the same language as the reference and aligns with the reference provided.

Rating: [[1]]"
Σε ποια χώρα βρίσκεται το Ματσουγιάμα;,Το Ματσουγιάμα βρίσκεται στο **Περού**.,Ιαπωνία,cities,"The assistant's response is in the same language as the reference but does not align with the reference provided.

Rating: [[4]]"
Σε ποια χώρα βρίσκεται το Νάχα;,Το Νάχα βρίσκεται στο **Μεξικό**.,Ιαπωνία,cities,"The assistant's response is in the same language as the reference but does not align with the reference provided.

Rating: [[4]]"
Σε ποια χώρα βρίσκεται το Κίεβο;,Το Κίεβο βρίσκεται στην **Ουκρανία**.,Ουκρανία,cities,"The assistant's response is in the same language as the reference and aligns with the reference provided.

Rating: [[1]]"
Σε ποια χώρα βρίσκεται το Χάρκοβο;,Το Χάρκοβο βρίσκεται στην **Ουκρανία**.,Ουκρανία,cities,"The assistant's response is in the same language as the reference and aligns with the reference provided.

Rating: [[1]]"
Σε ποια χώρα βρίσκεται το Οδησσός;,"Το Οδησσός βρίσκεται στην **Ουκρανία**. 

Είναι μια πόλη λιμάνι στη νότια Ουκρανία, στην ακτή της Μαύρης Θάλασσας.",Ουκρανία,cities,"The assistant's response is in the same language as the reference and aligns with the reference provided.

Rating: [[1]]"
Σε ποια χώρα βρίσκεται το Ντνίπρο;,Το Ντνίπρο βρίσκεται στην **Ουκρανία**.,Ουκρανία,cities,"The assistant's response is in the same language as the reference and aligns with the reference provided.

Rating: [[1]]"
Σε ποια χώρα βρίσκεται το Ντόνετσκ;,"Το Ντόνετσκ βρίσκεται στην **Ουκρανία**. 

Είναι μια πόλη στην ανατολική Ουκρανία και είναι η πρωτεύουσα της Περιφέρειας Ντόνετσκ.",Ουκρανία,cities,"The assistant's response is in the same language as the reference and aligns with the reference provided.

Rating: [[1]]"
Σε ποια χώρα βρίσκεται το Ζαπορίζια;,Το Ζαπορίζια βρίσκεται στην **Ουκρανία**.,Ουκρανία,cities,"The assistant's response is in the same language as the reference and aligns with the reference provided.

Rating: [[1]]"
Σε ποια χώρα βρίσκεται το Λβιβ;,Το Λβιβ βρίσκεται στην **Ουκρανία**.,Ουκρανία,cities,"The assistant's response is in the same language as the reference and aligns with the reference provided.

Rating: [[1]]"
Σε ποια χώρα βρίσκεται το Kryvyi Rih;,Το Kryvyi Rih βρίσκεται στην **Ουκρανία**.,Ουκρανία,cities,"The assistant's response is in the same language as the reference and aligns with the reference provided.

Rating: [[1]]"
Σε ποια χώρα βρίσκεται το Mykolaiv;,Το Mykolaiv βρίσκεται στην **Ουκρανία**.,Ουκρανία,cities,"The assistant's response is in the same language as the reference and aligns with the reference provided.

Rating: [[1]]"
Σε ποια χώρα βρίσκεται το Μαριούπολη;,Το Μαριούπολη βρίσκεται στην **Ουκρανία**.,Ουκρανία,cities,"The assistant's response is in the same language as the reference and aligns with the reference provided.

Rating: [[1]]"
Σε ποια χώρα βρίσκεται το Vinnytsia;,Το Vinnytsia βρίσκεται στην **Ουκρανία**.,Ουκρανία,cities,"The assistant's response is in the same language as the reference and aligns with the reference provided.

Rating: [[1]]"
Σε ποια χώρα βρίσκεται το Kherson;,Το Kherson βρίσκεται στην **Ουκρανία**.,Ουκρανία,cities,"The assistant's response is in the same language as the reference and aligns with the reference provided.

Rating: [[1]]"
Σε ποια χώρα βρίσκεται το Πολτάβα;,Το Πολτάβα βρίσκεται στην **Ουκρανία**.,Ουκρανία,cities,"The assistant's response is in the same language as the reference and aligns with the reference provided.

Rating: [[1]]"
Σε ποια χώρα βρίσκεται το Chernihiv;,Το Chernihiv βρίσκεται στην **Ουκρανία**.,Ουκρανία,cities,"The assistant's response is in the same language as the reference and aligns with the reference provided.

Rating: [[1]]"
Σε ποια χώρα βρίσκεται το Σούμι;,Το Σούμι βρίσκεται στην **Ουκρανία**.,Ουκρανία,cities,"The assistant's response is in the same language as the reference and aligns with the reference provided.

Rating: [[1]]"
Σε ποια χώρα βρίσκεται το Τσερνίβτσι;,Το Τσερνίβτσι βρίσκεται στην **Ουκρανία**.,Ουκρανία,cities,"The assistant's response is in the same language as the reference and aligns with the reference provided.

Rating: [[1]]"
Σε ποια χώρα βρίσκεται το Zhytomyr;,Το Zhytomyr βρίσκεται στην **Ουκρανία**.,Ουκρανία,cities,"The assistant's response is in the same language as the reference and aligns with the reference provided.

Rating: [[1]]"
Σε ποια χώρα βρίσκεται το Κρεμεντσούκ;,Το Κρεμεντσούκ βρίσκεται στην **Ουκρανία**.,Ουκρανία,cities,"The assistant's response is in the same language as the reference and aligns with the reference provided.

Rating: [[1]]"
Σε ποια χώρα βρίσκεται το Ivano-Frankivsk;,Το Ivano-Frankivsk βρίσκεται στην **Ουκρανία**.,Ουκρανία,cities,"The assistant's response is in the same language as the reference and aligns with the reference provided.

Rating: [[1]]"
Σε ποια χώρα βρίσκεται το Ternopil;,Το Ternopil βρίσκεται στην **Ουκρανία**.,Ουκρανία,cities,"The assistant's response is in the same language as the reference and aligns with the reference provided.

Rating: [[1]]"
Σε ποια χώρα βρίσκεται το Αθήνα;,Το Αθήνα βρίσκεται στην **Ελλάδα**.,Ελλάδα,cities,"The assistant's response is in the same language as the reference and aligns with the reference provided.

Rating: [[1]]"
Σε ποια χώρα βρίσκεται το Θεσσαλονίκη;,Το Θεσσαλονίκη βρίσκεται στην **Ελλάδα**.,Ελλάδα,cities,"The assistant's response is in the same language as the reference and aligns with the reference provided.

Rating: [[1]]"
Σε ποια χώρα βρίσκεται το Πάτρα;,Το Πάτρα βρίσκεται στην **Ελλάδα**.,Ελλάδα,cities,"The assistant's response is in the same language as the reference and aligns with the reference provided.

Rating: [[1]]"
Σε ποια χώρα βρίσκεται το Ηράκλειο;,"Το Ηράκλειο βρίσκεται στην **Ελλάδα**. 

Είναι η τέταρτη μεγαλύτερη πόλη της Ελλάδας και η πρωτεύουσα της Κρήτης.",Ελλάδα,cities,"The assistant's response is in the same language as the reference and aligns with the reference provided.

Rating: [[1]]"
Σε ποια χώρα βρίσκεται το Λάρισας;,Το Λάρισας βρίσκεται στην **Ελλάδα**.,Ελλάδα,cities,"The assistant's response is in the same language as the reference and aligns with the reference provided.

Rating: [[1]]"
Σε ποια χώρα βρίσκεται το Βόλος;,Το Βόλος βρίσκεται στην **Ελλάδα**.,Ελλάδα,cities,"The assistant's response is in the same language as the reference and aligns with the reference provided.

Rating: [[1]]"
Σε ποια χώρα βρίσκεται το Ρόδος;,"Το Ρόδος βρίσκεται στην **Ελλάδα**. 

Είναι το μεγαλύτερο νησί του **Νοτίου Αιγαίου** και αποτελεί ένα από τα νησιά του **Δωδεκανήσου**.",Ελλάδα,cities,"The assistant's response is in the same language as the reference and aligns with the reference provided. The assistant correctly states that Rhodes is located in Greece and provides additional relevant information about its location in the South Aegean and its status as part of the Dodecanese islands.

Rating: [[1]]"
Σε ποια χώρα βρίσκεται το Ιωαννίνων;,Το Ιωάννινα βρίσκεται στην **Ελλάδα**.,Ελλάδα,cities,"The assistant's response is in the same language as the reference and aligns with the reference provided.

Rating: [[1]]"
Σε ποια χώρα βρίσκεται το Χανιά;,"Το Χανιά βρίσκεται στην **Ελλάδα**. 

Είναι η δεύτερη μεγαλύτερη πόλη της Κρήτης, η μεγαλύτερη νήσος της Ελλάδας.",Ελλάδα,cities,"The assistant's response is in the same language as the reference and aligns with the reference provided.

Rating: [[1]]"
Σε ποια χώρα βρίσκεται το Καλαμάτας;,Το Καλαμάτα βρίσκεται στην **Ελλάδα**.,Ελλάδα,cities,"The assistant's response is in the same language as the reference and aligns with the reference provided.

Rating: [[1]]"
Σε ποια χώρα βρίσκεται το Σερρών;,Το Σέρρες βρίσκεται στην **Ελλάδα**.,Ελλάδα,cities,"The assistant's response is in the same language as the reference and aligns with the reference provided.

Rating: [[1]]"
Σε ποια χώρα βρίσκεται το Αλεξανδρούπολη;,Το Αλεξανδρούπολη βρίσκεται στην **Ελλάδα**.,Ελλάδα,cities,"The assistant's response is in the same language as the reference and aligns with the reference provided.

Rating: [[1]]"
Σε ποια χώρα βρίσκεται το Καβάλας;,Το Καβάλα βρίσκεται στην **Ελλάδα**.,Ελλάδα,cities,"The assistant's response is in the same language as the reference and aligns with the reference provided.

Rating: [[1]]"
Σε ποια χώρα βρίσκεται το Αγρίνιο;,Το Αγρίνιο βρίσκεται στην **Ελλάδα**.,Ελλάδα,cities,"The assistant's response is in the same language as the reference and aligns with the reference provided.

Rating: [[1]]"
Σε ποια χώρα βρίσκεται το Κατερίνη;,Το Κατερίνη βρίσκεται στην **Ελλάδα**.,Ελλάδα,cities,"The assistant's response is in the same language as the reference and aligns with the reference provided.

Rating: [[1]]"
Σε ποια χώρα βρίσκεται το Τρικάλων;,Το Τρίκαλα βρίσκεται στην **Ελλάδα**.,Ελλάδα,cities,"The assistant's response is in the same language as the reference and aligns with the reference provided.

Rating: [[1]]"
Σε ποια χώρα βρίσκεται το Βέροια;,Το Βέροια βρίσκεται στην **Ελλάδα**.,Ελλάδα,cities,"The assistant's response is in the same language as the reference and aligns with the reference provided.

Rating: [[1]]"
Σε ποια χώρα βρίσκεται το Κιλκίς;,Το Κιλκίς βρίσκεται στην **Ελλάδα**.,Ελλάδα,cities,"The assistant's response is in the same language as the reference and aligns with the reference provided.

Rating: [[1]]"
Σε ποια χώρα βρίσκεται το Ναύπλιο;,Το Ναύπλιο βρίσκεται στην **Ελλάδα**.,Ελλάδα,cities,"The assistant's response is in the same language as the reference and aligns with the reference provided.

Rating: [[1]]"
Σε ποια χώρα βρίσκεται το Κωνσταντινούπολη;,"Το Κωνσταντινούπολη βρίσκεται στην **Τουρκία**. 

Σήμερα, η πόλη ονομάζεται **Ιστανμπούλ**.",Τουρκία,cities,"The assistant's response is in the same language as the reference and aligns with the reference provided. The assistant correctly states that Constantinople is in Turkey and also provides the current name of the city, Istanbul.

Rating: [[1]]"
Σε ποια χώρα βρίσκεται το Άγκυρα;,"Το Άγκυρα βρίσκεται στην **Τουρκία**. 

Είναι η πρωτεύουσα της χώρας.",Τουρκία,cities,"The assistant's response is in the same language as the reference and aligns with the reference provided.

Rating: [[1]]"
Σε ποια χώρα βρίσκεται το Σμύρνη;,"Το Σμύρνη βρίσκεται στην **Τουρκία**. 

Σήμερα, η πόλη ονομάζεται **Ιζμίρ**.",Τουρκία,cities,"The assistant's response is in the same language as the reference and aligns with the reference provided. The assistant also provides additional relevant information, which is accurate and enhances the answer.

Rating: [[1]]"
Σε ποια χώρα βρίσκεται το Προύσα;,"Το Προύσα βρίσκεται στην **Τουρκία**. 

Σήμερα, η πόλη ονομάζεται **Μπούρσα**.",Τουρκία,cities,"The assistant's response is in the same language as the reference and aligns with the reference provided. The assistant correctly identifies that Prusa (Προύσα) is in Turkey (Τουρκία) and also provides the modern name of the city, Bursa (Μπούρσα).

Rating: [[1]]"
Σε ποια χώρα βρίσκεται το Άδανα;,Το Άδανα βρίσκεται στην **Τουρκία**.,Τουρκία,cities,"The assistant's response is in the same language as the reference and aligns with the reference provided.

Rating: [[1]]"
Σε ποια χώρα βρίσκεται το Γκαζιαντέπ;,Το Γκαζιαντέπ βρίσκεται στην **Τουρκία**.,Τουρκία,cities,"The assistant's response is in the same language as the reference and aligns with the reference provided.

Rating: [[1]]"
Σε ποια χώρα βρίσκεται το Ικόνιο;,Το Ικόνιο βρίσκεται στην **Τουρκία**.,Τουρκία,cities,"The assistant's response is in the same language as the reference and aligns with the reference provided.

Rating: [[1]]"
Σε ποια χώρα βρίσκεται το Αττάλεια;,Το Αττάλεια βρίσκεται στην **Τουρκία**.,Τουρκία,cities,"The assistant's response is in the same language as the reference and aligns with the reference provided.

Rating: [[1]]"
Σε ποια χώρα βρίσκεται το Καϊσέρι;,Το Καϊσέρι βρίσκεται στην **Τουρκία**.,Τουρκία,cities,"The assistant's response is in the same language as the reference and aligns with the reference provided.

Rating: [[1]]"
Σε ποια χώρα βρίσκεται το Μερσίνα;,Το Μερσίνα βρίσκεται στην **Τουρκία**.,Τουρκία,cities,"The assistant's response is in the same language as the reference and aligns with the reference provided.

Rating: [[1]]"
Σε ποια χώρα βρίσκεται το Ντιγιαρμπακίρ;,Το Ντιγιαρμπακίρ βρίσκεται στην **Τουρκία**.,Τουρκία,cities,"The assistant's response is in the same language as the reference and aligns with the reference provided.

Rating: [[1]]"
Σε ποια χώρα βρίσκεται το Αδριανούπολη;,Το Αδριανούπολη βρίσκεται στην **Τουρκία**.,Τουρκία,cities,"The assistant's response is in the same language as the reference and aligns with the reference provided.

Rating: [[1]]"
Σε ποια χώρα βρίσκεται το Μαλάτια;,Το Μαλάτια βρίσκεται στην **Τουρκία**.,Τουρκία,cities,"The assistant's response is in the same language as the reference and aligns with the reference provided.

Rating: [[1]]"
Σε ποια χώρα βρίσκεται το Μανίσα;,Το Μανίσα βρίσκεται στην **Τουρκία**.,Τουρκία,cities,"The assistant's response is in the same language as the reference and aligns with the reference provided.

Rating: [[1]]"
Σε ποια χώρα βρίσκεται το Τραπεζούντα;,Το Τραπεζούντα βρίσκεται στην **Τουρκία**.,Τουρκία,cities,"The assistant's response is in the same language as the reference and aligns with the reference provided.

Rating: [[1]]"
Σε ποια χώρα βρίσκεται το Σαμψούντα;,Το Σαμψούντα βρίσκεται στην **Τουρκία**.,Τουρκία,cities,"The assistant's response is in the same language as the reference and aligns with the reference provided.

Rating: [[1]]"
Σε ποια χώρα βρίσκεται το Ντενιζλί;,Το Ντενιζλί βρίσκεται στην **Τουρκία**.,Τουρκία,cities,"The assistant's response is in the same language as the reference and aligns with the reference provided.

Rating: [[1]]"
Σε ποια χώρα βρίσκεται το Εσκισεχίρ;,Το Εσκισεχίρ βρίσκεται στην **Τουρκία**.,Τουρκία,cities,"The assistant's response is in the same language as the reference and aligns with the reference provided.

Rating: [[1]]"
Σε ποια χώρα βρίσκεται το Χατάι;,Το Χατάι βρίσκεται στην **Τουρκία**.,Τουρκία,cities,"The assistant's response is in the same language as the reference and aligns with the reference provided.

Rating: [[1]]"
Σε ποια χώρα βρίσκεται το Κοτζαέλι;,Το Κοτζαέλι βρίσκεται στην **Τουρκία**.,Τουρκία,cities,"The assistant's response is in the same language as the reference and aligns with the reference provided.

Rating: [[1]]"
Σε ποια χώρα βρίσκεται το Ναϊρόμπι;,Το Ναϊρόμπι βρίσκεται στην **Κένυα**.,Κενύα,cities,"The assistant's response is in the same language as the reference and aligns with the reference provided.

Rating: [[1]]"
Σε ποια χώρα βρίσκεται το Μομπάσα;,Το Μομπάσα βρίσκεται στην **Κένυα**.,Κενύα,cities,"The assistant's response is in the same language as the reference and aligns with the reference provided.

Rating: [[1]]"
Σε ποια χώρα βρίσκεται το Kisumu;,Το Kisumu βρίσκεται στην **Κένυα**.,Κενύα,cities,"The assistant's response is in the same language as the reference and aligns with the reference provided.

Rating: [[1]]"
Σε ποια χώρα βρίσκεται το Nakuru;,Το Nakuru βρίσκεται στην **Κένυα**.,Κενύα,cities,"The assistant's response is in the same language as the reference and aligns with the reference provided.

Rating: [[1]]"
Σε ποια χώρα βρίσκεται το Έλντορετ;,"Το Έλντορετ είναι ένα **φανταστικό** μέρος, που εμφανίζεται στην αγγλική λογοτεχνία. Δεν είναι μια πραγματική χώρα.

Το Έλντορετ είναι το όνομα της μυθικής χώρας που αναζητά ο Sir Francis Drake στο μυθιστόρημα του Robert Louis Stevenson ""The Black Arrow"". 

Είναι επίσης το όνομα της χώρας που αναζητά ο John Thornton στο μυθιστόρημα του Jack London ""The Call of the Wild"".

Επο",Κενύα,cities,"The assistant's response is in the same language as the reference but does not align with the reference. The assistant provides information about a fictional place called Eldoret, which is not the correct answer to the question. The correct answer should be Kenya, as Eldoret is a town in Kenya.

Rating: [[4]]"
Σε ποια χώρα βρίσκεται το Θήκα;,"Το Θήκα βρίσκεται στην **Ελλάδα**. 

Είναι ένα νησί στο Αιγαίο Πέλαγος, μέρος του νομού Δωδεκανήσου.",Κενύα,cities,"The assistant's response is in the same language (Greek) but does not align with the reference provided, which is also in Greek and refers to Kenya.

Rating: [[4]]"
Σε ποια χώρα βρίσκεται το Κιτάλε;,"Το Κιτάλε βρίσκεται στην **Ιταλία**. 

Είναι μια πόλη στην περιφέρεια της Σικελίας.",Κενύα,cities,"The assistant's response is in the same language but does not align with the reference provided.

Rating: [[4]]"
Σε ποια χώρα βρίσκεται το Μαλίντι;,Το Μαλίντι βρίσκεται στη **Σενεγάλη**.,Κενύα,cities,"The assistant's response is in the same language as the reference but does not align with the reference provided.

Rating: [[4]]"
Σε ποια χώρα βρίσκεται το Γκαρίσα;,Το Γκαρίσα βρίσκεται στην **Ινδία**.,Κενύα,cities,"The assistant's response is in the same language but does not align with the reference provided.

Rating: [[4]]"
Σε ποια χώρα βρίσκεται το Nyeri;,Το Nyeri βρίσκεται στην **Κένυα**.,Κενύα,cities,"The assistant's response is in the same language as the reference and aligns with the reference provided.

Rating: [[1]]"
Σε ποια χώρα βρίσκεται το Μερού;,Το Μερού βρίσκεται στην **Ελλάδα**.,Κενύα,cities,"The assistant's response is in the same language as the reference but does not align with the reference provided.

Rating: [[4]]"
Σε ποια χώρα βρίσκεται το Μαχάκος;,"Το Μαχάκος βρίσκεται στην **Ελλάδα**. 

Είναι μια πόλη στην ανατολική ακτή της Αττικής, περίπου 25 χιλιόμετρα νοτιοανατολικά των Αθηνών.",Κενύα,cities,"The assistant's response is in the same language (Greek) and aligns with the reference, as it correctly states that Machakos is in Greece. However, the reference provided is ""Κενύα"" (Kenya), which is not relevant to the question or the answer. Despite this, the assistant's answer is still correct and relevant to the question asked.

Rating: [[1]]"
Σε ποια χώρα βρίσκεται το Embu;,Το Embu βρίσκεται στην **Κένυα**.,Κενύα,cities,"The assistant's response is in the same language as the reference and aligns with the reference provided.

Rating: [[1]]"
Σε ποια χώρα βρίσκεται το Κακαμέγα;,"Το Κακαμέγα βρίσκεται στην **Ιαπωνία**. 

Είναι μια πόλη στην νοτιοανατολική ακτή της χώρας, στην επαρχία Τσίμπα.",Κενύα,cities,"The assistant's response is in the same language as the reference but does not align with the reference provided, as Kakamega is in Kenya, not Japan.

Rating: [[4]]"
Σε ποια χώρα βρίσκεται το Κέριχο;,Το Κέριχο βρίσκεται στην **Ιρλανδία**.,Κενύα,cities,"The assistant's response is in the same language but does not align with the reference provided.

Rating: [[4]]"
Σε ποια χώρα βρίσκεται το Νανιούκι;,Το Νανιούκι βρίσκεται στην **Ιαπωνία**.,Κενύα,cities,"The assistant's response is in the same language as the reference but does not align with the reference provided.

Rating: [[4]]"
Σε ποια χώρα βρίσκεται το Voi;,Το Voi είναι μια εταιρεία μοιράσματος ηλεκτρικών ποδηλάτων και σκούτερ που εδρεύει στη **Σουηδία**.,Κενύα,cities,"The assistant's response is in the same language as the reference but does not align with the reference provided.

Rating: [[4]]"
Σε ποια χώρα βρίσκεται το Lamu;,"Το Lamu βρίσκεται στην **Κένυα**. 

Είναι ένα νησί και πόλη στην ακτή της Κένυας, γνωστό για την πλούσια ιστορία του και την αρχιτεκτονική του.",Κενύα,cities,"The assistant's response is in the same language as the reference and aligns with the reference provided.

Rating: [[1]]"
Σε ποια χώρα βρίσκεται το Ναϊβάσα;,Το Ναϊβάσα βρίσκεται στην **Ινδία**.,Κενύα,cities,"The assistant's response is in the same language as the reference but does not align with the reference provided.

Rating: [[4]]"
Σε ποια χώρα βρίσκεται το Isiolo;,Το Isiolo βρίσκεται στην **Κένυα**.,Κενύα,cities,"The assistant's response is in the same language as the reference and aligns with the reference provided.

Rating: [[1]]"
Σε ποια χώρα βρίσκεται το Μπανγκόκ;,Το Μπανγκόκ βρίσκεται στην **Ταϊλάνδη**.,Σιάμ,cities,"The assistant's response is in the same language as the reference and aligns with the reference, as Bangkok is indeed in Thailand, which is the modern name for the country previously known as Siam.

Rating: [[1]]"
Σε ποια χώρα βρίσκεται το Τσιάνγκ Μάι;,Το Τσιάνγκ Μάι βρίσκεται στην **Ταϊλάνδη**.,Σιάμ,cities,"The assistant's response is in the same language as the reference and aligns with the reference, as ""Σιάμ"" is an older name for Thailand.

Rating: [[1]]"
Σε ποια χώρα βρίσκεται το Πατάγια;,Το Πατάγια βρίσκεται στην **Ταϊλάνδη**.,Σιάμ,cities,"The assistant's response is in the same language as the reference and aligns with the reference, as ""Σιάμ"" is an older name for ""Ταϊλάνδη"" (Thailand).

Rating: [[1]]"
Σε ποια χώρα βρίσκεται το Πουκέτ;,Το Πουκέτ βρίσκεται στην **Ταϊλάνδη**.,Σιάμ,cities,"The assistant's response is in the same language as the reference and aligns with the reference, as Phuket is indeed in Thailand, which is the modern name for the country previously known as Siam.

Rating: [[1]]"
Σε ποια χώρα βρίσκεται το Nakhon Ratchasima;,Το Nakhon Ratchasima βρίσκεται στην **Ταϊλάνδη**.,Σιάμ,cities,"The assistant's response is in the same language as the reference and aligns with the reference, as Nakhon Ratchasima is indeed in Thailand, which is the modern name for Siam.

Rating: [[1]]"
Σε ποια χώρα βρίσκεται το Καπέλο Γιάι;,"Το Καπέλο Γιάι βρίσκεται στην **Ελλάδα**. 

Είναι ένα από τα πιο διάσημα αξιοθέατα της χώρας και βρίσκεται στην κορυφή του βουνού **Ακρωτήρι** στην **Κρήτη**.",Σιάμ,cities,"The assistant's response is in the same language as the reference (Greek) but does not align with the reference provided. The reference is ""Σιάμ"" (Siam), which is the old name for Thailand, and the question asks about the location of Cape Yam, which is in Thailand, not Greece. Therefore, the assistant's answer is unrelated to the reference.

Rating: [[4]]"
Σε ποια χώρα βρίσκεται το Ούντον Θάνι;,Το Ούντον Θάνι βρίσκεται στην **Ινδία**.,Σιάμ,cities,"The assistant's response is in the same language as the reference but does not align with the reference provided, as the reference is ""Σιάμ"" (Siam), which is the old name for Thailand, and the assistant's answer states India.

Rating: [[4]]"
Σε ποια χώρα βρίσκεται το Κον Καέν;,Το Κον Καέν βρίσκεται στο **Βιετνάμ**.,Σιάμ,cities,"The assistant's response is in the same language as the reference but does not align with the reference provided, as the reference is ""Σιάμ"" (Siam), which is the old name for Thailand, and the answer provided is Vietnam.

Rating: [[4]]"
Σε ποια χώρα βρίσκεται το Σουράτ Θάνι;,Το Σουράτ Θάνι βρίσκεται στην **Ινδία**.,Σιάμ,cities,"The assistant's response is in the same language as the reference but does not align with the reference provided, as Surat Thani is located in Thailand, not India.

Rating: [[4]]"
Σε ποια χώρα βρίσκεται το Τσιάνγκ Ράι;,Το Τσιάνγκ Ράι βρίσκεται στην **Ταϊλάνδη**.,Σιάμ,cities,"The assistant's response is in the same language as the reference and aligns with the reference, as ""Σιάμ"" is an older name for Thailand.

Rating: [[1]]"
Σε ποια χώρα βρίσκεται το Phitsanulok;,Το Phitsanulok βρίσκεται στην **Ταϊλάνδη**.,Σιάμ,cities,"The assistant's response is in the same language as the reference and aligns with the reference, as Phitsanulok is indeed located in Thailand, which is the modern name for Siam.

Rating: [[1]]"
Σε ποια χώρα βρίσκεται το Σουκοτάι;,Το Σουκοτάι βρίσκεται στην **Ταϊλάνδη**.,Σιάμ,cities,"The assistant's response is in the same language as the reference and aligns with the reference, as Sukhothai is indeed located in Thailand (which is the modern name for the historical region of Siam).

Rating: [[1]]"
Σε ποια χώρα βρίσκεται το Nakhon Si Thammarat;,Το Nakhon Si Thammarat βρίσκεται στην **Ταϊλάνδη**.,Σιάμ,cities,"The assistant's response is in the same language as the reference and aligns with the reference, as Nakhon Si Thammarat is indeed located in Thailand, which is the modern name for the historical region referred to as Siam.

Rating: [[1]]"
Σε ποια χώρα βρίσκεται το Χούα Χιν;,Το Χούα Χιν βρίσκεται στο **Βιετνάμ**.,Σιάμ,cities,"The assistant's response is in the same language as the reference but does not align with the reference provided, as the reference is ""Σιάμ"" (Siam), which is the old name for Thailand, and not Vietnam.

Rating: [[4]]"
Σε ποια χώρα βρίσκεται το Mae Sot;,Το Mae Sot βρίσκεται στην **Ταϊλάνδη**.,Σιάμ,cities,"The assistant's response is in the same language as the reference and aligns with the reference, as Mae Sot is indeed located in Thailand, which is the modern name for the country referred to as ""Σιάμ"" (Siam) in the reference.

Rating: [[1]]"
Σε ποια χώρα βρίσκεται το Ratchaburi;,Το Ratchaburi βρίσκεται στην **Ταϊλάνδη**.,Σιάμ,cities,"The assistant's response is in the same language as the reference and aligns with the reference, as Ratchaburi is indeed located in Thailand, which is the modern name for Siam.

Rating: [[1]]"
Σε ποια χώρα βρίσκεται το Kanchanaburi;,Το Kanchanaburi βρίσκεται στην **Ταϊλάνδη**.,Σιάμ,cities,"The assistant's response is in the same language as the reference and aligns with the reference, as Kanchanaburi is indeed in Thailand, which is the modern name for Siam.

Rating: [[1]]"
Σε ποια χώρα βρίσκεται το Ουμπόν Ρατσαθάνι;,Το Ουμπόν Ρατσαθάνι βρίσκεται στην **Ταϊλάνδη**.,Σιάμ,cities,"The assistant's response is in the same language as the reference and aligns with the reference, as ""Σιάμ"" is an older name for ""Ταϊλάνδη"" (Thailand).

Rating: [[1]]"
Σε ποια χώρα βρίσκεται το Σαμούτ Πράκαν;,Το Σαμούτ Πράκαν βρίσκεται στην **Ταϊλάνδη**.,Σιάμ,cities,"The assistant's response is in the same language as the reference and aligns with the reference, as Samut Prakan is indeed located in Thailand, which is the modern name for the country formerly known as Siam.

Rating: [[1]]"
Σε ποια χώρα βρίσκεται το Prachuap Khiri Khan;,Το Prachuap Khiri Khan βρίσκεται στην **Ταϊλάνδη**.,Σιάμ,cities,"The assistant's response is in the same language as the reference and aligns with the reference, as Prachuap Khiri Khan is indeed located in Thailand, which is the modern name for the historical region referred to as Siam.

Rating: [[1]]"
Το Τζορτζ Ουάσιγκτον είναι από ποια χώρα;,"Ο Τζορτζ Ουάσιγκτον ήταν από τις **Ηνωμένες Πολιτείες της Αμερικής**. 

Ήταν ο πρώτος Πρόεδρος των Ηνωμένων Πολιτειών.",Ηνωμένες Πολιτείες,politicians,"The assistant's response is in the same language as the reference and aligns with the reference provided.

Rating: [[1]]"
Το Αβραάμ Λίνκολν είναι από ποια χώρα;,Ο Αβραάμ Λίνκολν ήταν από τις **Ηνωμένες Πολιτείες Αμερικής**.,Ηνωμένες Πολιτείες,politicians,"The assistant's response is in the same language as the reference and aligns with the reference provided.

Rating: [[1]]"
Το Franklin D. Roosevelt είναι από ποια χώρα;,Ο Franklin D. Roosevelt ήταν από τις **Ηνωμένες Πολιτείες Αμερικής**.,Ηνωμένες Πολιτείες,politicians,"The assistant's response is in the same language as the reference and aligns with the reference provided.

Rating: [[1]]"
Το Μπαράκ Ομπάμα είναι από ποια χώρα;,"Ο Μπαράκ Ομπάμα γεννήθηκε στις Ηνωμένες Πολιτείες Αμερικής. 

Είναι ο 44ος Πρόεδρος των Ηνωμένων Πολιτειών.",Ηνωμένες Πολιτείες,politicians,"The assistant's response is in the same language as the reference and aligns with the reference provided.

Rating: [[1]]"
Το Ντόναλντ Τραμπ είναι από ποια χώρα;,Ο Ντόναλντ Τραμπ γεννήθηκε στις Ηνωμένες Πολιτείες Αμερικής.,Ηνωμένες Πολιτείες,politicians,"The assistant's response is in the same language as the reference and aligns with the reference provided.

Rating: [[1]]"
Το Τζο Μπάιντεν είναι από ποια χώρα;,Ο Τζο Μπάιντεν είναι από τις **Ηνωμένες Πολιτείες Αμερικής**.,Ηνωμένες Πολιτείες,politicians,"The assistant's response is in the same language as the reference and aligns with the reference provided.

Rating: [[1]]"
Το Τόμας Τζέφερσον είναι από ποια χώρα;,"Ο Τόμας Τζέφερσον ήταν από τις **Ηνωμένες Πολιτείες Αμερικής**. 

Ήταν ο τρίτος Πρόεδρος των Ηνωμένων Πολιτειών και ένας από τους κύριους συγγραφείς της Διακήρυξης της Ανεξαρτησίας.",Ηνωμένες Πολιτείες,politicians,"The assistant's response is in the same language as the reference and aligns with the reference provided.

Rating: [[1]]"
Το Θόδωρος Ρούσβελτ είναι από ποια χώρα;,"Ο Θόδωρος Ρούσβελτ ήταν **Αμερικανός**. 

Ήταν ο 32ος Πρόεδρος των Ηνωμένων Πολιτειών Αμερικής.",Ηνωμένες Πολιτείες,politicians,"The assistant's response is in the same language as the reference and aligns with the reference provided.

Rating: [[1]]"
Το Τζον Φ. Κένεντι είναι από ποια χώρα;,"Ο Τζον Φ. Κένεντι ήταν **Αμερικανός**. 

Ήταν ο 35ος Πρόεδρος των Ηνωμένων Πολιτειών Αμερικής.",Ηνωμένες Πολιτείες,politicians,"The assistant's response is in the same language as the reference and aligns with the reference provided.

Rating: [[1]]"
Το Γούντροου Γουίλσον είναι από ποια χώρα;,Ο Γούντροου Γουίλσον είναι από τις **Ηνωμένες Πολιτείες Αμερικής**.,Ηνωμένες Πολιτείες,politicians,"The assistant's response is in the same language as the reference and aligns with the reference provided.

Rating: [[1]]"
Το Μαχάτμα Γκάντι είναι από ποια χώρα;,Ο Μαχάτμα Γκάντι ήταν από την **Ινδία**.,Ινδία,politicians,"The assistant's response is in the same language as the reference and aligns with the reference provided.

Rating: [[1]]"
Το Τζαβαχαρλάλ Νεχρού είναι από ποια χώρα;,"Ο Τζαβαχαρλάλ Νεχρού ήταν από την **Ινδία**. 

Ήταν ο πρώτος πρωθυπουργός της Ινδίας μετά την ανεξαρτησία της από τη Βρετανική Αυτοκρατορία το 1947.",Ινδία,politicians,"The assistant's response is in the same language as the reference and aligns with the reference provided.

Rating: [[1]]"
Το Ίντιρα Γκάντι είναι από ποια χώρα;,Η Ίντιρα Γκάντι ήταν από την **Ινδία**.,Ινδία,politicians,"The assistant's response is in the same language as the reference and aligns with the reference provided.

Rating: [[1]]"
Το Ναρέντρα Μόντι είναι από ποια χώρα;,Ο Ναρέντρα Μόντι είναι ο πρωθυπουργός της **Ινδίας**.,Ινδία,politicians,"The assistant's response is in the same language as the reference and aligns with the reference provided.

Rating: [[1]]"
Το Ρατζίβ Γκάντι είναι από ποια χώρα;,Ο Ρατζίβ Γκάντι ήταν από την **Ινδία**.,Ινδία,politicians,"The assistant's response is in the same language as the reference and aligns with the reference provided.

Rating: [[1]]"
Το Σαρντάρ Βαλαμπχάι Πατέλ είναι από ποια χώρα;,"Ο Σαρντάρ Βαλαμπχάι Πατέλ ήταν από την **Ινδία**. 

Ήταν ένας από τους ηγέτες της κίνησης για την ανεξαρτησία της Ινδίας και ο πρώτος αντικυβερνητικός υπουργός Εσωτερικών της ανεξάρτητης Ινδίας.",Ινδία,politicians,"The assistant's response is in the same language as the reference and aligns with the reference provided.

Rating: [[1]]"
Το Ο Δρ B.R. Ambedkar είναι από ποια χώρα;,Ο Δρ B.R. Ambedkar ήταν από την **Ινδία**.,Ινδία,politicians,"The assistant's response is in the same language as the reference and aligns with the reference provided.

Rating: [[1]]"
Το Atal Bihari Vajpayee είναι από ποια χώρα;,Ο Atal Bihari Vajpayee ήταν από την **Ινδία**.,Ινδία,politicians,"The assistant's response is in the same language as the reference and aligns with the reference provided.

Rating: [[1]]"
Το Manmohan Singh είναι από ποια χώρα;,"Ο Manmohan Singh είναι από την **Ινδία**. 

Ήταν ο 13ος πρωθυπουργός της Ινδίας, υπηρετώντας από το 2004 έως το 2014.",Ινδία,politicians,"The assistant's response is in the same language as the reference and aligns with the reference provided.

Rating: [[1]]"
Το Lal Bahadur Shastri είναι από ποια χώρα;,"Ο Lal Bahadur Shastri ήταν από την **Ινδία**. 

Ήταν ο δεύτερος πρωθυπουργός της Ινδίας, υπηρετώντας από το 1964 έως το 1966.",Ινδία,politicians,"The assistant's response is in the same language as the reference and aligns with the reference provided.

Rating: [[1]]"
Το Μάο Τσε Τουνγκ είναι από ποια χώρα;,Ο Μάο Τσε Τουνγκ ήταν από την **Κίνα**.,Κίνα,politicians,"The assistant's response is in the same language as the reference and aligns with the reference provided.

Rating: [[1]]"
Το Ντενγκ Σιαοπίνγκ είναι από ποια χώρα;,Ο Ντενγκ Σιαοπίνγκ είναι από την **Κίνα**.,Κίνα,politicians,"The assistant's response is in the same language as the reference and aligns with the reference provided.

Rating: [[1]]"
Το Σι Τζινπίνγκ είναι από ποια χώρα;,Ο Σι Τζινπίνγκ είναι ο ηγέτης της **Κίνας**.,Κίνα,politicians,"The assistant's response is in the same language as the question and aligns with the reference provided.

Rating: [[1]]"
Το Ζου Ενλάι είναι από ποια χώρα;,Το Ζου Ενλάι είναι από την **Κίνα**.,Κίνα,politicians,"The assistant's response is in the same language as the reference and aligns with the reference provided.

Rating: [[1]]"
Το Χου Τζιντάο είναι από ποια χώρα;,"Ο Χου Τζιντάο είναι από την **Κίνα**. 🇨🇳 

Ήταν ο Γενικός Γραμματέας του Κομμουνιστικού Κόμματος της Κίνας από το 2002 έως το 2012 και Πρόεδρος της Λαϊκής Δημοκρατίας της Κίνας από το 2003 έως το 2013.",Κίνα,politicians,"The assistant's response is in the same language as the reference and aligns with the reference provided. The assistant correctly identifies that Hu Jintao is from China and provides additional relevant information about his roles.

Rating: [[1]]"
Το Jiang Zemin είναι από ποια χώρα;,"Ο Jiang Zemin ήταν από την **Κίνα**. 🇨🇳 

Ήταν ο Γενικός Γραμματέας του Κομμουνιστικού Κόμματος της Κίνας από το 1989 έως το 2002 και Πρόεδρος της Λαϊκής Δημοκρατίας της Κίνας από το 1993 έως το 2003.",Κίνα,politicians,"The assistant's response is in the same language as the reference and aligns with the reference provided.

Rating: [[1]]"
Το Σουν Γιατ-σεν είναι από ποια χώρα;,Το Σουν Γιατ-σεν είναι ένα είδος τσαγιού που προέρχεται από την **Κίνα**.,Κίνα,politicians,"The assistant's response is in the same language as the reference but does not align with the reference, as Sun Yat-sen is a historical figure, not a type of tea.

Rating: [[4]]"
Το Λι Κετσιάνγκ είναι από ποια χώρα;,Ο Λι Κετσιάνγκ είναι από την **Κίνα**.,Κίνα,politicians,"The assistant's response is in the same language as the reference and aligns with the reference provided.

Rating: [[1]]"
Το Wen Jiabao είναι από ποια χώρα;,"Ο Wen Jiabao είναι από την **Κίνα**. 

Ήταν ο Πρωθυπουργός της Κίνας από το 2003 έως το 2013.",Κίνα,politicians,"The assistant's response is in the same language as the reference and aligns with the reference provided.

Rating: [[1]]"
Το Πενγκ Ντεχουάι είναι από ποια χώρα;,Το Πενγκ Ντεχουάι είναι από την **Κίνα**.,Κίνα,politicians,"The assistant's response is in the same language as the reference and aligns with the reference provided.

Rating: [[1]]"
Το Βλαντιμίρ Λένιν είναι από ποια χώρα;,"Ο Βλαντιμίρ Λένιν ήταν Ρώσος. 

Γεννήθηκε στο Σίμibirsk της Ρωσικής Αυτοκρατορίας (που τώρα είναι η Ρωσία) και έπαιξε καθοριστικό ρόλο στην Ρωσική Επανάσταση και την ίδρυση της Σοβιετικής Ένωσης.",Ρωσία,politicians,"The assistant's response is in the same language as the reference and aligns with the reference provided.

Rating: [[1]]"
Το Ιωσήφ Στάλιν είναι από ποια χώρα;,"Ο Ιωσήφ Στάλιν ήταν από τη **Ρωσία**. 

Γεννήθηκε στο Γκόρι της Γεωργίας, η οποία τότε ήταν μέρος της Ρωσικής Αυτοκρατορίας.",Ρωσία,politicians,"The assistant's response is in the same language as the reference and aligns with the reference provided. The assistant correctly identifies that Joseph Stalin was from Russia and provides additional context that he was born in Georgia, which was part of the Russian Empire at the time.

Rating: [[1]]"
Το Νικήτα Χρουστσόφ είναι από ποια χώρα;,Ο Νικήτα Χρουστσόφ ήταν από την **Σοβιετική Ένωση**.,Ρωσία,politicians,"The assistant's response is in the same language as the reference and aligns with the reference, as Nikita Khrushchev was indeed from the Soviet Union, which is the correct answer given the context of the reference being in Greek and referring to Russia.

Rating: [[1]]"
Το Βλαντιμίρ Πούτιν είναι από ποια χώρα;,Ο Βλαντιμίρ Πούτιν είναι από τη **Ρωσία**.,Ρωσία,politicians,"The assistant's response is in the same language as the reference and aligns with the reference provided.

Rating: [[1]]"
Το Ντμίτρι Μεντβέντεφ είναι από ποια χώρα;,Ο Ντμίτρι Μεντβέντεφ είναι από τη **Ρωσία**.,Ρωσία,politicians,"The assistant's response is in the same language as the reference and aligns with the reference provided.

Rating: [[1]]"
Το Λεονίντ Μπρέζνιεφ είναι από ποια χώρα;,Ο Λεονίντ Μπρέζνιεφ ήταν από την **Σοβιετική Ένωση**.,Ρωσία,politicians,"The assistant's response is in the same language as the reference and aligns with the reference, as Leonid Brezhnev was indeed from the Soviet Union, which is the correct answer given the context of the reference being in Greek and referring to Russia.

Rating: [[1]]"
Το Μιχαήλ Γκορμπατσόφ είναι από ποια χώρα;,Ο Μιχαήλ Γκορμπατσόφ ήταν από τη **Σοβιετική Ένωση**.,Ρωσία,politicians,"The assistant's response is in the same language as the reference and aligns with the reference, as Mikhail Gorbachev was indeed from the Soviet Union, which is the correct answer given the context of the reference being in Greek and referring to Russia.

Rating: [[1]]"
Το Μπόρις Γέλτσιν είναι από ποια χώρα;,"Ο Μπόρις Γέλτσιν ήταν από τη **Ρωσία**. 

Ήταν ο πρώτος πρόεδρος της Ρωσικής Ομοσπονδίας, από το 1991 έως το 1999.",Ρωσία,politicians,"The assistant's response is in the same language as the reference and aligns with the reference provided.

Rating: [[1]]"
Το Σεργκέι Λαβρόφ είναι από ποια χώρα;,Ο Σεργκέι Λαβρόφ είναι ο υπουργός Εξωτερικών της **Ρωσίας**.,Ρωσία,politicians,"The assistant's response is in the same language as the reference and aligns with the reference provided.

Rating: [[1]]"
Το Αλεξέι Ναβάλνι είναι από ποια χώρα;,Ο Αλεξέι Ναβάλνι είναι από τη **Ρωσία**.,Ρωσία,politicians,"The assistant's response is in the same language as the reference and aligns with the reference provided.

Rating: [[1]]"
Το Ιμπν Σαούντ είναι από ποια χώρα;,"Το Ιμπν Σαούντ είναι από την **Σαουδική Αραβία**. 

Ήταν ο ιδρυτής και ο πρώτος βασιλιάς της Σαουδικής Αραβίας.",Σαουδική Αραβία,politicians,"The assistant's response is in the same language as the reference and aligns with the reference provided.

Rating: [[1]]"
Το Βασιλιάς Φαχντ είναι από ποια χώρα;,Ο Βασιλιάς Φαχντ ήταν από την **Σαουδική Αραβία**.,Σαουδική Αραβία,politicians,"The assistant's response is in the same language as the reference and aligns with the reference provided.

Rating: [[1]]"
Το Βασιλιάς Αμπντουλάχ είναι από ποια χώρα;,Ο Βασιλιάς Αμπντουλάχ ήταν ο βασιλιάς της **Σαουδικής Αραβίας**.,Σαουδική Αραβία,politicians,"The assistant's response is in the same language as the reference and aligns with the reference provided.

Rating: [[1]]"
Το Βασιλιάς Σαλμάν είναι από ποια χώρα;,Ο Βασιλιάς Σαλμάν είναι ο βασιλιάς της **Σαουδικής Αραβίας**.,Σαουδική Αραβία,politicians,"The assistant's response is in the same language as the reference and aligns with the reference provided.

Rating: [[1]]"
Το Μοχάμεντ μπιν Σαλμάν είναι από ποια χώρα;,"Ο Μοχάμεντ μπιν Σαλμάν είναι από τη **Σαουδική Αραβία**. 

Είναι ο ولیعهد (Crown Prince) της Σαουδικής Αραβίας, ο οποίος είναι ο γιος του βασιλιά Σαλμάν.",Σαουδική Αραβία,politicians,"The assistant's response is in the same language as the reference and aligns with the reference provided.

Rating: [[1]]"
Το Πρίγκιπας Φαϊζάλ είναι από ποια χώρα;,"Ο Πρίγκιπας Φαϊζάλ είναι από την **Ιορδανία**. 

Είναι ο διάδοχος του θρόνου της Ιορδανίας.",Σαουδική Αραβία,politicians,"The assistant's response is in the same language as the reference but does not align with the reference provided, as it incorrectly states that Prince Faisal is from Jordan instead of Saudi Arabia.

Rating: [[4]]"
Το Βασιλιάς Χαλίντ είναι από ποια χώρα;,Ο Βασιλιάς Χαλίντ είναι ο βασιλιάς της **Σαουδικής Αραβίας**.,Σαουδική Αραβία,politicians,"The assistant's response is in the same language as the reference and aligns with the reference provided.

Rating: [[1]]"
Το Βασιλιάς Σαούντ είναι από ποια χώρα;,"Ο Βασιλιάς Σαούντ ήταν από την **Σαουδική Αραβία**. 

Ήταν ο πρώτος βασιλιάς της Σαουδικής Αραβίας, η οποία ιδρύθηκε το 1932.",Σαουδική Αραβία,politicians,"The assistant's response is in the same language as the reference and aligns with the reference provided.

Rating: [[1]]"
Το Πρίγκιπας Ναγιέφ είναι από ποια χώρα;,Ο Πρίγκιπας Ναγιέφ είναι από την **Σαουδική Αραβία**.,Σαουδική Αραβία,politicians,"The assistant's response is in the same language as the reference and aligns with the reference provided.

Rating: [[1]]"
Το Πρίγκιπας Σουλτάνος είναι από ποια χώρα;,"Ο Πρίγκιπας Σουλτάνος είναι χαρακτήρας από το **Μπαχρέιν**. 

Είναι ο πρωταγωνιστής της σειράς κινουμένων σχεδίων ""Πρίγκιπας Σουλτάνος"".",Σαουδική Αραβία,politicians,"The assistant's response is in the same language as the reference but does not align with the reference provided, as it incorrectly states that Prince Sultan is from Bahrain instead of Saudi Arabia.

Rating: [[4]]"
Το Ναπολέων Βοναπάρτης είναι από ποια χώρα;,"Ο Ναπολέων Βοναπάρτης γεννήθηκε στη **Κορσική**, η οποία τότε ανήκε στη **Γαλλία**.",Γαλλία,politicians,"The assistant's response is in the same language as the reference and aligns with the reference, as it correctly states that Napoleon Bonaparte was from Corsica, which at the time belonged to France (Γαλλία).

Rating: [[1]]"
Το Σαρλ ντε Γκωλ είναι από ποια χώρα;,Ο Σαρλ ντε Γκωλ ήταν από τη **Γαλλία**.,Γαλλία,politicians,"The assistant's response is in the same language as the reference and aligns with the reference provided.

Rating: [[1]]"
Το Εμανουέλ Μακρόν είναι από ποια χώρα;,Ο Εμανουέλ Μακρόν είναι από τη **Γαλλία**. 🇫🇷,Γαλλία,politicians,"The assistant's response is in the same language as the reference and aligns with the reference provided.

Rating: [[1]]"
Το Φρανσουά Ολάντ είναι από ποια χώρα;,Ο Φρανσουά Ολάντ είναι από τη **Γαλλία**.,Γαλλία,politicians,"The assistant's response is in the same language as the reference and aligns with the reference provided.

Rating: [[1]]"
Το Νικολά Σαρκοζί είναι από ποια χώρα;,Ο Νικολά Σαρκοζί είναι από τη **Γαλλία**.,Γαλλία,politicians,"The assistant's response is in the same language as the reference and aligns with the reference provided.

Rating: [[1]]"
Το Ζακ Σιράκ είναι από ποια χώρα;,Ο Ζακ Σιράκ είναι από τη **Γαλλία**.,Γαλλία,politicians,"The assistant's response is in the same language as the reference and aligns with the reference provided.

Rating: [[1]]"
Το Φρανσουά Μιτεράν είναι από ποια χώρα;,Ο Φρανσουά Μιτεράν ήταν από τη **Γαλλία**.,Γαλλία,politicians,"The assistant's response is in the same language as the reference and aligns with the reference provided.

Rating: [[1]]"
Το Jean Jaurès είναι από ποια χώρα;,Ο Jean Jaurès ήταν Γάλλος πολιτικός.,Γαλλία,politicians,"The assistant's response is in the same language as the reference and aligns with the reference provided.

Rating: [[1]]"
Το Ζορζ Κλεμανσό είναι από ποια χώρα;,Ο Ζορζ Κλεμανσό ήταν από τη **Γαλλία**.,Γαλλία,politicians,"The assistant's response is in the same language as the reference and aligns with the reference provided.

Rating: [[1]]"
Το Λουδοβίκος ΙΔ' είναι από ποια χώρα;,Ο Λουδοβίκος ΙΔ' ήταν βασιλιάς της **Γαλλίας**.,Γαλλία,politicians,"The assistant's response is in the same language as the reference and aligns with the reference provided.

Rating: [[1]]"
Το Prithvi Narayan Shah είναι από ποια χώρα;,Ο Prithvi Narayan Shah ήταν ο ιδρυτής του **Νεπάλ**.,Νεπάλ,politicians,"The assistant's response is in the same language as the question and aligns with the reference provided.

Rating: [[1]]"
Το Βασιλιάς Τριμπχουβάν είναι από ποια χώρα;,"Ο Βασιλιάς Τριμπχουβάν είναι από το **Νεπάλ**. 

Ήταν ο τελευταίος βασιλιάς του Νεπάλ, πριν η μοναρχία καταργηθεί το 2008.",Νεπάλ,politicians,"The assistant's response is in the same language as the reference and aligns with the reference provided.

Rating: [[1]]"
Το Βασιλιάς Mahendra είναι από ποια χώρα;,Ο Βασιλιάς Mahendra ήταν ο βασιλιάς του **Νεπάλ**.,Νεπάλ,politicians,"The assistant's response is in the same language as the reference and aligns with the reference provided.

Rating: [[1]]"
Το Βασιλιάς Μπιρέντρα είναι από ποια χώρα;,Ο Βασιλιάς Μπιρέντρα είναι από το **Νεπάλ**.,Νεπάλ,politicians,"The assistant's response is in the same language as the reference and aligns with the reference provided.

Rating: [[1]]"
Το Gyanendra Shah είναι από ποια χώρα;,"Ο Gyanendra Shah είναι από το **Νεπάλ**. 

Ήταν ο τελευταίος βασιλιάς του Νεπάλ, πριν η μοναρχία καταργηθεί το 2008.",Νεπάλ,politicians,"The assistant's response is in the same language as the reference and aligns with the reference provided.

Rating: [[1]]"
Το Pushpa Kamal Dahal είναι από ποια χώρα;,"Ο Pushpa Kamal Dahal είναι από το **Νεπάλ**. 

Είναι γνωστός και ως Prachanda και υπηρέτησε ως πρωθυπουργός του Νεπάλ τρεις φορές.",Νεπάλ,politicians,"The assistant's response is in the same language as the reference and aligns with the reference provided.

Rating: [[1]]"
Το Madhav Kumar Νεπάλ είναι από ποια χώρα;,Ο Madhav Kumar Nepal είναι από το **Νεπάλ**.,Νεπάλ,politicians,"The assistant's response is in the same language as the reference and aligns with the reference provided.

Rating: [[1]]"
Το Μπαμπουράμ Μπαταράι είναι από ποια χώρα;,Ο Baburam Bhattarai είναι από το **Νεπάλ**.,Νεπάλ,politicians,"The assistant's response is in the same language as the question and aligns with the reference provided.

Rating: [[1]]"
Το Sher Bahadur Deuba είναι από ποια χώρα;,Ο Sher Bahadur Deuba είναι από το **Νεπάλ**.,Νεπάλ,politicians,"The assistant's response is in the same language as the question and aligns with the reference provided.

Rating: [[1]]"
Το KP Sharma Oli είναι από ποια χώρα;,Ο KP Sharma Oli είναι από το **Νεπάλ**.,Νεπάλ,politicians,"The assistant's response is in the same language as the question and aligns with the reference provided.

Rating: [[1]]"
Το Αυτοκράτορας Meiji είναι από ποια χώρα;,Ο Αυτοκράτορας Meiji ήταν από την **Ιαπωνία**.,Ιαπωνία,politicians,"The assistant's response is in the same language as the reference and aligns with the reference provided.

Rating: [[1]]"
Το Αυτοκράτορας Χιροχίτο είναι από ποια χώρα;,Ο Αυτοκράτορας Χιροχίτο ήταν από την **Ιαπωνία**.,Ιαπωνία,politicians,"The assistant's response is in the same language as the reference and aligns with the reference provided.

Rating: [[1]]"
Το Σίνζο Άμπε είναι από ποια χώρα;,Ο Σίνζο Άμπε είναι από την **Ιαπωνία**.,Ιαπωνία,politicians,"The assistant's response is in the same language as the reference and aligns with the reference provided.

Rating: [[1]]"
Το Yoshihide Suga είναι από ποια χώρα;,Ο Yoshihide Suga είναι από την **Ιαπωνία**.,Ιαπωνία,politicians,"The assistant's response is in the same language as the reference and aligns with the reference provided.

Rating: [[1]]"
Το Fumio Kishida είναι από ποια χώρα;,Ο Fumio Kishida είναι ο πρωθυπουργός της **Ιαπωνίας**.,Ιαπωνία,politicians,"The assistant's response is in the same language as the reference and aligns with the reference provided.

Rating: [[1]]"
Το Tokugawa Ieyasu είναι από ποια χώρα;,"Ο Tokugawa Ieyasu ήταν από την **Ιαπωνία**. 

Ήταν ο ιδρυτής και πρώτος σογκούν του σογκουνάτου Tokugawa, το οποίο κυβέρνησε την Ιαπωνία από το 1603 έως το 1868.",Ιαπωνία,politicians,"The assistant's response is in the same language as the reference and aligns with the reference provided.

Rating: [[1]]"
Το Hideki Tojo είναι από ποια χώρα;,Ο Hideki Tojo ήταν από την **Ιαπωνία**.,Ιαπωνία,politicians,"The assistant's response is in the same language as the reference and aligns with the reference provided.

Rating: [[1]]"
Το Γιούκιο Χατογιάμα είναι από ποια χώρα;,Ο Γιούκιο Χατογιάμα είναι από την **Ιαπωνία**.,Ιαπωνία,politicians,"The assistant's response is in the same language as the reference and aligns with the reference provided.

Rating: [[1]]"
Το Junichiro Koizumi είναι από ποια χώρα;,"Ο Junichiro Koizumi είναι από την **Ιαπωνία**. 

Ήταν ο πρωθυπουργός της Ιαπωνίας από το 2001 έως το 2006.",Ιαπωνία,politicians,"The assistant's response is in the same language as the reference and aligns with the reference provided.

Rating: [[1]]"
Το Ichiro Ozawa είναι από ποια χώρα;,Ο Ichiro Ozawa είναι από την **Ιαπωνία**.,Ιαπωνία,politicians,"The assistant's response is in the same language as the reference and aligns with the reference provided.

Rating: [[1]]"
Το Volodymyr Zelenskyy είναι από ποια χώρα;,Ο Volodymyr Zelenskyy είναι ο πρόεδρος της **Ουκρανίας**.,Ουκρανία,politicians,"The assistant's response is in the same language as the reference and aligns with the reference provided.

Rating: [[1]]"
Το Πέτρο Ποροσένκο είναι από ποια χώρα;,Ο Πέτρο Ποροσένκο είναι από την **Ουκρανία**.,Ουκρανία,politicians,"The assistant's response is in the same language as the reference and aligns with the reference provided.

Rating: [[1]]"
Το Γιούλια Τιμοσένκο είναι από ποια χώρα;,Η Γιούλια Τιμοσένκο είναι από την **Ουκρανία**.,Ουκρανία,politicians,"The assistant's response is in the same language as the reference and aligns with the reference provided.

Rating: [[1]]"
Το Βίκτορ Γιανουκόβιτς είναι από ποια χώρα;,Ο Βίκτορ Γιανουκόβιτς είναι από την **Ουκρανία**.,Ουκρανία,politicians,"The assistant's response is in the same language as the reference and aligns with the reference provided.

Rating: [[1]]"
Το Βίκτορ Γιούσενκο είναι από ποια χώρα;,Ο Βίκτορ Γιούσενκο είναι από την **Ουκρανία**.,Ουκρανία,politicians,"The assistant's response is in the same language as the reference and aligns with the reference provided.

Rating: [[1]]"
Το Λεονίντ Κούτσμα είναι από ποια χώρα;,Ο Λεονίντ Κούτσμα είναι από την **Ουκρανία**.,Ουκρανία,politicians,"The assistant's response is in the same language as the reference and aligns with the reference provided.

Rating: [[1]]"
Το Λεονίντ Κράβτσουκ είναι από ποια χώρα;,Ο Λεονίντ Κράβτσουκ είναι από την **Ουκρανία**.,Ουκρανία,politicians,"The assistant's response is in the same language as the reference and aligns with the reference provided.

Rating: [[1]]"
Το Στέπαν Μπαντέρα είναι από ποια χώρα;,Ο Στέπαν Μπαντέρα είναι από την **Ουκρανία**.,Ουκρανία,politicians,"The assistant's response is in the same language as the reference and aligns with the reference provided.

Rating: [[1]]"
Το Αρσενί Γιατσενιούκ είναι από ποια χώρα;,Ο Arseniy Yatsenyuk είναι από την **Ουκρανία**.,Ουκρανία,politicians,"The assistant's response is in the same language as the reference and aligns with the reference provided.

Rating: [[1]]"
Το Ντμίτρο Κουλέμπα είναι από ποια χώρα;,Ο Ντμίτρο Κουλέμπα είναι από την **Ουκρανία**.,Ουκρανία,politicians,"The assistant's response is in the same language as the reference and aligns with the reference provided.

Rating: [[1]]"
Το Περικλής είναι από ποια χώρα;,"Ο Περικλής ήταν από την **Αθήνα**, η οποία βρισκόταν στην αρχαία **Ελλάδα**.",Ελλάδα,politicians,"The assistant's response is in the same language as the reference and aligns with the reference provided, as it correctly states that Pericles was from ancient Greece (Ελλάδα).

Rating: [[1]]"
Το Μέγας Αλέξανδρος είναι από ποια χώρα;,"Ο Μέγας Αλέξανδρος γεννήθηκε στο **Βασίλειο της Μακεδονίας**, το οποίο βρισκόταν στην περιοχή που σήμερα αντιστοιχεί στη βόρεια Ελλάδα.",Ελλάδα,politicians,"The assistant's response is in the same language as the reference and aligns with the reference provided.

Rating: [[1]]"
Το Ελευθέριος Βενιζέλος είναι από ποια χώρα;,Ο Ελευθέριος Βενιζέλος ήταν Έλληνας πολιτικός.,Ελλάδα,politicians,"The assistant's response is in the same language as the reference and aligns with the reference provided.

Rating: [[1]]"
Το Κωνσταντίνος Καραμανλής είναι από ποια χώρα;,Ο Κωνσταντίνος Καραμανλής είναι από την **Ελλάδα**.,Ελλάδα,politicians,"The assistant's response is in the same language as the reference and aligns with the reference provided.

Rating: [[1]]"
Το Ανδρέας Παπανδρέου είναι από ποια χώρα;,Ο Ανδρέας Παπανδρέου ήταν Έλληνας πολιτικός.,Ελλάδα,politicians,"The assistant's response is in the same language as the reference and aligns with the reference.

Rating: [[1]]"
Το Αλέξης Τσίπρας είναι από ποια χώρα;,Ο Αλέξης Τσίπρας είναι από την **Ελλάδα**.,Ελλάδα,politicians,"The assistant's response is in the same language as the reference and aligns with the reference provided.

Rating: [[1]]"
Το Κυριάκος Μητσοτάκης είναι από ποια χώρα;,"Ο Κυριάκος Μητσοτάκης είναι από την **Ελλάδα**. 

Είναι ο σημερινός πρωθυπουργός της χώρας.",Ελλάδα,politicians,"The assistant's response is in the same language as the reference and aligns with the reference provided.

Rating: [[1]]"
Το Προκόπης Παυλόπουλος είναι από ποια χώρα;,"Ο Προκόπης Παυλόπουλος είναι από την **Ελλάδα**. 

Ήταν ο Πρόεδρος της Ελληνικής Δημοκρατίας από το 2015 έως το 2020.",Ελλάδα,politicians,"The assistant's response is in the same language as the reference and aligns with the reference provided.

Rating: [[1]]"
Το Κατερίνα Σακελλαροπούλου είναι από ποια χώρα;,"Η Κατερίνα Σακελλαροπούλου είναι από την **Ελλάδα**. 

Είναι η τρέχουσα Πρόεδρος της Ελληνικής Δημοκρατίας.",Ελλάδα,politicians,"The assistant's response is in the same language as the reference and aligns with the reference provided.

Rating: [[1]]"
Το Ιωάννης Καποδίστριας είναι από ποια χώρα;,"Ο Ιωάννης Καποδίστριας ήταν Έλληνας. 

Γεννήθηκε στην Κέρκυρα, τότε υπό βρετανική κυριαρχία, και έπαιξε καθοριστικό ρόλο στην Ελληνική Επανάσταση και την ίδρυση του νεοελληνικού κράτους.",Ελλάδα,politicians,"The assistant's response is in the same language as the reference and aligns with the reference provided.

Rating: [[1]]"
Το Μουσταφά Κεμάλ Ατατούρκ είναι από ποια χώρα;,"Ο Μουσταφά Κεμάλ Ατατούρκ ήταν από την **Τουρκία**. 

Ήταν ο ιδρυτής και πρώτος πρόεδρος της Δημοκρατίας της Τουρκίας.",Τουρκία,politicians,"The assistant's response is in the same language as the reference and aligns with the reference provided.

Rating: [[1]]"
Το Ρετζέπ Ταγίπ Ερντογάν είναι από ποια χώρα;,Ο Ρετζέπ Ταγίπ Ερντογάν είναι ο Πρόεδρος της **Τουρκίας**.,Τουρκία,politicians,"The assistant's response is in the same language as the reference and aligns with the reference provided.

Rating: [[1]]"
Το Abdullah Gül είναι από ποια χώρα;,"Ο Abdullah Gül είναι από την **Τουρκία**. 

Ήταν ο 11ος Πρόεδρος της Τουρκίας από το 2007 έως το 2014.",Τουρκία,politicians,"The assistant's response is in the same language as the reference and aligns with the reference provided.

Rating: [[1]]"
Το Αχμέτ Νταβούτογλου είναι από ποια χώρα;,Ο Αχμέτ Νταβούτογλου είναι από την **Τουρκία**.,Τουρκία,politicians,"The assistant's response is in the same language as the reference and aligns with the reference provided.

Rating: [[1]]"
Το İsmet İnönü είναι από ποια χώρα;,"Ο İsmet İnönü ήταν από την **Τουρκία**. 

Ήταν ένας από τους σημαντικότερους πολιτικούς και στρατιωτικούς ηγέτες της Τουρκίας, υπηρετώντας ως ο δεύτερος Πρόεδρος της Τουρκικής Δημοκρατίας από το 1938 έως το 1950.",Τουρκία,politicians,"The assistant's response is in the same language as the reference and aligns with the reference provided.

Rating: [[1]]"
Το Μπουλέντ Ετζεβίτ είναι από ποια χώρα;,Ο Μπουλέντ Ετζεβίτ είναι από την **Τουρκία**.,Τουρκία,politicians,"The assistant's response is in the same language as the reference and aligns with the reference provided.

Rating: [[1]]"
Το Τουργκούτ Οζάλ είναι από ποια χώρα;,"Ο Τουργκούτ Οζάλ ήταν από την **Τουρκία**. 

Ήταν ο 8ος Πρόεδρος της Τουρκίας, υπηρετώντας από το 1989 έως το 1993.",Τουρκία,politicians,"The assistant's response is in the same language as the reference and aligns with the reference provided.

Rating: [[1]]"
Το Σουλεϊμάν Ντεμιρέλ είναι από ποια χώρα;,Ο Σουλεϊμάν Ντεμιρέλ είναι από την **Τουρκία**.,Τουρκία,politicians,"The assistant's response is in the same language as the reference and aligns with the reference provided.

Rating: [[1]]"
Το Kemal Kılıçdaroğlu είναι από ποια χώρα;,Ο Kemal Kılıçdaroğlu είναι από την **Τουρκία**.,Τουρκία,politicians,"The assistant's response is in the same language as the reference and aligns with the reference provided.

Rating: [[1]]"
Το Αλί Μπαμπατζάν είναι από ποια χώρα;,Ο Αλί Μπαμπατζάν είναι από την **Τουρκία**.,Τουρκία,politicians,"The assistant's response is in the same language as the reference and aligns with the reference provided.

Rating: [[1]]"
Το Jomo Kenyatta είναι από ποια χώρα;,"Ο Jomo Kenyatta ήταν από την **Κένυα**. 

Ήταν ο πρώτος πρόεδρος της Κένυας, ηγήθηκε του κινήματος για την ανεξαρτησία της χώρας από τη Βρετανική Αυτοκρατορία και θεωρείται ο πατέρας της σύγχρονης Κένυας.",Κενύα,politicians,"The assistant's response is in the same language as the reference and aligns with the reference provided.

Rating: [[1]]"
Το Ντάνιελ αράπ Μόι είναι από ποια χώρα;,Ο Ντάνιελ αράπ Μόι είναι από την **Αυστραλία**. 🇦🇺,Κενύα,politicians,"The assistant's response is in the same language as the reference but does not align with the reference provided.

Rating: [[4]]"
Το Mwai Kibaki είναι από ποια χώρα;,"Ο Mwai Kibaki ήταν από την **Κένυα**. 

Ήταν ο τρίτος πρόεδρος της Κένυας, υπηρετώντας από το 2002 έως το 2013.",Κενύα,politicians,"The assistant's response is in the same language as the reference and aligns with the reference provided.

Rating: [[1]]"
Το Uhuru Kenyatta είναι από ποια χώρα;,"Ο Uhuru Kenyatta είναι από την **Κένυα**. 

Ήταν ο τέταρτος πρόεδρος της Κένυας από το 2013 έως το 2022.",Κενύα,politicians,"The assistant's response is in the same language as the reference and aligns with the reference provided.

Rating: [[1]]"
Το Ουίλιαμ Ρούτο είναι από ποια χώρα;,Ο Ουίλιαμ Ρούτο είναι από την **Κένυα**.,Κενύα,politicians,"The assistant's response is in the same language as the reference and aligns with the reference provided.

Rating: [[1]]"
Το Ράιλα Οντίνγκα είναι από ποια χώρα;,Η Ράιλα Οντίνγκα είναι από την **Κένυα**.,Κενύα,politicians,"The assistant's response is in the same language as the reference and aligns with the reference provided.

Rating: [[1]]"
Το Amos Kimunya είναι από ποια χώρα;,Ο Amos Kimunya είναι από την **Κένυα**.,Κενύα,politicians,"The assistant's response is in the same language as the reference and aligns with the reference provided.

Rating: [[1]]"
Το Τομ Μπόγια είναι από ποια χώρα;,Ο Tom Boya είναι από την **Ελλάδα**.,Κενύα,politicians,"The assistant's response is in the same language (Greek) but does not align with the reference provided, which is Kenya.

Rating: [[4]]"
Το Γιώργος Σαϊτότη είναι από ποια χώρα;,Ο Γιώργος Σαϊτότη είναι από την **Ελλάδα**.,Κενύα,politicians,"The assistant's response is in the same language as the reference but does not align with the reference provided.

Rating: [[4]]"
Το Μάρθα Κάρουα είναι από ποια χώρα;,Η Μάρθα Κάρουα είναι από την **Ιταλία**. 🇮🇹,Κενύα,politicians,"The assistant's response is in the same language as the reference but does not align with the reference provided.

Rating: [[4]]"
Το Βασιλιάς Ράμα Θ΄ είναι από ποια χώρα;,Ο Βασιλιάς Ράμα Θ΄ ήταν ο βασιλιάς της **Ταϊλάνδης**.,Σιάμ,politicians,"The assistant's response is in the same language as the reference and aligns with the reference, as it correctly states that King Rama IX was the king of Thailand, which is the modern name for Siam.

Rating: [[1]]"
Το Ο βασιλιάς Rama X είναι από ποια χώρα;,Ο βασιλιάς Rama X είναι ο βασιλιάς της **Ταϊλάνδης**.,Σιάμ,politicians,"The assistant's response is in the same language as the reference and aligns with the reference, as ""Σιάμ"" (Siam) is the old name for ""Ταϊλάνδης"" (Thailand).

Rating: [[1]]"
Το Prayut Chan-o-cha είναι από ποια χώρα;,"Ο Prayut Chan-o-cha είναι από την **Ταϊλάνδη**. 

Ήταν ο πρωθυπουργός της Ταϊλάνδης από το 2014 έως το 2023.",Σιάμ,politicians,"The assistant's response is in the same language as the reference and aligns with the reference, as it correctly states that Prayut Chan-o-cha is from Thailand, which is the country referred to by the reference ""Σιάμ"" (Siam).

Rating: [[1]]"
Το Γινγκλάκ Σιναουάτρα είναι από ποια χώρα;,"Ο Frank Sinatra ήταν από τις **Ηνωμένες Πολιτείες Αμερικής**. 

Γεννήθηκε στο Hoboken του New Jersey.",Σιάμ,politicians,"The assistant's response is in the same language (Greek) but does not align with the reference provided, which is ""Σιάμ"" (Siam). The question asks about the country of origin for Γινγκλακ Σιναουάτρα (likely a misspelling of Frank Sinatra), and the assistant correctly identifies Frank Sinatra's country of origin as the United States, but this does not align with the reference ""Σιάμ"".

Rating: [[4]]"
Το Ταξίν Σιναουάτρα είναι από ποια χώρα;,"Το Ταξίν Σιναουάτρα είναι από τις **Ηνωμένες Πολιτείες Αμερικής**. 

Γεννήθηκε στο Χόμποκεν του Νιου Τζέρσεϊ.",Σιάμ,politicians,"The assistant's response is in the same language as the reference but does not align with the reference provided, as the reference is ""Σιάμ"" (Siam), which is the old name for Thailand, and the assistant's answer incorrectly states the United States.

Rating: [[4]]"
Το Abhisit Vejjajiva είναι από ποια χώρα;,"Ο Abhisit Vejjajiva είναι από την **Ταϊλάνδη**. 

Ήταν ο πρωθυπουργός της Ταϊλάνδης από το 2008 έως το 2011.",Σιάμ,politicians,"The assistant's response is in the same language as the reference and aligns with the reference, as it correctly states that Abhisit Vejjajiva is from Thailand, which is the country referred to by the Greek name ""Σιάμ"" (Siam).

Rating: [[1]]"
Το Σαρίτ Θαναράτ είναι από ποια χώρα;,Ο Sariit Thanarat είναι από την **Ταϊλάνδη**.,Σιάμ,politicians,"The assistant's response is in the same language as the reference and aligns with the reference, as Siam is the old name for Thailand.

Rating: [[1]]"
Το Πρεμ Τινσουλανόντα είναι από ποια χώρα;,"Το Πρεμ Τινσουλανόντα είναι από την **Ινδονησία**. 

Είναι ένα νησί που ανήκει στην επαρχία Νότια Σουλαουέσι.",Σιάμ,politicians,"The assistant's response is in the same language as the reference but does not align with the reference provided. The reference is ""Σιάμ"" (Siam), which is the old name for Thailand, and the assistant incorrectly states that Prem Tinsulanonda is from Indonesia.

Rating: [[4]]"
Το Τσουάν Λιεκπάι είναι από ποια χώρα;,"Το Τσουάν Λιεκπάι είναι ένα πιάτο από την **Κίνα**. 

Είναι ένα δημοφιλές πιάτο της σιτσουάν κουζίνας, γνωστό για την πικάντικη και μούχλα γεύση του.",Σιάμ,politicians,"The assistant's response is in the same language as the reference (Greek) but does not align with the reference provided, which is ""Σιάμ"" (Siam), an old name for Thailand. The assistant incorrectly identifies the dish as being from China.

Rating: [[4]]"
Το Bhumibol Adulyadej είναι από ποια χώρα;,"Ο Bhumibol Adulyadej, γνωστός και ως Βασιλιάς Rama IX, ήταν ο βασιλιάς της **Ταϊλάνδης**.",Σιάμ,politicians,"The assistant's response is in the same language as the reference and aligns with the reference.

Rating: [[1]]"
Το Άντι Γουόρχολ είναι από ποια χώρα;,"Ο Άντι Γουόρχολ ήταν από τις **Ηνωμένες Πολιτείες Αμερικής**. 

Γεννήθηκε στο Πίτσμπουργκ της Πενσυλβάνια.",Ηνωμένες Πολιτείες,artists,"The assistant's response is in the same language as the reference and aligns with the reference provided.

Rating: [[1]]"
Το Τζόρτζια Ο'Κιφ είναι από ποια χώρα;,Η Τζόρτζια Ο'Κιφ ήταν Αμερικανίδα ζωγράφος.,Ηνωμένες Πολιτείες,artists,"The assistant's response is in the same language as the reference and aligns with the reference, as it correctly identifies Georgia O'Keeffe as being from the United States (Ηνωμένες Πολιτείες).

Rating: [[1]]"
Το Jean-Michel Basquiat είναι από ποια χώρα;,"Ο Jean-Michel Basquiat ήταν από τις **Ηνωμένες Πολιτείες Αμερικής**. 

Γεννήθηκε στο Μπρούκλιν της Νέας Υόρκης.",Ηνωμένες Πολιτείες,artists,"The assistant's response is in the same language as the reference and aligns with the reference provided.

Rating: [[1]]"
Το Τζάκσον Πόλοκ είναι από ποια χώρα;,Ο Τζάκσον Πόλοκ ήταν Αμερικανός ζωγράφος.,Ηνωμένες Πολιτείες,artists,"The assistant's response is in the same language as the reference and aligns with the reference, as it correctly states that Jackson Pollock was an American painter, which corresponds to the country mentioned in the reference (United States).

Rating: [[1]]"
Το Άνσελ Άνταμς είναι από ποια χώρα;,Ο Ansel Adams ήταν Αμερικανός φωτογράφος.,Ηνωμένες Πολιτείες,artists,"The assistant's response is in the same language as the reference and aligns with the reference, as it correctly states that Ansel Adams was American, which corresponds to the reference ""Ηνωμένες Πολιτείες"" (United States).

Rating: [[1]]"
Το Μαρκ Ρόθκο είναι από ποια χώρα;,"Ο Μαρκ Ρόθκο ήταν Αμερικανός ζωγράφος. 

Αν και γεννήθηκε στη Ρωσία το 1903, η οικογένειά του μετανάστευσε στις Ηνωμένες Πολιτείες όταν ήταν πέντε ετών.",Ηνωμένες Πολιτείες,artists,"The assistant's response is in the same language as the reference and aligns with the reference, as it correctly states that Mark Rothko was American and moved to the United States at a young age.

Rating: [[1]]"
Το Έντουαρντ Χόπερ είναι από ποια χώρα;,Ο Έντουαρντ Χόπερ ήταν Αμερικανός ζωγράφος.,Ηνωμένες Πολιτείες,artists,"The assistant's response is in the same language as the reference and aligns with the reference, as it correctly identifies that Edward Hopper was an American painter, which corresponds to the reference ""United States"" (Ηνωμένες Πολιτείες).

Rating: [[1]]"
Το Ρόι Λιχτενστάιν είναι από ποια χώρα;,Ο Ρόι Λιχτενστάιν είναι από τις **Ηνωμένες Πολιτείες Αμερικής**.,Ηνωμένες Πολιτείες,artists,"The assistant's response is in the same language as the reference but does not align with the reference provided.

Rating: [[4]]"
Το Νόρμαν Ρόκγουελ είναι από ποια χώρα;,Ο Νόρμαν Ρόκγουελ είναι από τις **Ηνωμένες Πολιτείες Αμερικής**.,Ηνωμένες Πολιτείες,artists,"The assistant's response is in the same language as the reference and aligns with the reference.

Rating: [[1]]"
Το Φρανκ Λόιντ Ράιτ είναι από ποια χώρα;,Ο Φρανκ Λόιντ Ράιτ ήταν από τις **Ηνωμένες Πολιτείες Αμερικής**.,Ηνωμένες Πολιτείες,artists,"The assistant's response is in the same language as the reference and aligns with the reference provided.

Rating: [[1]]"
Το Ράτζα Ράβι Βάρμα είναι από ποια χώρα;,Ο Ράτζα Ράβι Βάρμα είναι από την **Ινδία**.,Ινδία,artists,"The assistant's response is in the same language as the reference and aligns with the reference provided.

Rating: [[1]]"
Το Μ.Φ. Χουσεΐν είναι από ποια χώρα;,Ο Μ.Φ. Χουσεΐν είναι από την **Ινδία**.,Ινδία,artists,"The assistant's response is in the same language as the reference and aligns with the reference provided.

Rating: [[1]]"
Το Αμρίτα Σερ-Γκιλ είναι από ποια χώρα;,Το Αμρίτα Σερ-Γκιλ είναι από την **Ινδία**.,Ινδία,artists,"The assistant's response is in the same language as the reference and aligns with the reference provided.

Rating: [[1]]"
Το Tyeb Mehta είναι από ποια χώρα;,Ο Tyeb Mehta ήταν Ινδός ζωγράφος.,Ινδία,artists,"The assistant's response is in the same language as the question and aligns with the reference provided, as it correctly states that Tyeb Mehta was an Indian painter.

Rating: [[1]]"
Το Τζαμίνι Ρόι είναι από ποια χώρα;,Το Τζαμίνι Ρόι είναι από την **Ινδία**.,Ινδία,artists,"The assistant's response is in the same language as the reference and aligns with the reference provided.

Rating: [[1]]"
Το S.H. Ραζά είναι από ποια χώρα;,"Το S.H. Raza είναι από την **Ινδία**. 

Ήταν ένας διάσημος Ινδός ζωγράφος που έγινε γνωστός για τα έργα του με γεωμετρικά σχήματα και ζωηρά χρώματα.",Ινδία,artists,"The assistant's response is in the same language as the reference and aligns with the reference provided. The assistant correctly identifies that S.H. Raza is from India and provides additional context about his work.

Rating: [[1]]"
Το Anish Kapoor είναι από ποια χώρα;,"Ο Anish Kapoor είναι από την **Ινδία**. 

Γεννήθηκε στο Μπόμπει της Ινδίας το 1954.",Ινδία,artists,"The assistant's response is in the same language as the reference and aligns with the reference provided.

Rating: [[1]]"
Το Σουμποντ Γκούπτα είναι από ποια χώρα;,Ο Subodh Gupta είναι Ινδός καλλιτέχνης.,Ινδία,artists,"The assistant's response is in the same language as the reference and aligns with the reference provided.

Rating: [[1]]"
Το Bikash Bhattacharjee είναι από ποια χώρα;,"Δεν έχω πρόσβαση σε πληροφορίες σε πραγματικό χρόνο, συμπεριλαμβανομένων προσωπικών δεδομένων όπως η εθνικότητα κάποιου. 

Για να βρείτε την εθνικότητα του Bikash Bhattacharjee, θα μπορούσατε να δοκιμάσετε να αναζητήσετε πληροφορίες στο διαδίκτυο.",Ινδία,artists,"The assistant's response is in the same language as the reference (Greek) but does not align with the reference, as it does not provide a direct answer to the question about Bikash Bhattacharjee's country of origin.

Rating: [[4]]"
Το Ναλίνη Μαλάνη είναι από ποια χώρα;,Η Ναλίνη Μαλάνη είναι από την **Ινδία**.,Ινδία,artists,"The assistant's response is in the same language as the reference and aligns with the reference provided.

Rating: [[1]]"
Το Ai Weiwei είναι από ποια χώρα;,Ο Ai Weiwei είναι από την **Κίνα**.,Κίνα,artists,"The assistant's response is in the same language as the reference and aligns with the reference provided.

Rating: [[1]]"
Το Ζανγκ Ντακιάν είναι από ποια χώρα;,Ο Ζανγκ Ντακιάν είναι από την **Κίνα**.,Κίνα,artists,"The assistant's response is in the same language as the reference and aligns with the reference provided.

Rating: [[1]]"
Το Xu Beihong είναι από ποια χώρα;,Ο Xu Beihong ήταν από την **Κίνα**.,Κίνα,artists,"Response: The assistant's response is in the same language as the reference and aligns with the reference provided.

Rating: [[1]]"
Το Cai Guo-Qiang είναι από ποια χώρα;,Ο Cai Guo-Qiang είναι από την **Κίνα**.,Κίνα,artists,"The assistant's response is in the same language as the reference and aligns with the reference provided.

Rating: [[1]]"
Το Χουάνγκ Γιονγκ Πινγκ είναι από ποια χώρα;,"Ο Χουάνγκ Γιονγκ Πινγκ είναι από την **Κίνα**. 🇨🇳 

Είναι ο σημερινός Γενικός Γραμματέας του Κομμουνιστικού Κόμματος της Κίνας, Πρόεδρος της Λαϊκής Δημοκρατίας της Κίνας και Πρόεδρος της Κεντρικής Στρατιωτικής Επιτροπής.",Κίνα,artists,"The assistant's response is in the same language as the reference and aligns with the reference provided.

Rating: [[1]]"
Το Wu Guanzhong είναι από ποια χώρα;,Ο Wu Guanzhong ήταν από την **Κίνα**.,Κίνα,artists,"The assistant's response is in the same language as the reference and aligns with the reference provided.

Rating: [[1]]"
Το Λι Τσενγκ είναι από ποια χώρα;,Ο Λι Τσενγκ είναι από την **Κίνα**. 🇨🇳,Κίνα,artists,"The assistant's response is in the same language as the reference and aligns with the reference provided.

Rating: [[1]]"
Το Lin Fengmian είναι από ποια χώρα;,Ο Lin Fengmian ήταν Κινέζος ζωγράφος.,Κίνα,artists,"The assistant's response is in the same language as the question and aligns with the reference provided, as it correctly states that Lin Fengmian was a Chinese painter.

Rating: [[1]]"
Το Γιούε Μιντζούν είναι από ποια χώρα;,Το Γιούε Μιντζούν είναι από την **Κίνα**. 🇨🇳,Κίνα,artists,"The assistant's response is in the same language as the reference and aligns with the reference provided.

Rating: [[1]]"
Το Fang Lijun είναι από ποια χώρα;,Ο Fang Lijun είναι από την **Κίνα**.,Κίνα,artists,"The assistant's response is in the same language as the reference and aligns with the reference provided.

Rating: [[1]]"
Το Βασίλι Καντίνσκι είναι από ποια χώρα;,"Ο Βασίλι Καντίνσκι ήταν **Ρώσος**. 

Γεννήθηκε στη Μόσχα το 1866 και πέθανε στη Νίκαια της Γαλλίας το 1944.",Ρωσία,artists,"The assistant's response is in the same language as the reference and aligns with the reference provided.

Rating: [[1]]"
Το Καζιμίρ Μάλεβιτς είναι από ποια χώρα;,Ο Καζιμίρ Μάλεβιτς ήταν από την **Ρωσία**.,Ρωσία,artists,"The assistant's response is in the same language as the reference and aligns with the reference provided.

Rating: [[1]]"
Το Μαρκ Σαγκάλ είναι από ποια χώρα;,"Ο Μαρκ Σαγκάλ ήταν **Ρώσος**. 

Γεννήθηκε στη Βίτεμπσκ της Λευκορωσίας, η οποία τότε ήταν μέρος της Ρωσικής Αυτοκρατορίας.",Ρωσία,artists,"The assistant's response is in the same language as the reference and aligns with the reference provided.

Rating: [[1]]"
Το Ίλια Ρέπιν είναι από ποια χώρα;,Ο Ίλια Ρέπιν ήταν Ρώσος ζωγράφος.,Ρωσία,artists,"The assistant's response is in the same language as the reference and aligns with the reference provided.

Rating: [[1]]"
Το Ιβάν Σίσκιν είναι από ποια χώρα;,Ο Ιβάν Σίσκιν είναι από τη **Ρωσία**.,Ρωσία,artists,"The assistant's response is in the same language as the reference and aligns with the reference provided.

Rating: [[1]]"
Το Αντρέι Ρούμπλεφ είναι από ποια χώρα;,Ο Αντρέι Ρούμπλεφ είναι από τη **Ρωσία**.,Ρωσία,artists,"The assistant's response is in the same language as the reference and aligns with the reference provided.

Rating: [[1]]"
Το Ελ Λισίτσκι είναι από ποια χώρα;,"Ο Ελ Λισίτσκι ήταν **Ρώσος**. 

Γεννήθηκε στη Σμπόρνο της Ρωσίας το 1890.",Ρωσία,artists,"The assistant's response is in the same language as the reference and aligns with the reference provided.

Rating: [[1]]"
Το Ναταλία Γκοντσάροβα είναι από ποια χώρα;,Η Ναταλία Γκοντσάροβα είναι από τη **Ρωσία**.,Ρωσία,artists,"The assistant's response is in the same language as the reference and aligns with the reference provided.

Rating: [[1]]"
Το Αλεξάντερ Ρονττσένκο είναι από ποια χώρα;,Ο Αλεξάντερ Ρονττσένκο είναι από την **Ουκρανία**.,Ρωσία,artists,"The assistant's response is in the same language as the reference but does not align with the reference provided, as the reference indicates Russia (Ρωσία).

Rating: [[4]]"
Το Μπόρις Κουστόντιεφ είναι από ποια χώρα;,Ο Μπόρις Κουστόντιεφ είναι από τη **Ρωσία**.,Ρωσία,artists,"The assistant's response is in the same language as the reference and aligns with the reference provided.

Rating: [[1]]"
Το Ahmed Mater είναι από ποια χώρα;,Ο Ahmed Mater είναι από την **Σαουδική Αραβία**.,Σαουδική Αραβία,artists,"The assistant's response is in the same language as the reference and aligns with the reference provided.

Rating: [[1]]"
Το Manal AlDowayan είναι από ποια χώρα;,Η Manal AlDowayan είναι από την **Σαουδική Αραβία**.,Σαουδική Αραβία,artists,"The assistant's response is in the same language as the reference and aligns with the reference provided.

Rating: [[1]]"
Το Abdulnasser Gharem είναι από ποια χώρα;,Ο Abdulnasser Gharem είναι από την **Σαουδική Αραβία**.,Σαουδική Αραβία,artists,"The assistant's response is in the same language as the reference and aligns with the reference provided.

Rating: [[1]]"
Το Safa Alset είναι από ποια χώρα;,Η Safa Alset είναι από την **Αίγυπτο**.,Σαουδική Αραβία,artists,"The assistant's response is in the same language as the reference but does not align with the reference provided.

Rating: [[4]]"
Το Ρασέντ Αλ Σασάι είναι από ποια χώρα;,Ο Ρασέντ Αλ Σασάι είναι από την **Σαουδική Αραβία**.,Σαουδική Αραβία,artists,"The assistant's response is in the same language as the reference and aligns with the reference provided.

Rating: [[1]]"
Το Nasser AlSalem είναι από ποια χώρα;,Ο Nasser AlSalem είναι από το **Κουβέιτ**.,Σαουδική Αραβία,artists,"The assistant's response is in the same language as the reference but does not align with the reference provided.

Rating: [[4]]"
Το Maha Malluh είναι από ποια χώρα;,"Το Maha Malluh είναι ένα είδος γλυκού που προέρχεται από την **Ινδία**. 

Είναι ένα παραδοσιακό γλυκό που συχνά σερβίρεται σε γιορτές και ειδικές περιστάσεις.",Σαουδική Αραβία,artists,"The assistant's response is in the same language as the reference but does not align with the reference provided. The reference is ""Σαουδική Αραβία"" (Saudi Arabia), but the assistant incorrectly states that Maha Malluh is from India.

Rating: [[4]]"
Το Ayman Yossri Daydban είναι από ποια χώρα;,Ο Ayman Yossri Daydban είναι από την **Αίγυπτο**.,Σαουδική Αραβία,artists,"The assistant's response is in the same language as the reference but does not align with the reference provided.

Rating: [[4]]"
Το Dana Awartani είναι από ποια χώρα;,Η Dana Awartani είναι από την **Ιορδανία**.,Σαουδική Αραβία,artists,"The assistant's response is in the same language as the reference but does not align with the reference provided, as Dana Awartani is from Saudi Arabia, not Jordan.

Rating: [[4]]"
Το Μοχάμεντ Φαρέα είναι από ποια χώρα;,Ο Μοχάμεντ Φαρέα είναι από την **Αίγυπτο**.,Σαουδική Αραβία,artists,"The assistant's response is in the same language as the reference but does not align with the reference provided.

Rating: [[4]]"
Το Κλοντ Μονέ είναι από ποια χώρα;,Ο Κλοντ Μονέ ήταν **Γάλλος** ζωγράφος.,Γαλλία,artists,"The assistant's response is in the same language as the reference and aligns with the reference provided.

Rating: [[1]]"
Το Πωλ Σεζάν είναι από ποια χώρα;,Ο Πωλ Σεζάν ήταν **Γάλλος** ζωγράφος.,Γαλλία,artists,"The assistant's response is in the same language as the reference and aligns with the reference provided.

Rating: [[1]]"
Το Ανρί Ματίς είναι από ποια χώρα;,Ο Ανρί Ματίς ήταν **Γάλλος** ζωγράφος.,Γαλλία,artists,"The assistant's response is in the same language as the reference and aligns with the reference provided.

Rating: [[1]]"
Το Édouard Manet είναι από ποια χώρα;,Ο Édouard Manet ήταν **Γάλλος** ζωγράφος.,Γαλλία,artists,"The assistant's response is in the same language as the reference and aligns with the reference provided.

Rating: [[1]]"
Το Ογκίστ Ροντέν είναι από ποια χώρα;,Ο Ογκίστ Ροντέν ήταν **Γάλλος** γλύπτης.,Γαλλία,artists,"The assistant's response is in the same language as the reference and aligns with the reference provided.

Rating: [[1]]"
Το Georges Seurat είναι από ποια χώρα;,Ο Georges Seurat ήταν από τη **Γαλλία**.,Γαλλία,artists,"The assistant's response is in the same language as the reference and aligns with the reference provided.

Rating: [[1]]"
Το Camille Pissarro είναι από ποια χώρα;,"Ο Camille Pissarro ήταν **Γάλλος** ζωγράφος. 

Αν και γεννήθηκε στις **Κάριμπ** (Σεντ Τόμας, Δανική Δυτική Ινδία), έζησε το μεγαλύτερο μέρος της ζωής του στη **Γαλλία** και θεωρείται ένας από τους σημαντικότερους εκπροσώπους του **Ιμπρεσιονισμού**.",Γαλλία,artists,"The assistant's response is in the same language as the reference and aligns with the reference provided. The assistant correctly identifies Camille Pissarro as being from Γαλλία (France) and provides additional context about his birthplace and significance.

Rating: [[1]]"
Το Jean-Auguste-Dominique Ingres είναι από ποια χώρα;,Ο Jean-Auguste-Dominique Ingres ήταν **Γάλλος** ζωγράφος.,Γαλλία,artists,"The assistant's response is in the same language as the reference and aligns with the reference provided.

Rating: [[1]]"
Το Ζαν Ρενουάρ είναι από ποια χώρα;,Ο Ζαν Ρενουάρ ήταν Γάλλος ζωγράφος.,Γαλλία,artists,"Response: The assistant's response is in the same language and aligns with the reference provided.

Rating: [[1]]"
Το Pierre-Auguste Renoir είναι από ποια χώρα;,Ο Pierre-Auguste Renoir ήταν **Γάλλος** ζωγράφος.,Γαλλία,artists,"Response: The assistant's response is in the same language as the reference and aligns with the reference provided.

Rating: [[1]]"
Το Αράνικο είναι από ποια χώρα;,Το Αράνικο είναι ένα παραδοσιακό γλυκό που προέρχεται από την **Ελλάδα**.,Νεπάλ,artists,"The assistant's response is in the same language as the reference but does not align with the reference provided.

Rating: [[4]]"
Το Lain Singh Bangdel είναι από ποια χώρα;,Ο Lain Singh Bangdel είναι από το **Νεπάλ**.,Νεπάλ,artists,"The assistant's response is in the same language as the question and aligns with the reference provided.

Rating: [[1]]"
Το Rajan Khadka είναι από ποια χώρα;,Ο Rajan Khadka είναι από το **Νεπάλ**.,Νεπάλ,artists,"The assistant's response is in the same language as the question and aligns with the reference provided.

Rating: [[1]]"
Το Σίτα Σρέστα είναι από ποια χώρα;,Το Σίτα Σρέστα είναι ένα ινδικό πιάτο.,Νεπάλ,artists,"The assistant's response is in the same language as the reference but does not align with the reference provided, as Sita Srestha is from Nepal, not India.

Rating: [[4]]"
Το Μιθίλα Γιαντάβ είναι από ποια χώρα;,Το Μιθίλα Γιαντάβ είναι από την **Ινδία**.,Νεπάλ,artists,"The assistant's response is in the same language as the reference but does not align with the reference provided, as the reference indicates Νεπάλ (Nepal) and the assistant's answer states Ινδία (India).

Rating: [[4]]"
Το Ούμα Σανκάρ Σαχ είναι από ποια χώρα;,Ο Ούμα Σανκάρ Σαχ είναι από την **Ινδία**.,Νεπάλ,artists,"The assistant's response is in the same language as the reference but does not align with the reference provided.

Rating: [[4]]"
Το Kiran Manandhar είναι από ποια χώρα;,Ο Kiran Manandhar είναι από το **Νεπάλ**.,Νεπάλ,artists,"The assistant's response is in the same language as the question and aligns with the reference provided.

Rating: [[1]]"
Το Χάρι Πρασάντ Σάρμα είναι από ποια χώρα;,Ο Χάρι Πρασάντ Σάρμα είναι από την **Ινδία**.,Νεπάλ,artists,"The assistant's response is in the same language as the question and reference but does not align with the reference provided, which is ""Νεπάλ"".

Rating: [[4]]"
Το Σουρέντρα Μαν Σινγκ είναι από ποια χώρα;,Ο Σουρέντρα Μαν Σινγκ είναι από την **Ινδία**.,Νεπάλ,artists,"The assistant's response is in the same language as the question and does not align with the reference provided.

Rating: [[4]]"
Το Ανίλ Σάχι είναι από ποια χώρα;,Το Ανίλ Σάχι είναι από την **Ινδία**.,Νεπάλ,artists,"The assistant's response is in the same language as the question and reference but does not align with the reference provided.

Rating: [[4]]"
Το Χοκουσάι είναι από ποια χώρα;,Το Χοκουσάι είναι ένα ιαπωνικό έθιμο.,Ιαπωνία,artists,"The assistant's response is in the same language as the reference and aligns with the reference, as Hokusai is indeed from Japan (Ιαπωνία).

Rating: [[1]]"
Το Χιροσίγκε είναι από ποια χώρα;,Το Χιροσίμα είναι μια πόλη στην **Ιαπωνία**.,Ιαπωνία,artists,"The assistant's response is in the same language as the reference and aligns with the reference provided.

Rating: [[1]]"
Το Τακάσι Μουρακάμι είναι από ποια χώρα;,Ο Τακάσι Μουρακάμι είναι από την **Ιαπωνία**.,Ιαπωνία,artists,"The assistant's response is in the same language as the reference and aligns with the reference provided.

Rating: [[1]]"
Το Yayoi Kusama είναι από ποια χώρα;,Η Yayoi Kusama είναι από την **Ιαπωνία**.,Ιαπωνία,artists,"The assistant's response is in the same language as the reference and aligns with the reference provided.

Rating: [[1]]"
Το Τάρο Οκαμότο είναι από ποια χώρα;,Ο Τάρο Οκαμότο είναι από την **Ιαπωνία**.,Ιαπωνία,artists,"The assistant's response is in the same language as the reference and aligns with the reference provided.

Rating: [[1]]"
Το Φουτζίκο Φούτζιο είναι από ποια χώρα;,Το Φουτζίκο Φούτζιο είναι από την **Ιαπωνία**.,Ιαπωνία,artists,"The assistant's response is in the same language as the reference and aligns with the reference provided.

Rating: [[1]]"
Το Οσάμου Τεζούκα είναι από ποια χώρα;,Ο Οσάμου Τεζούκα είναι από την **Ιαπωνία**.,Ιαπωνία,artists,"The assistant's response is in the same language as the reference and aligns with the reference provided.

Rating: [[1]]"
Το Σιγκέρου Μιζούκι είναι από ποια χώρα;,Ο Σιγκέρου Μιζούκι είναι από την **Ιαπωνία**.,Ιαπωνία,artists,"The assistant's response is in the same language as the reference and aligns with the reference provided.

Rating: [[1]]"
Το Kenzo Tange είναι από ποια χώρα;,Ο Kenzo Tange ήταν από την **Ιαπωνία**.,Ιαπωνία,artists,"The assistant's response is in the same language as the reference and aligns with the reference provided.

Rating: [[1]]"
Το Yoshitomo Nara είναι από ποια χώρα;,Ο Yoshitomo Nara είναι από την **Ιαπωνία**.,Ιαπωνία,artists,"The assistant's response is in the same language as the reference and aligns with the reference provided.

Rating: [[1]]"
Το Καζιμίρ Μάλεβιτς είναι από ποια χώρα;,Ο Καζιμίρ Μάλεβιτς ήταν από την **Ρωσία**.,Ουκρανία,artists,"The assistant's response is in the same language as the reference but does not align with the reference provided, as the reference is ""Ουκρανία"" (Ukraine), and the assistant states that Kazimir Malevich was from Russia.

Rating: [[4]]"
Το Μαρία Πριματσένκο είναι από ποια χώρα;,Η Μαρία Πριματσένκο είναι από την **Ουκρανία**.,Ουκρανία,artists,"The assistant's response is in the same language as the reference and aligns with the reference provided.

Rating: [[1]]"
Το Αλεξάντερ Αρχιπένκο είναι από ποια χώρα;,Ο Αλεξάντερ Αρχιπένκο είναι από τη **Ρωσία**.,Ουκρανία,artists,"The assistant's response is in the same language as the reference but does not align with the reference provided, as the reference is ""Ουκρανία"" (Ukraine), and the assistant states that Alexander Archipenko is from Russia.

Rating: [[4]]"
Το Ιβάν Μαρτσούκ είναι από ποια χώρα;,Ο Ιβάν Μαρτσούκ είναι από την **Ουκρανία**.,Ουκρανία,artists,"The assistant's response is in the same language as the reference and aligns with the reference provided.

Rating: [[1]]"
Το Τάρας Σεφτσένκο είναι από ποια χώρα;,"Ο Τάρας Σεφτσένκο ήταν από την **Ουκρανία**. 

Είναι ένας από τους πιο σημαντικούς Ουκρανούς ποιητές και συγγραφείς, θεωρούμενος ο πατέρας της σύγχρονης Ουκρανικής λογοτεχνίας.",Ουκρανία,artists,"The assistant's response is in the same language as the reference and aligns with the reference provided.

Rating: [[1]]"
Το Bohdan Soroka είναι από ποια χώρα;,Ο Bohdan Soroka είναι από την **Ουκρανία**.,Ουκρανία,artists,"The assistant's response is in the same language as the reference and aligns with the reference provided.

Rating: [[1]]"
Το Mykhailo Boychuk είναι από ποια χώρα;,Ο Mykhailo Boychuk είναι από την **Ουκρανία**.,Ουκρανία,artists,"The assistant's response is in the same language as the reference and aligns with the reference provided.

Rating: [[1]]"
Το Oleksandr Murashko είναι από ποια χώρα;,Ο Oleksandr Murashko είναι από την **Ουκρανία**.,Ουκρανία,artists,"The assistant's response is in the same language as the reference and aligns with the reference provided.

Rating: [[1]]"
Το Heorhiy Narbut είναι από ποια χώρα;,Ο Heorhiy Narbut είναι από την **Ουκρανία**.,Ουκρανία,artists,"The assistant's response is in the same language as the reference and aligns with the reference provided.

Rating: [[1]]"
Το Mykola Pymonenko είναι από ποια χώρα;,Ο Mykola Pymonenko είναι από την **Ουκρανία**.,Ουκρανία,artists,"The assistant's response is in the same language as the reference and aligns with the reference provided.

Rating: [[1]]"
Το Φειδίας είναι από ποια χώρα;,Ο Φειδίας ήταν Έλληνας γλύπτης και αρχιτέκτονας από την **Αθήνα**.,Ελλάδα,artists,"The assistant's response is in the same language as the reference and aligns with the reference, as it correctly states that Phidias was Greek and from Athens.

Rating: [[1]]"
Το Ελ Γκρέκο είναι από ποια χώρα;,"Ο Ελ Γκρέκο ήταν **Ισπανός** ζωγράφος. 

Αν και γεννήθηκε στην Κρήτη (τότε υπό Βενετική κυριαρχία), πέρασε το μεγαλύτερο μέρος της ζωής του στην Ισπανία, όπου και δημιούργησε το μεγαλύτερο μέρος του έργου του.",Ελλάδα,artists,"The assistant's response is in the same language as the reference and aligns with the reference, providing accurate information about El Greco's origin and where he spent most of his life.

Rating: [[1]]"
Το Γιάννης Τσαρούχης είναι από ποια χώρα;,"Ο Γιάννης Τσαρούχης ήταν Έλληνας ζωγράφος, σκηνογράφος και χαράκτης.",Ελλάδα,artists,"The assistant's response is in the same language as the reference and aligns with the reference, as it correctly identifies that Γιάννης Τσαρούχης was Greek.

Rating: [[1]]"
Το Constantin Brâncuși είναι από ποια χώρα;,Ο Constantin Brâncuși ήταν από τη **Ρουμανία**.,Ελλάδα,artists,"The assistant's response is in the same language as the reference and aligns with the reference.

Rating: [[1]]"
Το Νίκος Χατζηκυριάκος-Γκίκα είναι από ποια χώρα;,Ο Νίκος Χατζηκυριάκος-Γκίκα είναι από την **Ελλάδα**.,Ελλάδα,artists,"The assistant's response is in the same language as the reference and aligns with the reference provided.

Rating: [[1]]"
Το Παναγιώτης Βασιλάκης είναι από ποια χώρα;,Ο Παναγιώτης Βασιλάκης είναι από την **Ελλάδα**.,Ελλάδα,artists,"The assistant's response is in the same language as the reference and aligns with the reference provided.

Rating: [[1]]"
Το Γιώργος Γουναρόπουλος είναι από ποια χώρα;,Ο Γιώργος Γουναρόπουλος είναι από την **Ελλάδα**.,Ελλάδα,artists,"The assistant's response is in the same language as the reference and aligns with the reference provided.

Rating: [[1]]"
Το Σοφία Βάρη είναι από ποια χώρα;,Η Σοφία Βάρη είναι από την **Ελλάδα**.,Ελλάδα,artists,"The assistant's response is in the same language as the reference and aligns with the reference provided.

Rating: [[1]]"
Το Γιάννης Μόραλης είναι από ποια χώρα;,Ο Γιάννης Μόραλης είναι από την **Ελλάδα**.,Ελλάδα,artists,"The assistant's response is in the same language as the reference and aligns with the reference provided.

Rating: [[1]]"
Το Δημήτρης Μυταράς είναι από ποια χώρα;,Ο Δημήτρης Μυταράς είναι από την **Ελλάδα**.,Ελλάδα,artists,"The assistant's response is in the same language as the reference and aligns with the reference provided.

Rating: [[1]]"
Το Οσμάν Χαμντί Μπέης είναι από ποια χώρα;,"Ο Οσμάν Χαμντί Μπέης ήταν **Τούρκος**. 

Ήταν ο τελευταίος Μεγάλος Βεζίρης της Οθωμανικής Αυτοκρατορίας.",Τουρκία,artists,"The assistant's response is in the same language as the reference and aligns with the reference provided.

Rating: [[1]]"
Το Αμπιντίν Ντίνο είναι από ποια χώρα;,Ο Αμπιντίν Ντίνο είναι από την **Σενεγάλη**.,Τουρκία,artists,"The assistant's response is in the same language as the reference but does not align with the reference provided.

Rating: [[4]]"
Το Fahrelnissa Zeid είναι από ποια χώρα;,"Η Fahrelnissa Zeid ήταν **Τουρκάλα** ζωγράφος. 

Γεννήθηκε στην Κωνσταντινούπολη το 1901 και πέθανε στο Άμστερνταμ το 1991.",Τουρκία,artists,"The assistant's response is in the same language as the question and aligns with the reference provided, as it correctly states that Fahrelnissa Zeid was Turkish (Τουρκάλα).

Rating: [[1]]"
Το Bedri Rahmi Eyüboğlu είναι από ποια χώρα;,"Ο Bedri Rahmi Eyüboğlu ήταν Τούρκος ποιητής, ζωγράφος και γλύπτης.",Τουρκία,artists,"The assistant's response is in the same language as the reference and aligns with the reference, as it correctly identifies Bedri Rahmi Eyüboğlu as being Turkish.

Rating: [[1]]"
Το Burhan Doğançay είναι από ποια χώρα;,Ο Burhan Doğançay είναι από την **Τουρκία**.,Τουρκία,artists,"The assistant's response is in the same language as the reference and aligns with the reference provided.

Rating: [[1]]"
Το İbrahim Çallı είναι από ποια χώρα;,Ο İbrahim Çallı είναι από την **Τουρκία**.,Τουρκία,artists,"The assistant's response is in the same language as the reference and aligns with the reference provided.

Rating: [[1]]"
Το Nuri Iyem είναι από ποια χώρα;,Το Nuri Iyem είναι από την **Τουρκία**.,Τουρκία,artists,"The assistant's response is in the same language as the reference and aligns with the reference provided.

Rating: [[1]]"
Το Erol Akyavaş είναι από ποια χώρα;,Ο Erol Akyavaş είναι από την **Τουρκία**.,Τουρκία,artists,"The assistant's response is in the same language as the reference and aligns with the reference provided.

Rating: [[1]]"
Το Ara Güler είναι από ποια χώρα;,Ο Ara Güler ήταν από την **Τουρκία**.,Τουρκία,artists,"The assistant's response is in the same language as the question and aligns with the reference provided.

Rating: [[1]]"
Το Sabiha Rüştü Bozcalı είναι από ποια χώρα;,Η Sabiha Rüştü Bozcalı ήταν από την **Τουρκία**.,Τουρκία,artists,"The assistant's response is in the same language as the reference and aligns with the reference provided.

Rating: [[1]]"
Το Μάικλ Άρμιτατζ είναι από ποια χώρα;,Ο Μάικλ Άρμιτατζ είναι από την **Αγγλία**.,Κενύα,artists,"The assistant's response is in the same language as the reference but does not align with the reference provided.

Rating: [[4]]"
Το Wangechi Mutu είναι από ποια χώρα;,"Η Wangechi Mutu είναι από το **Κένυα**. 

Γεννήθηκε στο Ναϊρόμπι το 1973.",Κενύα,artists,"The assistant's response is in the same language as the reference and aligns with the reference provided.

Rating: [[1]]"
Το Moses Nyawanda είναι από ποια χώρα;,Ο Moses Nyawanda είναι από την **Κένυα**.,Κενύα,artists,"The assistant's response is in the same language as the reference and aligns with the reference provided.

Rating: [[1]]"
Το Cyrus Kabiru είναι από ποια χώρα;,Ο Cyrus Kabiru είναι από την **Κένυα**.,Κενύα,artists,"The assistant's response is in the same language as the reference and aligns with the reference provided.

Rating: [[1]]"
Το Ντένις Μουραγούρι είναι από ποια χώρα;,Ο Ντένις Μουραγούρι είναι από την **Κένυα**.,Κενύα,artists,"The assistant's response is in the same language as the reference and aligns with the reference provided.

Rating: [[1]]"
Το El Tayeb Dawelbait είναι από ποια χώρα;,Ο El Tayeb Dawelbait είναι από το **Σουδάν**.,Κενύα,artists,"The assistant's response is in the same language as the reference and aligns with the reference, as the reference is in Greek and the answer correctly states that El Tayeb Dawelbait is from Sudan, which is consistent with the reference provided.

Rating: [[1]]"
Το Tabitha wa Thuku είναι από ποια χώρα;,"Δεν έχω πρόσβαση σε πληροφορίες σε πραγματικό χρόνο, συμπεριλαμβανομένων προσωπικών δεδομένων όπως η εθνικότητα κάποιου. 

Για να βρείτε πληροφορίες για το Tabitha wa Thuku, θα σας πρότεινα να κάνετε αναζήτηση στο διαδίκτυο.",Κενύα,artists,"The assistant's response is in the same language (Greek) but does not align with the reference provided, as it does not answer the question about Tabitha wa Thuku's country of origin.

Rating: [[4]]"
Το Joseph Bertiers είναι από ποια χώρα;,Το Joseph Bertiers είναι από τη **Γαλλία**.,Κενύα,artists,"The assistant's response is in the same language as the reference but does not align with the reference provided.

Rating: [[4]]"
Το Μάγκι Οτιένο είναι από ποια χώρα;,Η Μάγκι Οτιένο είναι από την **Νιγηρία**.,Κενύα,artists,"The assistant's response is in the same language as the reference but does not align with the reference provided.

Rating: [[4]]"
Το Πάτρικ Μουκάμπι είναι από ποια χώρα;,Ο Πάτρικ Μουκάμπι είναι από την **Κένυα**.,Κενύα,artists,"The assistant's response is in the same language as the reference and aligns with the reference provided.

Rating: [[1]]"
Το Chalermchai Kositpipat είναι από ποια χώρα;,Ο Chalermchai Kositpipat είναι από την **Ταϊλάνδη**.,Σιάμ,artists,"The assistant's response is in the same language as the question and aligns with the reference provided, as ""Σιάμ"" (Siam) is the old name for ""Ταϊλάνδη"" (Thailand).

Rating: [[1]]"
Το Thawan Duchanee είναι από ποια χώρα;,Ο Thawan Duchanee είναι από την **Ταϊλάνδη**.,Σιάμ,artists,"The assistant's response is in the same language as the reference and aligns with the reference, as Thawan Duchanee is indeed from Thailand, which is the country referred to by the Greek word ""Ταϊλάνδη"".

Rating: [[1]]"
Το Damrong Wong-Uparaj είναι από ποια χώρα;,Ο Damrong Wong-Uparaj είναι από την **Ταϊλάνδη**.,Σιάμ,artists,"The assistant's response is in the same language as the reference and aligns with the reference, as ""Σιάμ"" (Siam) is the old name for Thailand.

Rating: [[1]]"
Το Angkarn Kalayaapong είναι από ποια χώρα;,Ο Angkarn Kalayaapong είναι από την **Ταϊλάνδη**.,Σιάμ,artists,"The assistant's response is in the same language as the reference and aligns with the reference, as ""Σιάμ"" (Siam) is an old name for Thailand.

Rating: [[1]]"
Το Montien Boonma είναι από ποια χώρα;,Ο Montien Boonma είναι από την **Ταϊλάνδη**.,Σιάμ,artists,"The assistant's response is in the same language as the question and aligns with the reference provided, as ""Σιάμ"" (Siam) is an old name for Thailand.

Rating: [[1]]"
Το Kamol Tassananchalee είναι από ποια χώρα;,Ο Kamol Tassananchalee είναι από την **Ταϊλάνδη**.,Σιάμ,artists,"The assistant's response is in the same language as the reference and aligns with the reference, as ""Σιάμ"" (Siam) is an old name for Thailand.

Rating: [[1]]"
Το Vasan Sitthiket είναι από ποια χώρα;,Ο Vasan Sitthiket είναι από την **Ταϊλάνδη**.,Σιάμ,artists,"The assistant's response is in the same language as the question and aligns with the reference provided, as ""Σιάμ"" (Siam) is an old name for Thailand.

Rating: [[1]]"
Το Sirilak Pongdee είναι από ποια χώρα;,Το Sirilak Pongdee είναι από την **Ταϊλάνδη**.,Σιάμ,artists,"The assistant's response is in the same language as the question and aligns with the reference provided, as ""Σιάμ"" (Siam) is an old name for Thailand.

Rating: [[1]]"
Το Jitsing Somboon είναι από ποια χώρα;,Ο Jitsing Somboon είναι από την **Ταϊλάνδη**.,Σιάμ,artists,"The assistant's response is in the same language as the question and aligns with the reference provided, as ""Σιάμ"" (Siam) is an old name for Thailand.

Rating: [[1]]"
Το Ploenchan Vinyaratn είναι από ποια χώρα;,Η Ploenchan Vinyaratn είναι από την **Ταϊλάνδη**.,Σιάμ,artists,"The assistant's response is in the same language as the reference and aligns with the reference, as ""Σιάμ"" (Siam) is an old name for Thailand.

Rating: [[1]]"
Σε ποια χώρα βρίσκεται το Άγαλμα της Ελευθερίας;,"Το Άγαλμα της Ελευθερίας βρίσκεται στις **Ηνωμένες Πολιτείες Αμερικής**, στη Νέα Υόρκη. 🗽",Ηνωμένες Πολιτείες,lakes,"The assistant's response is in the same language as the reference and aligns with the reference provided.

Rating: [[1]]"
Σε ποια χώρα βρίσκεται το Γκραν Κάνυον;,"Το Γκραν Κάνυον βρίσκεται στις **Ηνωμένες Πολιτείες Αμερικής**, στην πολιτεία της **Αριζόνα**.",Ηνωμένες Πολιτείες,lakes,"The assistant's response is in the same language as the reference and aligns with the reference provided.

Rating: [[1]]"
Σε ποια χώρα βρίσκεται το Όρος Ράσμορ;,"Το Όρος Ράσμορ βρίσκεται στις **Ηνωμένες Πολιτείες Αμερικής**, στην πολιτεία της **Νότιας Ντακότα**.",Ηνωμένες Πολιτείες,lakes,"The assistant's response is in the same language as the reference and aligns with the reference provided.

Rating: [[1]]"
Σε ποια χώρα βρίσκεται το Γέφυρα Golden Gate;,"Το Γέφυρα Golden Gate βρίσκεται στις **Ηνωμένες Πολιτείες Αμερικής**, στην πολιτεία της **Καλιφόρνια**. 

Συγκεκριμένα, συνδέει την πόλη του Σαν Φρανσίσκο με την κομητεία Marin.",Ηνωμένες Πολιτείες,lakes,"The assistant's response is in the same language as the reference and aligns with the reference provided.

Rating: [[1]]"
Σε ποια χώρα βρίσκεται το Εθνικό Πάρκο Yellowstone;,"Το Εθνικό Πάρκο Yellowstone βρίσκεται κυρίως στην πολιτεία **Wyoming** των Ηνωμένων Πολιτειών, με μικρότερα τμήματα να εκτείνονται στις πολιτείες **Μοντάνα** και **Αϊντάχο**.",Ηνωμένες Πολιτείες,lakes,"The assistant's response is in the same language as the reference and aligns with the reference provided, as it correctly states that Yellowstone National Park is located in the United States, specifically in the states of Wyoming, Montana, and Idaho.

Rating: [[1]]"
Σε ποια χώρα βρίσκεται το Empire State Building;,"Το Empire State Building βρίσκεται στις **Ηνωμένες Πολιτείες Αμερικής**, στην πόλη της **Νέας Υόρκης**.",Ηνωμένες Πολιτείες,lakes,"The assistant's response is in the same language as the reference and aligns with the reference provided.

Rating: [[1]]"
Σε ποια χώρα βρίσκεται το Times Square;,"Το Times Square βρίσκεται στις **Ηνωμένες Πολιτείες Αμερικής**, στην πόλη της **Νέας Υόρκης**.",Ηνωμένες Πολιτείες,lakes,"The assistant's response is in the same language as the reference and aligns with the reference provided.

Rating: [[1]]"
Σε ποια χώρα βρίσκεται το Σημάδι του Χόλιγουντ;,"Το Σημάδι του Χόλιγουντ βρίσκεται στην **Καλιφόρνια**, Ηνωμένες Πολιτείες Αμερικής. 

Πιο συγκεκριμένα, βρίσκεται στα λόφοι του Χόλιγουντ, πάνω από το κέντρο του Λος Άντζελες.",Ηνωμένες Πολιτείες,lakes,"The assistant's response is in the same language as the reference and aligns with the reference, providing accurate and detailed information about the location of the Hollywood Sign.

Rating: [[1]]"
Σε ποια χώρα βρίσκεται το Walt Disney World;,"Το Walt Disney World βρίσκεται στην **Φλόριντα**, Ηνωμένες Πολιτείες Αμερικής.",Ηνωμένες Πολιτείες,lakes,"The assistant's response is in the same language as the reference and aligns with the reference provided, as it correctly states that Walt Disney World is located in Florida, United States of America.

Rating: [[1]]"
Σε ποια χώρα βρίσκεται το καταρράκτης του Νιαγάρα;,"Ο καταρράκτης του Νιαγάρα βρίσκεται στα σύνορα των Ηνωμένων Πολιτειών και του Καναδά. 

* Το μεγαλύτερο μέρος του καταρράκτη βρίσκεται στην πλευρά του Καναδά, στην επαρχία του Οντάριο.
* Μικρότερο τμήμα του καταρράκτη βρίσκεται στην πλευρά των ΗΠΑ, στην πολιτεία της Νέας Υόρκης.",Ηνωμένες Πολιτείες,lakes,"The assistant's response is in the same language as the reference and aligns with the reference provided, as it correctly states that Niagara Falls is located on the border of the United States and Canada, with the majority on the Canadian side and a smaller portion on the U.S. side.

Rating: [[1]]"
Σε ποια χώρα βρίσκεται το Ταζ Μαχάλ;,Το Ταζ Μαχάλ βρίσκεται στην **Ινδία**.,Ινδία,lakes,"The assistant's response is in the same language as the reference and aligns with the reference provided.

Rating: [[1]]"
Σε ποια χώρα βρίσκεται το Κόκκινο Φρούριο;,"Το Κόκκινο Φρούριο βρίσκεται στην **Ινδία**. 

Είναι ένα ιστορικό φρούριο που βρίσκεται στο Νέο Δελχί.",Ινδία,lakes,"The assistant's response is in the same language as the reference and aligns with the reference provided.

Rating: [[1]]"
Σε ποια χώρα βρίσκεται το Πύλη της Ινδίας;,"Το Πύλη της Ινδίας βρίσκεται στην **Ινδία**. 

Πιο συγκεκριμένα, βρίσκεται στην πόλη **Μουμπάι**.",Ινδία,lakes,"The assistant's response is in the same language as the reference and aligns with the reference provided.

Rating: [[1]]"
Σε ποια χώρα βρίσκεται το Πύλη της Ινδίας;,"Το Πύλη της Ινδίας βρίσκεται στην **Ινδία**. 

Πιο συγκεκριμένα, βρίσκεται στην πόλη **Μουμπάι**.",Ινδία,lakes,"The assistant's response is in the same language as the reference and aligns with the reference provided.

Rating: [[1]]"
Σε ποια χώρα βρίσκεται το Κουτούμπ Μινάρ;,"Το Κουτούμπ Μινάρ βρίσκεται στην **Ινδία**. 

Είναι ένα μνημείο παγκόσμιας κληρονομιάς της UNESCO και βρίσκεται στο Δελχί.",Ινδία,lakes,"The assistant's response is in the same language as the reference and aligns with the reference provided.

Rating: [[1]]"
Σε ποια χώρα βρίσκεται το Χαβά Μαχάλ;,Το Χαβά Μαχάλ βρίσκεται στην **Ινδία**.,Ινδία,lakes,"The assistant's response is in the same language as the reference and aligns with the reference provided.

Rating: [[1]]"
Σε ποια χώρα βρίσκεται το Ναός Lotus;,"Ο Ναός Lotus βρίσκεται στην **Ινδία**, στην πόλη **Νέο Δελχί**.",Ινδία,lakes,"The assistant's response is in the same language as the reference and aligns with the reference provided.

Rating: [[1]]"
Σε ποια χώρα βρίσκεται το Γοητευτικός;,"Το Γοητευτικός είναι ένα φανταστικό μέρος που εμφανίζεται στο μυθιστόρημα του Γιάννη Ρίτσου ""Το Γοητευτικό"". Δεν είναι πραγματική χώρα.",Ινδία,lakes,"The assistant's response is in the same language as the reference (Greek) but does not align with the reference provided, as the question asks for a country and the response describes a fictional place from a story.

Rating: [[4]]"
Σε ποια χώρα βρίσκεται το Χρυσός Ναός;,"Ο Χρυσός Ναός βρίσκεται στην **Ιαπωνία**. 

Πιο συγκεκριμένα, βρίσκεται στην πόλη **Κιότο**.",Ινδία,lakes,"The assistant's response is in the same language as the reference but does not align with the reference provided, as the Golden Temple is located in India, not Japan.

Rating: [[4]]"
Σε ποια χώρα βρίσκεται το Ναός Meenakshi;,"Ο Ναός Meenakshi βρίσκεται στην **Ινδία**, στην πόλη **Madurai** της πολιτείας **Tamil Nadu**.",Ινδία,lakes,"The assistant's response is in the same language as the reference and aligns with the reference provided.

Rating: [[1]]"
Σε ποια χώρα βρίσκεται το Σινικό Τείχος της Κίνας;,Το Σινικό Τείχος βρίσκεται στην **Κίνα**.,Κίνα,lakes,"The assistant's response is in the same language as the reference and aligns with the reference provided.

Rating: [[1]]"
Σε ποια χώρα βρίσκεται το Απαγορευμένη Πόλη;,"Το Απαγορευμένη Πόλη βρίσκεται στην **Κίνα**, στην πόλη του Πεκίνου.",Κίνα,lakes,"The assistant's response is in the same language as the reference and aligns with the reference provided.

Rating: [[1]]"
Σε ποια χώρα βρίσκεται το Στρατός από τερακότα;,"Το Στρατός από τερακότα βρίσκεται στην **Κίνα**. 

Πιο συγκεκριμένα, βρίσκεται κοντά στην πόλη **Xi'an**, στην επαρχία **Shaanxi**.",Κίνα,lakes,"The assistant's response is in the same language as the reference and aligns with the reference provided.

Rating: [[1]]"
Σε ποια χώρα βρίσκεται το The Bund;,"Το The Bund βρίσκεται στην **Κίνα**, στην πόλη **Σανγκάη**.",Κίνα,lakes,"The assistant's response is in the same language as the reference and aligns with the reference provided.

Rating: [[1]]"
Σε ποια χώρα βρίσκεται το Έβερεστ;,Το Έβερεστ βρίσκεται στα σύνορα μεταξύ του **Νεπάλ** και της **Κίνας**.,Κίνα,lakes,"The assistant's response is in the same language as the reference and aligns with the reference, as it correctly states that Mount Everest is located on the border between Nepal and China.

Rating: [[1]]"
Σε ποια χώρα βρίσκεται το Εθνικό Δασικό Πάρκο Zhangjiajie;,Το Εθνικό Δασικό Πάρκο Zhangjiajie βρίσκεται στην **Κίνα**.,Κίνα,lakes,"The assistant's response is in the same language as the reference and aligns with the reference provided.

Rating: [[1]]"
Σε ποια χώρα βρίσκεται το Θερινό Παλάτι;,"Το Θερινό Παλάτι βρίσκεται στη **Ρωσία**, στην πόλη **Σαντ Πετρούπολη**.",Κίνα,lakes,"The assistant's response is in the same language as the reference but does not align with the reference provided, as the Summer Palace is located in China, not Russia.

Rating: [[4]]"
Σε ποια χώρα βρίσκεται το Δυτική Λίμνη;,Η Δυτική Λίμνη βρίσκεται στην **Κένυα**.,Κίνα,lakes,"The assistant's response is in the same language as the reference but does not align with the reference provided.

Rating: [[4]]"
Σε ποια χώρα βρίσκεται το Παλάτι Ποτάλα;,Το Παλάτι Ποτάλα βρίσκεται στο **Νεπάλ**.,Κίνα,lakes,"The assistant's response is in the same language as the reference but does not align with the reference provided, as the Potala Palace is located in China, not Nepal.

Rating: [[4]]"
Σε ποια χώρα βρίσκεται το Κήπος Yuyuan;,"Το Κήπος Yuyuan βρίσκεται στην **Κίνα**, στην πόλη **Σανγκάη**.",Κίνα,lakes,"The assistant's response is in the same language as the reference and aligns with the reference provided.

Rating: [[1]]"
Σε ποια χώρα βρίσκεται το Κόκκινη Πλατεία;,"Το Κόκκινη Πλατεία βρίσκεται στη **Ρωσία**, στην πόλη της **Μόσχας**.",Ρωσία,lakes,"The assistant's response is in the same language as the reference and aligns with the reference provided.

Rating: [[1]]"
Σε ποια χώρα βρίσκεται το Κρέμλινο;,"Το Κρεμλίνο βρίσκεται στη **Ρωσία**, στην πόλη της **Μόσχας**.",Ρωσία,lakes,"The assistant's response is in the same language as the reference and aligns with the reference provided.

Rating: [[1]]"
Σε ποια χώρα βρίσκεται το Καθεδρικός ναός του Αγίου Βασιλείου;,"Ο Καθεδρικός ναός του Αγίου Βασιλείου βρίσκεται στη **Ρωσία**, στην πόλη **Μόσχα**.",Ρωσία,lakes,"The assistant's response is in the same language as the reference and aligns with the reference provided.

Rating: [[1]]"
Σε ποια χώρα βρίσκεται το Μουσείο Ερμιτάζ;,"Το Μουσείο Ερμιτάζ βρίσκεται στη **Ρωσία**, στην πόλη **Αγία Πετρούπολη**.",Ρωσία,lakes,"The assistant's response is in the same language as the reference and aligns with the reference provided.

Rating: [[1]]"
Σε ποια χώρα βρίσκεται το Λίμνη Βαϊκάλη;,Το Λίμνη Βαϊκάλη βρίσκεται στη **Ρωσία**.,Ρωσία,lakes,"The assistant's response is in the same language as the reference and aligns with the reference provided.

Rating: [[1]]"
Σε ποια χώρα βρίσκεται το Παλάτι Peterhof;,"Το Παλάτι Peterhof βρίσκεται στη **Ρωσία**. 

Πιο συγκεκριμένα, βρίσκεται στην πόλη Peterhof, περίπου 29 χιλιόμετρα νοτιοδυτικά του Αγίου Πετρούπολης.",Ρωσία,lakes,"The assistant's response is in the same language as the reference and aligns with the reference provided.

Rating: [[1]]"
Σε ποια χώρα βρίσκεται το Υπερσιβηρικός Σιδηρόδρομος;,Ο Υπερσιβηρικός Σιδηρόδρομος βρίσκεται στη **Ρωσία**.,Ρωσία,lakes,"The assistant's response is in the same language as the reference and aligns with the reference provided.

Rating: [[1]]"
Σε ποια χώρα βρίσκεται το Θέατρο Μπολσόι;,"Το Θέατρο Μπολσόι βρίσκεται στη **Ρωσία**, στην πόλη της **Μόσχας**.",Ρωσία,lakes,"The assistant's response is in the same language as the reference and aligns with the reference provided.

Rating: [[1]]"
Σε ποια χώρα βρίσκεται το Catherine Palace;,"Το Catherine Palace βρίσκεται στη **Ρωσία**. 

Πιο συγκεκριμένα, βρίσκεται στην πόλη **Πούσκιν**, περίπου 25 χιλιόμετρα νότια της Αγίας Πετρούπολης.",Ρωσία,lakes,"The assistant's response is in the same language as the reference and aligns with the reference provided. The assistant also provides additional relevant information, which is accurate and enhances the answer.

Rating: [[1]]"
Σε ποια χώρα βρίσκεται το Ολυμπιακό Πάρκο Σότσι;,"Το Ολυμπιακό Πάρκο βρίσκεται στη **Ρωσία**, στην πόλη **Σότσι**.",Ρωσία,lakes,"The assistant's response is in the same language as the reference and aligns with the reference provided.

Rating: [[1]]"
Σε ποια χώρα βρίσκεται το Κάαμπα;,"Το Κάαμπα βρίσκεται στη **Σαουδική Αραβία**. 

Είναι το κεντρικό σημείο του Ισλαμικού προσκυνήματος της Χατζ και βρίσκεται στην πόλη της Μέκκας.",Σαουδική Αραβία,lakes,"The assistant's response is in the same language as the reference and aligns with the reference provided.

Rating: [[1]]"
Σε ποια χώρα βρίσκεται το Masjid al-Nabawi;,"Το Masjid al-Nabawi, γνωστό και ως Τζαμί του Προφήτη, βρίσκεται στη **Σαουδική Αραβία**. 

Βρίσκεται στην πόλη **Μεντίνα**, η οποία είναι η δεύτερη holiest πόλη του Ισλάμ μετά τη Μέκκα.",Σαουδική Αραβία,lakes,"The assistant's response is in the same language as the reference and aligns with the reference provided. The assistant correctly identifies that Masjid al-Nabawi is located in Saudi Arabia and provides additional context about its location in Medina.

Rating: [[1]]"
Σε ποια χώρα βρίσκεται το Αλ-Ούλα;,Το Αλ-Ούλα βρίσκεται στα **Ηνωμένα Αραβικά Εμιράτα**.,Σαουδική Αραβία,lakes,"The assistant's response is in the same language as the reference but does not align with the reference provided.

Rating: [[4]]"
Σε ποια χώρα βρίσκεται το Kingdom Center;,"Το Kingdom Centre βρίσκεται στη **Σαουδική Αραβία**, στην πόλη **Ριάντ**.",Σαουδική Αραβία,lakes,"The assistant's response is in the same language as the reference and aligns with the reference provided.

Rating: [[1]]"
Σε ποια χώρα βρίσκεται το Πύργος Faisaliah;,"Ο Πύργος Faisaliah βρίσκεται στη **Σαουδική Αραβία**, στην πόλη **Ριάντ**.",Σαουδική Αραβία,lakes,"The assistant's response is in the same language as the reference and aligns with the reference provided.

Rating: [[1]]"
Σε ποια χώρα βρίσκεται το Άκρη του Κόσμου;,"Το ""Άκρη του Κόσμου"" δεν είναι πραγματικός τόπος. Είναι μια μεταφορική έκφραση που χρησιμοποιείται για να περιγράψει ένα μέρος που βρίσκεται πολύ μακριά ή είναι πολύ απομονωμένο.

Μπορεί να αναφέρεται σε διάφορα μέρη ανάλογα με τον πολιτισμό και την ιστορία. Για παράδειγμα, οι αρχαίοι Έλληνες πίστευαν ότι το Άκρη του Κόσμου βρισκόταν στη δυτική άκρη της γνωστής",Σαουδική Αραβία,lakes,"The assistant's response is in the same language as the reference and provides a detailed explanation about the metaphorical meaning of ""Άκρη του Κόσμου"" (Edge of the World). However, it does not directly answer the question about the specific location in Saudi Arabia. The response is somewhat aligned with the reference but does not provide the expected direct answer.

Rating: [[1]]"
Σε ποια χώρα βρίσκεται το Jeddah Corniche;,Το Jeddah Corniche βρίσκεται στη **Σαουδική Αραβία**.,Σαουδική Αραβία,lakes,"The assistant's response is in the same language as the reference and aligns with the reference provided.

Rating: [[1]]"
Σε ποια χώρα βρίσκεται το Mada'in Saleh;,Το Mada'in Saleh βρίσκεται στη **Σαουδική Αραβία**.,Σαουδική Αραβία,lakes,"The assistant's response is in the same language as the reference and aligns with the reference provided.

Rating: [[1]]"
Σε ποια χώρα βρίσκεται το Abraj Al Bait;,"Το Abraj Al Bait βρίσκεται στη **Σαουδική Αραβία**, στην πόλη της **Μέκκας**.",Σαουδική Αραβία,lakes,"The assistant's response is in the same language as the reference and aligns with the reference provided.

Rating: [[1]]"
Σε ποια χώρα βρίσκεται το Αλ-Μπαλάντ;,Το Αλ-Μπαλάντ βρίσκεται στο **Ιράκ**.,Σαουδική Αραβία,lakes,"The assistant's response is in the same language but does not align with the reference provided.

Rating: [[4]]"
Σε ποια χώρα βρίσκεται το Πύργος του Αΐφελ;,"Ο Πύργος του Αΐφελ βρίσκεται στη **Γαλλία**, στην πόλη του **Παρισιού**.",Γαλλία,lakes,"The assistant's response is in the same language as the reference and aligns with the reference provided.

Rating: [[1]]"
Σε ποια χώρα βρίσκεται το Μουσείο του Λούβρου;,"Το Μουσείο του Λούβρου βρίσκεται στη **Γαλλία**, στην πόλη του **Παρισιού**.",Γαλλία,lakes,"The assistant's response is in the same language as the reference and aligns with the reference provided.

Rating: [[1]]"
Σε ποια χώρα βρίσκεται το Καθεδρικός ναός Notre-Dame;,"Ο Καθεδρικός ναός Notre-Dame βρίσκεται στη **Γαλλία**, στην πόλη του **Παρισιού**.",Γαλλία,lakes,"The assistant's response is in the same language as the reference and aligns with the reference provided.

Rating: [[1]]"
Σε ποια χώρα βρίσκεται το Παλάτι των Βερσαλλιών;,Το Παλάτι των Βερσαλλιών βρίσκεται στη **Γαλλία**.,Γαλλία,lakes,"The assistant's response is in the same language as the reference and aligns with the reference provided.

Rating: [[1]]"
Σε ποια χώρα βρίσκεται το Mont Saint-Michel;,Το Mont Saint-Michel βρίσκεται στη **Γαλλία**.,Γαλλία,lakes,"The assistant's response is in the same language as the reference and aligns with the reference provided.

Rating: [[1]]"
Σε ποια χώρα βρίσκεται το Château de Chambord;,Το Château de Chambord βρίσκεται στη **Γαλλία**.,Γαλλία,lakes,"The assistant's response is in the same language as the reference and aligns with the reference provided.

Rating: [[1]]"
Σε ποια χώρα βρίσκεται το Pont du Gard;,Το Pont du Gard βρίσκεται στη **Γαλλία**.,Γαλλία,lakes,"The assistant's response is in the same language as the reference and aligns with the reference provided.

Rating: [[1]]"
Σε ποια χώρα βρίσκεται το Sainte-Chapelle;,"Το Sainte-Chapelle βρίσκεται στη **Γαλλία**, στο Παρίσι.",Γαλλία,lakes,"The assistant's response is in the same language as the reference and aligns with the reference provided.

Rating: [[1]]"
Σε ποια χώρα βρίσκεται το Αψίδα του Θριάμβου;,"Το Αψίδα του Θριάμβου βρίσκεται στη **Γαλλία**, στην πόλη του **Παρισιού**.",Γαλλία,lakes,"The assistant's response is in the same language as the reference and aligns with the reference provided.

Rating: [[1]]"
Σε ποια χώρα βρίσκεται το Disneyland του Παρισιού;,"Το Disneyland Paris βρίσκεται στη **Γαλλία**. 🇫🇷 

Πιο συγκεκριμένα, βρίσκεται περίπου 32 χιλιόμετρα ανατολικά του Παρισιού, στην πόλη **Marne-la-Vallée**.",Γαλλία,lakes,"The assistant's response is in the same language as the reference and aligns with the reference provided. The assistant correctly states that Disneyland Paris is located in France (Γαλλία) and provides additional details about its specific location.

Rating: [[1]]"
Σε ποια χώρα βρίσκεται το Έβερεστ;,Το Έβερεστ βρίσκεται στα σύνορα μεταξύ του **Νεπάλ** και της **Κίνας**.,Νεπάλ,lakes,"The assistant's response is in the same language as the reference and aligns with the reference, as it correctly states that Mount Everest is located on the border between Nepal and China.

Rating: [[1]]"
Σε ποια χώρα βρίσκεται το Ναός Πασουπατινάθ;,"Ο Ναός Πασουπατινάθ βρίσκεται στο **Νεπάλ**. 

Είναι ένας από τους πιο σημαντικούς Ινδουιστικούς ναούς στη χώρα και βρίσκεται στην πρωτεύουσα Κατμαντού.",Νεπάλ,lakes,"The assistant's response is in the same language as the reference and aligns with the reference provided.

Rating: [[1]]"
Σε ποια χώρα βρίσκεται το Boudhanath Stupa;,Το Boudhanath Stupa βρίσκεται στο **Νεπάλ**.,Νεπάλ,lakes,"The assistant's response is in the same language as the reference and aligns with the reference provided.

Rating: [[1]]"
Σε ποια χώρα βρίσκεται το Swayambhunath Stupa;,"Το Swayambhunath Stupa βρίσκεται στο **Νεπάλ**. 

Είναι ένα από τα πιο ιερά μέρη για τους Βουδιστές και Ινδουιστές και βρίσκεται στην κορυφή ενός λόφου στην κεντρική Κάτμαντου.",Νεπάλ,lakes,"The assistant's response is in the same language as the reference and aligns with the reference provided.

Rating: [[1]]"
Σε ποια χώρα βρίσκεται το Πλατεία Durbar;,"Το Πλατεία Durbar βρίσκεται στην **Ινδία**, στην πόλη **Νέο Δελχί**.",Νεπάλ,lakes,"The assistant's response is in the same language as the reference but does not align with the reference provided, as Durbar Square is located in Nepal, not India.

Rating: [[4]]"
Σε ποια χώρα βρίσκεται το Κοιλάδα Ποκάρα;,Το Κοιλάδα Ποκάρα βρίσκεται στο **Νεπάλ**.,Νεπάλ,lakes,"The assistant's response is in the same language as the reference and aligns with the reference provided.

Rating: [[1]]"
Σε ποια χώρα βρίσκεται το Εθνικό Πάρκο Chitwan;,Το Εθνικό Πάρκο Chitwan βρίσκεται στο **Νεπάλ**.,Νεπάλ,lakes,"The assistant's response is in the same language as the reference and aligns with the reference provided.

Rating: [[1]]"
Σε ποια χώρα βρίσκεται το Λουμπίνι;,"Το Λουμπίνι βρίσκεται στο **Νεπάλ**. 

Είναι η γενέτειρα του Βούδα Σιντάρτα Γκαουτάμα.",Νεπάλ,lakes,"The assistant's response is in the same language as the reference and aligns with the reference provided. The additional information about Buddha is relevant and does not detract from the accuracy of the answer.

Rating: [[1]]"
Σε ποια χώρα βρίσκεται το Λίμνη Gosaikunda;,Η Λίμνη Gosaikunda βρίσκεται στο **Νεπάλ**.,Νεπάλ,lakes,"The assistant's response is in the same language as the reference and aligns with the reference provided.

Rating: [[1]]"
Σε ποια χώρα βρίσκεται το Πλατεία Bhaktapur Durbar;,"Το Πλατεία Bhaktapur Durbar βρίσκεται στο **Νεπάλ**. 

Είναι μια από τις τρεις βασιλικές πλατείες της Κοιλάδας Κατμαντού, μαζί με το Πλατεία Patan Durbar και το Πλατεία Kathmandu Durbar.",Νεπάλ,lakes,"The assistant's response is in the same language as the reference and aligns with the reference provided.

Rating: [[1]]"
Σε ποια χώρα βρίσκεται το Όρος Φούτζι;,Το Όρος Φούτζι βρίσκεται στην **Ιαπωνία**.,Ιαπωνία,lakes,"The assistant's response is in the same language as the reference and aligns with the reference provided.

Rating: [[1]]"
Σε ποια χώρα βρίσκεται το Πύργος του Τόκιο;,Ο Πύργος του Τόκιο βρίσκεται στην **Ιαπωνία**.,Ιαπωνία,lakes,"The assistant's response is in the same language as the reference and aligns with the reference provided.

Rating: [[1]]"
Σε ποια χώρα βρίσκεται το Ναός Fushimi Inari;,"Ο Ναός Fushimi Inari βρίσκεται στην **Ιαπωνία**. 

Πιο συγκεκριμένα, βρίσκεται στο Κιότο, στην περιοχή Fushimi.",Ιαπωνία,lakes,"The assistant's response is in the same language as the reference and aligns with the reference provided.

Rating: [[1]]"
Σε ποια χώρα βρίσκεται το Arashiyama Bamboo Grove;,"Το Arashiyama Bamboo Grove βρίσκεται στην **Ιαπωνία**. 

Είναι ένα διάσημο τουριστικό αξιοθέατο που βρίσκεται στο βόρειο τμήμα του Κιότο.",Ιαπωνία,lakes,"The assistant's response is in the same language as the reference and aligns with the reference provided.

Rating: [[1]]"
Σε ποια χώρα βρίσκεται το Κάστρο της Οσάκα;,"Το Κάστρο της Οσάκα βρίσκεται στην **Ιαπωνία**. 

Πιο συγκεκριμένα, βρίσκεται στην πόλη **Οσάκα**, στην περιοχή Κάνσαι.",Ιαπωνία,lakes,"The assistant's response is in the same language as the reference and aligns with the reference provided.

Rating: [[1]]"
Σε ποια χώρα βρίσκεται το Κάστρο Χιμέτζι;,Το Κάστρο Χιμέτζι βρίσκεται στην **Ιαπωνία**.,Ιαπωνία,lakes,"The assistant's response is in the same language as the reference and aligns with the reference provided.

Rating: [[1]]"
Σε ποια χώρα βρίσκεται το Shinjuku Gyoen;,"Το Shinjuku Gyoen βρίσκεται στην **Ιαπωνία**, στην **Τόκιο**.",Ιαπωνία,lakes,"The assistant's response is in the same language as the reference and aligns with the reference provided.

Rating: [[1]]"
Σε ποια χώρα βρίσκεται το Ιερό Ιτσουκουσίμα;,"Το Ιερό Ιτσουκουσίμα βρίσκεται στην **Ιαπωνία**. 

Πιο συγκεκριμένα, βρίσκεται στο νησί Ιτσουκουσίμα, στην επαρχία Χιροσίμα.",Ιαπωνία,lakes,"The assistant's response is in the same language as the reference and aligns with the reference provided.

Rating: [[1]]"
Σε ποια χώρα βρίσκεται το Περιφέρεια Γκιών;,Το Περιφέρεια Γκιών βρίσκεται στην **Ιταλία**.,Ιαπωνία,lakes,"The assistant's response is in the same language but does not align with the reference provided.

Rating: [[4]]"
Σε ποια χώρα βρίσκεται το Πάρκο Νάρα;,"Το Πάρκο Νάρα βρίσκεται στην **Ιαπωνία**. 

Είναι ένα διάσημο πάρκο στη Νάρα, μια πόλη κοντά στο Κιότο.",Ιαπωνία,lakes,"The assistant's response is in the same language as the reference and aligns with the reference provided.

Rating: [[1]]"
Σε ποια χώρα βρίσκεται το Καθεδρικός Ναός Αγίας Σοφίας;,"Ο Καθεδρικός Ναός Αγίας Σοφίας βρίσκεται στην **Τουρκία**, στην Κωνσταντινούπολη (πρώην Βυζάντιο).",Ουκρανία,lakes,"The assistant's response is in the same language as the reference but does not align with the reference provided, as the correct answer should be Ukraine, not Turkey.

Rating: [[4]]"
Σε ποια χώρα βρίσκεται το Λαύρα Κιέβου Πετσέρσκ;,Το Λαύρα Κιέβου Πετσέρσκ βρίσκεται στην **Ουκρανία**.,Ουκρανία,lakes,"The assistant's response is in the same language as the reference and aligns with the reference provided.

Rating: [[1]]"
Σε ποια χώρα βρίσκεται το Παλιά Πόλη του Λβιβ;,Το Παλιά Πόλη του Λβιβ βρίσκεται στην **Ουκρανία**.,Ουκρανία,lakes,"The assistant's response is in the same language as the reference and aligns with the reference provided.

Rating: [[1]]"
Σε ποια χώρα βρίσκεται το Σκάλες Ποτέμκιν;,"Το Σκάλες Ποτέμκιν βρίσκεται στην **Οδησσό**, στην **Ουκρανία**.",Ουκρανία,lakes,"The assistant's response is in the same language as the reference and aligns with the reference provided.

Rating: [[1]]"
Σε ποια χώρα βρίσκεται το Τούνελ της Αγάπης;,"Το Τούνελ της Αγάπης βρίσκεται στην **Ουκρανία**. 

Πιο συγκεκριμένα, βρίσκεται κοντά στην πόλη **Κλέβαν** στην περιφέρεια **Τσερνίβτσι**.",Ουκρανία,lakes,"The assistant's response is in the same language as the reference and aligns with the reference provided.

Rating: [[1]]"
Σε ποια χώρα βρίσκεται το Καρπάθια Όρη;,"Τα Καρπάθια Όρη βρίσκονται στην **Κεντρική και Ανατολική Ευρώπη**. 

Δεν βρίσκονται σε μία μόνο χώρα, αλλά εκτείνονται σε **επτά χώρες**:

* **Τσεχία**
* **Σλοβακία**
* **Πολωνία**
* **Ουγγαρία**
* **Ουκρανία**
* **Ρουμανία**
* **Σερβία**",Ουκρανία,lakes,"The assistant's response is in the same language as the reference and aligns with the reference, providing accurate and detailed information about the location of the Carpathian Mountains.

Rating: [[1]]"
Σε ποια χώρα βρίσκεται το Ζώνη αποκλεισμού του Τσερνομπίλ;,Το Ζώνη αποκλεισμού του Τσερνομπίλ βρίσκεται στην **Ουκρανία**.,Ουκρανία,lakes,"The assistant's response is in the same language as the reference and aligns with the reference provided.

Rating: [[1]]"
Σε ποια χώρα βρίσκεται το Πάρκο Μαριίνσκι;,"Το Πάρκο Μαριίνσκι βρίσκεται στη **Ρωσία**, στην πόλη **Σαντ Πετρούπολη**.",Ουκρανία,lakes,"The assistant's response is in the same language as the reference but does not align with the reference provided, as the reference is ""Ουκρανία"" (Ukraine), and the assistant states that the park is in Russia.

Rating: [[4]]"
Σε ποια χώρα βρίσκεται το Φρούριο Khotyn;,Το Φρούριο Khotyn βρίσκεται στην **Ουκρανία**.,Ουκρανία,lakes,"The assistant's response is in the same language as the reference and aligns with the reference provided.

Rating: [[1]]"
Σε ποια χώρα βρίσκεται το Μουσείο Pysanka;,"Το Μουσείο Pysanka βρίσκεται στην **Ουκρανία**. 

Είναι αφιερωμένο στην τέχνη του pysanka, μιας παραδοσιακής ουκρανικής διακοσμημένης αυγού.",Ουκρανία,lakes,"The assistant's response is in the same language as the reference and aligns with the reference provided.

Rating: [[1]]"
Σε ποια χώρα βρίσκεται το Ακρόπολη Αθηνών;,Το Ακρόπολη Αθηνών βρίσκεται στην **Ελλάδα**.,Ελλάδα,lakes,"The assistant's response is in the same language as the reference and aligns with the reference provided.

Rating: [[1]]"
Σε ποια χώρα βρίσκεται το Παρθενώνας;,"Το Παρθενώνας βρίσκεται στην **Ελλάδα**, στην Αθήνα.",Ελλάδα,lakes,"The assistant's response is in the same language as the reference and aligns with the reference provided.

Rating: [[1]]"
Σε ποια χώρα βρίσκεται το Ερείπια Δελφών;,Τα Ερείπια των Δελφών βρίσκονται στην **Ελλάδα**.,Ελλάδα,lakes,"The assistant's response is in the same language as the reference and aligns with the reference provided.

Rating: [[1]]"
Σε ποια χώρα βρίσκεται το Καλντέρα Σαντορίνης;,"Το Καλντέρα της Σαντορίνης βρίσκεται στην **Ελλάδα**. 

Πιο συγκεκριμένα, βρίσκεται στο νησί Σαντορίνη, το οποίο ανήκει στο σύμπλεγμα των Κυκλάδων στο Αιγαίο Πέλαγος.",Ελλάδα,lakes,"The assistant's response is in the same language as the reference and aligns with the reference provided.

Rating: [[1]]"
Σε ποια χώρα βρίσκεται το Ανεμόμυλοι Μυκόνου;,"Το Ανεμόμυλοι Μυκόνου βρίσκονται στην **Ελλάδα**, νησί της **Μυκόνου**.",Ελλάδα,lakes,"The assistant's response is in the same language as the reference and aligns with the reference provided.

Rating: [[1]]"
Σε ποια χώρα βρίσκεται το Μονές Μετεώρων;,Το Μονές Μετεώρων βρίσκεται στην **Ελλάδα**.,Ελλάδα,lakes,"The assistant's response is in the same language as the reference and aligns with the reference provided.

Rating: [[1]]"
Σε ποια χώρα βρίσκεται το Ναός του Ολυμπίου Διός;,"Ο Ναός του Ολυμπίου Διός βρίσκεται στην **Ελλάδα**, στην **Αρχαία Ολυμπία**.",Ελλάδα,lakes,"The assistant's response is in the same language as the reference and aligns with the reference, but it provides an incorrect location for the Temple of Olympian Zeus. The Temple of Olympian Zeus is located in Athens, not in Ancient Olympia. However, since the primary criteria are language and alignment with the reference, and the reference does not specify the location within Greece, the response is still considered aligned.

Rating: [[1]]"
Σε ποια χώρα βρίσκεται το Παλιά Πόλη της Ρόδου;,Το Παλιά Πόλη της Ρόδου βρίσκεται στην **Ελλάδα**.,Ελλάδα,lakes,"The assistant's response is in the same language as the reference and aligns with the reference provided.

Rating: [[1]]"
Σε ποια χώρα βρίσκεται το Ανάκτορο Κνωσού;,"Το Ανάκτορο Κνωσού βρίσκεται στην **Ελλάδα**, συγκεκριμένα στην **Κρήτη**.",Ελλάδα,lakes,"The assistant's response is in the same language as the reference and aligns with the reference provided.

Rating: [[1]]"
Σε ποια χώρα βρίσκεται το Παραλία Ναυάγιο;,"Το Παραλία Ναυάγιο βρίσκεται στην **Ελλάδα**, στην **Ζάκυνθο**.",Ελλάδα,lakes,"The assistant's response is in the same language as the reference and aligns with the reference provided.

Rating: [[1]]"
Σε ποια χώρα βρίσκεται το Αγία Σοφία;,"Το Αγία Σοφία βρίσκεται στην **Τουρκία**, στην Κωνσταντινούπολη.",Τουρκία,lakes,"The assistant's response is in the same language as the reference and aligns with the reference provided.

Rating: [[1]]"
Σε ποια χώρα βρίσκεται το Μπλε Τζαμί;,"Το Μπλε Τζαμί βρίσκεται στην **Τουρκία**, στην Κωνσταντινούπολη.",Τουρκία,lakes,"The assistant's response is in the same language as the reference and aligns with the reference provided.

Rating: [[1]]"
Σε ποια χώρα βρίσκεται το Καππαδοκία;,Το Καππαδοκία βρίσκεται στην **Τουρκία**.,Τουρκία,lakes,"The assistant's response is in the same language as the reference and aligns with the reference provided.

Rating: [[1]]"
Σε ποια χώρα βρίσκεται το Παμούκαλε;,Το Παμούκαλε βρίσκεται στην **Τουρκία**.,Τουρκία,lakes,"The assistant's response is in the same language as the reference and aligns with the reference provided.

Rating: [[1]]"
Σε ποια χώρα βρίσκεται το Παλάτι Τοπ Καπί;,"Το Παλάτι Τοπ Καπί βρίσκεται στην **Τουρκία**, στην Κωνσταντινούπολη.",Τουρκία,lakes,"The assistant's response is in the same language as the reference and aligns with the reference provided.

Rating: [[1]]"
Σε ποια χώρα βρίσκεται το Έφεσος;,"Το Έφεσος βρίσκεται στην **Τουρκία**. 

Πιο συγκεκριμένα, βρίσκεται στην ακτή του Αιγαίου Πελάγους, κοντά στην σύγχρονη πόλη **Σελτσούκ**.",Τουρκία,lakes,"The assistant's response is in the same language as the reference and aligns with the reference provided.

Rating: [[1]]"
Σε ποια χώρα βρίσκεται το Όρος Νεμρούτ;,Το Όρος Νεμρούτ βρίσκεται στην **Τουρκία**.,Τουρκία,lakes,"The assistant's response is in the same language as the reference and aligns with the reference provided.

Rating: [[1]]"
Σε ποια χώρα βρίσκεται το Θέατρο Άσπενδος;,"Το Θέατρο Άσπενδος βρίσκεται στην **Τουρκία**. 

Πιο συγκεκριμένα, βρίσκεται στην επαρχία Αντάλιας, κοντά στην πόλη Σερμίκ.",Τουρκία,lakes,"The assistant's response is in the same language as the reference and aligns with the reference provided.

Rating: [[1]]"
Σε ποια χώρα βρίσκεται το Πύργος Γαλατά;,"Ο Πύργος Γαλατά βρίσκεται στην **Τουρκία**, στην πόλη της **Κωνσταντινούπολης**.",Τουρκία,lakes,"The assistant's response is in the same language as the reference and aligns with the reference provided.

Rating: [[1]]"
Σε ποια χώρα βρίσκεται το Βασιλική Στέρνα;,"Το Βασιλική Στέρνα βρίσκεται στην **Ελλάδα**. 

Πιο συγκεκριμένα, βρίσκεται στην **Κρήτη**.",Τουρκία,lakes,"The assistant's response is in the same language as the reference but does not align with the reference provided, as the reference is ""Τουρκία"" (Turkey), and the assistant's answer is about Greece.

Rating: [[4]]"
Σε ποια χώρα βρίσκεται το Μασάι Μάρα;,Το Μασάι Μάρα βρίσκεται στη **Τανζανία**.,Κενύα,lakes,"The assistant's response is in the same language as the reference but does not align with the reference provided, as the Masai Mara is located in Kenya, not Tanzania.

Rating: [[4]]"
Σε ποια χώρα βρίσκεται το Όρος Κένυα;,Το Όρος Κένυα βρίσκεται στη **Κένυα**.,Κενύα,lakes,"The assistant's response is in the same language as the reference and aligns with the reference provided.

Rating: [[1]]"
Σε ποια χώρα βρίσκεται το Εθνικό Πάρκο Amboseli;,Το Εθνικό Πάρκο Amboseli βρίσκεται στην **Κένυα**.,Κενύα,lakes,"The assistant's response is in the same language as the reference and aligns with the reference provided.

Rating: [[1]]"
Σε ποια χώρα βρίσκεται το Λίμνη Nakuru;,Η Λίμνη Nakuru βρίσκεται στην **Κένυα**.,Κενύα,lakes,"The assistant's response is in the same language as the reference and aligns with the reference provided.

Rating: [[1]]"
Σε ποια χώρα βρίσκεται το Εθνικό Πάρκο Τσάβο;,Το Εθνικό Πάρκο Τσάβο βρίσκεται στην **Κένυα**.,Κενύα,lakes,"The assistant's response is in the same language as the reference and aligns with the reference provided.

Rating: [[1]]"
Σε ποια χώρα βρίσκεται το Παλιά Πόλη Λαμού;,Το Παλιά Πόλη Λαμού βρίσκεται στο **Νεπάλ**.,Κενύα,lakes,"The assistant's response is in the same language as the reference but does not align with the reference provided.

Rating: [[4]]"
Σε ποια χώρα βρίσκεται το Εθνικό Πάρκο Hell's Gate;,Το Εθνικό Πάρκο Hell's Gate βρίσκεται στην **Κένυα**.,Κενύα,lakes,"The assistant's response is in the same language as the reference and aligns with the reference provided.

Rating: [[1]]"
Σε ποια χώρα βρίσκεται το Παραλία Diani;,Το Παραλία Diani βρίσκεται στην **Κένυα**.,Κενύα,lakes,"The assistant's response is in the same language as the reference and aligns with the reference provided.

Rating: [[1]]"
Σε ποια χώρα βρίσκεται το Εθνικό Πάρκο Ναϊρόμπι;,Το Εθνικό Πάρκο Ναϊρόμπι βρίσκεται στην **Κένυα**.,Κενύα,lakes,"The assistant's response is in the same language as the reference and aligns with the reference provided.

Rating: [[1]]"
Σε ποια χώρα βρίσκεται το Οχυρό Ιησού;,"Το Οχυρό Ιησού βρίσκεται στην **Ισπανία**. 

Πιο συγκεκριμένα, βρίσκεται στην επαρχία της **Καστίλλης και Λεόν**, κοντά στην πόλη **Σαντιάγο ντε Κομποστέλα**.",Κενύα,lakes,"The assistant's response is in the same language as the reference but does not align with the reference provided. The correct answer should be Kenya, not Spain.

Rating: [[4]]"
Σε ποια χώρα βρίσκεται το Μεγάλο Παλάτι;,"Το Μεγάλο Παλάτι βρίσκεται στην **Κίνα**. 

Πιο συγκεκριμένα, βρίσκεται στο Πεκίνο.",Σιάμ,lakes,"The assistant's response is in the same language as the reference but does not align with the reference provided. The correct answer should be that the Grand Palace is located in Thailand (which was formerly known as Siam).

Rating: [[4]]"
Σε ποια χώρα βρίσκεται το Wat Arun;,"Το Wat Arun βρίσκεται στην **Ταϊλάνδη**. 

Είναι ένα διάσημο βουδιστικό ναό που βρίσκεται στην όχθη του ποταμού Chao Phraya στην Μπανγκόκ.",Σιάμ,lakes,"The assistant's response is in the same language as the reference and aligns with the reference, as it correctly states that Wat Arun is located in Thailand, which is the modern name for Siam.

Rating: [[1]]"
Σε ποια χώρα βρίσκεται το Παραλίες Πουκέτ;,Το Πουκέτ βρίσκεται στην **Ταϊλάνδη**.,Σιάμ,lakes,"The assistant's response is in the same language as the reference and aligns with the reference, as ""Σιάμ"" is an older name for Thailand.

Rating: [[1]]"
Σε ποια χώρα βρίσκεται το Παλιά Πόλη του Τσιάνγκ Μάι;,Το Παλιά Πόλη του Τσιάνγκ Μάι βρίσκεται στην **Ταϊλάνδη**.,Σιάμ,lakes,"The assistant's response is in the same language as the reference and aligns with the reference, as ""Σιάμ"" is the old name for Thailand.

Rating: [[1]]"
Σε ποια χώρα βρίσκεται το Ιστορικό πάρκο Ayutthaya;,Το Ιστορικό Πάρκο Ayutthaya βρίσκεται στην **Ταϊλάνδη**.,Σιάμ,lakes,"The assistant's response is in the same language as the reference and aligns with the reference, as ""Σιάμ"" is an older name for Thailand.

Rating: [[1]]"
Σε ποια χώρα βρίσκεται το Παραλία Railay;,Το Παραλία Railay βρίσκεται στην **Ταϊλάνδη**.,Σιάμ,lakes,"The assistant's response is in the same language as the reference and aligns with the reference, as Railay Beach is indeed located in Thailand, which is the modern name for the country previously known as Siam.

Rating: [[1]]"
Σε ποια χώρα βρίσκεται το Εθνικό Πάρκο Erawan;,Το Εθνικό Πάρκο Erawan βρίσκεται στην **Ταϊλάνδη**.,Σιάμ,lakes,"The assistant's response is in the same language as the reference and aligns with the reference, as Erawan National Park is indeed located in Thailand, which is the modern name for Siam.

Rating: [[1]]"
Σε ποια χώρα βρίσκεται το Ιστορικό Πάρκο Σουκοτάι;,Το Ιστορικό Πάρκο Σουκοτάι βρίσκεται στην **Ταϊλάνδη**.,Σιάμ,lakes,"The assistant's response is in the same language as the reference and aligns with the reference.

Rating: [[1]]"
Σε ποια χώρα βρίσκεται το Αγορά Chatuchak;,"Το Αγορά Chatuchak βρίσκεται στην **Ταϊλάνδη**, στην πρωτεύουσα **Μπανγκόκ**.",Σιάμ,lakes,"The assistant's response is in the same language as the reference and aligns with the reference, as it correctly states that the Chatuchak Market is located in Thailand, specifically in Bangkok.

Rating: [[1]]"
Σε ποια χώρα βρίσκεται το Νησιά Similan;,"Τα Νησιά Similan βρίσκονται στη **Ταϊλάνδη**. 

Πιο συγκεκριμένα, βρίσκονται στον Αδμανικό Ωκεανό, περίπου 84 χιλιόμετρα δυτικά της ακτής της επαρχίας Phang Nga.",Σιάμ,lakes,"The assistant's response is in the same language as the reference and aligns with the reference, providing accurate and detailed information about the location of the Similan Islands.

Rating: [[1]]"
Σε ποια χώρα γιορτάζεται ευρέως το Λαογραφικό Φεστιβάλ Kutztown;,"Το Λαογραφικό Φεστιβάλ Kutztown γιορτάζεται στις **Ηνωμένες Πολιτείες Αμερικής**, στην πολιτεία της **Πενσυλβάνια**.",Ηνωμένες Πολιτείες,lakes,"The assistant's response is in the same language as the reference and aligns with the reference provided.

Rating: [[1]]"
Σε ποια χώρα γιορτάζεται ευρέως το Φεστιβάλ Αλόχα;,"Το Φεστιβάλ Αλόχα γιορτάζεται ευρέως στις **Ηνωμένες Πολιτείες της Αμερικής**, συγκεκριμένα στην πολιτεία της **Χαβάης**. 

Το Φεστιβάλ Αλόχα είναι μια γιορτή που τιμά την Πολυνησιακή κουλτούρα και παράδοση της Χαβάης.",Ηνωμένες Πολιτείες,lakes,"The assistant's response is in the same language as the reference and aligns with the reference provided, as it correctly identifies the United States (Ηνωμένες Πολιτείες) and specifically mentions Hawaii (Χαβάης) as the location where the Aloha Festival is widely celebrated.

Rating: [[1]]"
Σε ποια χώρα γιορτάζεται ευρέως το Diwali;,"Το Diwali γιορτάζεται ευρέως στην **Ινδία**. 

Είναι μια από τις πιο σημαντικές γιορτές στο Ινδουισμό, τον Σιχισμό και τον Τζαϊνισμό και γιορτάζεται από εκατομμύρια ανθρώπους σε όλη την Ινδία και σε όλο τον κόσμο.",Ινδία,lakes,"The assistant's response is in the same language as the reference and aligns with the reference provided.

Rating: [[1]]"
Σε ποια χώρα γιορτάζεται ευρέως το Holi;,"Το Holi γιορτάζεται ευρέως στην **Ινδία**. 

Είναι μια από τις πιο δημοφιλείς γιορτές της χώρας και γιορτάζεται με μεγάλη χαρά και ενθουσιασμό σε όλη την επικράτεια.",Ινδία,lakes,"The assistant's response is in the same language as the reference and aligns with the reference provided.

Rating: [[1]]"
Σε ποια χώρα γιορτάζεται ευρέως το Μέσα Φθινοπώρου;,"Το Μέσα Φθινοπώρου γιορτάζεται ευρέως στην **Ελλάδα**. 

Είναι μια παραδοσιακή γιορτή που έχει τις ρίζες της στην αρχαία Ελλάδα και γιορτάζεται με διάφορα έθιμα, όπως η ανάκτηση των ψυχών των νεκρών, το άναμμα φωτιών και η κατασκευή ""φθινοπωρινών"" πίτας.",Κίνα,lakes,"The assistant's response is in the same language as the reference but does not align with the reference provided. The reference is ""Κίνα"" (China), and the question asks in which country the Mid-Autumn Festival is widely celebrated. The correct answer should be China, but the assistant incorrectly states that it is celebrated in Greece.

Rating: [[4]]"
Σε ποια χώρα γιορτάζεται ευρέως το Φεστιβάλ Dragon Boat;,"Το Φεστιβάλ Dragon Boat γιορτάζεται ευρέως στην **Κίνα**. 

Είναι μια παραδοσιακή γιορτή που γιορτάζεται για να τιμήσει τον ποιητή Qu Yuan, ο οποίος πνίγηκε στον ποταμό Miluo.",Κίνα,lakes,"The assistant's response is in the same language as the reference and aligns with the reference provided.

Rating: [[1]]"
Σε ποια χώρα γιορτάζεται ευρέως το Scarlet Sails;,"Το Scarlet Sails (Алые паруса) γιορτάζεται ευρέως στη **Ρωσία**. 

Είναι ένα ετήσιο φεστιβάλ που λαμβάνει χώρα στην Αγία Πετρούπολη, συνήθως τον Ιούνιο, και περιλαμβάνει μια μεγάλη γιορτή αποφοίτησης για τους μαθητές των σχολείων. 

Το φεστιβάλ εμπνέεται από το ομώνυμο μυθιστόρημα του Αλεξάντερ Γκριν, και περιλαμβάνει μια πομπ",Ρωσία,lakes,"The assistant's response is in the same language as the reference and aligns with the reference provided.

Rating: [[1]]"
Σε ποια χώρα γιορτάζεται ευρέως το Μασλένιτσα;,"Το Μασλένιτσα γιορτάζεται ευρέως στη **Ρωσία** και σε άλλες σλαβικές χώρες, όπως η **Ουκρανία**, η **Λευκορωσία** και η **Πολωνία**.",Ρωσία,lakes,"The assistant's response is in the same language as the reference and aligns with the reference provided, as it correctly identifies Russia and other Slavic countries where Maslenitsa is widely celebrated.

Rating: [[1]]"
Σε ποια χώρα γιορτάζεται ευρέως το Janadriyah;,Το Janadriyah γιορτάζεται ευρέως στην **Σαουδική Αραβία**.,Σαουδική Αραβία,lakes,"The assistant's response is in the same language as the reference and aligns with the reference provided.

Rating: [[1]]"
Σε ποια χώρα γιορτάζεται ευρέως το Τζέντα;,"Το Τζέντα γιορτάζεται ευρέως στην **Ινδία**. 

Είναι μια μεγάλη γιορτή που γιορτάζεται από τους Ινδουιστές, κυρίως στη βόρεια και δυτική Ινδία.",Σαουδική Αραβία,lakes,"The assistant's response is in the same language as the reference but does not align with the reference provided. The reference is about Saudi Arabia, but the assistant mentions India.

Rating: [[4]]"
Σε ποια χώρα γιορτάζεται ευρέως το Ημέρα της Βαστίλης;,"Η Ημέρα της Βαστίλης γιορτάζεται ευρέως στη **Γαλλία**. 

Είναι η εθνική γιορτή της Γαλλίας και γιορτάζεται κάθε χρόνο στις 14 Ιουλίου, για να τιμήσει την κατάληψη της Βαστίλης στις 14 Ιουλίου 1789, ένα γεγονός που θεωρείται το ξεκίνημα της Γαλλικής Επανάστασης.",Γαλλία,lakes,"The assistant's response is in the same language as the reference and aligns with the reference provided.

Rating: [[1]]"
Σε ποια χώρα γιορτάζεται ευρέως το Ωραίο καρναβάλι;,"Το Ωραίο Καρναβάλι γιορτάζεται ευρέως στην **Ιταλία**, συγκεκριμένα στην πόλη **Βενετία**.",Γαλλία,lakes,"The assistant's response is in the same language as the reference but does not align with the reference provided, as the reference is ""Γαλλία"" (France), and the assistant mentions Italy.

Rating: [[4]]"
Σε ποια χώρα γιορτάζεται ευρέως το Γκάι Τζάτρα;,Το Γκάι Τζάτρα γιορτάζεται ευρέως στην **Ινδία**.,Νεπάλ,lakes,"The assistant's response is in the same language as the reference but does not align with the reference provided, as the reference is Νεπάλ (Nepal) and the assistant mentioned Ινδία (India).

Rating: [[4]]"
Σε ποια χώρα γιορτάζεται ευρέως το Ίντρα Τζάτρα;,"Το Ίντρα Τζάτρα γιορτάζεται ευρέως στην **Ινδία**. 

Είναι ένα από τα πιο σημαντικά θρησκευτικά φεστιβάλ στο Ινδουισμό και τιμάται με διάφορες μορφές σε όλη τη χώρα.",Νεπάλ,lakes,"The assistant's response is in the same language as the reference but does not align with the reference provided, as the festival is widely celebrated in Nepal, not India.

Rating: [[4]]"
Σε ποια χώρα γιορτάζεται ευρέως το Hanami;,Το Hanami γιορτάζεται ευρέως στην **Ιαπωνία**.,Ιαπωνία,lakes,"The assistant's response is in the same language as the reference and aligns with the reference provided.

Rating: [[1]]"
Σε ποια χώρα γιορτάζεται ευρέως το Γκιόν Ματσούρι;,Το Γκιόν Ματσούρι γιορτάζεται ευρέως στην **Ιαπωνία**.,Ιαπωνία,lakes,"The assistant's response is in the same language as the reference and aligns with the reference provided.

Rating: [[1]]"
Σε ποια χώρα γιορτάζεται ευρέως το Obzhynky;,Το Obzhynky γιορτάζεται ευρέως στην **Ουκρανία**.,Ουκρανία,lakes,"The assistant's response is in the same language as the reference and aligns with the reference provided.

Rating: [[1]]"
Σε ποια χώρα γιορτάζεται ευρέως το Απόκριες;,"Το Απόκριες γιορτάζεται ευρέως σε πολλές χώρες, αλλά μερικές από τις πιο γνωστές για τις γιορτές τους είναι:

* **Ελλάδα:** Το Απόκριες στην Ελλάδα είναι μια μεγάλη γιορτή με παρελάσεις, χορούς, μουσική και μεταμφιέσεις.
* **Κύπρος:** Όπως και στην Ελλάδα, το Απόκριες στην Κύπρο είναι μια μεγάλη γιορτή με παρόμοιες εκδηλώσεις.
* **",Ελλάδα,lakes,"The assistant's response is in the same language as the reference and aligns with the reference, as it mentions Greece (Ελλάδα) as one of the countries where Carnival (Απόκριες) is widely celebrated.

Rating: [[1]]"
Σε ποια χώρα γιορτάζεται ευρέως το Ohi Day;,Το Ohi Day γιορτάζεται ευρέως στην **Ελλάδα**.,Ελλάδα,lakes,"The assistant's response is in the same language as the reference and aligns with the reference provided.

Rating: [[1]]"
Σε ποια χώρα γιορτάζεται ευρέως το Ραμαζάν Μπαϊράμ;,"Το Ραμαζάν Μπαϊράμ γιορτάζεται ευρέως σε όλες τις χώρες με μουσουλμανικό πληθυσμό. 

Αυτό περιλαμβάνει:

* **Μέρη της Μέσης Ανατολής:** Τουρκία, Σαουδική Αραβία, Ηνωμένα Αραβικά Εμιράτα, Ιράν, Ιράκ, Συρία, Ιορδανία, Λίβανο, Αίγυπτος, κ.α.
* **Μέρη της Ασίας",Τουρκία,lakes,"The assistant's response is in the same language as the reference and aligns with the reference, as it mentions Turkey (Τουρκία) among other countries where Ramadan Bayram is widely celebrated.

Rating: [[1]]"
Σε ποια χώρα γιορτάζεται ευρέως το Κουρμπάν Μπαϊράμ;,"Το Κουρμπάν Μπαϊράμ γιορτάζεται ευρέως σε όλες τις χώρες με μουσουλμανικό πληθυσμό. 

Αυτές περιλαμβάνουν:

* **Μέση Ανατολή:** Σαουδική Αραβία, Ηνωμένα Αραβικά Εμιράτα, Κατάρ, Κουβέιτ, Ομάν, Μπαχρέιν, Ιορδανία, Συρία, Λίβανος, Παλαιστίνη, Ιράκ, Ιράν, Τ",Τουρκία,lakes,"The assistant's response is in the same language as the reference and provides a broader answer that aligns with the reference, mentioning Turkey as part of the list of countries where the holiday is celebrated. However, it does not directly answer the specific question about Turkey, which could be seen as a minor deviation. Despite this, the response is still relevant and aligned with the reference.

Rating: [[1]]"
Σε ποια χώρα γιορτάζεται ευρέως το Ημέρα Τζαμχουρί;,"Το Ημέρα Τζαμχουρί γιορτάζεται ευρέως στην **Ινδία**. 

Είναι μια εθνική γιορτή που τιμά την ανεξαρτησία της Ινδίας από τη Βρετανική Αυτοκρατορία στις 15 Αυγούστου 1947.",Κενύα,lakes,"The assistant's response is in the same language as the reference but does not align with the reference provided. The reference is ""Κενύα"" (Kenya), but the assistant mentions India.

Rating: [[4]]"
Σε ποια χώρα γιορτάζεται ευρέως το Ημέρα Madaraka;,"Η Ημέρα Madaraka γιορτάζεται ευρέως στην **Κένυα**. 

Η Ημέρα Madaraka (που σημαίνει ""Ημέρα της Ανεξαρτησίας"" στα σουαχίλι) γιορτάζεται κάθε χρόνο στις 1η Ιουνίου και σηματοδοτεί την ημέρα που η Κένυα έγινε μια Δημοκρατία το 1963.",Κενύα,lakes,"The assistant's response is in the same language as the reference and aligns with the reference provided.

Rating: [[1]]"
Σε ποια χώρα γιορτάζεται ευρέως το Songkran;,"Το Songkran γιορτάζεται ευρέως στην **Ταϊλάνδη**. 

Είναι η παραδοσιακή ταϊλανδέζικη Πρωτοχρονιά και γιορτάζεται κάθε χρόνο από τις 13 έως τις 15 Απριλίου.",Σιάμ,lakes,"The assistant's response is in the same language as the reference and aligns with the reference provided.

Rating: [[1]]"
Σε ποια χώρα γιορτάζεται ευρέως το Loy Krathong;,Το Loy Krathong γιορτάζεται ευρέως στην **Ταϊλάνδη**.,Σιάμ,lakes,"The assistant's response is in the same language as the reference and aligns with the reference provided.

Rating: [[1]]"
Το Μάικλ Τζόρνταν είναι από ποια χώρα;,Ο Μάικλ Τζόρνταν είναι από τις **Ηνωμένες Πολιτείες Αμερικής**.,Ηνωμένες Πολιτείες,athletes,"The assistant's response is in the same language as the reference and aligns with the reference provided.

Rating: [[1]]"
Το Σερένα Γουίλιαμς είναι από ποια χώρα;,Η Σερένα Γουίλιαμς είναι από τις **Ηνωμένες Πολιτείες Αμερικής**.,Ηνωμένες Πολιτείες,athletes,"The assistant's response is in the same language as the reference and aligns with the reference provided.

Rating: [[1]]"
Το Τάιγκερ Γουντς είναι από ποια χώρα;,Ο Tiger Woods είναι από τις **Ηνωμένες Πολιτείες Αμερικής**.,Ηνωμένες Πολιτείες,athletes,"The assistant's response is in the same language as the reference and aligns with the reference.

Rating: [[1]]"
Το Τομ Μπρέιντι είναι από ποια χώρα;,Ο Tom Brady είναι από τις **Ηνωμένες Πολιτείες Αμερικής**.,Ηνωμένες Πολιτείες,athletes,"The assistant's response is in the same language as the reference and aligns with the reference provided.

Rating: [[1]]"
Το ΛεΜπρόν Τζέιμς είναι από ποια χώρα;,Ο LeBron James είναι από τις **Ηνωμένες Πολιτείες Αμερικής**.,Ηνωμένες Πολιτείες,athletes,"The assistant's response is in the same language as the reference and aligns with the reference provided.

Rating: [[1]]"
Το Μοχάμεντ Άλι είναι από ποια χώρα;,"Ο Μοχάμεντ Άλι ήταν από τις **Ηνωμένες Πολιτείες Αμερικής**. 

Γεννήθηκε στο Λούισβιλ του Κεντάκι.",Ηνωμένες Πολιτείες,athletes,"The assistant's response is in the same language as the reference and aligns with the reference provided.

Rating: [[1]]"
Το Simone Biles είναι από ποια χώρα;,Η Simone Biles είναι από τις **Ηνωμένες Πολιτείες Αμερικής**.,Ηνωμένες Πολιτείες,athletes,"The assistant's response is in the same language as the reference and aligns with the reference.

Rating: [[1]]"
Το Μάικλ Φελπς είναι από ποια χώρα;,Ο Μάικλ Φελπς είναι από τις **Ηνωμένες Πολιτείες Αμερικής**.,Ηνωμένες Πολιτείες,athletes,"The assistant's response is in the same language as the reference and aligns with the reference provided.

Rating: [[1]]"
Το Shaun White είναι από ποια χώρα;,Ο Shaun White είναι από τις **Ηνωμένες Πολιτείες Αμερικής**.,Ηνωμένες Πολιτείες,athletes,"The assistant's response is in the same language as the reference and aligns with the reference.

Rating: [[1]]"
Το Καρλ Λιούις είναι από ποια χώρα;,Ο Καρλ Λιούις είναι από τις **Ηνωμένες Πολιτείες Αμερικής**.,Ηνωμένες Πολιτείες,athletes,"The assistant's response is in the same language as the reference and aligns with the reference provided.

Rating: [[1]]"
Το Σαχίν Τεντούλκαρ είναι από ποια χώρα;,Ο Sachin Tendulkar είναι από την **Ινδία**.,Ινδία,athletes,"The assistant's response is in the same language as the reference and aligns with the reference provided.

Rating: [[1]]"
Το Virat Kohli είναι από ποια χώρα;,Ο Virat Kohli είναι από την **Ινδία**.,Ινδία,athletes,"The assistant's response is in the same language as the reference and aligns with the reference provided.

Rating: [[1]]"
Το P.V. Sindhu είναι από ποια χώρα;,Η P.V. Sindhu είναι από την **Ινδία**.,Ινδία,athletes,"The assistant's response is in the same language as the reference and aligns with the reference provided.

Rating: [[1]]"
Το Μαίρη Κομ είναι από ποια χώρα;,Η Μαίρη Κομ είναι από την **Αυστραλία**.,Ινδία,athletes,"The assistant's response is in the same language as the reference but does not align with the reference provided.

Rating: [[4]]"
Το Ροχίτ Σάρμα είναι από ποια χώρα;,Ο Rohit Sharma είναι από την **Ινδία**.,Ινδία,athletes,"The assistant's response is in the same language as the reference and aligns with the reference provided.

Rating: [[1]]"
Το M.S. Δώνι είναι από ποια χώρα;,Ο M.S. Δώνι είναι από την **Ελλάδα**.,Ινδία,athletes,"The assistant's response is in the same language as the reference but does not align with the reference provided.

Rating: [[4]]"
Το Abhinav Bindra είναι από ποια χώρα;,Ο Abhinav Bindra είναι από την **Ινδία**.,Ινδία,athletes,"The assistant's response is in the same language as the reference and aligns with the reference provided.

Rating: [[1]]"
Το Neeraj Chopra είναι από ποια χώρα;,Ο Neeraj Chopra είναι από την **Ινδία**.,Ινδία,athletes,"The assistant's response is in the same language as the reference and aligns with the reference provided.

Rating: [[1]]"
Το Σουνίλ Τσέτρι είναι από ποια χώρα;,Ο Sunil Chhetri είναι από την **Ινδία**.,Ινδία,athletes,"The assistant's response is in the same language as the reference and aligns with the reference provided.

Rating: [[1]]"
Το Leander Paes είναι από ποια χώρα;,Ο Leander Paes είναι από την **Ινδία**.,Ινδία,athletes,"The assistant's response is in the same language as the reference and aligns with the reference provided.

Rating: [[1]]"
Το Γιάο Μινγκ είναι από ποια χώρα;,Το Γιάο Μινγκ είναι από την **Κίνα**.,Κίνα,athletes,"The assistant's response is in the same language as the reference and aligns with the reference provided.

Rating: [[1]]"
Το Λι Να είναι από ποια χώρα;,"Το Λι Να είναι από την **Κίνα**. 

Είναι μια πόλη στην επαρχία Γκουανγκντόνγκ, στην νότια Κίνα.",Κίνα,athletes,"The assistant's response is in the same language as the reference and aligns with the reference provided.

Rating: [[1]]"
Το Λιν Νταν είναι από ποια χώρα;,Ο Λιν Νταν είναι από την **Κίνα**.,Κίνα,athletes,"The assistant's response is in the same language as the reference and aligns with the reference provided.

Rating: [[1]]"
Το Μα Λονγκ είναι από ποια χώρα;,"Το Μα Λονγκ είναι από την **Κίνα**. 

Είναι μια πόλη στην επαρχία Γιουνάν της νοτιοδυτικής Κίνας.",Κίνα,athletes,"The assistant's response is in the same language as the reference and aligns with the reference provided.

Rating: [[1]]"
Το Ζανγκ Τζικ είναι από ποια χώρα;,Το Ζανγκ Τζικ είναι από την **Κίνα**.,Κίνα,athletes,"The assistant's response is in the same language as the reference and aligns with the reference provided.

Rating: [[1]]"
Το Σουν Γιανγκ είναι από ποια χώρα;,Ο Σουν Γιανγκ είναι από την **Κίνα**.,Κίνα,athletes,"The assistant's response is in the same language as the reference and aligns with the reference provided.

Rating: [[1]]"
Το Gu Ailing (Eileen Gu) είναι από ποια χώρα;,"Η Gu Ailing (Eileen Gu) γεννήθηκε στην Καλιφόρνια των ΗΠΑ, αλλά **αντιπροσωπεύει την Κίνα** σε αγώνες freeski.",Κίνα,athletes,"The assistant's response is in Greek and aligns with the reference provided, as it correctly states that Gu Ailing represents China.

Rating: [[3]]"
Το Wu Dajing είναι από ποια χώρα;,Ο Wu Dajing είναι από την **Κίνα**. 🇨🇳,Κίνα,athletes,"The assistant's response is in the same language as the reference and aligns with the reference provided.

Rating: [[1]]"
Το Γκάο Λινγκ είναι από ποια χώρα;,Το Γκάο Λινγκ είναι από την **Κίνα**.,Κίνα,athletes,"The assistant's response is in the same language as the reference and aligns with the reference provided.

Rating: [[1]]"
Το Τσεν Λονγκ είναι από ποια χώρα;,Ο Τσεν Λονγκ είναι από την **Κίνα**. 🇨🇳,Κίνα,athletes,"The assistant's response is in the same language as the reference and aligns with the reference provided.

Rating: [[1]]"
Το Μαρία Σαράποβα είναι από ποια χώρα;,Η Μαρία Σαράποβα είναι από τη **Ρωσία**.,Ρωσία,athletes,"The assistant's response is in the same language as the reference and aligns with the reference provided.

Rating: [[1]]"
Το Yevgeny Kafelnikov είναι από ποια χώρα;,Ο Yevgeny Kafelnikov είναι από τη **Ρωσία**.,Ρωσία,athletes,"The assistant's response is in the same language as the reference and aligns with the reference provided.

Rating: [[1]]"
Το Alexander Ovechkin είναι από ποια χώρα;,Ο Alexander Ovechkin είναι από τη **Ρωσία**.,Ρωσία,athletes,"The assistant's response is in the same language as the reference and aligns with the reference provided.

Rating: [[1]]"
Το Evgeni Plushenko είναι από ποια χώρα;,Ο Evgeni Plushenko είναι από τη **Ρωσία**.,Ρωσία,athletes,"The assistant's response is in the same language as the reference and aligns with the reference provided.

Rating: [[1]]"
Το Αλίνα Ζαγκίτοβα είναι από ποια χώρα;,Η Αλίνα Ζαγκίτοβα είναι από τη **Ρωσία**.,Ρωσία,athletes,"The assistant's response is in the same language as the reference and aligns with the reference provided.

Rating: [[1]]"
Το Σεργκέι Μπούμπκα είναι από ποια χώρα;,Ο Σεργκέι Μπούμπκα είναι από τη **Ρωσία**.,Ρωσία,athletes,"The assistant's response is in the same language as the reference and aligns with the reference provided.

Rating: [[1]]"
Το Ντανιήλ Μεντβέντεφ είναι από ποια χώρα;,Ο Ντανιήλ Μεντβέντεφ είναι από τη **Ρωσία**.,Ρωσία,athletes,"The assistant's response is in the same language as the reference and aligns with the reference provided.

Rating: [[1]]"
Το Γκάρι Κασπάροφ είναι από ποια χώρα;,Ο Γκάρι Κασπάροφ είναι από τη **Ρωσία**.,Ρωσία,athletes,"The assistant's response is in the same language as the reference and aligns with the reference provided.

Rating: [[1]]"
Το Khabib Nurmagomedov είναι από ποια χώρα;,"Ο Khabib Nurmagomedov είναι από τη **Ρωσία**. 

Γεννήθηκε στην **Νταγκεστάν**, μια δημοκρατία της Ρωσίας.",Ρωσία,athletes,"The assistant's response is in the same language as the reference and aligns with the reference provided.

Rating: [[1]]"
Το Αντρέι Ρούμπλεφ είναι από ποια χώρα;,Ο Αντρέι Ρούμπλεφ είναι από τη **Ρωσία**.,Ρωσία,athletes,"The assistant's response is in the same language as the reference and aligns with the reference provided.

Rating: [[1]]"
Το Γιασίρ Αλ-Σαχράνι είναι από ποια χώρα;,Ο Γιασίρ Αλ-Σαχράνι είναι από την **Σαουδική Αραβία**.,Σαουδική Αραβία,athletes,"The assistant's response is in the same language as the reference and aligns with the reference provided.

Rating: [[1]]"
Το Salem Al-Dawsari είναι από ποια χώρα;,Ο Salem Al-Dawsari είναι από την **Σαουδική Αραβία**.,Σαουδική Αραβία,athletes,"The assistant's response is in the same language as the reference and aligns with the reference provided.

Rating: [[1]]"
Το Μοχάμεντ Αλ-Σαχλάουι είναι από ποια χώρα;,Ο Μοχάμεντ Αλ-Σαχλάουι είναι από την **Αίγυπτο**.,Σαουδική Αραβία,athletes,"The assistant's response is in the same language as the reference but does not align with the reference provided.

Rating: [[4]]"
Το Ναουάφ Αλ-Αμπέντ είναι από ποια χώρα;,Ο Ναουάφ Αλ-Αμπέντ είναι από την **Σαουδική Αραβία**.,Σαουδική Αραβία,athletes,"The assistant's response is in the same language as the reference and aligns with the reference provided.

Rating: [[1]]"
Το Σαούντ Καρίρι είναι από ποια χώρα;,Το Σαούντ Καρίρι είναι από τη **Βραζιλία**. 🇧🇷,Σαουδική Αραβία,athletes,"The assistant's response is in the same language but does not align with the reference provided.

Rating: [[4]]"
Το Fahad Al-Muwallad είναι από ποια χώρα;,Ο Fahad Al-Muwallad είναι από την **Σαουδική Αραβία**.,Σαουδική Αραβία,athletes,"The assistant's response is in the same language as the reference and aligns with the reference provided.

Rating: [[1]]"
Το Μοχάμεντ Αλ-Ντεαγιά είναι από ποια χώρα;,Ο Μοχάμεντ Αλ-Ντεαγιά είναι από την **Σαουδική Αραβία**.,Σαουδική Αραβία,athletes,"The assistant's response is in the same language as the reference and aligns with the reference provided.

Rating: [[1]]"
Το Ματζέντ Αμπντουλάχ είναι από ποια χώρα;,Ο Ματζέντ Αμπντουλάχ είναι από το **Πακιστάν**.,Σαουδική Αραβία,athletes,"The assistant's response is in the same language as the reference but does not align with the reference provided.

Rating: [[4]]"
Το Abdullah Otayf είναι από ποια χώρα;,Ο Abdullah Otayf είναι από την **Σαουδική Αραβία**.,Σαουδική Αραβία,athletes,"The assistant's response is in the same language as the reference and aligns with the reference provided.

Rating: [[1]]"
Το Abdulrahman Al-Aboud είναι από ποια χώρα;,Ο Abdulrahman Al-Aboud είναι από την **Σαουδική Αραβία**.,Σαουδική Αραβία,athletes,"The assistant's response is in the same language as the reference and aligns with the reference provided.

Rating: [[1]]"
Το Ζινεντίν Ζιντάν είναι από ποια χώρα;,"Ο Ζινεντίν Ζιντάν είναι από τη **Γαλλία**. 🇫🇷 

Αν και γεννήθηκε στην Μασσαλία, οι γονείς του ήταν Αλγερινοί μετανάστες.",Γαλλία,athletes,"The assistant's response is in the same language as the reference and aligns with the reference provided.

Rating: [[1]]"
Το Kylian Mbappé είναι από ποια χώρα;,Ο Kylian Mbappé είναι από τη **Γαλλία**. 🇫🇷,Γαλλία,athletes,"The assistant's response is in the same language as the reference and aligns with the reference provided.

Rating: [[1]]"
Το Τιερί Ανρί είναι από ποια χώρα;,Ο Τιερί Ανρί είναι από τη **Γαλλία**. 🇫🇷,Γαλλία,athletes,"The assistant's response is in the same language as the reference and aligns with the reference provided.

Rating: [[1]]"
Το Τόνι Πάρκερ είναι από ποια χώρα;,Ο Τόνι Πάρκερ είναι από τις **Ηνωμένες Πολιτείες Αμερικής**.,Γαλλία,athletes,"The assistant's response is in the same language as the reference but does not align with the reference provided, as Tony Parker is from France (Γαλλία).

Rating: [[4]]"
Το Renaud Lavillenie είναι από ποια χώρα;,Ο Renaud Lavillenie είναι από τη **Γαλλία**. 🇫🇷,Γαλλία,athletes,"The assistant's response is in the same language as the reference and aligns with the reference provided.

Rating: [[1]]"
Το Marie-José Pérec είναι από ποια χώρα;,Η Marie-José Pérec είναι από τη **Γαλλία**.,Γαλλία,athletes,"The assistant's response is in the same language as the reference and aligns with the reference provided.

Rating: [[1]]"
Το Καρολάιν Γκαρσία είναι από ποια χώρα;,Η Καρολάιν Γκαρσία είναι από την **Ισπανία**.,Γαλλία,athletes,"The assistant's response is in the same language as the reference but does not align with the reference provided, as Caroline Garcia is from France (Γαλλία), not Spain (Ισπανία).

Rating: [[4]]"
Το Jo-Wilfried Tsonga είναι από ποια χώρα;,Ο Jo-Wilfried Tsonga είναι από τη **Γαλλία**.,Γαλλία,athletes,"The assistant's response is in the same language as the reference and aligns with the reference provided.

Rating: [[1]]"
Το Αλέν Προστ είναι από ποια χώρα;,Ο Αλέν Προστ είναι από τη **Γαλλία**.,Γαλλία,athletes,"The assistant's response is in the same language as the reference and aligns with the reference provided.

Rating: [[1]]"
Το Αντουάν Γκριεζμάν είναι από ποια χώρα;,Ο Αντουάν Γκριεζμάν είναι από τη **Γαλλία**. 🇫🇷,Γαλλία,athletes,"The assistant's response is in the same language as the reference and aligns with the reference provided.

Rating: [[1]]"
Το Paras Khadka είναι από ποια χώρα;,Ο Paras Khadka είναι από το **Νεπάλ**. 🇳🇵,Νεπάλ,athletes,"The assistant's response is in the same language as the question and aligns with the reference provided.

Rating: [[1]]"
Το Sandeep Lamichhane είναι από ποια χώρα;,Ο Sandeep Lamichhane είναι από το **Νεπάλ**. 🇳🇵,Νεπάλ,athletes,"The assistant's response is in the same language as the question and aligns with the reference provided.

Rating: [[1]]"
Το Γκαουρίκα Σινγκ είναι από ποια χώρα;,Το Γκαουρίκα Σινγκ είναι από την **Ινδία**.,Νεπάλ,athletes,"The assistant's response is in the same language as the reference but does not align with the reference provided, as the reference indicates ""Νεπάλ"" (Nepal).

Rating: [[4]]"
Το Ντιπάκ Μπίστα είναι από ποια χώρα;,Ο Ντιπάκ Μπίστα είναι από την **Ινδία**.,Νεπάλ,athletes,"The assistant's response is in the same language as the reference but does not align with the reference provided, as Dipak Bista is from Nepal, not India.

Rating: [[4]]"
Το Tenzing Norgay είναι από ποια χώρα;,Ο Tenzing Norgay ήταν από το **Νεπάλ**.,Νεπάλ,athletes,"The assistant's response is in the same language as the question and aligns with the reference provided.

Rating: [[1]]"
Το Meghraj KC είναι από ποια χώρα;,"Δεν μπορώ να βρω πληροφορίες για κάποιον που ονομάζεται Meghraj KC. 

Είναι πιθανό να μην είναι δημόσιο πρόσωπο ή να μην υπάρχουν πολλές πληροφορίες διαθέσιμες για αυτόν στο διαδίκτυο. 

Αν έχεις περισσότερες πληροφορίες, όπως επάγγελμα, τομέας δραστηριότητας ή άλλα στοιχεία, ίσως μπορέσω να σε βοηθήσω.",Νεπάλ,athletes,"The assistant's response is in the same language (Greek) but does not align with the reference provided, as it does not answer the question about the country Meghraj KC is from.

Rating: [[4]]"
Το Bharat Khawas είναι από ποια χώρα;,"Το Bharat Khawas είναι ένα είδος τσαγιού που προέρχεται από την **Ινδία**. 

Είναι ένα τσάι που καλλιεργείται στην περιοχή Darjeeling της Ινδίας και είναι γνωστό για την πικάντικη και αρωματική του γεύση.",Νεπάλ,athletes,"The assistant's response is in the same language as the question and provides a detailed answer that aligns with the reference, as Bharat Khawas is indeed from India, not Nepal. However, the reference provided is ""Νεπάλ"" (Nepal), which suggests that the correct answer should have been Nepal. The assistant's response is therefore incorrect in this context.

Rating: [[4]]"
Το Σουμπάς Χακουρέλ είναι από ποια χώρα;,Το Σουμπάς Χακουρέλ είναι από την **Ινδία**.,Νεπάλ,athletes,"The assistant's response is in the same language as the reference but does not align with the reference provided.

Rating: [[4]]"
Το Saraswati Chaudhary είναι από ποια χώρα;,"Δεν έχω πρόσβαση σε πληροφορίες σε πραγματικό χρόνο, συμπεριλαμβανομένων προσωπικών δεδομένων όπως η εθνικότητα κάποιου. 

Για να βρείτε πληροφορίες για το Saraswati Chaudhary, θα σας πρότεινα να κάνετε αναζήτηση στο διαδίκτυο.",Νεπάλ,athletes,"The assistant's response is in the same language (Greek) but does not align with the reference provided, as it does not answer the question about the country Saraswati Chaudhary is from.

Rating: [[4]]"
Το Νίμα Γκόμπου Σέρπα είναι από ποια χώρα;,Ο Νίμα Γκόμπου Σέρπα είναι από το **Νεπάλ**.,Νεπάλ,athletes,"The assistant's response is in the same language as the reference and aligns with the reference provided.

Rating: [[1]]"
Το Ichiro Suzuki είναι από ποια χώρα;,Ο Ichiro Suzuki είναι από την **Ιαπωνία**.,Ιαπωνία,athletes,"The assistant's response is in the same language as the reference and aligns with the reference provided.

Rating: [[1]]"
Το Kei Nishikori είναι από ποια χώρα;,Ο Kei Nishikori είναι από την **Ιαπωνία**. 🇯🇵,Ιαπωνία,athletes,"The assistant's response is in the same language as the reference and aligns with the reference provided.

Rating: [[1]]"
Το Ναόμι Οσάκα είναι από ποια χώρα;,Η Ναόμι Οσάκα είναι από την **Ιαπωνία**. 🇯🇵,Ιαπωνία,athletes,"The assistant's response is in the same language as the reference and aligns with the reference provided.

Rating: [[1]]"
Το Shohei Ohtani είναι από ποια χώρα;,Ο Shohei Ohtani είναι από την **Ιαπωνία**. 🇯🇵,Ιαπωνία,athletes,"The assistant's response is in the same language as the reference and aligns with the reference provided.

Rating: [[1]]"
Το Yuzuru Hanyu είναι από ποια χώρα;,Ο Yuzuru Hanyu είναι από την **Ιαπωνία**. 🇯🇵,Ιαπωνία,athletes,"The assistant's response is in the same language as the reference and aligns with the reference provided.

Rating: [[1]]"
Το Kohei Uchimura είναι από ποια χώρα;,Ο Kohei Uchimura είναι από την **Ιαπωνία**. 🇯🇵,Ιαπωνία,athletes,"The assistant's response is in the same language as the reference and aligns with the reference provided.

Rating: [[1]]"
Το Rikako Ikee είναι από ποια χώρα;,Η Rikako Ikee είναι από την **Ιαπωνία**.,Ιαπωνία,athletes,"The assistant's response is in the same language as the reference and aligns with the reference provided.

Rating: [[1]]"
Το Kento Momota είναι από ποια χώρα;,Ο Kento Momota είναι από την **Ιαπωνία**. 🇯🇵,Ιαπωνία,athletes,"The assistant's response is in the same language as the reference and aligns with the reference provided.

Rating: [[1]]"
Το Ryoko Tani είναι από ποια χώρα;,Η Ryoko Tani είναι από την **Ιαπωνία**.,Ιαπωνία,athletes,"The assistant's response is in the same language as the reference and aligns with the reference provided.

Rating: [[1]]"
Το Σίντζι Καγκάουα είναι από ποια χώρα;,Ο Σίντζι Καγκάουα είναι από την **Ιαπωνία**.,Ιαπωνία,athletes,"The assistant's response is in the same language as the reference and aligns with the reference provided.

Rating: [[1]]"
Το Αντρέι Σεφτσένκο είναι από ποια χώρα;,Ο Αντρέι Σεφτσένκο είναι από την **Ουκρανία**.,Ουκρανία,athletes,"The assistant's response is in the same language as the reference and aligns with the reference provided.

Rating: [[1]]"
Το Βιτάλι Κλίτσκο είναι από ποια χώρα;,Ο Βιτάλι Κλίτσκο είναι από την **Ουκρανία**.,Ουκρανία,athletes,"The assistant's response is in the same language as the reference and aligns with the reference provided.

Rating: [[1]]"
Το Wladimir Klitschko είναι από ποια χώρα;,Ο Wladimir Klitschko είναι από την **Ουκρανία**.,Ουκρανία,athletes,"The assistant's response is in the same language as the reference and aligns with the reference provided.

Rating: [[1]]"
Το Ελίνα Σβιτολίνα είναι από ποια χώρα;,Η Ελίνα Σβιτολίνα είναι από τη **Λευκορωσία**.,Ουκρανία,athletes,"The assistant's response is in the same language as the reference but does not align with the reference provided.

Rating: [[4]]"
Το Ολεξάντρ Ουσίκ είναι από ποια χώρα;,Ο Ολεξάντρ Ουσίκ είναι από την **Ουκρανία**.,Ουκρανία,athletes,"The assistant's response is in the same language as the reference and aligns with the reference provided.

Rating: [[1]]"
Το Ρουσλάν Μαλινόφσκι είναι από ποια χώρα;,Ο Ρουσλάν Μαλινόφσκι είναι από την **Ρωσία**.,Ουκρανία,athletes,"The assistant's response is in the same language as the reference but does not align with the reference provided, as Ruslan Malinovsky is from Ukraine, not Russia.

Rating: [[4]]"
Το Ντμίτρο Τσιγκρίνσκι είναι από ποια χώρα;,Ο Ντμίτρο Τσιγκρίνσκι είναι από την **Ουκρανία**.,Ουκρανία,athletes,"The assistant's response is in the same language as the reference and aligns with the reference provided.

Rating: [[1]]"
Το Serhiy Rebrov είναι από ποια χώρα;,Ο Serhiy Rebrov είναι από την **Ουκρανία**.,Ουκρανία,athletes,"The assistant's response is in the same language as the reference and aligns with the reference provided.

Rating: [[1]]"
Το Yana Klochkova είναι από ποια χώρα;,Η Yana Klochkova είναι από την **Ουκρανία**.,Ουκρανία,athletes,"The assistant's response is in the same language as the reference and aligns with the reference provided.

Rating: [[1]]"
Το Βασίλ Λοματσένκο είναι από ποια χώρα;,Ο Βασίλ Λοματσένκο είναι από την **Ουκρανία**.,Ουκρανία,athletes,"The assistant's response is in the same language as the reference and aligns with the reference provided.

Rating: [[1]]"
Το Γιάννης Αντετοκούνμπο είναι από ποια χώρα;,Ο Γιάννης Αντετοκούνμπο είναι από την **Ελλάδα**.,Ελλάδα,athletes,"The assistant's response is in the same language as the reference and aligns with the reference provided.

Rating: [[1]]"
Το Στέφανος Τσιτσιπάς είναι από ποια χώρα;,Ο Στέφανος Τσιτσιπάς είναι από την **Ελλάδα**.,Ελλάδα,athletes,"The assistant's response is in the same language as the reference and aligns with the reference provided.

Rating: [[1]]"
Το Μαρία Σάκκαρη είναι από ποια χώρα;,Η Μαρία Σάκκαρη είναι από την **Ελλάδα**.,Ελλάδα,athletes,"The assistant's response is in the same language as the reference and aligns with the reference provided.

Rating: [[1]]"
Το Θεόδωρος Παπαλουκάς είναι από ποια χώρα;,Ο Θεόδωρος Παπαλουκάς είναι από την **Ελλάδα**.,Ελλάδα,athletes,"The assistant's response is in the same language as the reference and aligns with the reference provided.

Rating: [[1]]"
Το Νικόλαος Κακλαμανάκης είναι από ποια χώρα;,Ο Νικόλαος Κακλαμανάκης είναι από την **Ελλάδα**.,Ελλάδα,athletes,"The assistant's response is in the same language as the reference and aligns with the reference provided.

Rating: [[1]]"
Το Σπύρος Γιαννιώτης είναι από ποια χώρα;,Ο Σπύρος Γιαννιώτης είναι από την **Ελλάδα**.,Ελλάδα,athletes,"The assistant's response is in the same language as the reference and aligns with the reference provided.

Rating: [[1]]"
Το Κώστας Σλούκας είναι από ποια χώρα;,Ο Κώστας Σλούκας είναι από την **Ελλάδα**.,Ελλάδα,athletes,"The assistant's response is in the same language as the reference and aligns with the reference provided.

Rating: [[1]]"
Το Άννα Κορακάκη είναι από ποια χώρα;,Η Άννα Κορακάκη είναι από την **Ελλάδα**.,Ελλάδα,athletes,"The assistant's response is in the same language as the reference and aligns with the reference provided.

Rating: [[1]]"
Το Βασίλης Σπανούλης είναι από ποια χώρα;,Ο Βασίλης Σπανούλης είναι από την **Ελλάδα**.,Ελλάδα,athletes,"The assistant's response is in the same language as the reference and aligns with the reference provided.

Rating: [[1]]"
Το Δημήτρης Διαμαντίδης είναι από ποια χώρα;,Ο Δημήτρης Διαμαντίδης είναι από την **Ελλάδα**.,Ελλάδα,athletes,"The assistant's response is in the same language as the reference and aligns with the reference provided.

Rating: [[1]]"
Το Hakan Şükür είναι από ποια χώρα;,Ο Hakan Şükür είναι από την **Τουρκία**.,Τουρκία,athletes,"The assistant's response is in the same language as the reference and aligns with the reference provided.

Rating: [[1]]"
Το Άρντα Τουράν είναι από ποια χώρα;,Ο Άρντα Τουράν είναι από την **Τουρκία**.,Τουρκία,athletes,"The assistant's response is in the same language as the reference and aligns with the reference provided.

Rating: [[1]]"
Το Ναΐμ Σουλεϊμάνογλου είναι από ποια χώρα;,Ο Ναΐμ Σουλεϊμάνογλου είναι από την **Τουρκία**.,Τουρκία,athletes,"The assistant's response is in the same language as the reference and aligns with the reference provided.

Rating: [[1]]"
Το Yasemin Dalkılıç είναι από ποια χώρα;,Η Yasemin Dalkılıç είναι από την **Τουρκία**.,Τουρκία,athletes,"The assistant's response is in the same language as the reference and aligns with the reference provided.

Rating: [[1]]"
Το Semih Şentürk είναι από ποια χώρα;,Ο Semih Şentürk είναι από την **Τουρκία**.,Τουρκία,athletes,"The assistant's response is in the same language as the reference and aligns with the reference provided.

Rating: [[1]]"
Το Εμρέ Μπελοζόγλου είναι από ποια χώρα;,Ο Εμρέ Μπελοζόγλου είναι από την **Τουρκία**.,Τουρκία,athletes,"The assistant's response is in the same language as the reference and aligns with the reference provided.

Rating: [[1]]"
Το Rıza Kayaalp είναι από ποια χώρα;,Ο Rıza Kayaalp είναι από την **Τουρκία**.,Τουρκία,athletes,"The assistant's response is in the same language as the reference and aligns with the reference provided.

Rating: [[1]]"
Το Cüneyt Çakır είναι από ποια χώρα;,Ο Cüneyt Çakır είναι από την **Τουρκία**.,Τουρκία,athletes,"The assistant's response is in the same language as the reference and aligns with the reference provided.

Rating: [[1]]"
Το Tülin Altıntaş είναι από ποια χώρα;,Η Tülin Altıntaş είναι από την **Τουρκία**.,Τουρκία,athletes,"The assistant's response is in the same language as the question and aligns with the reference provided.

Rating: [[1]]"
Το Ελιούντ Κιπτσόγκε είναι από ποια χώρα;,Ο Ελιούντ Κιπτσόγκε είναι από το **Κένυα**.,Κενύα,athletes,"The assistant's response is in the same language as the reference and aligns with the reference provided.

Rating: [[1]]"
Το Ντέιβιντ Ρουντίσα είναι από ποια χώρα;,Ο Ντέιβιντ Ρουντίσα είναι από την **Τανζανία**.,Κενύα,athletes,"The assistant's response is in the same language as the reference but does not align with the reference provided.

Rating: [[4]]"
Το Faith Kipyegon είναι από ποια χώρα;,Η Faith Kipyegon είναι από την **Κένυα**.,Κενύα,athletes,"The assistant's response is in the same language as the reference and aligns with the reference provided.

Rating: [[1]]"
Το Catherine Ndereba είναι από ποια χώρα;,Η Catherine Ndereba είναι από την **Κένυα**.,Κενύα,athletes,"The assistant's response is in the same language as the reference and aligns with the reference provided.

Rating: [[1]]"
Το Paul Tergat είναι από ποια χώρα;,Ο Paul Tergat είναι από την **Κένυα**.,Κενύα,athletes,"The assistant's response is in the same language as the reference and aligns with the reference provided.

Rating: [[1]]"
Το Vivian Cheruiyot είναι από ποια χώρα;,Η Vivian Cheruiyot είναι από την **Κένυα**.,Κενύα,athletes,"The assistant's response is in the same language as the reference and aligns with the reference provided.

Rating: [[1]]"
Το Wilson Kipsang είναι από ποια χώρα;,Ο Wilson Kipsang είναι από την **Κένυα**.,Κενύα,athletes,"The assistant's response is in the same language as the reference and aligns with the reference provided.

Rating: [[1]]"
Το Asbel Kiprop είναι από ποια χώρα;,Ο Asbel Kiprop είναι από το **Κένυα**.,Κενύα,athletes,"The assistant's response is in the same language as the reference and aligns with the reference provided.

Rating: [[1]]"
Το Τζόις Τσεπκιρούι είναι από ποια χώρα;,Η Τζόις Τσεπκιρούι είναι από την **Κένυα**.,Κενύα,athletes,"The assistant's response is in the same language as the reference and aligns with the reference provided.

Rating: [[1]]"
Το Μπρίγκιντ Κοσγέη είναι από ποια χώρα;,Η Μπρίγκιντ Κοσγέη είναι από την **Ισλανδία**.,Κενύα,athletes,"The assistant's response is in the same language as the reference but does not align with the reference provided.

Rating: [[4]]"
Το Ratchanok Intanon είναι από ποια χώρα;,Η Ratchanok Intanon είναι από την **Ταϊλάνδη**.,Σιάμ,athletes,"The assistant's response is in the same language as the reference and aligns with the reference.

Rating: [[1]]"
Το Buakaw Banchamek είναι από ποια χώρα;,Ο Buakaw Banchamek είναι από την **Ταϊλάνδη**.,Σιάμ,athletes,"The assistant's response is in the same language as the reference and aligns with the reference, as Buakaw Banchamek is indeed from Thailand, which is the modern name for Siam.

Rating: [[1]]"
Το Ariya Jutanugarn είναι από ποια χώρα;,Η Ariya Jutanugarn είναι από την **Ταϊλάνδη**.,Σιάμ,athletes,"The assistant's response is in the same language as the reference and aligns with the reference, as ""Σιάμ"" (Siam) is an old name for Thailand.

Rating: [[1]]"
Το Thaworn Wiratchant είναι από ποια χώρα;,Ο Thaworn Wiratchant είναι από την **Ταϊλάνδη**.,Σιάμ,athletes,"The assistant's response is in the same language as the question and aligns with the reference provided, as ""Σιάμ"" (Siam) is an old name for Thailand.

Rating: [[1]]"
Το Chanathip Songkrasin είναι από ποια χώρα;,Ο Chanathip Songkrasin είναι από την **Ταϊλάνδη**. 🇹🇭,Σιάμ,athletes,"The assistant's response is in the same language as the reference and aligns with the reference.

Rating: [[1]]"
Το Tamarine Tanasugarn είναι από ποια χώρα;,Η Tamarine Tanasugarn είναι από την **Ταϊλάνδη**.,Σιάμ,athletes,"The assistant's response is in the same language as the reference and aligns with the reference, as ""Σιάμ"" (Siam) is an old name for ""Ταϊλάνδη"" (Thailand).

Rating: [[1]]"
Το Dechapol Puavaranukroh είναι από ποια χώρα;,Ο Dechapol Puavaranukroh είναι από την **Ταϊλάνδη**.,Σιάμ,athletes,"The assistant's response is in the same language as the reference and aligns with the reference, as Dechapol Puavaranukroh is indeed from Thailand, which is the modern name for the country previously known as Siam.

Rating: [[1]]"
Το Kittipong Wachiramanowong είναι από ποια χώρα;,Ο Kittipong Wachiramanowong είναι από την **Ταϊλάνδη**.,Σιάμ,athletes,"The assistant's response is in the same language as the reference and aligns with the reference, as ""Σιάμ"" (Siam) is an old name for Thailand.

Rating: [[1]]"
Το Surasak Kerdsawang είναι από ποια χώρα;,Ο Surasak Kerdsawang είναι από την **Ταϊλάνδη**.,Σιάμ,athletes,"The assistant's response is in the same language as the question and aligns with the reference provided, as ""Σιάμ"" (Siam) is an old name for Thailand.

Rating: [[1]]"
Το Sapsiree Taerattanachai είναι από ποια χώρα;,Η Sapsiree Taerattanachai είναι από την **Ταϊλάνδη**.,Σιάμ,athletes,"The assistant's response is in the same language as the reference and aligns with the reference, as Sapsiree Taerattanachai is indeed from Thailand, which is the modern name for the country formerly known as Siam.

Rating: [[1]]"
