Question,Predicted,answers,label,llm_output
นิวยอร์ค ตั้งอยู่ในประเทศใด?,นิวยอร์คตั้งอยู่ในประเทศ **สหรัฐอเมริกา**,ประเทศสหรัฐอเมริกา,cities,"The assistant's response is in the same language as the reference and aligns with the reference provided.

Rating: [[1]]"
ลอสแองเจลีส ตั้งอยู่ในประเทศใด?,ลอสแองเจลีสตั้งอยู่ใน **สหรัฐอเมริกา** รัฐแคลิฟอร์เนีย,ประเทศสหรัฐอเมริกา,cities,"The assistant's response is in the same language as the reference and aligns with the reference provided.

Rating: [[1]]"
ชิคาโก ตั้งอยู่ในประเทศใด?,ชิคาโกตั้งอยู่ใน **สหรัฐอเมริกา** รัฐอิลลินอยส์,ประเทศสหรัฐอเมริกา,cities,"The assistant's response is in the same language as the reference and aligns with the reference provided.

Rating: [[1]]"
ฮูสตัน ตั้งอยู่ในประเทศใด?,ฮูสตันตั้งอยู่ใน **สหรัฐอเมริกา** รัฐ **เท็กซัส**,ประเทศสหรัฐอเมริกา,cities,"The assistant's response is in the same language as the reference and aligns with the reference provided.

Rating: [[1]]"
ฟีนิกซ์ ตั้งอยู่ในประเทศใด?,ฟีนิกซ์ตั้งอยู่ในรัฐ **แอริโซนา สหรัฐอเมริกา**,ประเทศสหรัฐอเมริกา,cities,"The assistant's response is in the same language as the reference and aligns with the reference provided, as Phoenix is indeed located in Arizona, United States.

Rating: [[1]]"
ซานดิเอโก ตั้งอยู่ในประเทศใด?,ซานดิเอโกตั้งอยู่ใน **สหรัฐอเมริกา** รัฐแคลิฟอร์เนีย,ประเทศสหรัฐอเมริกา,cities,"The assistant's response is in the same language as the reference and aligns with the reference provided.

Rating: [[1]]"
ซานฟรานซิสโก ตั้งอยู่ในประเทศใด?,ซานฟรานซิสโกตั้งอยู่ใน **สหรัฐอเมริกา** รัฐแคลิฟอร์เนีย,ประเทศสหรัฐอเมริกา,cities,"The assistant's response is in the same language as the reference and aligns with the reference provided.

Rating: [[1]]"
ซีแอตเทิล ตั้งอยู่ในประเทศใด?,ซีแอตเทิล ตั้งอยู่ใน **สหรัฐอเมริกา** รัฐ **วอชิงตัน**,ประเทศสหรัฐอเมริกา,cities,"The assistant's response is in the same language as the reference and aligns with the reference provided.

Rating: [[1]]"
เดนเวอร์ ตั้งอยู่ในประเทศใด?,"เดนเวอร์ ตั้งอยู่ใน **สหรัฐอเมริกา** 

เป็นเมืองหลวงของรัฐโคโลราโด.",ประเทศสหรัฐอเมริกา,cities,"The assistant's response is in the same language as the reference and aligns with the reference provided. The additional information about Denver being the capital of Colorado is also correct and relevant.

Rating: [[1]]"
ไมอามี่ ตั้งอยู่ในประเทศใด?,ไมอามี่ตั้งอยู่ใน **สหรัฐอเมริกา** รัฐฟลอริดา,ประเทศสหรัฐอเมริกา,cities,"The assistant's response is in the same language as the reference and aligns with the reference provided.

Rating: [[1]]"
ออสติน ตั้งอยู่ในประเทศใด?,ออสตินตั้งอยู่ในรัฐ **เท็กซัส สหรัฐอเมริกา**,ประเทศสหรัฐอเมริกา,cities,"The assistant's response is in the same language as the reference and aligns with the reference, as it correctly states that Austin is located in Texas, United States.

Rating: [[1]]"
บอสตัน ตั้งอยู่ในประเทศใด?,"บอสตันตั้งอยู่ใน **สหรัฐอเมริกา**

เป็นเมืองหลวงของรัฐ **แมสซาชูเซตส์**",ประเทศสหรัฐอเมริกา,cities,"The assistant's response is in the same language as the reference and aligns with the reference provided.

Rating: [[1]]"
ลาสเวกัส ตั้งอยู่ในประเทศใด?,ลาสเวกัส ตั้งอยู่ในรัฐ **เนวาดา** สหรัฐอเมริกา,ประเทศสหรัฐอเมริกา,cities,"The assistant's response is in the same language as the reference and aligns with the reference, as it correctly states that Las Vegas is located in the United States (specifically, in the state of Nevada).

Rating: [[1]]"
ออร์แลนโด ตั้งอยู่ในประเทศใด?,ออร์แลนโดตั้งอยู่ในรัฐ **ฟลอริดา สหรัฐอเมริกา**,ประเทศสหรัฐอเมริกา,cities,"The assistant's response is in the same language as the reference and aligns with the reference, as it correctly states that Orlando is located in Florida, United States.

Rating: [[1]]"
ซาคราเมนโต ตั้งอยู่ในประเทศใด?,"ซาคราเมนโต ตั้งอยู่ใน **สหรัฐอเมริกา** 

เป็นเมืองหลวงของรัฐแคลิฟอร์เนีย.",ประเทศสหรัฐอเมริกา,cities,"The assistant's response is in the same language as the reference and aligns with the reference provided, as Sacramento is indeed located in the United States, which is referred to as ""ประเทศสหรัฐอเมริกา"" in Thai.

Rating: [[1]]"
พอร์ตแลนด์ ตั้งอยู่ในประเทศใด?,พอร์ตแลนด์ ตั้งอยู่ใน **สหรัฐอเมริกา** รัฐ **โอริกอน**,ประเทศสหรัฐอเมริกา,cities,"The assistant's response is in the same language as the reference and aligns with the reference provided.

Rating: [[1]]"
แทมปา ตั้งอยู่ในประเทศใด?,แทมปาตั้งอยู่ใน **สหรัฐอเมริกา** รัฐฟลอริดา,ประเทศสหรัฐอเมริกา,cities,"Response: The assistant's response is in the same language as the reference and aligns with the reference provided.

Rating: [[1]]"
คลีฟแลนด์ ตั้งอยู่ในประเทศใด?,คลีฟแลนด์ ตั้งอยู่ใน **สหรัฐอเมริกา** รัฐ **โอไฮโอ**,ประเทศสหรัฐอเมริกา,cities,"The assistant's response is in the same language as the reference and aligns with the reference provided.

Rating: [[1]]"
มินนิอาโปลิส ตั้งอยู่ในประเทศใด?,"มินนิอาโปลิสตั้งอยู่ใน **สหรัฐอเมริกา** 

เป็นเมืองหลวงของรัฐมินนิโซตา.",ประเทศสหรัฐอเมริกา,cities,"The assistant's response is in the same language as the reference and aligns with the reference provided.

Rating: [[1]]"
ซานอันโตนิโอ ตั้งอยู่ในประเทศใด?,ซานอันโตนิโอตั้งอยู่ใน **สหรัฐอเมริกา** รัฐ **เท็กซัส**,ประเทศสหรัฐอเมริกา,cities,"The assistant's response is in the same language as the reference and aligns with the reference provided.

Rating: [[1]]"
มุมไบ ตั้งอยู่ในประเทศใด?,มุมไบตั้งอยู่ในประเทศ **อินเดีย** 🇮🇳,อินเดีย,cities,"The assistant's response is in the same language as the reference and aligns with the reference provided.

Rating: [[1]]"
เดลี ตั้งอยู่ในประเทศใด?,เดลี ตั้งอยู่ในประเทศ **อินเดีย**,อินเดีย,cities,"Response: The assistant's response is in the same language as the reference and aligns with the reference provided.

Rating: [[1]]"
เบงกาลูรู ตั้งอยู่ในประเทศใด?,เบงกาลูรู ตั้งอยู่ในประเทศ **อินเดีย**,อินเดีย,cities,"The assistant's response is in the same language as the reference and aligns with the reference provided.

Rating: [[1]]"
เชนไน ตั้งอยู่ในประเทศใด?,เชนไน ตั้งอยู่ในประเทศ **อินเดีย**,อินเดีย,cities,"Response: The assistant's response is in the same language as the reference and aligns with the reference provided.

Rating: [[1]]"
ไฮเดอราบาด ตั้งอยู่ในประเทศใด?,ไฮเดอราบาด ตั้งอยู่ในประเทศ **อินเดีย** 🇮🇳,อินเดีย,cities,"The assistant's response is in the same language as the reference and aligns with the reference provided.

Rating: [[1]]"
อาห์มดาบาด ตั้งอยู่ในประเทศใด?,อาห์มดาบาด ตั้งอยู่ในประเทศ **อินเดีย**,อินเดีย,cities,"The assistant's response is in the same language as the reference and aligns with the reference provided.

Rating: [[1]]"
ปูเน่ ตั้งอยู่ในประเทศใด?,ปูเน่ ตั้งอยู่ในประเทศ **อินเดีย** 🇮🇳,อินเดีย,cities,"The assistant's response is in the same language as the reference and aligns with the reference provided.

Rating: [[1]]"
โกลกาตา ตั้งอยู่ในประเทศใด?,โกลกาตา ตั้งอยู่ในประเทศ **อินเดีย**,อินเดีย,cities,"Response: The assistant's response is in the same language as the reference and aligns with the reference provided.

Rating: [[1]]"
ชัยปุระ ตั้งอยู่ในประเทศใด?,ชัยปุระ ตั้งอยู่ในประเทศ **อินเดีย**,อินเดีย,cities,"Response: The assistant's response is in the same language as the reference and aligns with the reference provided.

Rating: [[1]]"
ลัคเนา ตั้งอยู่ในประเทศใด?,ลัคเนา ตั้งอยู่ในประเทศ **อินเดีย**,อินเดีย,cities,"The assistant's response is in the same language as the reference and aligns with the reference provided.

Rating: [[1]]"
เมืองกานปุระ ตั้งอยู่ในประเทศใด?,เมืองกานปุระ ตั้งอยู่ในประเทศ **อินเดีย**,อินเดีย,cities,"The assistant's response is in the same language as the reference and aligns with the reference provided.

Rating: [[1]]"
นากปุระ ตั้งอยู่ในประเทศใด?,นากปุระ ตั้งอยู่ในประเทศ **อินเดีย**,อินเดีย,cities,"The assistant's response is in the same language as the reference and aligns with the reference provided.

Rating: [[1]]"
อินดอร์ ตั้งอยู่ในประเทศใด?,"อินดอร์ ตั้งอยู่ในประเทศ **อินโดนีเซีย** 

อินดอร์เป็นเมืองหลวงของจังหวัดสุมาตราเหนือ",อินเดีย,cities,"The assistant's response is in the same language as the reference but does not align with the reference provided. The correct answer should be India (อินเดีย), not Indonesia (อินโดนีเซีย).

Rating: [[4]]"
เมืองปัตนา ตั้งอยู่ในประเทศใด?,"เมืองปัตนา ตั้งอยู่ในประเทศ **อินเดีย** 🇮🇳 

ปัตนาเป็นเมืองหลวงของรัฐพิหาร",อินเดีย,cities,"The assistant's response is in the same language as the reference and aligns with the reference provided.

Rating: [[1]]"
โบปาล ตั้งอยู่ในประเทศใด?,โบปาล ตั้งอยู่ในประเทศ **อินเดีย**,อินเดีย,cities,"Response: The assistant's response is in the same language as the reference and aligns with the reference provided.

Rating: [[1]]"
วโดดารา ตั้งอยู่ในประเทศใด?,วโดดารา ตั้งอยู่ในประเทศ **รัสเซีย**,อินเดีย,cities,"The assistant's response is in the same language as the reference but does not align with the reference provided.

Rating: [[4]]"
วิสาขาปัตนัม ตั้งอยู่ในประเทศใด?,วิสาขาปัตนัม ตั้งอยู่ในประเทศ **ศรีลังกา**,อินเดีย,cities,"Response: The assistant's response is in the same language as the reference and aligns with the correct information, but the reference provided is in a different language and context. However, since the question and answer are in the same language and the answer is correct, it should be rated as follows:

Rating: [[1]]"
สุราษฎร์ ตั้งอยู่ในประเทศใด?,สุราษฎร์ธานี ตั้งอยู่ในประเทศ **ไทย** 🇹🇭,อินเดีย,cities,"The assistant's response is in the same language as the reference and does not align with the reference provided, as it states that Surat Thani is in Thailand, not India.

Rating: [[4]]"
อัมริตสาร์ ตั้งอยู่ในประเทศใด?,อัมริตสาร์ ตั้งอยู่ในประเทศ **อินเดีย**,อินเดีย,cities,"The assistant's response is in the same language as the reference and aligns with the reference provided.

Rating: [[1]]"
ราชโกฏ ตั้งอยู่ในประเทศใด?,ราชโกฏ ตั้งอยู่ในประเทศ **ไทย**,อินเดีย,cities,"The assistant's response is in the same language as the reference but does not align with the reference provided.

Rating: [[4]]"
เซี่ยงไฮ้ ตั้งอยู่ในประเทศใด?,เซี่ยงไฮ้ ตั้งอยู่ในประเทศ **จีน** 🇨🇳,จีน,cities,"The assistant's response is in the same language as the reference and aligns with the reference provided.

Rating: [[1]]"
ปักกิ่ง ตั้งอยู่ในประเทศใด?,ปักกิ่ง ตั้งอยู่ในประเทศ **จีน** 🇨🇳,จีน,cities,"The assistant's response is in the same language as the reference and aligns with the reference provided.

Rating: [[1]]"
กว่างโจว ตั้งอยู่ในประเทศใด?,กว่างโจว ตั้งอยู่ในประเทศ **จีน** 🇨🇳,จีน,cities,"The assistant's response is in the same language as the reference and aligns with the reference provided.

Rating: [[1]]"
เซินเจิ้น ตั้งอยู่ในประเทศใด?,เซินเจิ้น ตั้งอยู่ในประเทศ **จีน** 🇨🇳,จีน,cities,"The assistant's response is in the same language as the reference and aligns with the reference provided.

Rating: [[1]]"
เฉิงตู ตั้งอยู่ในประเทศใด?,"เฉิงตู ตั้งอยู่ในประเทศ **จีน** 🇨🇳 

เป็นเมืองหลวงของมณฑลเสฉวน",จีน,cities,"The assistant's response is in the same language as the reference and aligns with the reference provided.

Rating: [[1]]"
อู่ฮั่น ตั้งอยู่ในประเทศใด?,อู่ฮั่น ตั้งอยู่ในประเทศ **จีน** 🇨🇳,จีน,cities,"The assistant's response is in the same language as the reference and aligns with the reference provided.

Rating: [[1]]"
ฉงชิ่ง ตั้งอยู่ในประเทศใด?,ฉงชิ่ง ตั้งอยู่ในประเทศ **จีน** 🇨🇳,จีน,cities,"The assistant's response is in the same language as the reference and aligns with the reference provided.

Rating: [[1]]"
ซีอาน ตั้งอยู่ในประเทศใด?,ซีอาน ตั้งอยู่ในประเทศ **จีน** 🇨🇳,จีน,cities,"The assistant's response is in the same language as the reference and aligns with the reference provided.

Rating: [[1]]"
หางโจว ตั้งอยู่ในประเทศใด?,หางโจว ตั้งอยู่ในประเทศ **จีน** 🇨🇳,จีน,cities,"The assistant's response is in the same language as the reference and aligns with the reference provided.

Rating: [[1]]"
ซูโจว ตั้งอยู่ในประเทศใด?,ซูโจว ตั้งอยู่ในประเทศ **จีน** 🇨🇳,จีน,cities,"The assistant's response is in the same language as the reference and aligns with the reference provided.

Rating: [[1]]"
เทียนจิน ตั้งอยู่ในประเทศใด?,เทียนจิน ตั้งอยู่ในประเทศ **จีน** 🇨🇳,จีน,cities,"The assistant's response is in the same language as the reference and aligns with the reference provided.

Rating: [[1]]"
หนานจิง ตั้งอยู่ในประเทศใด?,หนานจิง ตั้งอยู่ในประเทศ **จีน** 🇨🇳,จีน,cities,"The assistant's response is in the same language as the reference and aligns with the reference provided.

Rating: [[1]]"
ฮาร์บิน ตั้งอยู่ในประเทศใด?,"ฮาร์บิน ตั้งอยู่ในประเทศ **จีน** 🇨🇳 

เป็นเมืองหลวงของมณฑลเฮย์หลงเจียงทางตะวันออกเฉียงเหนือของประเทศจีน",จีน,cities,"The assistant's response is in the same language as the reference and aligns with the reference provided. The assistant correctly states that Harbin is located in China and provides additional information about its location within the country.

Rating: [[1]]"
ชิงเต่า ตั้งอยู่ในประเทศใด?,"ชิงเต่า ตั้งอยู่ในประเทศ **จีน** 🇨🇳 

เป็นเมืองท่าที่ใหญ่ที่สุดในมณฑลชานตง ทางตะวันออกของประเทศจีน",จีน,cities,"The assistant's response is in the same language as the reference and aligns with the reference provided. The assistant also provides additional context which is relevant and correct.

Rating: [[1]]"
ต้าเหลียน ตั้งอยู่ในประเทศใด?,"ต้าเหลียน ตั้งอยู่ในประเทศ **จีน** 🇨🇳 

ต้าเหลียน เป็นเมืองท่าที่ตั้งอยู่ทางตะวันออกเฉียงใต้ของประเทศจีน ในมณฑลกวางตุ้ง",จีน,cities,"The assistant's response is in the same language as the reference and aligns with the reference. The assistant provides additional information about the location of Dalian, which is relevant and accurate.

Rating: [[1]]"
ฉือเจียจวง ตั้งอยู่ในประเทศใด?,"ฉือเจียจวง ตั้งอยู่ในประเทศ **จีน** 🇨🇳 

เป็นเมืองที่ตั้งอยู่ทางตะวันออกเฉียงใต้ของประเทศจีน ในมณฑลเจ้อเจียง",จีน,cities,"The assistant's response is in the same language as the reference and aligns with the reference provided, giving additional context about the location of the city.

Rating: [[1]]"
ฝูโจว ตั้งอยู่ในประเทศใด?,ฝูโจว ตั้งอยู่ในประเทศ **จีน** 🇨🇳,จีน,cities,"The assistant's response is in the same language as the reference and aligns with the reference provided.

Rating: [[1]]"
เจิ้งโจว ตั้งอยู่ในประเทศใด?,เจิ้งโจว ตั้งอยู่ในประเทศ **จีน** 🇨🇳,จีน,cities,"The assistant's response is in the same language as the reference and aligns with the reference provided.

Rating: [[1]]"
คุนหมิง ตั้งอยู่ในประเทศใด?,"คุนหมิง ตั้งอยู่ในประเทศ **จีน** 🇨🇳 

คุนหมิงเป็นเมืองหลวงของมณฑลยูนนานทางตะวันตกเฉียงใต้ของประเทศจีน",จีน,cities,"The assistant's response is in the same language as the reference and aligns with the reference provided. The assistant also provides additional context which is accurate and relevant.

Rating: [[1]]"
ฉางซา ตั้งอยู่ในประเทศใด?,"ฉางซา ตั้งอยู่ในประเทศ **จีน** 🇨🇳 

เป็นเมืองหลวงของมณฑลหูหนานทางตอนกลางของประเทศจีน",จีน,cities,"The assistant's response is in the same language as the reference and aligns with the reference provided.

Rating: [[1]]"
มอสโคว์ ตั้งอยู่ในประเทศใด?,มอสโคว์ตั้งอยู่ในประเทศ **รัสเซีย**,รัสเซีย,cities,"The assistant's response is in the same language as the reference and aligns with the reference provided.

Rating: [[1]]"
เซนต์ปีเตอร์สเบิร์ก ตั้งอยู่ในประเทศใด?,เซนต์ปีเตอร์สเบิร์กตั้งอยู่ในประเทศ **รัสเซีย**,รัสเซีย,cities,"The assistant's response is in the same language as the reference and aligns with the reference provided.

Rating: [[1]]"
โนโวซิบีสค์ ตั้งอยู่ในประเทศใด?,โนโวซิบีสค์ ตั้งอยู่ในประเทศ **รัสเซีย**,รัสเซีย,cities,"Response: The assistant's response is in the same language as the reference and aligns with the reference provided.

Rating: [[1]]"
เยคาเตรินเบิร์ก ตั้งอยู่ในประเทศใด?,เยคาเตรินเบิร์ก ตั้งอยู่ในประเทศ **รัสเซีย**,รัสเซีย,cities,"The assistant's response is in the same language as the reference and aligns with the reference provided.

Rating: [[1]]"
คาซาน ตั้งอยู่ในประเทศใด?,คาซาน ตั้งอยู่ในประเทศ **รัสเซีย**,รัสเซีย,cities,"Response: The assistant's response is in the same language as the reference and aligns with the reference provided.

Rating: [[1]]"
นิจนีนอฟโกรอด ตั้งอยู่ในประเทศใด?,นิจนีนอฟโกรอด ตั้งอยู่ในประเทศ **รัสเซีย**,รัสเซีย,cities,"Response: The assistant's response is in the same language as the reference and aligns with the reference provided.

Rating: [[1]]"
เชเลียบินสค์ ตั้งอยู่ในประเทศใด?,เชเลียบินสค์ ตั้งอยู่ในประเทศ **รัสเซีย**,รัสเซีย,cities,"The assistant's response is in the same language as the reference and aligns with the reference provided.

Rating: [[1]]"
ซามาร่า ตั้งอยู่ในประเทศใด?,ซามาร่า ตั้งอยู่ในประเทศ **รัสเซีย**,รัสเซีย,cities,"The assistant's response is in the same language as the reference and aligns with the reference provided.

Rating: [[1]]"
ออมสค์ ตั้งอยู่ในประเทศใด?,ออมสค์ ตั้งอยู่ในประเทศ **รัสเซีย**,รัสเซีย,cities,"The assistant's response is in the same language as the reference and aligns with the reference provided.

Rating: [[1]]"
รอสตอฟ-ออน-ดอน ตั้งอยู่ในประเทศใด?,รอสตอฟ-ออน-ดอน ตั้งอยู่ในประเทศ **รัสเซีย**,รัสเซีย,cities,"The assistant's response is in the same language as the reference and aligns with the reference provided.

Rating: [[1]]"
อูฟา ตั้งอยู่ในประเทศใด?,อูฟา ตั้งอยู่ในประเทศ **รัสเซีย**,รัสเซีย,cities,"Response: The assistant's response is in the same language as the reference and aligns with the reference provided.

Rating: [[1]]"
ครัสโนยาสค์ ตั้งอยู่ในประเทศใด?,ครัสโนยาสค์ ตั้งอยู่ในประเทศ **รัสเซีย**,รัสเซีย,cities,"The assistant's response is in the same language as the reference and aligns with the reference provided.

Rating: [[1]]"
การดัดผม ตั้งอยู่ในประเทศใด?,"การดัดผมเป็นเทคนิคการจัดแต่งทรงผม ไม่ใช่ประเทศ ดังนั้นจึงไม่มีประเทศที่เป็น ""ที่ตั้ง"" ของการดัดผม 

การดัดผมเป็นเทคนิคที่พัฒนาขึ้นในหลายวัฒนธรรมทั่วโลกมาหลายศตวรรษแล้ว",รัสเซีย,cities,"The assistant's response is in the same language as the reference and does not align with the reference provided, as the question is about the location of a place called ""การดัดผม"" (which seems to be a misunderstanding, as it refers to a hair styling technique, not a place). The assistant correctly clarifies the misunderstanding but does not provide an answer based on the reference.

Rating: [[4]]"
โวโรเนซ ตั้งอยู่ในประเทศใด?,โวโรเนซ ตั้งอยู่ในประเทศ **รัสเซีย**,รัสเซีย,cities,"The assistant's response is in the same language as the reference and aligns with the reference provided.

Rating: [[1]]"
โวลโกกราด ตั้งอยู่ในประเทศใด?,โวลโกกราด ตั้งอยู่ในประเทศ **รัสเซีย**,รัสเซีย,cities,"The assistant's response is in the same language as the reference and aligns with the reference provided.

Rating: [[1]]"
ซาราตอฟ ตั้งอยู่ในประเทศใด?,ซาราตอฟ ตั้งอยู่ในประเทศ **รัสเซีย**,รัสเซีย,cities,"The assistant's response is in the same language as the reference and aligns with the reference provided.

Rating: [[1]]"
ครัสโนดาร์ ตั้งอยู่ในประเทศใด?,ครัสโนดาร์ ตั้งอยู่ในประเทศ **รัสเซีย**,รัสเซีย,cities,"The assistant's response is in the same language as the reference and aligns with the reference provided.

Rating: [[1]]"
โตลยาตติ ตั้งอยู่ในประเทศใด?,โตลยาตติ ตั้งอยู่ในประเทศ **รัสเซีย**,รัสเซีย,cities,"The assistant's response is in the same language as the reference and aligns with the reference provided.

Rating: [[1]]"
อิเจฟสค์ ตั้งอยู่ในประเทศใด?,อิเจฟสค์ ตั้งอยู่ในประเทศ **รัสเซีย**,รัสเซีย,cities,"The assistant's response is in the same language as the reference and aligns with the reference provided.

Rating: [[1]]"
อุลยานอฟสค์ ตั้งอยู่ในประเทศใด?,อุลยานอฟสค์ ตั้งอยู่ในประเทศ **รัสเซีย**,รัสเซีย,cities,"The assistant's response is in the same language as the reference and aligns with the reference provided.

Rating: [[1]]"
ริยาด ตั้งอยู่ในประเทศใด?,ริยาด ตั้งอยู่ในประเทศ **ซาอุดิอาระเบีย**,ซาอุดิอาระเบีย,cities,"The assistant's response is in the same language as the reference and aligns with the reference provided.

Rating: [[1]]"
เจดดาห์ ตั้งอยู่ในประเทศใด?,เจดดาห์ ตั้งอยู่ในประเทศ **ซาอุดิอาระเบีย**,ซาอุดิอาระเบีย,cities,"The assistant's response is in the same language as the reference and aligns with the reference provided.

Rating: [[1]]"
เมกกะ ตั้งอยู่ในประเทศใด?,เมกกะ ตั้งอยู่ในประเทศ **ซาอุดิอาระเบีย**,ซาอุดิอาระเบีย,cities,"Response: The assistant's response is in the same language as the reference and aligns with the reference provided.

Rating: [[1]]"
เมดินา ตั้งอยู่ในประเทศใด?,เมดินา ตั้งอยู่ในประเทศ **ซาอุดีอาระเบีย**,ซาอุดิอาระเบีย,cities,"The assistant's response is in the same language as the reference and aligns with the reference provided.

Rating: [[1]]"
ดัมมาม ตั้งอยู่ในประเทศใด?,ดัมมาม ตั้งอยู่ในประเทศ **ซาอุดิอาระเบีย**,ซาอุดิอาระเบีย,cities,"The assistant's response is in the same language as the reference and aligns with the reference provided.

Rating: [[1]]"
โคบาร์ ตั้งอยู่ในประเทศใด?,โคบาร์ ตั้งอยู่ในประเทศ **อุซเบกิสถาน**,ซาอุดิอาระเบีย,cities,"The assistant's response is in the same language as the reference but does not align with the reference provided.

Rating: [[4]]"
ทาบุก ตั้งอยู่ในประเทศใด?,ทาบุก ตั้งอยู่ในประเทศ **เนปาล**,ซาอุดิอาระเบีย,cities,"The assistant's response is in the same language as the reference but does not align with the reference provided.

Rating: [[4]]"
อาภา ตั้งอยู่ในประเทศใด?,"อาภา เป็นชื่อที่พบได้ในหลายประเทศในเอเชียตะวันออกเฉียงใต้  

เพื่อให้ฉันตอบคำถามของคุณได้อย่างถูกต้อง ฉันต้องการข้อมูลเพิ่มเติม  

คุณหมายถึง อาภา **บุคคล** หรือ **สถานที่**? 

ถ้าเป็น **บุคคล** คุณมีข้อมูลอื่นๆ เกี่ยวกับอาภา เช่น สัญชาติ อาชีพ หรือข้อมูลอื่นๆ ที่อาจช่วยระบุประเทศได้หรือไม่?

ถ้าเป็น **สถานที่** คุณทราบไหมว่าสถานที่นี้เป็นเมือง หมู่บ้าน หรือสถานที่ท่องเที่ยว?",ซาอุดิอาระเบีย,cities,"The assistant's response is in the same language as the reference and aligns with the reference by providing a detailed and relevant response, asking for more information to accurately answer the question.

Rating: [[1]]"
ไทฟ์ ตั้งอยู่ในประเทศใด?,"ไทฟ์ (Typhoid) เป็นโรคติดเชื้อที่เกิดจากแบคทีเรีย Salmonella Typhi ไม่ใช่ชื่อของสถานที่ 

โรคไทฟ์พบได้ทั่วโลก โดยเฉพาะในประเทศกำลังพัฒนาที่มีสุขาภิบาลไม่ดี 

คุณอาจกำลังคิดถึง **ประเทศไทย** ซึ่งเป็นประเทศในเอเชียตะวันออกเฉียงใต้",ซาอุดิอาระเบีย,cities,"The assistant's response is in the same language as the reference but does not align with the reference provided. The question asks for the country where Tyre (presumably the city) is located, but the assistant discusses the disease typhoid instead. 

Rating: [[4]]"
โฮฟัฟ ตั้งอยู่ในประเทศใด?,โฮฟัฟ ตั้งอยู่ในประเทศ **ซาอุดีอาระเบีย**,ซาอุดิอาระเบีย,cities,"The assistant's response is in the same language as the reference and aligns with the reference provided.

Rating: [[1]]"
บูเรดาห์ ตั้งอยู่ในประเทศใด?,บูเรดาห์ ตั้งอยู่ในประเทศ **ซาอุดีอาระเบีย**,ซาอุดิอาระเบีย,cities,"The assistant's response is in the same language as the reference and aligns with the reference provided.

Rating: [[1]]"
นาจราน ตั้งอยู่ในประเทศใด?,นาจราน ตั้งอยู่ในประเทศ **อินเดีย**,ซาอุดิอาระเบีย,cities,"The assistant's response is in the same language as the reference but does not align with the reference provided.

Rating: [[4]]"
ลูกเห็บ ตั้งอยู่ในประเทศใด?,"ลูกเห็บ ไม่ได้ตั้งอยู่ในประเทศใดๆ ลูกเห็บเป็นปรากฏการณ์ทางธรรมชาติที่เกิดขึ้นใน **ชั้นบรรยากาศ** 

ลูกเห็บเกิดจากการที่หยาดน้ำแข็งขนาดเล็กในเมฆถูกพัดขึ้นลงอย่างรุนแรง ทำให้ชนกันและรวมตัวกันเป็นก้อนแข็งที่ใหญ่ขึ้นเรื่อยๆ จนกลายเป็นลูกเห็บ",ซาอุดิอาระเบีย,cities,"The assistant's response is in the same language as the reference and aligns with the reference, as it correctly explains that hail (ลูกเห็บ) is not located in any country but is a natural phenomenon that occurs in the atmosphere.

Rating: [[1]]"
จาซาน ตั้งอยู่ในประเทศใด?,จาซาน ตั้งอยู่ในประเทศ **อินเดีย**,ซาอุดิอาระเบีย,cities,"The assistant's response is in the same language as the reference but does not align with the reference provided.

Rating: [[4]]"
อัล จูเบล ตั้งอยู่ในประเทศใด?,อัล จูเบล ตั้งอยู่ใน **สหรัฐอาหรับเอมิเรตส์**,ซาอุดิอาระเบีย,cities,"The assistant's response is in the same language as the reference but does not align with the reference provided.

Rating: [[4]]"
กาติฟ ตั้งอยู่ในประเทศใด?,กาติฟ ตั้งอยู่ในประเทศ **ซาอุดีอาระเบีย**,ซาอุดิอาระเบีย,cities,"The assistant's response is in the same language as the reference and aligns with the reference provided.

Rating: [[1]]"
อัล คาร์จ ตั้งอยู่ในประเทศใด?,"อัล คาร์จ ตั้งอยู่ใน **สหรัฐอาหรับเอมิเรตส์** 

เป็นเมืองที่ตั้งอยู่ทางตะวันออกเฉียงเหนือของประเทศ ใกล้กับชายแดนโอมาน",ซาอุดิอาระเบีย,cities,"The assistant's response is in the same language as the reference but does not align with the reference provided, as it states that Al Kharj is located in the United Arab Emirates instead of Saudi Arabia.

Rating: [[4]]"
ยานบู ตั้งอยู่ในประเทศใด?,"ยานบู ตั้งอยู่ในประเทศ **จีน** 🇨🇳 

ยานบูเป็นเมืองที่ตั้งอยู่ในมณฑลเหอหนาน ทางตอนกลางของประเทศจีน",ซาอุดิอาระเบีย,cities,"The assistant's response is in the same language but does not align with the reference provided.

Rating: [[4]]"
คามิส มูชัยต์ ตั้งอยู่ในประเทศใด?,คามิส มูชัยต์ ตั้งอยู่ใน **ประเทศรัสเซีย**,ซาอุดิอาระเบีย,cities,"The assistant's response is in the same language as the reference but does not align with the reference provided.

Rating: [[4]]"
อัลบาฮาห์ ตั้งอยู่ในประเทศใด?,อัลบาฮาห์ ตั้งอยู่ในประเทศ **ซาอุดีอาระเบีย**,ซาอุดิอาระเบีย,cities,"The assistant's response is in the same language as the reference and aligns with the reference provided.

Rating: [[1]]"
ปารีส ตั้งอยู่ในประเทศใด?,ปารีสตั้งอยู่ในประเทศ **ฝรั่งเศส** 🇫🇷,ฝรั่งเศส,cities,"The assistant's response is in the same language as the reference and aligns with the reference provided.

Rating: [[1]]"
มาร์กเซย ตั้งอยู่ในประเทศใด?,มาร์กเซย ตั้งอยู่ในประเทศ **ฝรั่งเศส** 🇫🇷,ฝรั่งเศส,cities,"The assistant's response is in the same language as the reference and aligns with the reference provided.

Rating: [[1]]"
ลียง ตั้งอยู่ในประเทศใด?,ลียง ตั้งอยู่ในประเทศ **ฝรั่งเศส** 🇫🇷,ฝรั่งเศส,cities,"The assistant's response is in the same language as the reference and aligns with the reference provided.

Rating: [[1]]"
ตูลูส ตั้งอยู่ในประเทศใด?,ตูลูส ตั้งอยู่ในประเทศ **ฝรั่งเศส** 🇫🇷,ฝรั่งเศส,cities,"The assistant's response is in the same language as the reference and aligns with the reference provided.

Rating: [[1]]"
ดี ตั้งอยู่ในประเทศใด?,"ดี เป็นชื่อที่ไม่ระบุประเทศใดโดยเฉพาะ

คุณกำลังถามถึง ""ดี"" ในบริบทใด? 

* **ชื่อบุคคล?**  ถ้าใช่ ""ดี"" อาจเป็นชื่อที่ใช้ในหลายประเทศ 
* **ชื่อสถานที่?**  เช่น ""ดี"" อาจเป็นชื่อหมู่บ้านหรือร้านค้า
* **คำศัพท์?** ""ดี"" เป็นคำภาษาไทยที่แปลว่า ""good""

กรุณาให้ข้อมูลเพิ่มเติมเพื่อที่ฉันจะตอบคำถามของคุณได้อย่างถูกต้อง!",ฝรั่งเศส,cities,"The assistant's response is in the same language as the reference (Thai) but does not align with the reference provided. The reference is ""ฝรั่งเศส"" (France), and the question asks about the location of ""ดี"" (which could be a name, place, or word). The assistant's response does not provide a clear answer related to the reference.

Rating: [[4]]"
เมืองน็องต์ ตั้งอยู่ในประเทศใด?,เมืองน็องต์ ตั้งอยู่ในประเทศ **ฝรั่งเศส** 🇫🇷,ฝรั่งเศส,cities,"The assistant's response is in the same language as the reference and aligns with the reference provided.

Rating: [[1]]"
สตราสบูร์ก ตั้งอยู่ในประเทศใด?,สตราสบูร์ก ตั้งอยู่ในประเทศ **ฝรั่งเศส** 🇫🇷,ฝรั่งเศส,cities,"The assistant's response is in the same language as the reference and aligns with the reference provided.

Rating: [[1]]"
มงต์เปลลิเย่ร์ ตั้งอยู่ในประเทศใด?,มงต์เปลลิเย่ร์ ตั้งอยู่ในประเทศ **ฝรั่งเศส** 🇫🇷,ฝรั่งเศส,cities,"The assistant's response is in the same language as the reference and aligns with the reference provided.

Rating: [[1]]"
บอร์โดซ์ ตั้งอยู่ในประเทศใด?,บอร์โดซ์ ตั้งอยู่ในประเทศ **ฝรั่งเศส** 🇫🇷,ฝรั่งเศส,cities,"The assistant's response is in the same language as the reference and aligns with the reference provided.

Rating: [[1]]"
ลีลล์ ตั้งอยู่ในประเทศใด?,ลีลล์ ตั้งอยู่ในประเทศ **ฝรั่งเศส** 🇫🇷,ฝรั่งเศส,cities,"The assistant's response is in the same language as the reference and aligns with the reference provided.

Rating: [[1]]"
แรนส์ ตั้งอยู่ในประเทศใด?,แรนส์ ตั้งอยู่ในประเทศ **ฝรั่งเศส** 🇫🇷,ฝรั่งเศส,cities,"The assistant's response is in the same language as the reference and aligns with the reference provided.

Rating: [[1]]"
แร็งส์ ตั้งอยู่ในประเทศใด?,แร็งส์ ตั้งอยู่ในประเทศ **ฝรั่งเศส**,ฝรั่งเศส,cities,"The assistant's response is in the same language as the reference and aligns with the reference provided.

Rating: [[1]]"
เลออาฟวร์ ตั้งอยู่ในประเทศใด?,เลออาฟวร์ ตั้งอยู่ในประเทศ **ฝรั่งเศส** 🇫🇷,ฝรั่งเศส,cities,"The assistant's response is in the same language as the reference and aligns with the reference provided.

Rating: [[1]]"
แซงต์ เอเตียน ตั้งอยู่ในประเทศใด?,แซงต์ เอเตียน ตั้งอยู่ในประเทศ **ฝรั่งเศส** 🇫🇷,ฝรั่งเศส,cities,"The assistant's response is in the same language as the reference and aligns with the reference provided.

Rating: [[1]]"
ตูลอน ตั้งอยู่ในประเทศใด?,"ตูลอน ตั้งอยู่ในประเทศ **ฝรั่งเศส** 🇫🇷 

เป็นเมืองท่าที่ใหญ่ที่สุดในฝรั่งเศสทางตอนใต้ และเป็นเมืองหลวงของจังหวัดวาร์",ฝรั่งเศส,cities,"The assistant's response is in the same language as the reference and aligns with the reference provided, giving additional relevant information about Toulon.

Rating: [[1]]"
ความโกรธ ตั้งอยู่ในประเทศใด?,"ความโกรธเป็นอารมณ์ ไม่ใช่สถานที่ทางภูมิศาสตร์ ดังนั้นจึงไม่มีประเทศที่ ""ตั้ง"" ความโกรธ

ความโกรธเป็นอารมณ์ที่เป็นสากลที่มนุษย์ทุกคนสามารถรู้สึกได้ ไม่ว่าจะอยู่ที่ใดในโลก",ฝรั่งเศส,cities,"The assistant's response is in the same language as the reference and aligns with the context of the question, explaining that anger is an emotion and not a geographical location. However, it does not directly address the reference to ""ฝรั่งเศส"" (France). Since the response is in the same language and provides a relevant explanation, it should be rated as follows:

Rating: [[1]]"
เกรอนอบล์ ตั้งอยู่ในประเทศใด?,"เกรอนอบล์ ตั้งอยู่ในประเทศ **ฝรั่งเศส** 🇫🇷 

เป็นเมืองหลวงของจังหวัด Isère ในภูมิภาค Auvergne-Rhône-Alpes ทางตะวันออกเฉียงใต้ของประเทศ",ฝรั่งเศส,cities,"The assistant's response is in the same language as the reference and aligns with the reference provided. The assistant correctly identifies that Grenoble is located in France and provides additional context about its location within the country.

Rating: [[1]]"
ดิฌง ตั้งอยู่ในประเทศใด?,ดิฌง ตั้งอยู่ในประเทศ **ฝรั่งเศส**,ฝรั่งเศส,cities,"The assistant's response is in the same language as the reference and aligns with the reference provided.

Rating: [[1]]"
นีมส์ ตั้งอยู่ในประเทศใด?,นีมส์ ตั้งอยู่ในประเทศ **ฝรั่งเศส** 🇫🇷,ฝรั่งเศส,cities,"The assistant's response is in the same language as the reference and aligns with the reference provided.

Rating: [[1]]"
เอ็ก-อ็อง-โพรวองซ์ ตั้งอยู่ในประเทศใด?,เอ็ก-อ็อง-โพรวองซ์ ตั้งอยู่ใน **ฝรั่งเศส**,ฝรั่งเศส,cities,"Response: The assistant's response is in the same language as the reference and aligns with the reference provided.

Rating: [[1]]"
กาฐมาณฑุ ตั้งอยู่ในประเทศใด?,กาฐมาณฑุ ตั้งอยู่ในประเทศ **เนปาล**,เนปาล,cities,"The assistant's response is in the same language as the reference and aligns with the reference provided.

Rating: [[1]]"
โปขรา ตั้งอยู่ในประเทศใด?,โปขรา ตั้งอยู่ในประเทศ **เนปาล**,เนปาล,cities,"The assistant's response is in the same language as the reference and aligns with the reference provided.

Rating: [[1]]"
ลลิตปุระ ตั้งอยู่ในประเทศใด?,ลลิตปุระ ตั้งอยู่ในประเทศ **อินเดีย**,เนปาล,cities,"The assistant's response is in the same language as the reference but does not align with the reference provided.

Rating: [[4]]"
บิรัตนคร ตั้งอยู่ในประเทศใด?,บิรัตนคร ตั้งอยู่ในประเทศ **กัมพูชา**,เนปาล,cities,"The assistant's response is in the same language as the reference but does not align with the reference provided.

Rating: [[4]]"
จานัคปุระ ตั้งอยู่ในประเทศใด?,จานัคปุระ ตั้งอยู่ในประเทศ **เนปาล**,เนปาล,cities,"The assistant's response is in the same language as the reference and aligns with the reference provided.

Rating: [[1]]"
ธารัน ตั้งอยู่ในประเทศใด?,ธารัน ตั้งอยู่ในประเทศ **เนปาล**,เนปาล,cities,"Response: The assistant's response is in the same language as the reference and aligns with the reference provided.

Rating: [[1]]"
บุทวัล ตั้งอยู่ในประเทศใด?,บุทวัล ตั้งอยู่ในประเทศ **เนปาล**,เนปาล,cities,"The assistant's response is in the same language as the reference and aligns with the reference provided.

Rating: [[1]]"
บีร์กุนจ์ ตั้งอยู่ในประเทศใด?,เบอร์กุนจ์ ตั้งอยู่ในประเทศ **เยอรมนี**,เนปาล,cities,"The assistant's response is in the same language as the reference but does not align with the reference provided.

Rating: [[4]]"
เฮเตาดา ตั้งอยู่ในประเทศใด?,เฮเตาดา ตั้งอยู่ในประเทศ **อินโดนีเซีย**,เนปาล,cities,"The assistant's response is in the same language as the reference but does not align with the reference provided.

Rating: [[4]]"
เนปาลกุนจ์ ตั้งอยู่ในประเทศใด?,เนปาลกุนจ์ ตั้งอยู่ในประเทศ **เนปาล**,เนปาล,cities,"The assistant's response is in the same language as the reference and aligns with the reference provided.

Rating: [[1]]"
อิตาฮาริ ตั้งอยู่ในประเทศใด?,"อิตาฮาริ ตั้งอยู่ในประเทศ **ญี่ปุ่น** 🇯🇵 

เป็นเมืองท่าที่ตั้งอยู่ทางตะวันตกเฉียงใต้ของเกาะฮอนชู",เนปาล,cities,"The assistant's response is in the same language as the reference but does not align with the reference provided.

Rating: [[4]]"
ทั่งกาดี ตั้งอยู่ในประเทศใด?,"ทั่งกาดี ตั้งอยู่ในประเทศ **อินเดีย** 

ทั่งกาดี เป็นเมืองในรัฐ **ฌามูและกัศมีร์**",เนปาล,cities,"The assistant's response is in the same language as the reference but does not align with the reference provided, as the reference is ""เนปาล"" (Nepal), and the assistant's answer states that Thangka is located in India, specifically in the state of Jammu and Kashmir.

Rating: [[4]]"
ภักตปูร์ ตั้งอยู่ในประเทศใด?,ภักตปูร์ ตั้งอยู่ในประเทศ **อินเดีย**,เนปาล,cities,"The assistant's response is in the same language as the reference but does not align with the reference provided.

Rating: [[4]]"
ตุลสิปุระ ตั้งอยู่ในประเทศใด?,ตุลสิปุระ ตั้งอยู่ในประเทศ **อินเดีย**,เนปาล,cities,"The assistant's response is in the same language as the reference but does not align with the reference provided, as the reference indicates ""เนปาล"" (Nepal) and the assistant's answer states ""อินเดีย"" (India).

Rating: [[4]]"
กาไลยา ตั้งอยู่ในประเทศใด?,"กาไลยา ตั้งอยู่ในประเทศ **อินเดีย** 

กาไลยาเป็นเมืองศักดิ์สิทธิ์ในรัฐอุตตรประเทศทางตอนเหนือของอินเดีย",เนปาล,cities,"The assistant's response is in the same language as the reference but does not align with the reference provided, as the reference indicates ""เนปาล"" (Nepal) and the assistant's answer states ""อินเดีย"" (India).

Rating: [[4]]"
โกราฮี ตั้งอยู่ในประเทศใด?,โกราฮี ตั้งอยู่ในประเทศ **เนปาล**,เนปาล,cities,"The assistant's response is in the same language as the reference and aligns with the reference provided.

Rating: [[1]]"
ดาหมาก ตั้งอยู่ในประเทศใด?,ดาหมาก ตั้งอยู่ในประเทศ **ไทย**,เนปาล,cities,"The assistant's response is in the same language as the reference but does not align with the reference provided.

Rating: [[4]]"
ละหาน ตั้งอยู่ในประเทศใด?,"ละหาน ตั้งอยู่ในประเทศ **ไทย** 

ละหานเป็นอำเภอหนึ่งในจังหวัด **สกลนคร**",เนปาล,cities,"The assistant's response is in the same language as the reference but does not align with the reference provided, as the reference is ""เนปาล"" (Nepal) and the answer is about Thailand.

Rating: [[4]]"
กีรติปุระ ตั้งอยู่ในประเทศใด?,กีรติปุระ ตั้งอยู่ในประเทศ **เนปาล**,เนปาล,cities,"The assistant's response is in the same language as the reference and aligns with the reference provided.

Rating: [[1]]"
โตเกียว ตั้งอยู่ในประเทศใด?,โตเกียวตั้งอยู่ในประเทศ **ญี่ปุ่น** 🇯🇵,ประเทศญี่ปุ่น,cities,"The assistant's response is in the same language as the reference and aligns with the reference provided.

Rating: [[1]]"
โอซาก้า ตั้งอยู่ในประเทศใด?,โอซาก้า ตั้งอยู่ในประเทศ **ญี่ปุ่น** 🇯🇵,ประเทศญี่ปุ่น,cities,"The assistant's response is in the same language as the reference and aligns with the reference provided.

Rating: [[1]]"
โยโกฮาม่า ตั้งอยู่ในประเทศใด?,โยโกฮาม่า ตั้งอยู่ในประเทศ **ญี่ปุ่น** 🇯🇵,ประเทศญี่ปุ่น,cities,"The assistant's response is in the same language as the reference and aligns with the reference provided.

Rating: [[1]]"
นาโกย่า ตั้งอยู่ในประเทศใด?,นาโกย่า ตั้งอยู่ในประเทศ **ญี่ปุ่น** 🇯🇵,ประเทศญี่ปุ่น,cities,"The assistant's response is in the same language as the reference and aligns with the reference provided.

Rating: [[1]]"
ซัปโปโร ตั้งอยู่ในประเทศใด?,"ซัปโปโร ตั้งอยู่ในประเทศ **ญี่ปุ่น** 🇯🇵 

เป็นเมืองหลวงของเกาะฮอกไกโด ซึ่งเป็นเกาะที่ใหญ่ที่สุดทางตอนเหนือของประเทศญี่ปุ่น",ประเทศญี่ปุ่น,cities,"The assistant's response is in the same language as the reference and aligns with the reference provided. The assistant correctly identifies that Sapporo is located in Japan and provides additional relevant information about Sapporo being the capital of Hokkaido, the largest island in northern Japan.

Rating: [[1]]"
ฟุกุโอกะ ตั้งอยู่ในประเทศใด?,ฟุกุโอกะ ตั้งอยู่ในประเทศ **ญี่ปุ่น** 🇯🇵,ประเทศญี่ปุ่น,cities,"The assistant's response is in the same language as the reference and aligns with the reference provided.

Rating: [[1]]"
โกเบ ตั้งอยู่ในประเทศใด?,โกเบ ตั้งอยู่ในประเทศ **ญี่ปุ่น** 🇯🇵,ประเทศญี่ปุ่น,cities,"The assistant's response is in the same language as the reference and aligns with the reference provided.

Rating: [[1]]"
เกียวโต ตั้งอยู่ในประเทศใด?,เกียวโต ตั้งอยู่ในประเทศ **ญี่ปุ่น** 🇯🇵,ประเทศญี่ปุ่น,cities,"The assistant's response is in the same language as the reference and aligns with the reference provided.

Rating: [[1]]"
ฮิโรชิม่า ตั้งอยู่ในประเทศใด?,ฮิโรชิม่า ตั้งอยู่ในประเทศ **ญี่ปุ่น**,ประเทศญี่ปุ่น,cities,"The assistant's response is in the same language as the reference and aligns with the reference provided.

Rating: [[1]]"
เซนได ตั้งอยู่ในประเทศใด?,เซนได ตั้งอยู่ในประเทศ **ญี่ปุ่น**,ประเทศญี่ปุ่น,cities,"The assistant's response is in the same language as the reference and aligns with the reference provided.

Rating: [[1]]"
คิตะคิวชู ตั้งอยู่ในประเทศใด?,คิตะคิวชู ตั้งอยู่ในประเทศ **ญี่ปุ่น**,ประเทศญี่ปุ่น,cities,"The assistant's response is in the same language as the reference and aligns with the reference provided.

Rating: [[1]]"
ชิบะ ตั้งอยู่ในประเทศใด?,"ชิบะ ตั้งอยู่ในประเทศ **ญี่ปุ่น** 🇯🇵 

ชิบะเป็นเมืองหลวงของจังหวัดชิบะ ซึ่งตั้งอยู่ทางตะวันออกของประเทศญี่ปุ่น ใกล้กับโตเกียว.",ประเทศญี่ปุ่น,cities,"The assistant's response is in the same language as the reference and aligns with the reference provided, giving additional relevant information about Chiba's location in Japan.

Rating: [[1]]"
ซาไก ตั้งอยู่ในประเทศใด?,ซาไก ตั้งอยู่ในประเทศ **ญี่ปุ่น**,ประเทศญี่ปุ่น,cities,"The assistant's response is in the same language as the reference and aligns with the reference provided.

Rating: [[1]]"
ชิซูโอกะ ตั้งอยู่ในประเทศใด?,ชิซูโอกะ ตั้งอยู่ในประเทศ **ญี่ปุ่น** 🇯🇵,ประเทศญี่ปุ่น,cities,"The assistant's response is in the same language as the reference and aligns with the reference provided.

Rating: [[1]]"
โอคายามะ ตั้งอยู่ในประเทศใด?,โอคายามะ ตั้งอยู่ในประเทศ **ญี่ปุ่น** 🇯🇵,ประเทศญี่ปุ่น,cities,"The assistant's response is in the same language as the reference and aligns with the reference provided.

Rating: [[1]]"
ฮามามัตสึ ตั้งอยู่ในประเทศใด?,"ฮามามัตสึ ตั้งอยู่ในประเทศ **ญี่ปุ่น** 🇯🇵 

เป็นเมืองที่ตั้งอยู่ทางตอนใต้ของเกาะฮอนชู",ประเทศญี่ปุ่น,cities,"The assistant's response is in the same language as the reference and aligns with the reference provided.

Rating: [[1]]"
คาโกชิมะ ตั้งอยู่ในประเทศใด?,คาโกชิมะ ตั้งอยู่ในประเทศ **ญี่ปุ่น** 🇯🇵,ประเทศญี่ปุ่น,cities,"The assistant's response is in the same language as the reference and aligns with the reference provided.

Rating: [[1]]"
นีงาตะ ตั้งอยู่ในประเทศใด?,นีงาตะ ตั้งอยู่ในประเทศ **ญี่ปุ่น**,ประเทศญี่ปุ่น,cities,"The assistant's response is in the same language as the reference and aligns with the reference provided.

Rating: [[1]]"
มัตสึยามะ ตั้งอยู่ในประเทศใด?,"มัตสึยามะ ตั้งอยู่ในประเทศ **ญี่ปุ่น** 🇯🇵 

เป็นเมืองที่ตั้งอยู่ทางตะวันตกของเกาะชิโกกุ",ประเทศญี่ปุ่น,cities,"The assistant's response is in the same language as the reference and aligns with the reference provided.

Rating: [[1]]"
นะฮะ ตั้งอยู่ในประเทศใด?,นะฮะ ตั้งอยู่ในประเทศ **อินเดีย**,ประเทศญี่ปุ่น,cities,"The assistant's response is in the same language as the reference but does not align with the reference provided.

Rating: [[4]]"
เคียฟ ตั้งอยู่ในประเทศใด?,เคียฟตั้งอยู่ในประเทศ **ยูเครน**,ยูเครน,cities,"Response: The assistant's response is in the same language as the reference and aligns with the reference provided.

Rating: [[1]]"
คาร์คิฟ ตั้งอยู่ในประเทศใด?,คาร์คิฟ ตั้งอยู่ในประเทศ **ยูเครน**,ยูเครน,cities,"The assistant's response is in the same language as the reference and aligns with the reference provided.

Rating: [[1]]"
โอเดสซา ตั้งอยู่ในประเทศใด?,โอเดสซา ตั้งอยู่ใน **ยูเครน**,ยูเครน,cities,"Response: The assistant's response is in the same language as the reference and aligns with the reference provided.

Rating: [[1]]"
ดนิโปร ตั้งอยู่ในประเทศใด?,ดนิโปรตั้งอยู่ใน **ยูเครน**,ยูเครน,cities,"Response: The assistant's response is in the same language as the reference and aligns with the reference provided.

Rating: [[1]]"
โดเนตสค์ ตั้งอยู่ในประเทศใด?,"โดเนตสค์ ตั้งอยู่ในประเทศ **ยูเครน** 

อย่างไรก็ตาม โดเนตสค์เป็นเมืองที่ถูกพิพาททางการเมืองและดินแดนแยกตัวออกไปตั้งแต่ปี 2014 โดยกลุ่มกบฏที่ได้รับการสนับสนุนจากรัสเซีย",ยูเครน,cities,"The assistant's response is in the same language as the reference and aligns with the reference provided. The assistant also provides additional context that is relevant and accurate.

Rating: [[1]]"
ซาปอริซเซีย ตั้งอยู่ในประเทศใด?,ซาปอริซเซีย ตั้งอยู่ในประเทศ **ยูเครน**,ยูเครน,cities,"The assistant's response is in the same language as the reference and aligns with the reference provided.

Rating: [[1]]"
ลวิฟ ตั้งอยู่ในประเทศใด?,ลวิฟ ตั้งอยู่ในประเทศ **ยูเครน**,ยูเครน,cities,"Response: The assistant's response is in the same language as the reference and aligns with the reference provided.

Rating: [[1]]"
ครีวยี่ ริห์ ตั้งอยู่ในประเทศใด?,ครีวยี่ ริห์ ตั้งอยู่ใน **ประเทศบราซิล** 🇧🇷,ยูเครน,cities,"The assistant's response is in the same language as the reference but does not align with the reference provided.

Rating: [[4]]"
ไมโคไลฟ ตั้งอยู่ในประเทศใด?,ไมโคไลฟ ตั้งอยู่ในประเทศ **รัสเซีย**,ยูเครน,cities,"The assistant's response is in the same language as the reference but does not align with the reference provided, as Mykolaiv is located in Ukraine, not Russia.

Rating: [[4]]"
มาริอูโปล ตั้งอยู่ในประเทศใด?,มาริอูโปล ตั้งอยู่ในประเทศ **ยูเครน**,ยูเครน,cities,"The assistant's response is in the same language as the reference and aligns with the reference provided.

Rating: [[1]]"
วินนิตเซีย ตั้งอยู่ในประเทศใด?,วินนิตเซีย ตั้งอยู่ในประเทศ **ยูเครน**,ยูเครน,cities,"The assistant's response is in the same language as the reference and aligns with the reference provided.

Rating: [[1]]"
เคอร์ซอน ตั้งอยู่ในประเทศใด?,เคอร์ซอน ตั้งอยู่ใน **ยูเครน**,ยูเครน,cities,"Response: The assistant's response is in the same language as the reference and aligns with the reference provided.

Rating: [[1]]"
โปลตาวา ตั้งอยู่ในประเทศใด?,โปลตาวา ตั้งอยู่ในประเทศ **โปแลนด์**,ยูเครน,cities,"The assistant's response is in the same language as the reference but does not align with the reference provided, as Poltava is located in Ukraine, not Poland.

Rating: [[4]]"
เชอร์นิฮิฟ ตั้งอยู่ในประเทศใด?,เชอร์นิฮิฟ ตั้งอยู่ในประเทศ **ยูเครน**,ยูเครน,cities,"The assistant's response is in the same language as the reference and aligns with the reference provided.

Rating: [[1]]"
ซูมี ตั้งอยู่ในประเทศใด?,"ซูมี ตั้งอยู่ในประเทศ **รัสเซีย** 

ซูมีเป็นเมืองในประเทศรัสเซีย ใกล้กับชายแดนกับประเทศฟินแลนด์",ยูเครน,cities,"The assistant's response is in the same language as the reference but does not align with the reference provided. The correct answer should be Ukraine, not Russia.

Rating: [[4]]"
เชอร์นิฟซี ตั้งอยู่ในประเทศใด?,เชอร์นิฟซี ตั้งอยู่ในประเทศ **รัสเซีย**,ยูเครน,cities,"The assistant's response is in the same language as the reference but does not align with the reference provided, as Chernivtsi is located in Ukraine, not Russia.

Rating: [[4]]"
ไซโตเมียร์ ตั้งอยู่ในประเทศใด?,ไซโตเมียร์ ตั้งอยู่ในประเทศ **รัสเซีย**,ยูเครน,cities,"The assistant's response is in the same language as the reference but does not align with the reference provided, as the correct answer should be Ukraine, not Russia.

Rating: [[4]]"
เครเมนชุก ตั้งอยู่ในประเทศใด?,เครเมนชุก ตั้งอยู่ในประเทศ **รัสเซีย**,ยูเครน,cities,"The assistant's response is in the same language as the reference but does not align with the reference provided, as Kremenchuk is located in Ukraine, not Russia.

Rating: [[4]]"
อีวาโน-ฟรานคิฟสค์ ตั้งอยู่ในประเทศใด?,อีวาโน-ฟรานคิฟสค์ ตั้งอยู่ในประเทศ **รัสเซีย**,ยูเครน,cities,"The assistant's response is in the same language as the reference but does not align with the reference provided.

Rating: [[4]]"
เทอร์โนปิล ตั้งอยู่ในประเทศใด?,เทอร์โนปิล ตั้งอยู่ในประเทศ **กรีซ**,ยูเครน,cities,"The assistant's response is in the same language as the reference but does not align with the reference provided.

Rating: [[4]]"
เอเธนส์ ตั้งอยู่ในประเทศใด?,เอเธนส์ตั้งอยู่ในประเทศ **กรีซ** 🇬🇷,กรีซ,cities,"The assistant's response is in the same language as the reference and aligns with the reference provided.

Rating: [[1]]"
เทสซาโลนิกี ตั้งอยู่ในประเทศใด?,Thessaloniki ตั้งอยู่ในประเทศ **กรีซ** 🇬🇷,กรีซ,cities,"The assistant's response is in the same language as the reference and aligns with the reference provided.

Rating: [[1]]"
ปาตราส ตั้งอยู่ในประเทศใด?,"ปาตราส ตั้งอยู่ในประเทศ **ไทย** 

ปาตราส เป็นเมืองตากอากาศที่สวยงามบนเกาะภูเก็ต",กรีซ,cities,"The assistant's response is in the same language as the reference but does not align with the reference provided, as Patras is located in Greece, not Thailand.

Rating: [[4]]"
เฮราไคลออน ตั้งอยู่ในประเทศใด?,เฮราไคลออน ตั้งอยู่ใน **กรีซ**,กรีซ,cities,"Response: The assistant's response is in the same language as the reference and aligns with the reference provided.

Rating: [[1]]"
ลาริสสา ตั้งอยู่ในประเทศใด?,ลาริสสา ตั้งอยู่ในประเทศ **กรีซ**,กรีซ,cities,"The assistant's response is in the same language as the reference and aligns with the reference provided.

Rating: [[1]]"
โวลอส ตั้งอยู่ในประเทศใด?,โวลอส ตั้งอยู่ในประเทศ **กรีซ**,กรีซ,cities,"Response: The assistant's response is in the same language as the reference and aligns with the reference provided.

Rating: [[1]]"
โรดส์ ตั้งอยู่ในประเทศใด?,โรดส์ ตั้งอยู่ในประเทศ **กรีซ**,กรีซ,cities,"The assistant's response is in the same language as the reference and aligns with the reference provided.

Rating: [[1]]"
โยอันนิน่า ตั้งอยู่ในประเทศใด?,โยอันนิน่า ตั้งอยู่ในประเทศ **กรีซ**,กรีซ,cities,"The assistant's response is in the same language as the reference and aligns with the reference provided.

Rating: [[1]]"
ชานีอา ตั้งอยู่ในประเทศใด?,"ชานีอา ตั้งอยู่ในประเทศ **กรีซ** 

ชานีอา เป็นเมืองที่ใหญ่ที่สุดและเป็นเมืองหลวงของเกาะครีต",กรีซ,cities,"The assistant's response is in the same language as the reference and aligns with the reference provided. The assistant also provides additional relevant information about Chania.

Rating: [[1]]"
คาลามาตา ตั้งอยู่ในประเทศใด?,"คาลามาตา ตั้งอยู่ในประเทศ **กรีซ** 🇬🇷 

เป็นเมืองท่าที่ตั้งอยู่ทางตอนใต้ของประเทศกรีซ บนคาบสมุทรเมซาเนีย",กรีซ,cities,"The assistant's response is in the same language as the reference and aligns with the reference provided.

Rating: [[1]]"
เซอร์เรส ตั้งอยู่ในประเทศใด?,เซอร์เรส ตั้งอยู่ในประเทศ **สเปน**,กรีซ,cities,"The assistant's response is in the same language as the reference but does not align with the reference provided.

Rating: [[4]]"
อเล็กซานโดรโพลิส ตั้งอยู่ในประเทศใด?,อเล็กซานเดรียตั้งอยู่ในประเทศ **อียิปต์**,กรีซ,cities,"The assistant's response is in the same language as the reference but does not align with the reference provided.

Rating: [[4]]"
กาวาลา ตั้งอยู่ในประเทศใด?,กาวาลา ตั้งอยู่ในประเทศ **กรีซ** 🇬🇷,กรีซ,cities,"The assistant's response is in the same language as the reference and aligns with the reference provided.

Rating: [[1]]"
อากรินิโอ ตั้งอยู่ในประเทศใด?,อากรินิโอ ตั้งอยู่ในประเทศ **กรีซ**,กรีซ,cities,"The assistant's response is in the same language as the reference and aligns with the reference provided.

Rating: [[1]]"
คาเทรินี ตั้งอยู่ในประเทศใด?,คาเทรินี ตั้งอยู่ใน **ประเทศรัสเซีย**,กรีซ,cities,"The assistant's response is in the same language as the reference but does not align with the reference provided.

Rating: [[4]]"
ตริคาลา ตั้งอยู่ในประเทศใด?,ตริคาลา ตั้งอยู่ในประเทศ **กรีซ**,กรีซ,cities,"Response: The assistant's response is in the same language as the reference and aligns with the reference provided.

Rating: [[1]]"
เวเรีย ตั้งอยู่ในประเทศใด?,เวเรีย ตั้งอยู่ในประเทศ **กรีซ**,กรีซ,cities,"Response: The assistant's response is in the same language as the reference and aligns with the reference provided.

Rating: [[1]]"
คิลกิส ตั้งอยู่ในประเทศใด?,คิลกิส ตั้งอยู่ในประเทศ **แทนซาเนีย**,กรีซ,cities,"The assistant's response is in the same language as the reference but does not align with the reference provided.

Rating: [[4]]"
นัฟปลิโอ ตั้งอยู่ในประเทศใด?,นัฟปลิโอ ตั้งอยู่ในประเทศ **กรีซ** 🇬🇷,กรีซ,cities,"The assistant's response is in the same language as the reference and aligns with the reference provided.

Rating: [[1]]"
อิสตันบูล ตั้งอยู่ในประเทศใด?,อิสตันบูลตั้งอยู่ในประเทศ **ตุรกี** 🇹🇷,ไก่งวง,cities,"The assistant's response is in the same language as the reference and aligns with the reference.

Rating: [[1]]"
อังการา ตั้งอยู่ในประเทศใด?,"อังการา ตั้งอยู่ในประเทศ **ตุรกี** 🇹🇷 

อังการาเป็นเมืองหลวงของประเทศตุรกี",ไก่งวง,cities,"The assistant's response is in the same language as the reference and aligns with the reference.

Rating: [[1]]"
อิซเมียร์ ตั้งอยู่ในประเทศใด?,อิสเมียร์ ตั้งอยู่ในประเทศ **ตุรกี**,ไก่งวง,cities,"The assistant's response is in the same language as the reference and aligns with the reference.

Rating: [[1]]"
เบอร์ซ่า ตั้งอยู่ในประเทศใด?,เบอร์ซ่า ตั้งอยู่ในประเทศ **ตุรกี**,ไก่งวง,cities,"The assistant's response is in the same language as the reference but does not align with the reference provided, as the reference is ""ไก่งวง"" which means ""peacock"" in English, and the question and answer are about the location of ""เบอร์ซ่า"" (Bursa), which is in Turkey. However, since the reference is not relevant to the question, the assistant's answer is still considered unrelated to the reference.

Rating: [[4]]"
อาดาน่า ตั้งอยู่ในประเทศใด?,อาดาน่า ตั้งอยู่ในประเทศ **ตุรกี**,ไก่งวง,cities,"The assistant's response is in the same language as the reference and aligns with the reference.

Rating: [[1]]"
กาเซียนเทป ตั้งอยู่ในประเทศใด?,"กาเซียนเทป ตั้งอยู่ใน **ประเทศอิตาลี** 

กาเซียนเทป เป็นเมืองที่ตั้งอยู่ทางตอนเหนือของประเทศอิตาลี ในแคว้นลอมบาร์ดี",ไก่งวง,cities,"The assistant's response is in the same language as the reference but does not align with the reference provided, as the reference is ""ไก่งวง"" which means ""peacock"" in English, and the question and answer are about the location of a city named ""กาเซียนเทป"" (Gassan Tape), which is not related to the reference.

Rating: [[4]]"
คอนยา ตั้งอยู่ในประเทศใด?,คอนยา ตั้งอยู่ในประเทศ **ตุรกี** 🇹🇷,ไก่งวง,cities,"The assistant's response is in the same language as the reference and aligns with the reference.

Rating: [[1]]"
อันตัลยา ตั้งอยู่ในประเทศใด?,อันตัลยา ตั้งอยู่ในประเทศ **ตุรกี** 🇹🇷,ไก่งวง,cities,"The assistant's response is in the same language as the reference and aligns with the reference.

Rating: [[1]]"
ไกเซรี ตั้งอยู่ในประเทศใด?,ไกเซรี ตั้งอยู่ในประเทศ **ตุรกี** 🇹🇷,ไก่งวง,cities,"The assistant's response is in the same language as the reference and aligns with the reference.

Rating: [[1]]"
เมอร์ซิน ตั้งอยู่ในประเทศใด?,"เมอร์ซิน ตั้งอยู่ในประเทศ **ฝรั่งเศส** 🇫🇷 

เป็นเมืองที่ตั้งอยู่ทางตอนใต้ของประเทศฝรั่งเศส บนฝั่งทะเลเมดิเตอร์เรเนียน",ไก่งวง,cities,"The assistant's response is in the same language as the reference but does not align with the reference provided. The reference is ""ไก่งวง"" which translates to ""Turkey"" in English, and the correct answer should be that Mersin is located in Turkey, not France.

Rating: [[4]]"
ดิยาร์บากีร์ ตั้งอยู่ในประเทศใด?,ดิยาร์บากีร์ ตั้งอยู่ในประเทศ **ตุรกี** 🇹🇷,ไก่งวง,cities,"The assistant's response is in the same language as the reference and aligns with the reference.

Rating: [[1]]"
เอดีร์เน ตั้งอยู่ในประเทศใด?,เอดีร์เน ตั้งอยู่ในประเทศ **ตุรกี**,ไก่งวง,cities,"The assistant's response is in the same language as the reference and aligns with the reference.

Rating: [[1]]"
มลาตยา ตั้งอยู่ในประเทศใด?,มลาตยา ตั้งอยู่ในประเทศ **ฟิลิปปินส์**,ไก่งวง,cities,"The assistant's response is in the same language as the reference but does not align with the reference provided, as the reference is ""ไก่งวง"" which means ""peacock"" in English, and the question and answer are about the location of Malatya, which is unrelated to the reference.

Rating: [[4]]"
มานิสา ตั้งอยู่ในประเทศใด?,มานิสา ตั้งอยู่ในประเทศ **ฟิลิปปินส์**,ไก่งวง,cities,"The assistant's response is in the same language as the reference but does not align with the reference provided.

Rating: [[4]]"
ทราซอน ตั้งอยู่ในประเทศใด?,ทราซอน ตั้งอยู่ในประเทศ **ตุรกี** 🇹🇷,ไก่งวง,cities,"The assistant's response is in the same language as the reference and aligns with the reference, as it correctly states that Trabzon is located in Turkey.

Rating: [[1]]"
ซัมซุน ตั้งอยู่ในประเทศใด?,ซัมซุงตั้งอยู่ใน **เกาหลีใต้**,ไก่งวง,cities,"The assistant's response is in the same language as the reference but does not align with the reference provided, as the reference is ""ไก่งวง"" (guinea fowl) and the question is about the location of Samsung.

Rating: [[4]]"
เดนิซลี ตั้งอยู่ในประเทศใด?,เดนิซลี ตั้งอยู่ในประเทศ **ตุรกี**,ไก่งวง,cities,"The assistant's response is in the same language as the reference and aligns with the reference.

Rating: [[1]]"
เอสกิเซเฮียร์ ตั้งอยู่ในประเทศใด?,เอสกิเซเฮียร์ ตั้งอยู่ในประเทศ **สวีเดน**,ไก่งวง,cities,"The assistant's response is in the same language as the reference and aligns with the reference, as it correctly states that Eskilstuna (เอสกิเซเฮียร์) is located in Sweden (สวีเดน).

Rating: [[1]]"
ฮาเตย์ ตั้งอยู่ในประเทศใด?,"ฮาเตย์ ตั้งอยู่ในประเทศ **ญี่ปุ่น** 🇯🇵 

ฮาเตย์ เป็นเมืองที่ตั้งอยู่บนเกาะฮาเตย์ชิมะ ซึ่งเป็นส่วนหนึ่งของหมู่เกาะริวกิวในจังหวัดโอกินาว่า ประเทศญี่ปุ่น",ไก่งวง,cities,"The assistant's response is in the same language as the reference (Thai) but does not align with the reference provided, as the reference is about ""ไก่งวง"" (turkey) and the question and answer are about the location of Hateruma, which is unrelated to the reference.

Rating: [[4]]"
โคจาเอลี ตั้งอยู่ในประเทศใด?,โคจาเอลี ตั้งอยู่ในประเทศ **อินเดีย**,ไก่งวง,cities,"The assistant's response is in the same language as the reference and aligns with the reference.

Rating: [[1]]"
ไนโรบี ตั้งอยู่ในประเทศใด?,ไนโรบี ตั้งอยู่ในประเทศ **เคนยา**,เคนย่า,cities,"The assistant's response is in the same language as the reference and aligns with the reference provided.

Rating: [[1]]"
มอมบาซา ตั้งอยู่ในประเทศใด?,มอมบาซา ตั้งอยู่ในประเทศ **เคนยา**,เคนย่า,cities,"Response: The assistant's response is in the same language as the reference and aligns with the reference provided.

Rating: [[1]]"
คิซูมุ ตั้งอยู่ในประเทศใด?,"คิซูมุ ตั้งอยู่ในประเทศ **ญี่ปุ่น** 🇯🇵 

คิซูมุ เป็นเมืองที่ตั้งอยู่ในจังหวัดฟูกูโอกะ บนเกาะคิวชู ของประเทศญี่ปุ่น",เคนย่า,cities,"The assistant's response is in the same language as the reference but does not align with the reference provided. The correct answer should have been Kenya, not Japan.

Rating: [[4]]"
นากูรู ตั้งอยู่ในประเทศใด?,นากูรู ตั้งอยู่ในประเทศ **ญี่ปุ่น**,เคนย่า,cities,"The assistant's response is in the same language as the reference but does not align with the reference provided.

Rating: [[4]]"
เอลโดเรต ตั้งอยู่ในประเทศใด?,"เอลโดราโด ไม่ใช่สถานที่จริง

เอลโดราโด เป็นตำนานเมืองทองคำที่ถูกกล่าวถึงในตำนานและเรื่องเล่าของสเปนในอเมริกาใต้ 

แม้ว่าจะไม่มีใครเคยพบเอลโดราโด แต่ตำนานนี้ก็ได้สร้างแรงบันดาลใจให้กับนักสำรวจและผู้ออกเดินทางหลายคนที่จะค้นหาความมั่งคั่งและโชคลาภในทวีปอเมริกาใต้",เคนย่า,cities,"The assistant's response is in the same language as the reference but does not align with the reference provided. The question asks about the location of Eldoret, which is a real city in Kenya, but the assistant's response talks about the mythical city of El Dorado, which is unrelated to the question.

Rating: [[4]]"
ทิกา ตั้งอยู่ในประเทศใด?,ทิกา ตั้งอยู่ในประเทศ **กัวเตมาลา**,เคนย่า,cities,"Response: The assistant's response is in the same language but does not align with the reference provided.

Rating: [[4]]"
คิตาเล่ ตั้งอยู่ในประเทศใด?,"คิตาเล่ ตั้งอยู่ในประเทศ **อิตาลี** 🇮🇹 

คิตาเล่ เป็นเมืองที่ตั้งอยู่ทางตอนเหนือของประเทศอิตาลี ในแคว้นเวเนโต",เคนย่า,cities,"The assistant's response is in the same language as the reference but does not align with the reference provided. The correct answer should be Kenya, not Italy.

Rating: [[4]]"
มัลลินดี ตั้งอยู่ในประเทศใด?,"มัลลินดี ตั้งอยู่ในประเทศ **อินเดีย** 

มัลลินดี เป็นเมืองในรัฐ **อุตตรประเทศ** ของอินเดีย",เคนย่า,cities,"The assistant's response is in the same language as the reference but does not align with the reference provided, as the reference is ""เคนย่า"" (Kenya), and the assistant's answer is about India.

Rating: [[4]]"
การิสสา ตั้งอยู่ในประเทศใด?,การิสสา ตั้งอยู่ในประเทศ **กรีซ**,เคนย่า,cities,"The assistant's response is in the same language as the reference but does not align with the reference provided.

Rating: [[4]]"
เนียรี ตั้งอยู่ในประเทศใด?,เนียรี ตั้งอยู่ในประเทศ **ไนเจอร์**,เคนย่า,cities,"The assistant's response is in the same language as the reference but does not align with the reference provided.

Rating: [[4]]"
เมรุ ตั้งอยู่ในประเทศใด?,เมรุ ตั้งอยู่ในประเทศ **เนปาล**,เคนย่า,cities,"Response: The assistant's response is in the same language but does not align with the reference provided.

Rating: [[4]]"
มาชาโกส ตั้งอยู่ในประเทศใด?,"มาชาโกส ตั้งอยู่ใน **ประเทศรัสเซีย** 

เป็นเมืองหลวงของสาธารณรัฐมาชาโกส ซึ่งเป็นสาธารณรัฐในประเทศรัสเซีย",เคนย่า,cities,"The assistant's response is in the same language as the reference but does not align with the reference provided. The reference is ""เคนย่า"" (Kenya), but the assistant mentions Russia, which is unrelated to the reference.

Rating: [[4]]"
เอ็มบู ตั้งอยู่ในประเทศใด?,"เอ็มบู ตั้งอยู่ในประเทศ **อินโดนีเซีย** 

เอ็มบูเป็นเมืองหลวงของจังหวัดสุมาตราเหนือ",เคนย่า,cities,"The assistant's response is in the same language as the reference but does not align with the reference provided. The correct answer should be Kenya, not Indonesia.

Rating: [[4]]"
คาคาเมก้า ตั้งอยู่ในประเทศใด?,"คาคาเมก้า ตั้งอยู่ใน **ประเทศญี่ปุ่น** 

คาคาเมก้า เป็นเมืองที่ตั้งอยู่ทางตอนเหนือของเกาะฮอนชู ประเทศญี่ปุ่น",เคนย่า,cities,"The assistant's response is in the same language as the reference but does not align with the reference provided.

Rating: [[4]]"
เคอริโช ตั้งอยู่ในประเทศใด?,เคอริโช ตั้งอยู่ในประเทศ **ญี่ปุ่น**,เคนย่า,cities,"The assistant's response is in the same language but does not align with the reference provided.

Rating: [[4]]"
นันยูกิ ตั้งอยู่ในประเทศใด?,"นันยูกิ ตั้งอยู่ในประเทศ **ญี่ปุ่น** 🇯🇵 

นันยูกิ เป็นเมืองที่ตั้งอยู่ทางตอนเหนือของเกาะฮอนชู ในจังหวัดโทชิกิ",เคนย่า,cities,"The assistant's response is in the same language as the reference but does not align with the reference provided. The correct answer should be Kenya, not Japan.

Rating: [[4]]"
โวย ตั้งอยู่ในประเทศใด?,โวย ตั้งอยู่ในประเทศ **เวียดนาม**,เคนย่า,cities,"The assistant's response is in the same language as the reference but does not align with the reference provided.

Rating: [[4]]"
ลามู ตั้งอยู่ในประเทศใด?,ลามู ตั้งอยู่ในประเทศ **มาดากัสการ์**,เคนย่า,cities,"The assistant's response is in the same language as the reference but does not align with the reference provided.

Rating: [[4]]"
นัยวาชา ตั้งอยู่ในประเทศใด?,นัยวาชา ตั้งอยู่ในประเทศ **เนปาล**,เคนย่า,cities,"Response: The assistant's response is in the same language but does not align with the reference provided.

Rating: [[4]]"
อิซิโอโล ตั้งอยู่ในประเทศใด?,"อิซิโอโล ตั้งอยู่ในประเทศ **อิตาลี** 🇮🇹 

เป็นเมืองเล็กๆ ในแคว้นซิซิลี ทางตอนใต้ของประเทศ",เคนย่า,cities,"The assistant's response is in the same language as the reference but does not align with the reference provided. The correct answer should have been Kenya, not Italy.

Rating: [[4]]"
กรุงเทพฯ ตั้งอยู่ในประเทศใด?,กรุงเทพฯ ตั้งอยู่ในประเทศ **ไทย**,ประเทศไทย,cities,"Response: The assistant's response is in the same language as the reference and aligns with the reference provided.

Rating: [[1]]"
เชียงใหม่ ตั้งอยู่ในประเทศใด?,เชียงใหม่ตั้งอยู่ในประเทศ **ไทย** 🇹🇭,ประเทศไทย,cities,"Response: The assistant's response is in the same language as the reference and aligns with the reference provided.

Rating: [[1]]"
พัทยา ตั้งอยู่ในประเทศใด?,พัทยา ตั้งอยู่ในประเทศ **ไทย**,ประเทศไทย,cities,"Response: The assistant's response is in the same language as the reference and aligns with the reference provided.

Rating: [[1]]"
ภูเก็ต ตั้งอยู่ในประเทศใด?,ภูเก็ต ตั้งอยู่ในประเทศ **ไทย** 🇹🇭,ประเทศไทย,cities,"The assistant's response is in the same language as the reference and aligns with the reference provided.

Rating: [[1]]"
นครราชสีมา ตั้งอยู่ในประเทศใด?,นครราชสีมา ตั้งอยู่ในประเทศ **ไทย**,ประเทศไทย,cities,"Response: The assistant's response is in the same language as the reference and aligns with the reference provided.

Rating: [[1]]"
หาดใหญ่ ตั้งอยู่ในประเทศใด?,หาดใหญ่ ตั้งอยู่ในประเทศ **ไทย**,ประเทศไทย,cities,"The assistant's response is in the same language as the reference and aligns with the reference provided.

Rating: [[1]]"
อุดรธานี ตั้งอยู่ในประเทศใด?,อุดรธานี ตั้งอยู่ในประเทศ **ไทย**,ประเทศไทย,cities,"Response: The assistant's response is in the same language as the reference and aligns with the reference provided.

Rating: [[1]]"
ขอนแก่น ตั้งอยู่ในประเทศใด?,ขอนแก่น ตั้งอยู่ในประเทศ **ไทย**,ประเทศไทย,cities,"Response: The assistant's response is in the same language as the reference and aligns with the reference provided.

Rating: [[1]]"
สุราษฎร์ธานี ตั้งอยู่ในประเทศใด?,สุราษฎร์ธานี ตั้งอยู่ในประเทศ **ไทย**,ประเทศไทย,cities,"The assistant's response is in the same language as the reference and aligns with the reference provided.

Rating: [[1]]"
เชียงราย ตั้งอยู่ในประเทศใด?,เชียงราย ตั้งอยู่ในประเทศ **ไทย** 🇹🇭,ประเทศไทย,cities,"The assistant's response is in the same language as the reference and aligns with the reference provided.

Rating: [[1]]"
พิษณุโลก ตั้งอยู่ในประเทศใด?,พิษณุโลก ตั้งอยู่ในประเทศ **ไทย**,ประเทศไทย,cities,"Response: The assistant's response is in the same language as the reference and aligns with the reference provided.

Rating: [[1]]"
สุโขทัย ตั้งอยู่ในประเทศใด?,สุโขทัย ตั้งอยู่ในประเทศ **ไทย** 🇹🇭,ประเทศไทย,cities,"The assistant's response is in the same language as the reference and aligns with the reference provided.

Rating: [[1]]"
นครศรีธรรมราช ตั้งอยู่ในประเทศใด?,นครศรีธรรมราช ตั้งอยู่ในประเทศ **ไทย**,ประเทศไทย,cities,"Response: The assistant's response is in the same language and aligns with the reference provided.

Rating: [[1]]"
ชะอำ ตั้งอยู่ในประเทศใด?,ชะอำ ตั้งอยู่ในประเทศ **ไทย**,ประเทศไทย,cities,"The assistant's response is in the same language as the reference and aligns with the reference provided.

Rating: [[1]]"
แม่สอด ตั้งอยู่ในประเทศใด?,แม่สอด ตั้งอยู่ในประเทศ **ไทย**,ประเทศไทย,cities,"The assistant's response is in the same language as the reference and aligns with the reference provided.

Rating: [[1]]"
ราชบุรี ตั้งอยู่ในประเทศใด?,ราชบุรี ตั้งอยู่ในประเทศ **ไทย**,ประเทศไทย,cities,"Response: The assistant's response is in the same language as the reference and aligns with the reference provided.

Rating: [[1]]"
กาญจนบุรี ตั้งอยู่ในประเทศใด?,กาญจนบุรี ตั้งอยู่ในประเทศ **ไทย**,ประเทศไทย,cities,"The assistant's response is in the same language as the reference and aligns with the reference provided.

Rating: [[1]]"
อุบลราชธานี ตั้งอยู่ในประเทศใด?,อุบลราชธานี ตั้งอยู่ในประเทศ **ไทย**,ประเทศไทย,cities,"Response: The assistant's response is in the same language and aligns with the reference provided.

Rating: [[1]]"
สมุทรปราการ ตั้งอยู่ในประเทศใด?,สมุทรปราการ ตั้งอยู่ในประเทศ **ไทย**,ประเทศไทย,cities,"The assistant's response is in the same language as the reference and aligns with the reference provided.

Rating: [[1]]"
ประจวบคีรีขันธ์ ตั้งอยู่ในประเทศใด?,ประจวบคีรีขันธ์ ตั้งอยู่ในประเทศ **ไทย**,ประเทศไทย,cities,"The assistant's response is in the same language as the reference and aligns with the reference provided.

Rating: [[1]]"
จอร์จ วอชิงตัน มาจากประเทศใด?,"จอร์จ วอชิงตัน มาจาก **สหรัฐอเมริกา** 

แม้ว่าเขาจะเกิดในอาณานิคมเวอร์จิเนีย ซึ่งในขณะนั้นยังเป็นส่วนหนึ่งของอังกฤษ แต่เขาก็เป็นผู้นำในการต่อสู้เพื่อเอกราชของอเมริกา และกลายเป็นประธานาธิบดีคนแรกของสหรัฐอเมริกา",ประเทศสหรัฐอเมริกา,politicians,"The assistant's response is in the same language as the reference and aligns with the reference provided. The assistant correctly states that George Washington is from the United States (สหรัฐอเมริกา) and provides additional context that is accurate and relevant.

Rating: [[1]]"
อับราฮัม ลินคอล์น มาจากประเทศใด?,"อับราฮัม ลินคอล์น มาจาก **สหรัฐอเมริกา** 

เขาเกิดที่รัฐเคนทักกี และเสียชีวิตในกรุงวอชิงตัน ดี.ซี.",ประเทศสหรัฐอเมริกา,politicians,"The assistant's response is in the same language as the reference and aligns with the reference provided.

Rating: [[1]]"
แฟรงคลิน ดี. โรสเวลต์ มาจากประเทศใด?,แฟรงคลิน ดี. โรสเวลต์ มาจาก **สหรัฐอเมริกา**,ประเทศสหรัฐอเมริกา,politicians,"Response: The assistant's response is in the same language as the reference and aligns with the reference provided.

Rating: [[1]]"
บารัค โอบามา มาจากประเทศใด?,บารัค โอบามา เกิดที่ **สหรัฐอเมริกา** ในเมืองโฮโนลูลู รัฐฮาวาย,ประเทศสหรัฐอเมริกา,politicians,"The assistant's response is in the same language as the reference and aligns with the reference provided.

Rating: [[1]]"
โดนัลด์ ทรัมป์ มาจากประเทศใด?,"โดนัลด์ ทรัมป์ เกิดที่ **สหรัฐอเมริกา** ในควีนส์, นครนิวยอร์ก",ประเทศสหรัฐอเมริกา,politicians,"Response: The assistant's response is in the same language as the reference and aligns with the reference provided.

Rating: [[1]]"
โจ ไบเดน มาจากประเทศใด?,โจ ไบเดน มาจาก **สหรัฐอเมริกา**,ประเทศสหรัฐอเมริกา,politicians,"Response: The assistant's response is in the same language as the reference and aligns with the reference provided.

Rating: [[1]]"
โทมัส เจฟเฟอร์สัน มาจากประเทศใด?,"โทมัส เจฟเฟอร์สัน มาจาก **สหรัฐอเมริกา** 

เขาเป็นหนึ่งในบิดาผู้ก่อตั้งสหรัฐอเมริกา และเป็นประธานาธิบดีคนที่สามของประเทศ",ประเทศสหรัฐอเมริกา,politicians,"The assistant's response is in the same language as the reference and aligns with the reference provided.

Rating: [[1]]"
ธีโอดอร์ โรสเวลต์ มาจากประเทศใด?,ธีโอดอร์ โรสเวลต์ มาจาก **สหรัฐอเมริกา**,ประเทศสหรัฐอเมริกา,politicians,"Response: The assistant's response is in the same language as the reference and aligns with the reference provided.

Rating: [[1]]"
จอห์น เอฟ. เคนเนดี มาจากประเทศใด?,จอห์น เอฟ. เคนเนดี มาจาก **สหรัฐอเมริกา**,ประเทศสหรัฐอเมริกา,politicians,"Response: The assistant's response is in the same language as the reference and aligns with the reference provided.

Rating: [[1]]"
วูดโรว์ วิลสัน มาจากประเทศใด?,"วูดโรว์ วิลสัน มาจาก **สหรัฐอเมริกา** 

เขาเป็นประธานาธิบดีคนที่ 28 ของสหรัฐอเมริกา.",ประเทศสหรัฐอเมริกา,politicians,"The assistant's response is in the same language as the reference and aligns with the reference provided.

Rating: [[1]]"
มหาตมะ คานธี มาจากประเทศใด?,มหาตมะ คานธี มาจาก **ประเทศอินเดีย**,อินเดีย,politicians,"Response: The assistant's response is in the same language as the reference and aligns with the reference provided.

Rating: [[1]]"
ชวาหระลาล เนห์รู มาจากประเทศใด?,ชวาหระลาล เนห์รู มาจาก **อินเดีย**,อินเดีย,politicians,"The assistant's response is in the same language as the reference and aligns with the reference provided.

Rating: [[1]]"
อินทิรา คานธี มาจากประเทศใด?,อินทิรา คานธี มาจาก **อินเดีย**,อินเดีย,politicians,"Response: The assistant's response is in the same language as the reference and aligns with the reference provided.

Rating: [[1]]"
นายนเรนทรา โมดี มาจากประเทศใด?,"นายนเรนทรา โมดี มาจาก **ประเทศอินเดีย** 🇮🇳 

เขาเป็นนายกรัฐมนตรีของประเทศอินเดียตั้งแต่ปี 2014",อินเดีย,politicians,"The assistant's response is in the same language as the reference and aligns with the reference provided.

Rating: [[1]]"
ราชีฟ คานธี มาจากประเทศใด?,ราชีฟ คานธี มาจาก **อินเดีย**,อินเดีย,politicians,"Response: The assistant's response is in the same language as the reference and aligns with the reference.

Rating: [[1]]"
สารดาร์ วัลลับภาย ปาเทล มาจากประเทศใด?,สารดาร์ วัลลับhbhai ปาเทล มาจาก **อินเดีย**,อินเดีย,politicians,"Response: The assistant's response is in the same language as the reference and aligns with the reference provided.

Rating: [[1]]"
ดร. บี.อาร์. อัมเบดการ์ มาจากประเทศใด?,ดร. บี.อาร์. อัมเบดการ์ มาจาก **อินเดีย**,อินเดีย,politicians,"The assistant's response is in the same language as the reference and aligns with the reference provided.

Rating: [[1]]"
อตัล พิหารี วาชเปยี มาจากประเทศใด?,อตัล พิหารี วาชเปยี มาจาก **ประเทศอินเดีย**,อินเดีย,politicians,"The assistant's response is in the same language as the reference and aligns with the reference provided.

Rating: [[1]]"
มานโมฮัน ซิงห์ มาจากประเทศใด?,มานโมฮัน ซิงห์ มาจาก **อินเดีย** 🇮🇳,อินเดีย,politicians,"The assistant's response is in the same language as the reference and aligns with the reference provided.

Rating: [[1]]"
ลาล บาฮาดูร์ ศาสตรี มาจากประเทศใด?,ลาล บาฮาดูร์ ศาสตรี มาจาก **ประเทศอินเดีย**,อินเดีย,politicians,"The assistant's response is in the same language as the reference and aligns with the reference provided.

Rating: [[1]]"
เหมาเจ๋อตุง มาจากประเทศใด?,เหมาเจ๋อตุง มาจาก **ประเทศจีน** 🇨🇳,จีน,politicians,"Response: The assistant's response is in the same language as the reference and aligns with the reference provided.

Rating: [[1]]"
เติ้งเสี่ยวผิง มาจากประเทศใด?,เติ้งเสี่ยวผิง มาจาก **ประเทศจีน** 🇨🇳,จีน,politicians,"Response: The assistant's response is in the same language as the reference and aligns with the reference provided.

Rating: [[1]]"
สีจิ้นผิง มาจากประเทศใด?,สีจิ้นผิง มาจาก **ประเทศจีน** 🇨🇳,จีน,politicians,"The assistant's response is in the same language as the reference and aligns with the reference provided.

Rating: [[1]]"
โจวเอินไหล มาจากประเทศใด?,โจวเอินไหล มาจากประเทศ **จีน** 🇨🇳,จีน,politicians,"The assistant's response is in the same language as the reference and aligns with the reference provided.

Rating: [[1]]"
หูจิ่นเทา มาจากประเทศใด?,หูจิ่นเทา มาจากประเทศ **จีน** 🇨🇳,จีน,politicians,"The assistant's response is in the same language as the reference and aligns with the reference provided.

Rating: [[1]]"
เจียงเจ๋อหมิน มาจากประเทศใด?,เจียงเจ๋อหมิน มาจาก **ประเทศจีน** 🇨🇳,จีน,politicians,"Response: The assistant's response is in the same language as the reference and aligns with the reference provided.

Rating: [[1]]"
ซุน ยัตเซ็น มาจากประเทศใด?,ซุน ยัตเซ็น มาจาก **ประเทศจีน** 🇨🇳,จีน,politicians,"The assistant's response is in the same language as the reference and aligns with the reference provided.

Rating: [[1]]"
หลี่ เค่อเฉียง มาจากประเทศใด?,หลี่ เค่อเฉียง เป็นนักแสดงชาว **จีน** 🇨🇳,จีน,politicians,"The assistant's response is in the same language as the reference and aligns with the reference provided.

Rating: [[1]]"
เวิน เจียเป่า มาจากประเทศใด?,เวิน เจียเป่า มาจาก **ประเทศจีน** 🇨🇳,จีน,politicians,"Response: The assistant's response is in the same language as the reference and aligns with the reference provided.

Rating: [[1]]"
เป็ง เต๋อหวย มาจากประเทศใด?,"เป็ง เต๋อหวย เป็นขนมหวานที่ **มีต้นกำเนิดจากประเทศไทย** 

แม้ว่าจะมีความคล้ายคลึงกับขนมจากประเทศจีน เช่น ขนม ""ถั่วแปบ"" แต่เป็ง เต๋อหวย เป็นขนมที่ได้รับการพัฒนาและดัดแปลงในประเทศไทย โดยมีลักษณะเฉพาะตัวที่แตกต่างออกไป",จีน,politicians,"The assistant's response is in the same language as the reference and does not align with the reference provided, as it states that the origin of the dessert is Thailand, not China.

Rating: [[4]]"
วลาดิมีร์ เลนิน มาจากประเทศใด?,วลาดิมีร์ เลนิน มาจาก **รัสเซีย**,รัสเซีย,politicians,"The assistant's response is in the same language as the reference and aligns with the reference provided.

Rating: [[1]]"
โจเซฟ สตาลิน มาจากประเทศใด?,โจเซฟ สตาลิน เกิดใน **ประเทศจอร์เจีย** ซึ่งในขณะนั้นเป็นส่วนหนึ่งของจักรวรรดิรัสเซีย,รัสเซีย,politicians,"Response: The assistant's response is in the same language as the reference and aligns with the reference, as it correctly states that Joseph Stalin was born in Georgia, which was part of the Russian Empire at the time.

Rating: [[1]]"
นิกิต้า ครุสชอฟ มาจากประเทศใด?,"นิกิต้า ครุสชอฟ มาจาก **รัสเซีย** 

เขาเป็นผู้นำสหภาพโซเวียตตั้งแต่ปี 1953 ถึง 1964",รัสเซีย,politicians,"The assistant's response is in the same language as the reference and aligns with the reference provided. The additional information is also relevant and correct.

Rating: [[1]]"
วลาดิมีร์ ปูติน มาจากประเทศใด?,วลาดิมีร์ ปูติน มาจาก **รัสเซีย**,รัสเซีย,politicians,"The assistant's response is in the same language as the reference and aligns with the reference provided.

Rating: [[1]]"
ดมิทรี เมดเวเดฟ มาจากประเทศใด?,ดมิทรี เมดเวเดฟ มาจาก **รัสเซีย**,รัสเซีย,politicians,"Response: The assistant's response is in the same language as the reference and aligns with the reference provided.

Rating: [[1]]"
ลีโอนิด เบรจเนฟ มาจากประเทศใด?,Leonid Brezhnev มาจาก **สหภาพโซเวียต**,รัสเซีย,politicians,"Response: The assistant's response is in the same language as the reference and aligns with the reference, as Leonid Brezhnev is correctly identified as coming from the Soviet Union, which is the country referred to by the reference ""รัสเซีย"" (Russia).

Rating: [[1]]"
มิคาอิล กอร์บาชอฟ มาจากประเทศใด?,มิคาอิล กอร์บาชอฟ มาจาก **สหภาพโซเวียต**,รัสเซีย,politicians,"The assistant's response is in the same language as the reference and aligns with the reference, as Mikhail Gorbachev is indeed from the Soviet Union, which is the correct answer given the context.

Rating: [[1]]"
บอริส เยลต์ซิน มาจากประเทศใด?,บอริส เยลต์ซิน มาจาก **รัสเซีย**,รัสเซีย,politicians,"Response: The assistant's response is in the same language as the reference and aligns with the reference provided.

Rating: [[1]]"
เซอร์เกย์ ลาฟรอฟ มาจากประเทศใด?,"เซอร์เกย์ ลาฟรอฟ มาจาก **รัสเซีย** 🇷🇺 

เขาเป็นรัฐมนตรีว่าการกระทรวงการต่างประเทศของรัสเซียตั้งแต่ปี 2004.",รัสเซีย,politicians,"The assistant's response is in the same language as the reference and aligns with the reference provided. The additional information is also relevant and correct.

Rating: [[1]]"
อเล็กเซย์ นาวาลนี มาจากประเทศใด?,อเล็กเซย์ นาวาลนี มาจาก **รัสเซีย**,รัสเซีย,politicians,"Response: The assistant's response is in the same language as the reference and aligns with the reference provided.

Rating: [[1]]"
อิบนุ ซาอูด มาจากประเทศใด?,"อิบนุ ซาอูด มาจาก **ซาอุดิอาระเบีย** 

เขาเป็นผู้ก่อตั้งและเป็นกษัตริย์องค์แรกของราชวงศ์ซาอุดในประเทศซาอุดิอาระเบีย",ซาอุดิอาระเบีย,politicians,"The assistant's response is in the same language as the reference and aligns with the reference provided.

Rating: [[1]]"
กษัตริย์ฟาฮัด มาจากประเทศใด?,กษัตริย์ฟาฮัด มาจาก **ซาอุดิอาระเบีย**,ซาอุดิอาระเบีย,politicians,"Response: The assistant's response is in the same language as the reference and aligns with the reference provided.

Rating: [[1]]"
กษัตริย์อับดุลลาห์ มาจากประเทศใด?,"กษัตริย์อับดุลลาห์ มาจาก **ซาอุดีอาระเบีย** 

พระองค์ทรงเป็นกษัตริย์พระองค์ปัจจุบันของซาอุดีอาระเบีย",ซาอุดิอาระเบีย,politicians,"The assistant's response is in the same language as the reference and aligns with the reference provided.

Rating: [[1]]"
กษัตริย์ซัลมาน มาจากประเทศใด?,กษัตริย์ซัลมาน มาจาก **ซาอุดิอาระเบีย**,ซาอุดิอาระเบีย,politicians,"The assistant's response is in the same language as the reference and aligns with the reference provided.

Rating: [[1]]"
โมฮัมหมัด บิน ซัลมาน มาจากประเทศใด?,"โมฮัมหมัด บิน ซัลมาน มาจาก **ซาอุดิอาระเบีย** 

เขาเป็นมกุฎราชกุมารและรองนายกรัฐมนตรีของซาอุดิอาระเบีย",ซาอุดิอาระเบีย,politicians,"The assistant's response is in the same language as the reference and aligns with the reference provided.

Rating: [[1]]"
เจ้าชายไฟซาล มาจากประเทศใด?,"เจ้าชายไฟซาล มาจาก **จอร์แดน** 

เขาเป็นพระราชโอรสของพระเจ้าอับดุลลาที่ 2 แห่งจอร์แดน",ซาอุดิอาระเบีย,politicians,"The assistant's response is in the same language as the reference but does not align with the reference provided, as it states that Prince Faisal is from Jordan, not Saudi Arabia.

Rating: [[4]]"
กษัตริย์คาลิด มาจากประเทศใด?,"กษัตริย์คาลิด มาจาก **ซาอุดิอาระเบีย** 

พระองค์ทรงเป็นกษัตริย์พระองค์ที่ 7 ของราชวงศ์ซาอุด และทรงครองราชย์ตั้งแต่ปี 2015",ซาอุดิอาระเบีย,politicians,"The assistant's response is in the same language as the reference and aligns with the reference. However, there is an error in the historical information provided. King Khalid of Saudi Arabia reigned from 1975 to 1982, not from 2015. Despite this historical inaccuracy, the core answer about the country is correct.

Rating: [[1]]"
กษัตริย์ซาอูด มาจากประเทศใด?,กษัตริย์ซาอูด มาจาก **ซาอุดิอาระเบีย**,ซาอุดิอาระเบีย,politicians,"The assistant's response is in the same language as the reference and aligns with the reference provided.

Rating: [[1]]"
เจ้าชายนาเยฟ มาจากประเทศใด?,"เจ้าชายนาเยฟ มาจาก **รัสเซีย** 

เจ้าชายนาเยฟ เป็นพระนามของ **เจ้าชายนาเยฟ โอเล็กซานโดรวิช** พระโอรสของ **ซาร์อเล็กซานเดอร์ที่ 2** แห่งรัสเซีย",ซาอุดิอาระเบีย,politicians,"The assistant's response is in the same language as the reference but does not align with the reference provided. The reference is about Saudi Arabia, but the assistant talks about Russia.

Rating: [[4]]"
เจ้าชายสุลต่าน มาจากประเทศใด?,เจ้าชายสุลต่าน เป็นตัวละครในนิทานพื้นบ้านของ **ประเทศอินเดีย**,ซาอุดิอาระเบีย,politicians,"The assistant's response is in the same language as the reference but does not align with the reference provided.

Rating: [[4]]"
นโปเลียน โบนาปาร์ต มาจากประเทศใด?,"นโปเลียน โบนาปาร์ต มาจาก **ฝรั่งเศส** 🇫🇷 

เขาเกิดที่เมือง Ajjacio บนเกาะ Corsica ซึ่งในขณะนั้นเป็นส่วนหนึ่งของสาธารณรัฐเจโนวา แต่ต่อมาได้กลายเป็นส่วนหนึ่งของฝรั่งเศสในปี 1768",ฝรั่งเศส,politicians,"The assistant's response is in the same language as the reference and aligns with the reference provided. The assistant correctly states that Napoleon Bonaparte is from France (ฝรั่งเศส) and provides additional context about his birthplace and the historical context of Corsica.

Rating: [[1]]"
ชาร์ล เดอ โกล มาจากประเทศใด?,ชาร์ล เดอ โกล มาจาก **ฝรั่งเศส** 🇫🇷,ฝรั่งเศส,politicians,"The assistant's response is in the same language as the reference and aligns with the reference provided.

Rating: [[1]]"
เอ็มมานูเอล มาครง มาจากประเทศใด?,เอ็มมานูเอล มาครง มาจาก **ฝรั่งเศส** 🇫🇷,ฝรั่งเศส,politicians,"The assistant's response is in the same language as the reference and aligns with the reference provided.

Rating: [[1]]"
ฟรานซัวส์ ออลลองด์ มาจากประเทศใด?,ฟรานซัวส์ ออลลองด์ มาจาก **ฝรั่งเศส** 🇫🇷,ฝรั่งเศส,politicians,"The assistant's response is in the same language as the reference and aligns with the reference provided.

Rating: [[1]]"
นิโกลาส์ ซาร์โกซี มาจากประเทศใด?,นิโกลาส์ ซาร์โกซี มาจาก **ฝรั่งเศส** 🇫🇷,ฝรั่งเศส,politicians,"The assistant's response is in the same language as the reference and aligns with the reference provided.

Rating: [[1]]"
ฌาคส์ ชีรัก มาจากประเทศใด?,ฌาคส์ ชีรัก มาจาก **ฝรั่งเศส** 🇫🇷,ฝรั่งเศส,politicians,"The assistant's response is in the same language as the reference and aligns with the reference provided.

Rating: [[1]]"
ฟรองซัวส์ มิตแตร์รอง มาจากประเทศใด?,ฟรองซัวส์ มิตแตร์รอง มาจาก **ฝรั่งเศส** 🇫🇷,ฝรั่งเศส,politicians,"The assistant's response is in the same language as the reference and aligns with the reference provided.

Rating: [[1]]"
ฌอง ฌอง ฌอง มาจากประเทศใด?,"ฌอง ฌอง ฌอง เป็นชื่อที่เป็นที่รู้จักในประเทศ **ฝรั่งเศส** 

ชื่อนี้เป็นชื่อที่ใช้กันทั่วไปในประเทศฝรั่งเศส และมักจะถูกใช้เป็นชื่อเล่นของผู้ชายชื่อฌอง",ฝรั่งเศส,politicians,"The assistant's response is in the same language as the reference and aligns with the reference provided.

Rating: [[1]]"
จอร์จ เคลมองโซ มาจากประเทศใด?,จอร์จ เคลมองโซ มาจาก **ฝรั่งเศส** 🇫🇷,ฝรั่งเศส,politicians,"The assistant's response is in the same language as the reference and aligns with the reference provided.

Rating: [[1]]"
พระเจ้าหลุยส์ที่ 14 มาจากประเทศใด?,"พระเจ้าหลุยส์ที่ 14 มาจาก **ฝรั่งเศส** 

พระองค์เป็นกษัตริย์แห่งฝรั่งเศสและนาวาร์ ตั้งแต่ปี ค.ศ. 1643 ถึง ค.ศ. 1715",ฝรั่งเศส,politicians,"The assistant's response is in the same language as the reference and aligns with the reference provided.

Rating: [[1]]"
ปฤถวี นารายัน ชาห์ มาจากประเทศใด?,ปฤถวี นารายัน ชาห์ มาจาก **เนปาล**,เนปาล,politicians,"The assistant's response is in the same language as the reference and aligns with the reference provided.

Rating: [[1]]"
พระเจ้าตริภูวัน มาจากประเทศใด?,"พระเจ้าตริภูวัน เป็นพระมหากษัตริย์ของ **ประเทศไทย** (ในสมัยที่เรียกว่า **อาณาจักรอยุธยา**) 

พระองค์ทรงครองราชย์ระหว่าง พ.ศ. 2034 - 2072",เนปาล,politicians,"The assistant's response is in the same language but does not align with the reference provided. The correct answer should be Nepal, not Thailand.

Rating: [[4]]"
กษัตริย์มเหนทร มาจากประเทศใด?,"กษัตริย์มเหนทร มาจาก **ประเทศไทย** 

พระองค์เป็นกษัตริย์พระองค์ที่ 9 แห่งราชวงศ์จักรี และทรงครองราชย์ตั้งแต่ปี พ.ศ. 2453 ถึง พ.ศ. 2468",เนปาล,politicians,"The assistant's response is in the same language but does not align with the reference provided.

Rating: [[4]]"
พระเจ้าบีเรนทระ มาจากประเทศใด?,พระเจ้าบีเรนทระ มาจาก **ประเทศเนปาล**,เนปาล,politicians,"Response: The assistant's response is in the same language as the reference and aligns with the reference provided.

Rating: [[1]]"
กยาเนนดรา ชาห์ มาจากประเทศใด?,"Gyandendra Shah มาจาก **เนปาล** 

เขาเป็นพระมหากษัตริย์พระองค์สุดท้ายของเนปาล ก่อนที่ประเทศจะกลายเป็นสาธารณรัฐในปี 2008.",เนปาล,politicians,"The assistant's response is in the same language as the reference and aligns with the reference provided.

Rating: [[1]]"
ปุษปา กามัล ดาฮาล มาจากประเทศใด?,ปุษปา กามัล ดาฮาล มาจากประเทศ **เนปาล** 🇳🇵,เนปาล,politicians,"The assistant's response is in the same language as the reference and aligns with the reference provided.

Rating: [[1]]"
มาธาว กุมาร์ เนปาล มาจากประเทศใด?,มาธาว กุมาร์ เนปาล มาจากประเทศ **เนปาล** 🇳🇵,เนปาล,politicians,"The assistant's response is in the same language as the reference and aligns with the reference provided.

Rating: [[1]]"
บาบูรัม ภัฏฏราย มาจากประเทศใด?,"บาบูรัม ภัฏฏราย มาจาก **ประเทศอินเดีย** 

เขาเป็นกษัตริย์แห่งราชวงศ์ภัฏฏรายที่ปกครองรัฐราชปุตานาในอินเดียในช่วงศตวรรษที่ 16",เนปาล,politicians,"The assistant's response is in the same language as the reference but does not align with the reference provided. The reference is ""เนปาล"" (Nepal), but the assistant states that Baburam Bhattarai is from India, which is incorrect.

Rating: [[4]]"
เชอร์ บาฮาดูร์ เดอูบา มาจากประเทศใด?,เชอร์ บาฮาดูร์ เดอูบา มาจาก **เนปาล** 🇳🇵,เนปาล,politicians,"The assistant's response is in the same language as the reference and aligns with the reference provided.

Rating: [[1]]"
เคพี ชาร์มา โอลิ มาจากประเทศใด?,เคพี ชาร์มา โอลิ มาจากประเทศ **อินเดีย**,เนปาล,politicians,"The assistant's response is in the same language as the reference but does not align with the reference provided, as it states that K.P. Sharma Oli is from India instead of Nepal.

Rating: [[4]]"
จักรพรรดิเมจิ มาจากประเทศใด?,จักรพรรดิเมจิ มาจาก **ประเทศญี่ปุ่น**,ประเทศญี่ปุ่น,politicians,"The assistant's response is in the same language as the reference and aligns with the reference provided.

Rating: [[1]]"
จักรพรรดิฮิโรฮิโตะ มาจากประเทศใด?,"จักรพรรดิฮิโรฮิโตะ มาจาก **ประเทศญี่ปุ่น** 

เขาเป็นจักรพรรดิองค์ที่ 124 ของญี่ปุ่นครองราชย์ตั้งแต่ปี 1926 ถึง 1989",ประเทศญี่ปุ่น,politicians,"The assistant's response is in the same language as the reference and aligns with the reference provided.

Rating: [[1]]"
ชินโซ อาเบะ มาจากประเทศใด?,ชินโซ อาเบะ มาจากประเทศ **ญี่ปุ่น**,ประเทศญี่ปุ่น,politicians,"Response: The assistant's response is in the same language as the reference and aligns with the reference provided.

Rating: [[1]]"
โยชิฮิเดะ ซูกะ มาจากประเทศใด?,โยชิฮิเดะ ซูกะ มาจาก **ประเทศญี่ปุ่น** 🇯🇵,ประเทศญี่ปุ่น,politicians,"The assistant's response is in the same language as the reference and aligns with the reference provided.

Rating: [[1]]"
ฟูมิโอะ คิชิดะ มาจากประเทศใด?,"ฟูมิโอะ คิชิดะ มาจาก **ประเทศญี่ปุ่น** 🇯🇵 

เขาเป็นนักการเมืองชาวญี่ปุ่นที่ดำรงตำแหน่งนายกรัฐมนตรีของญี่ปุ่นตั้งแต่ปี 2021",ประเทศญี่ปุ่น,politicians,"The assistant's response is in the same language as the reference and aligns with the reference provided.

Rating: [[1]]"
โทกุงาวะ อิเอยาสึ มาจากประเทศใด?,โทกุงาวะ อิเอยาสึ มาจาก **ประเทศญี่ปุ่น**,ประเทศญี่ปุ่น,politicians,"The assistant's response is in the same language as the reference and aligns with the reference provided.

Rating: [[1]]"
ฮิเดกิ โทโจ มาจากประเทศใด?,ฮิเดกิ โทโจ มาจาก **ประเทศญี่ปุ่น** 🇯🇵,ประเทศญี่ปุ่น,politicians,"The assistant's response is in the same language as the reference and aligns with the reference provided.

Rating: [[1]]"
ยูกิโอะ ฮาโตยามะ มาจากประเทศใด?,ยูกิโอะ ฮาโตยามะ เป็นตัวละครจากการ์ตูนญี่ปุ่น **Yu-Gi-Oh!**  ดังนั้น เขาจึงมาจาก **ประเทศญี่ปุ่น** 🇯🇵,ประเทศญี่ปุ่น,politicians,"The assistant's response is in the same language as the reference and aligns with the reference, as it correctly states that Yukio Hatoyama is from Japan.

Rating: [[1]]"
จุนอิจิโร โคอิซูมิ มาจากประเทศใด?,จุนอิจิโร โคอิซูมิ มาจาก **ประเทศญี่ปุ่น** 🇯🇵,ประเทศญี่ปุ่น,politicians,"The assistant's response is in the same language as the reference and aligns with the reference provided.

Rating: [[1]]"
อิจิโร โอซาวะ มาจากประเทศใด?,อิจิโร โอซาวะ มาจาก **ประเทศญี่ปุ่น** 🇯🇵,ประเทศญี่ปุ่น,politicians,"The assistant's response is in the same language as the reference and aligns with the reference provided.

Rating: [[1]]"
โวโลดิมีร์ เซเลนสกี มาจากประเทศใด?,โวโลดิมีร์ เซเลนสกี มาจาก **ยูเครน** 🇺🇦,ยูเครน,politicians,"The assistant's response is in the same language as the reference and aligns with the reference provided.

Rating: [[1]]"
เปโตร โปโรเชนโก มาจากประเทศใด?,เปโตร โปโรเชนโก มาจาก **ยูเครน**,ยูเครน,politicians,"Response: The assistant's response is in the same language as the reference and aligns with the reference provided.

Rating: [[1]]"
ยูเลีย ทิโมเชนโก มาจากประเทศใด?,ยูเลีย ทิโมเชนโก มาจาก **รัสเซีย**,ยูเครน,politicians,"The assistant's response is in the same language as the reference but does not align with the reference provided, as Yulia Tymoshenko is from Ukraine, not Russia.

Rating: [[4]]"
วิกเตอร์ ยานูโควิช มาจากประเทศใด?,วิกเตอร์ ยานูโควิช มาจาก **ยูเครน**,ยูเครน,politicians,"The assistant's response is in the same language as the reference and aligns with the reference provided.

Rating: [[1]]"
วิกเตอร์ ยูชเชนโก มาจากประเทศใด?,วิกเตอร์ ยูชเชนโก มาจาก **ยูเครน**,ยูเครน,politicians,"The assistant's response is in the same language as the reference and aligns with the reference provided.

Rating: [[1]]"
ลีโอนิด คุชมา มาจากประเทศใด?,Leonid Kuchma มาจาก **ยูเครน**,ยูเครน,politicians,"Response: The assistant's response is in the same language as the reference and aligns with the reference provided.

Rating: [[1]]"
ลีโอนิด คราฟชุค มาจากประเทศใด?,"Leonid Kravchuk มาจาก **ยูเครน** 

เขาเป็นประธานาธิบดีคนแรกของยูเครน หลังจากที่ประเทศแยกตัวจากสหภาพโซเวียตในปี 1991.",ยูเครน,politicians,"The assistant's response is in the same language as the reference and aligns with the reference provided.

Rating: [[1]]"
สเตฟาน บันเดรา มาจากประเทศใด?,สเตฟาน บันเดรา มาจาก **เยอรมนี** 🇩🇪,ยูเครน,politicians,"The assistant's response is in the same language as the reference but does not align with the reference provided.

Rating: [[4]]"
อาร์เซนีย์ ยัตเซนยุก มาจากประเทศใด?,อาร์เซนีย์ ยัตเซนยุก เป็นนักฟุตบอลอาชีพชาว **ยูเครน**,ยูเครน,politicians,"Response: The assistant's response is in the same language as the reference and aligns with the reference provided.

Rating: [[1]]"
ดมิโตร คูเลบา มาจากประเทศใด?,"ดมิโตร คูเลบา มาจาก **ยูเครน** 

เขาเป็นรัฐมนตรีว่าการกระทรวงการต่างประเทศของยูเครน",ยูเครน,politicians,"Response: The assistant's response is in the same language as the reference and aligns with the reference provided.

Rating: [[1]]"
เพริคลีส มาจากประเทศใด?,"เพริคลีส มาจาก **กรีซ** 

เขาเป็นนัก statesmen,  นักพูด, และผู้นำทางทหารชาวเอเธนส์ในสมัยกรีกโบราณ.",กรีซ,politicians,"The assistant's response is in the same language as the reference and aligns with the reference provided.

Rating: [[1]]"
อเล็กซานเดอร์มหาราช มาจากประเทศใด?,อเล็กซานเดอร์มหาราช มาจาก **อาณาจักรมาซิโดเนียโบราณ** ซึ่งตั้งอยู่ทางตอนเหนือของ **กรีซ** ในปัจจุบัน,กรีซ,politicians,"The assistant's response is in the same language as the reference and aligns with the reference provided, as it correctly states that Alexander the Great comes from the ancient kingdom of Macedonia, which is located in the northern part of modern-day Greece.

Rating: [[1]]"
เอเลฟเทริออส เวนิเซลอส มาจากประเทศใด?,Eleftherios Venizelos มาจาก **กรีซ**,กรีซ,politicians,"Response: The assistant's response is in the same language as the reference and aligns with the reference provided.

Rating: [[1]]"
คอนสแตนติน คารามานลิส มาจากประเทศใด?,คอนสแตนติน คารามานลิส มาจาก **กรีซ**,กรีซ,politicians,"Response: The assistant's response is in the same language as the reference and aligns with the reference provided.

Rating: [[1]]"
แอนเดรียส ปาปันเดรู มาจากประเทศใด?,แอนเดรียส ปาปันเดรู มาจาก **กรีซ** 🇬🇷,กรีซ,politicians,"The assistant's response is in the same language as the reference and aligns with the reference provided.

Rating: [[1]]"
อเล็กซิส ซิปราส มาจากประเทศใด?,อเล็กซิส ซิปราส มาจาก **ฝรั่งเศส** 🇫🇷,กรีซ,politicians,"The assistant's response is in the same language as the reference but does not align with the reference provided.

Rating: [[4]]"
คีเรียคอส มิตโซทาคิส มาจากประเทศใด?,คีเรียคอส มิตโซทาคิส มาจาก **กรีซ** 🇬🇷,กรีซ,politicians,"The assistant's response is in the same language as the reference and aligns with the reference provided.

Rating: [[1]]"
โปรโคปิส ปาฟโลปูลอส มาจากประเทศใด?,"Prokopis Pavlopoulos มาจาก **กรีซ** 🇬🇷 

เขาเป็นนักกฎหมายและนักการเมืองชาวกรีกที่ดำรงตำแหน่งประธานาธิบดีกรีซตั้งแต่ปี 2015 ถึง 2020.",กรีซ,politicians,"The assistant's response is in the same language as the reference and aligns with the reference provided.

Rating: [[1]]"
คาเทริน่า ซาเคลลาโรปูลู มาจากประเทศใด?,คาเทริน่า ซาเคลลาโรปูลู มาจาก **กรีซ** 🇬🇷,กรีซ,politicians,"Response: The assistant's response is in the same language as the reference and aligns with the reference provided.

Rating: [[1]]"
โยอันนิส คาโปดิสเตรียส มาจากประเทศใด?,โยอันนิส คาโปดิสเตรียส มาจาก **กรีซ**,กรีซ,politicians,"Response: The assistant's response is in the same language as the reference and aligns with the reference provided.

Rating: [[1]]"
มุสตาฟา เคมาล อตาเติร์ก มาจากประเทศใด?,"มุสตาฟา เคมาล อตาเติร์ก มาจาก **ตุรกี** 

เขาเป็นผู้นำทางทหารและการเมืองชาวตุรกีที่เป็นผู้ก่อตั้งสาธารณรัฐตุรกีในปี 1923",ไก่งวง,politicians,"The assistant's response is in the same language as the reference and aligns with the reference.

Rating: [[1]]"
เรเจป ทายยิป ​​เออร์โดกัน มาจากประเทศใด?,เรเจป ทายยิป ​​เออร์โดกัน มาจาก **ตุรกี**,ไก่งวง,politicians,"Response: The assistant's response is in the same language as the reference and aligns with the reference.

Rating: [[1]]"
อับดุลลาห์ กูล มาจากประเทศใด?,อับดุลลาห์ กูล มาจาก **ตุรกี** 🇹🇷,ไก่งวง,politicians,"The assistant's response is in the same language as the reference and aligns with the reference, as it correctly states that Abdullah Gul is from Turkey.

Rating: [[1]]"
อาห์เหม็ด ดาวูโตกลู มาจากประเทศใด?,อาห์เหม็ด ดาวูโตกลู มาจาก **ตุรกี** 🇹🇷,ไก่งวง,politicians,"The assistant's response is in the same language as the reference and aligns with the reference, as it correctly states that Ahmet Davutoğlu is from Turkey.

Rating: [[1]]"
อิเมท อิโนนู มาจากประเทศใด?,อิเมท อิโนนู มาจากประเทศ **ตุรกี** 🇹🇷,ไก่งวง,politicians,"The assistant's response is in the same language as the reference and aligns with the reference, as it correctly states that İsmet İnönü is from Turkey.

Rating: [[1]]"
บูเลนต์ เอเชวิต มาจากประเทศใด?,บูเลนต์ เอเชวิต มาจาก **ตุรกี** 🇹🇷,ไก่งวง,politicians,"The assistant's response is in the same language as the reference and aligns with the reference.

Rating: [[1]]"
ทูร์กุต โอซาล มาจากประเทศใด?,ทูร์กุต โอซาล มาจากประเทศ **ตุรกี**,ไก่งวง,politicians,"The assistant's response is in the same language as the reference and aligns with the reference.

Rating: [[1]]"
สุไลมาน เดมิเรล มาจากประเทศใด?,สุไลมาน เดมิเรล เป็นนักฟุตบอลอาชีพชาว **ตุรกี** 🇹🇷,ไก่งวง,politicians,"The assistant's response is in the same language as the question and aligns with the reference, as Suleyman Demirel is indeed from Turkey. However, the reference provided is ""ไก่งวง"" which translates to ""peacock"" in English and is unrelated to the question and answer. Since the assistant's answer is unrelated to the reference, it should be penalized.

Rating: [[4]]"
เคมาล คิลิซดาโรกลู มาจากประเทศใด?,เคมาล คิลิซดาโรกลู มาจาก **ตุรกี** 🇹🇷,ไก่งวง,politicians,"The assistant's response is in the same language as the reference and aligns with the reference.

Rating: [[1]]"
อาลี บาบากัน มาจากประเทศใด?,อาลี บาบากัน เป็นนักฟุตบอลอาชีพชาว **ตุรกี** 🇹🇷,ไก่งวง,politicians,"The assistant's response is in the same language as the reference but does not align with the reference provided, as the reference is ""ไก่งวง"" which means ""peacock"" in Thai, and the question and answer are about Ali Babajam, a Turkish footballer. 

Rating: [[4]]"
โจโม เคนยัตตา มาจากประเทศใด?,โจโม เคนยัตตา มาจาก **เคนยา**,เคนย่า,politicians,"Response: The assistant's response is in the same language as the reference and aligns with the reference provided.

Rating: [[1]]"
ดาเนียล อารัป มอย มาจากประเทศใด?,ดาเนียล อารัป มอย เป็นนักฟุตบอลอาชีพชาว **บราซิล** 🇧🇷,เคนย่า,politicians,"The assistant's response is in the same language as the reference but does not align with the reference provided.

Rating: [[4]]"
มวาอิ คิบากิ มาจากประเทศใด?,มวาอิ คิบากิ เป็นนักฟุตบอลอาชีพชาว **เคนยา** 🇰🇪,เคนย่า,politicians,"Response: The assistant's response is in the same language as the reference and aligns with the reference provided.

Rating: [[1]]"
อูฮูรู เคนยัตตา มาจากประเทศใด?,อูฮูรู เคนยัตตา มาจาก **เคนยา**,เคนย่า,politicians,"The assistant's response is in the same language as the reference and aligns with the reference provided.

Rating: [[1]]"
วิลเลียม รูโต มาจากประเทศใด?,วิลเลียม รูโต มาจาก **เคนยา** 🇰🇪,เคนย่า,politicians,"The assistant's response is in the same language as the reference and aligns with the reference provided.

Rating: [[1]]"
ราอิลา โอดิงกา มาจากประเทศใด?,ราอิลา โอดิงกา มาจาก **ประเทศเคนยา** 🇰🇪,เคนย่า,politicians,"The assistant's response is in the same language as the reference and aligns with the reference provided.

Rating: [[1]]"
อาโมส คิมุนยา มาจากประเทศใด?,อาโมส คิมุนยา มาจากประเทศ **เคนยา** 🇰🇪,เคนย่า,politicians,"The assistant's response is in the same language as the reference and aligns with the reference provided.

Rating: [[1]]"
ทอม มโบยา มาจากประเทศใด?,ทอม มโบยา มาจาก **ประเทศเคนยา**,เคนย่า,politicians,"Response: The assistant's response is in the same language as the reference and aligns with the reference provided.

Rating: [[1]]"
จอร์จ ไซโตติ มาจากประเทศใด?,จอร์จ ไซโตติ มาจาก **ประเทศอิตาลี** 🇮🇹,เคนย่า,politicians,"The assistant's response is in the same language as the reference but does not align with the reference provided.

Rating: [[4]]"
มาร์ธา คารัว มาจากประเทศใด?,มาร์ธา คารัว มาจาก **ประเทศบราซิล** 🇧🇷,เคนย่า,politicians,"The assistant's response is in the same language as the reference but does not align with the reference provided.

Rating: [[4]]"
พระบาทสมเด็จพระปรมินทรมหาภูมิพลอดุลยเดชฯ มาจากประเทศใด?,"พระบาทสมเด็จพระปรมินทรมหาภูมิพลอดุลยเดช หรือที่ทรงเป็นที่รู้จักในนาม **พระเจ้าอยู่หัวภูมิพล** เป็นพระมหากษัตริย์แห่ง **ประเทศไทย** 

พระองค์ทรงครองราชย์ตั้งแต่ปี พ.ศ. 2489 ถึง พ.ศ. 2559",ประเทศไทย,politicians,"The assistant's response is in the same language as the reference and aligns with the reference provided.

Rating: [[1]]"
พระบาทสมเด็จพระปรมินทรมหาภูมิพลอดุลยเดชฯ มาจากประเทศใด?,"พระบาทสมเด็จพระปรมินทรมหาภูมิพลอดุลยเดช หรือที่ทรงเป็นที่รู้จักในนาม **พระเจ้าอยู่หัวภูมิพล** เป็นพระมหากษัตริย์แห่ง **ประเทศไทย** 

พระองค์ทรงครองราชย์ตั้งแต่ปี พ.ศ. 2489 ถึง พ.ศ. 2559",ประเทศไทย,politicians,"The assistant's response is in the same language as the reference and aligns with the reference provided.

Rating: [[1]]"
พลเอกประยุทธ์ จันทร์โอชา มาจากประเทศใด?,พลเอกประยุทธ์ จันทร์โอชา มาจากประเทศ **ไทย**,ประเทศไทย,politicians,"Response: The assistant's response is in the same language as the reference and aligns with the reference provided.

Rating: [[1]]"
ยิ่งลักษณ์ ชินวัตร มาจากประเทศใด?,ยิ่งลักษณ์ ชินวัตร มาจาก **ประเทศไทย**,ประเทศไทย,politicians,"The assistant's response is in the same language as the reference and aligns with the reference provided.

Rating: [[1]]"
ทักษิณ ชินวัตร มาจากประเทศใด?,ทักษิณ ชินวัตร มาจาก **ประเทศไทย**,ประเทศไทย,politicians,"Response: The assistant's response is in the same language as the reference and aligns with the reference provided.

Rating: [[1]]"
อภิสิทธิ์ เวชชาชีวะ มาจากประเทศใด?,อภิสิทธิ์ เวชชาชีวะ มาจาก **ประเทศไทย**,ประเทศไทย,politicians,"The assistant's response is in the same language as the reference and aligns with the reference provided.

Rating: [[1]]"
สฤษดิ์ ธนะรัชต์ มาจากประเทศใด?,สฤษดิ์ ธนะรัชต์ เป็นบุคคลสำคัญทางการเมืองของ **ประเทศไทย**,ประเทศไทย,politicians,"The assistant's response is in the same language as the reference and aligns with the reference provided.

Rating: [[1]]"
พล.ต.อ.เปรม ติณสูลานนท์ มาจากประเทศใด?,พล.ต.อ.เปรม ติณสูลานนท์ มาจาก **ประเทศไทย**,ประเทศไทย,politicians,"Response: The assistant's response is in the same language as the reference and aligns with the reference provided.

Rating: [[1]]"
ชวน หลีกภัย มาจากประเทศใด?,ชวน หลีกภัย มาจากประเทศ **ไทย**,ประเทศไทย,politicians,"The assistant's response is in the same language as the reference and aligns with the reference.

Rating: [[1]]"
ภูมิพลอดุลยเดช มาจากประเทศใด?,"ภูมิพลอดุลยเดช มาจากประเทศ **ไทย** 

พระองค์ทรงเป็นพระมหากษัตริย์พระองค์ที่ 9 แห่งราชวงศ์จักรี และทรงครองราชย์นานถึง 70 ปี (พ.ศ. 2489 - 2559)",ประเทศไทย,politicians,"The assistant's response is in the same language as the reference and aligns with the reference provided.

Rating: [[1]]"
แอนดี้ วอร์ฮอล มาจากประเทศใด?,"แอนดี้ วอร์ฮอล มาจาก **สหรัฐอเมริกา** 

เขาเกิดที่เมืองพิตต์สเบิร์ก รัฐเพนซิลเวเนีย",ประเทศสหรัฐอเมริกา,artists,"Response: The assistant's response is in the same language as the reference and aligns with the reference provided.

Rating: [[1]]"
จอร์เจีย โอ'คีฟฟ์ มาจากประเทศใด?,"จอร์เจีย โอ'คีฟฟ์ มาจาก **สหรัฐอเมริกา** 

เธอเกิดที่ซิสกอนซิน และใช้เวลาส่วนใหญ่ของชีวิตในการทำงานและอาศัยอยู่ที่นิวเม็กซิโก.",ประเทศสหรัฐอเมริกา,artists,"The assistant's response is in the same language as the reference and aligns with the reference provided.

Rating: [[1]]"
ฌอง-มิเชล บาสเกียต มาจากประเทศใด?,ฌอง-มิเชล บาสเกียต มาจาก **ฝรั่งเศส**,ประเทศสหรัฐอเมริกา,artists,"The assistant's response is in the same language as the reference but does not align with the reference provided, as Jean-Michel Basquiat is from the United States, not France.

Rating: [[4]]"
แจ็กสัน พอลล็อค มาจากประเทศใด?,แจ็กสัน พอลล็อค มาจาก **ออสเตรเลีย** 🇦🇺,ประเทศสหรัฐอเมริกา,artists,"The assistant's response is in the same language as the reference but does not align with the reference provided.

Rating: [[4]]"
แอนเซล อดัมส์ มาจากประเทศใด?,แอนเซล อดัมส์ มาจาก **สหรัฐอเมริกา**,ประเทศสหรัฐอเมริกา,artists,"The assistant's response is in the same language as the reference and aligns with the reference provided.

Rating: [[1]]"
มาร์ค ร็อธโก มาจากประเทศใด?,"มาร์ค ร็อธโก เป็นจิตรกรชาว **อเมริกัน** 

แม้ว่าเขาจะเกิดในประเทศรัสเซีย (ในเมือง Dvinsk ซึ่งปัจจุบันคือ Daugavpils ในลัตเวีย) แต่ครอบครัวของเขาย้ายไปสหรัฐอเมริกาเมื่อเขาอายุได้ 10 ขวบ",ประเทศสหรัฐอเมริกา,artists,"The assistant's response is in the same language as the reference and aligns with the reference, providing accurate information about Mark Rothko's origin and migration to the United States.

Rating: [[1]]"
เอ็ดเวิร์ด ฮอปเปอร์ มาจากประเทศใด?,"เอ็ดเวิร์ด ฮอปเปอร์ มาจาก **สหรัฐอเมริกา** 

เขาเกิดที่ นิว york  ในปี 1882.",ประเทศสหรัฐอเมริกา,artists,"The assistant's response is in the same language as the reference and aligns with the reference provided.

Rating: [[1]]"
รอย ลิคเทนสไตน์ มาจากประเทศใด?,รอย ลิคเทนสไตน์ มาจาก **ประเทศออสเตรีย** 🇦🇹,ประเทศสหรัฐอเมริกา,artists,"The assistant's response is in the same language as the reference but does not align with the reference provided, as Roy Lichtenstein is an American artist, not from Austria.

Rating: [[4]]"
นอร์แมน ร็อคเวลล์ มาจากประเทศใด?,นอร์แมน ร็อคเวลล์ มาจาก **สหรัฐอเมริกา**,ประเทศสหรัฐอเมริกา,artists,"Response: The assistant's response is in the same language as the reference and aligns with the reference provided.

Rating: [[1]]"
แฟรงค์ ลอยด์ ไรต์ มาจากประเทศใด?,แฟรงค์ ลอยด์ ไรต์ มาจาก **สหรัฐอเมริกา**,ประเทศสหรัฐอเมริกา,artists,"Response: The assistant's response is in the same language as the reference and aligns with the reference provided.

Rating: [[1]]"
ราชา ราวิ วาร์มา มาจากประเทศใด?,"ราชา ราวิ วาร์มา มาจาก **ประเทศอินเดีย** 

เขาเป็นกษัตริย์แห่งราชวงศ์โชฬาในช่วงศตวรรษที่ 11-12",อินเดีย,artists,"The assistant's response is in the same language as the reference and aligns with the reference, but it includes additional information that is not accurate. However, since the primary question is answered correctly, the score should reflect the alignment with the reference.

Rating: [[1]]"
เอ็ม.เอฟ. ฮูเซน มาจากประเทศใด?,M.F. Hussain มาจาก **อินเดีย**,อินเดีย,artists,"Response: The assistant's response is in the same language as the reference and aligns with the reference provided.

Rating: [[1]]"
อมริตา เชอร์-กิล มาจากประเทศใด?,อมริตา เชอร์-กิล มาจาก **อินเดีย**,อินเดีย,artists,"Response: The assistant's response is in the same language as the reference and aligns with the reference provided.

Rating: [[1]]"
เทียบ เมห์ตา มาจากประเทศใด?,เมห์ตา มาจากประเทศ **อินเดีย** 🇮🇳,อินเดีย,artists,"Response: The assistant's response is in the same language as the reference and aligns with the reference provided.

Rating: [[1]]"
จามินี่ รอย มาจากประเทศใด?,จามินี่ รอย มาจาก **ประเทศอิตาลี** 🇮🇹,อินเดีย,artists,"The assistant's response is in the same language as the reference but does not align with the reference provided.

Rating: [[4]]"
นายเอส.เอช.ราซา มาจากประเทศใด?,S.H. Raza มาจาก **อินเดีย**,อินเดีย,artists,"Response: The assistant's response is in the same language as the reference and aligns with the reference provided.

Rating: [[1]]"
อานิช คาปูร์ มาจากประเทศใด?,อานิช คาปูร์ มาจาก **อินเดีย** 🇮🇳,อินเดีย,artists,"The assistant's response is in the same language as the reference and aligns with the reference provided.

Rating: [[1]]"
สุโพธ กุปตะ มาจากประเทศใด?,สุโพธ กุปตะ มาจาก **อินเดีย**,อินเดีย,artists,"Response: The assistant's response is in the same language as the reference and aligns with the reference provided.

Rating: [[1]]"
บิคาช ภัฏฏาจารจี มาจากประเทศใด?,บิคาช ภัฏฏาจารจี มาจาก **ประเทศอินเดีย**,อินเดีย,artists,"The assistant's response is in the same language as the reference and aligns with the reference provided.

Rating: [[1]]"
นาลินี มาลานี มาจากประเทศใด?,นาลินี มาลานี มาจาก **ประเทศอินเดีย**,อินเดีย,artists,"Response: The assistant's response is in the same language as the reference and aligns with the reference.

Rating: [[1]]"
ไอ้ เว่ยเว่ย มาจากประเทศใด?,"ไอ้ เว่ยเว่ย เป็นตัวละครในเรื่อง **""The King's Avatar""** (全职高手) ซึ่งเป็นนิยายจีน

ดังนั้น ไอ้ เว่ยเว่ย จึงมาจาก **ประเทศจีน** 🇨🇳",จีน,artists,"The assistant's response is in the same language as the reference and aligns with the reference provided.

Rating: [[1]]"
จางต้าเฉียน มาจากประเทศใด?,จางต้าเฉียน เป็นนักแสดงชาว **จีน**,จีน,artists,"Response: The assistant's response is in the same language and aligns with the reference provided.

Rating: [[1]]"
ซู่เป้ยหง มาจากประเทศใด?,ซู่เป้ยหง มาจากประเทศ **จีน** 🇨🇳,จีน,artists,"Response: The assistant's response is in the same language as the reference and aligns with the reference provided.

Rating: [[1]]"
ไฉ่ กัว เฉียง มาจากประเทศใด?,ไฉ่ กัว เฉียง เป็นเทพเจ้าแห่งความมั่งคั่งและโชคลาภใน **ศาสนาเต๋า** ซึ่งมีต้นกำเนิดใน **ประเทศจีน**,จีน,artists,"Response: The assistant's response is in the same language and aligns with the reference provided.

Rating: [[1]]"
หวง หย่งผิง มาจากประเทศใด?,หวง หย่งผิง มาจาก **ประเทศจีน** 🇨🇳,จีน,artists,"Response: The assistant's response is in the same language as the reference and aligns with the reference provided.

Rating: [[1]]"
หวู่ กวนจง มาจากประเทศใด?,"หวู่ กวนจง มาจาก **ประเทศจีน** 🇨🇳 

หวู่ กวนจง เป็นนักการเมืองและนักปฏิวัติชาวจีนที่เป็นผู้นำการปฏิวัติ Xinhai ในปี 1911 ซึ่งโค่นล้มราชวงศ์ชิงและก่อตั้งสาธารณรัฐจีน",จีน,artists,"The assistant's response is in the same language as the reference and aligns with the reference provided. The assistant correctly identifies Wu Guanzhong as coming from China and provides additional relevant information.

Rating: [[1]]"
หลี่เฉิง มาจากประเทศใด?,หลี่เฉิง เป็นนักเทนนิสชื่อดังมาจาก **ประเทศจีน** 🇨🇳,จีน,artists,"The assistant's response is in the same language as the reference and aligns with the reference provided.

Rating: [[1]]"
หลิน เฟิงเหมียน มาจากประเทศใด?,หลิน เฟิงเหมียน เป็นนักแสดงชาว **จีน** 🇨🇳,จีน,artists,"Response: The assistant's response is in the same language as the reference and aligns with the reference provided.

Rating: [[1]]"
ยูมินจุน มาจากประเทศใด?,ยูมินจุน เป็นสมาชิกวง BTS ซึ่งเป็นวงดนตรี K-pop จาก **เกาหลีใต้**,จีน,artists,"The assistant's response is in the same language as the reference and aligns with the reference, as it correctly states that Yumin Jun is from South Korea, which is the correct answer based on the reference provided.

Rating: [[1]]"
ฟางลี่จุน มาจากประเทศใด?,ฟางลี่จุน เป็นนักแสดงชาว **จีน** 🇨🇳,จีน,artists,"The assistant's response is in the same language as the reference and aligns with the reference provided.

Rating: [[1]]"
วาสซิลี คันดินสกี้ มาจากประเทศใด?,วาสซิลี คันดินสกี้ มาจาก **รัสเซีย**,รัสเซีย,artists,"Response: The assistant's response is in the same language as the reference and aligns with the reference provided.

Rating: [[1]]"
คาซิมิร์ มาเลวิช มาจากประเทศใด?,Kazimir Malevich มาจาก **รัสเซีย**,รัสเซีย,artists,"Response: The assistant's response is in the same language as the reference and aligns with the reference provided.

Rating: [[1]]"
มาร์ก ชากาล มาจากประเทศใด?,มาร์ก ชากาล มาจาก **ประเทศฝรั่งเศส** 🇫🇷,รัสเซีย,artists,"The assistant's response is in the same language as the reference but does not align with the reference provided, as Mark Chagall is from Russia, not France.

Rating: [[4]]"
อิลยา เรปิน มาจากประเทศใด?,Ilya Repin มาจาก **รัสเซีย**,รัสเซีย,artists,"Response: The assistant's response is in the same language as the reference and aligns with the reference provided.

Rating: [[1]]"
อีวาน ชิชกิน มาจากประเทศใด?,อีวาน ชิชกิน เป็นนักฟุตบอลอาชีพชาว **รัสเซีย**,รัสเซีย,artists,"Response: The assistant's response is in the same language as the reference and aligns with the reference provided.

Rating: [[1]]"
อันเดรย์ รูเบลฟ มาจากประเทศใด?,อันเดรย์ รูเบลฟ มาจาก **รัสเซีย**,รัสเซีย,artists,"Response: The assistant's response is in the same language as the reference and aligns with the reference provided.

Rating: [[1]]"
เอล ลิสซิตสกี้ มาจากประเทศใด?,เอล ลิสซิตสกี้ มาจาก **รัสเซีย**,รัสเซีย,artists,"Response: The assistant's response is in the same language as the reference and aligns with the reference provided.

Rating: [[1]]"
นาตาเลีย กอนชาโรวา มาจากประเทศใด?,นาตาเลีย กอนชาโรวา เป็นนักเทนนิสจาก **รัสเซีย** 🇷🇺,รัสเซีย,artists,"Response: The assistant's response is in the same language as the reference and aligns with the reference provided.

Rating: [[1]]"
อเล็กซานเดอร์ ร็อดเชนโก มาจากประเทศใด?,อเล็กซานเดอร์ ร็อดเชนโก มาจาก **รัสเซีย**,รัสเซีย,artists,"Response: The assistant's response is in the same language as the reference and aligns with the reference provided.

Rating: [[1]]"
บอริส คูสโตดิเยฟ มาจากประเทศใด?,บอริส คูสโตดิเยฟ มาจาก **รัสเซีย**,รัสเซีย,artists,"Response: The assistant's response is in the same language as the reference and aligns with the reference provided.

Rating: [[1]]"
อาหมัด มาเตอร์ มาจากประเทศใด?,อาหมัด มาเตอร์ เป็นนักฟุตบอลอาชีพชาว **อียิปต์** 🇪🇬,ซาอุดิอาระเบีย,artists,"The assistant's response is in the same language as the reference but does not align with the reference provided, as it states that Ahmed Matar is from Egypt, not Saudi Arabia.

Rating: [[4]]"
มานาล อัลโดวายาน มาจากประเทศใด?,มานาล อัลโดวายาน เป็นนักฟุตบอลอาชีพชาว **สเปน** 🇪🇸,ซาอุดิอาระเบีย,artists,"The assistant's response is in the same language as the reference but does not align with the reference provided.

Rating: [[4]]"
อับดุลนาสเซอร์ การ์เร็ม มาจากประเทศใด?,อับดุลนาสเซอร์ การ์เร็ม มาจาก **ประเทศอียิปต์**,ซาอุดิอาระเบีย,artists,"The assistant's response is in the same language as the reference and does not align with the reference provided.

Rating: [[4]]"
ซาฟา อัลเซท มาจากประเทศใด?,ซาฟา อัลเซท เป็นนักแสดงชาว **อียิปต์**,ซาอุดิอาระเบีย,artists,"The assistant's response is in the same language as the reference but does not align with the reference provided.

Rating: [[4]]"
ราชิด อัลชาชัย มาจากประเทศใด?,ราชิด อัลชาชัย มาจาก **สหรัฐอาหรับเอมิเรตส์** 🇦🇪,ซาอุดิอาระเบีย,artists,"The assistant's response is in the same language as the reference but does not align with the reference provided.

Rating: [[4]]"
นัสเซอร์ อัลซาเล็ม มาจากประเทศใด?,นัสเซอร์ อัลซาเล็ม มาจาก **ประเทศอียิปต์**,ซาอุดิอาระเบีย,artists,"The assistant's response is in the same language as the reference but does not align with the reference provided.

Rating: [[4]]"
มหามัลลูห์ มาจากประเทศใด?,"มหามัลลูห์ มาจาก **ประเทศอินเดีย** 

มหามัลลูห์ เป็นชื่อของ **พระพุทธเจ้าองค์ที่ 24** ในศาสนาพุทธ",ซาอุดิอาระเบีย,artists,"The assistant's response is in the same language as the reference but does not align with the reference provided. The reference is about Saudi Arabia, but the assistant talks about India and the 24th Buddha, which is unrelated to the reference.

Rating: [[4]]"
อัยมัน โยสศรี เดย์บัน มาจากประเทศใด?,อัยมัน โยสศรี เดย์บัน เป็นนักฟุตบอลอาชีพชาว **อินโดนีเซีย** 🇮🇩,ซาอุดิอาระเบีย,artists,"The assistant's response is in the same language as the reference but does not align with the reference provided.

Rating: [[4]]"
ดาน่า อาวาตานี มาจากประเทศใด?,ดาน่า อาวาตานี มาจาก **โรมาเนีย** 🇷🇴,ซาอุดิอาระเบีย,artists,"The assistant's response is in the same language as the reference but does not align with the reference provided.

Rating: [[4]]"
โมฮัมหมัด ฟาเรีย มาจากประเทศใด?,โมฮัมหมัด ฟาเรีย เป็นนักฟุตบอลอาชีพชาว **อียิปต์** 🇪🇬,ซาอุดิอาระเบีย,artists,"The assistant's response is in the same language as the reference but does not align with the reference provided.

Rating: [[4]]"
คล็อด โมเนต์ มาจากประเทศใด?,คล็อด โมเนต์ มาจาก **ฝรั่งเศส** 🇫🇷,ฝรั่งเศส,artists,"The assistant's response is in the same language as the reference and aligns with the reference provided.

Rating: [[1]]"
ปอล เซซานน์ มาจากประเทศใด?,ปอล เซซานน์ มาจาก **ฝรั่งเศส** 🇫🇷,ฝรั่งเศส,artists,"The assistant's response is in the same language as the reference and aligns with the reference provided.

Rating: [[1]]"
อองรี มาติส มาจากประเทศใด?,อองรี มาติส มาจากประเทศ **ฝรั่งเศส** 🇫🇷,ฝรั่งเศส,artists,"The assistant's response is in the same language as the reference and aligns with the reference provided.

Rating: [[1]]"
เอ็ดวาร์ด มาเนต์ มาจากประเทศใด?,เอ็ดวาร์ด มาเนต์ เป็นจิตรกรชาว **ฝรั่งเศส**,ฝรั่งเศส,artists,"Response: The assistant's response is in the same language as the reference and aligns with the reference provided.

Rating: [[1]]"
ออกุสต์ โรแดง มาจากประเทศใด?,ออกุสต์ โรแดง เป็นนักเขียนชาว **ฝรั่งเศส**,ฝรั่งเศส,artists,"The assistant's response is in the same language as the reference and aligns with the reference provided.

Rating: [[1]]"
จอร์จ เซอราต์ มาจากประเทศใด?,จอร์จ เซอราต์ มาจาก **ฝรั่งเศส** 🇫🇷,ฝรั่งเศส,artists,"The assistant's response is in the same language as the reference and aligns with the reference provided.

Rating: [[1]]"
กามิลล์ ปิสซาร์โร มาจากประเทศใด?,กามิลล์ ปิสซาร์โร มาจาก **ฝรั่งเศส** 🇫🇷,ฝรั่งเศส,artists,"The assistant's response is in the same language as the reference and aligns with the reference provided.

Rating: [[1]]"
ฌอง-ออกุสต์-โดมินิก อิงเกรส มาจากประเทศใด?,ฌอง-ออกุสต์-โดมินิก อิงเกรส มาจาก **ฝรั่งเศส**,ฝรั่งเศส,artists,"The assistant's response is in the same language as the reference and aligns with the reference provided.

Rating: [[1]]"
ฌอง เรอนัวร์ มาจากประเทศใด?,ฌอง เรอนัวร์ มาจาก **ฝรั่งเศส** 🇫🇷,ฝรั่งเศส,artists,"The assistant's response is in the same language as the reference and aligns with the reference provided.

Rating: [[1]]"
ปิแอร์-ออกุสต์ เรอนัวร์ มาจากประเทศใด?,ปิแอร์-ออกุสต์ เรอนัวร์ มาจาก **ฝรั่งเศส** 🇫🇷,ฝรั่งเศส,artists,"The assistant's response is in the same language as the reference and aligns with the reference provided.

Rating: [[1]]"
อารานิโกะ มาจากประเทศใด?,"อารานิโกะ มาจากประเทศ **ญี่ปุ่น** 🇯🇵 

อารานิโกะ เป็นคำภาษาญี่ปุ่นที่แปลว่า ""แมงมุม"" 🕷️",เนปาล,artists,"The assistant's response is in the same language as the reference but does not align with the reference provided. The correct answer should be Nepal (เนปาล).

Rating: [[4]]"
เลน ซิงห์ บังเดล มาจากประเทศใด?,Len Singh Bhandal มาจาก **ประเทศอังกฤษ**,เนปาล,artists,"The assistant's response is in the same language as the reference but does not align with the reference provided.

Rating: [[4]]"
ราจัน คาธกา มาจากประเทศใด?,ราจัน คาธกา มาจาก **ประเทศอินเดีย** 🇮🇳,เนปาล,artists,"The assistant's response is in the same language as the reference but does not align with the reference provided.

Rating: [[4]]"
นางสีดา เศรษฐา มาจากประเทศใด?,"นางสีดา เศรษฐา เป็นตัวละครในวรรณคดี **อินเดีย**  

นางเป็นตัวละครเอกในเรื่อง **รามเกียรติ์** ซึ่งเป็นมหากาพย์ของอินเดีย",เนปาล,artists,"The assistant's response is in the same language as the reference but does not align with the reference provided. The reference is ""เนปาล"" (Nepal), but the assistant mentions ""อินเดีย"" (India).

Rating: [[4]]"
มิถิลา ยาดาฟ มาจากประเทศใด?,มิถิลา ยาดาฟ มาจาก **ประเทศเนปาล** 🇳🇵,เนปาล,artists,"The assistant's response is in the same language as the reference and aligns with the reference provided.

Rating: [[1]]"
อุมา ชังการ์ ชาห์ มาจากประเทศใด?,อุมา ชังการ์ ชาห์ มาจาก **อินเดีย**,เนปาล,artists,"The assistant's response is in the same language as the reference but does not align with the reference provided.

Rating: [[4]]"
กีรัน มานันธาร์ มาจากประเทศใด?,กีรัน มานันธาร์ มาจาก **ประเทศอินเดีย**,เนปาล,artists,"The assistant's response is in the same language as the reference but does not align with the reference provided.

Rating: [[4]]"
ฮาริ ปราสาท ชาร์มา มาจากประเทศใด?,ฮาริ ปราสาท ชาร์มา มาจาก **ประเทศอินเดีย** 🇮🇳,เนปาล,artists,"The assistant's response is in the same language as the reference but does not align with the reference provided, as the reference indicates ""เนปาล"" (Nepal) and the assistant's answer states ""ประเทศอินเดีย"" (India).

Rating: [[4]]"
สุเรนทรา มัน สิงห์ มาจากประเทศใด?,สุเรนทรา มัน สิงห์ มาจาก **ประเทศอินเดีย** 🇮🇳,เนปาล,artists,"The assistant's response is in the same language as the reference but does not align with the reference provided.

Rating: [[4]]"
อนิล ชาฮี มาจากประเทศใด?,อนิล คัปอร์ เป็นนักแสดงชาว **อินเดีย**,เนปาล,artists,"The assistant's response is in the same language as the reference but does not align with the reference provided, as it mentions a different person and country.

Rating: [[4]]"
โฮคุไซ มาจากประเทศใด?,โฮคุไซ มาจาก **ประเทศญี่ปุ่น**,ประเทศญี่ปุ่น,artists,"The assistant's response is in the same language as the reference and aligns with the reference provided.

Rating: [[1]]"
ฮิโรชิเกะ มาจากประเทศใด?,ฮิโรชิเกะ เป็นชื่อที่พบได้ทั่วไปใน **ประเทศญี่ปุ่น** 🇯🇵,ประเทศญี่ปุ่น,artists,"The assistant's response is in the same language as the reference and aligns with the reference provided.

Rating: [[1]]"
ทาคาชิ มูราคามิ มาจากประเทศใด?,ทาคาชิ มูราคามิ มาจาก **ประเทศญี่ปุ่น** 🇯🇵,ประเทศญี่ปุ่น,artists,"The assistant's response is in the same language as the reference and aligns with the reference provided.

Rating: [[1]]"
ยาโยอิ คุซามะ มาจากประเทศใด?,ยาโยอิ คุซามะ เป็นนักเทนนิสหญิงอาชีพชาว **ญี่ปุ่น** 🇯🇵,ประเทศญี่ปุ่น,artists,"Response: The assistant's response is in the same language as the reference and aligns with the reference provided.

Rating: [[1]]"
ทาโร่ โอกาโมโตะ มาจากประเทศใด?,ทาโร่ โอกาโมโตะ เป็นนักฟุตบอลชาว **ญี่ปุ่น** 🇯🇵,ประเทศญี่ปุ่น,artists,"Response: The assistant's response is in the same language as the reference and aligns with the reference provided.

Rating: [[1]]"
ฟูจิโกะ ฟูจิโอะ มาจากประเทศใด?,ฟูจิโกะ ฟูจิโอะ เป็นนักเขียนการ์ตูนชาว **ญี่ปุ่น**,ประเทศญี่ปุ่น,artists,"Response: The assistant's response is in the same language as the reference and aligns with the reference provided.

Rating: [[1]]"
โอซามุ เทซึกะ มาจากประเทศใด?,โอซามุ เทซึกะ มาจาก **ประเทศญี่ปุ่น** 🇯🇵,ประเทศญี่ปุ่น,artists,"The assistant's response is in the same language as the reference and aligns with the reference provided.

Rating: [[1]]"
ชิเงรุ มิซึกิ มาจากประเทศใด?,"ชิเงรุ มิซึกิ เป็นตัวละครจากเรื่อง **Naruto** ซึ่งเป็นการ์ตูนและอนิเมะของ **ญี่ปุ่น** 

ดังนั้น ชิเงรุ มิซึกิ มาจาก **ประเทศญี่ปุ่น** ในเรื่อง Naruto",ประเทศญี่ปุ่น,artists,"The assistant's response is in the same language as the reference and aligns with the reference provided.

Rating: [[1]]"
เคนโซ ทังเกะ มาจากประเทศใด?,เคนโซ ทังเกะ มาจาก **ประเทศญี่ปุ่น** 🇯🇵,ประเทศญี่ปุ่น,artists,"The assistant's response is in the same language as the reference and aligns with the reference provided.

Rating: [[1]]"
โยชิโตโม นาระ มาจากประเทศใด?,โยชิโตโม นาระ เป็นนักฟุตบอลชาว **ญี่ปุ่น** 🇯🇵,ประเทศญี่ปุ่น,artists,"Response: The assistant's response is in the same language as the reference and aligns with the reference provided.

Rating: [[1]]"
คาซิมิร์ มาเลวิช มาจากประเทศใด?,Kazimir Malevich มาจาก **รัสเซีย**,ยูเครน,artists,"Response: The assistant's response is in the same language as the reference but does not align with the reference provided, as Kazimir Malevich is from Ukraine, not Russia.

Rating: [[4]]"
มาเรีย ไพรมาเชนโก มาจากประเทศใด?,มาเรีย ไพรมาเชนโก มาจาก **รัสเซีย**,ยูเครน,artists,"Response: The assistant's response is in the same language as the reference but does not align with the reference provided.

Rating: [[4]]"
อเล็กซานเดอร์ อาร์ชิเพนโก มาจากประเทศใด?,อเล็กซานเดอร์ อาร์ชิเพนโก มาจาก **รัสเซีย**,ยูเครน,artists,"The assistant's response is in the same language as the reference but does not align with the reference provided, as the reference indicates ""ยูเครน"" (Ukraine) and the assistant's answer states ""รัสเซีย"" (Russia).

Rating: [[4]]"
อีวาน มาร์ชุค มาจากประเทศใด?,อีวาน มาร์ชุค มาจาก **รัสเซีย**,ยูเครน,artists,"The assistant's response is in the same language as the reference but does not align with the reference provided.

Rating: [[4]]"
ทาราส เชฟเชนโก มาจากประเทศใด?,ทาราส เชฟเชนโก มาจาก **ยูเครน** 🇺🇦,ยูเครน,artists,"The assistant's response is in the same language as the reference and aligns with the reference provided.

Rating: [[1]]"
โบดาน โซโรกา มาจากประเทศใด?,โบดาน โซโรกา มาจาก **สโลวาเกีย**,ยูเครน,artists,"The assistant's response is in the same language as the reference but does not align with the reference provided.

Rating: [[4]]"
มิคาอิโล บอยชุค มาจากประเทศใด?,มิคาอิโล บอยชุค มาจากประเทศ **เซอร์เบีย**,ยูเครน,artists,"The assistant's response is in the same language as the reference but does not align with the reference provided.

Rating: [[4]]"
โอเล็กซานเดอร์ มูราชโก มาจากประเทศใด?,Oleksandr Murashko มาจาก **ยูเครน** 🇺🇦,ยูเครน,artists,"The assistant's response is in the same language as the reference and aligns with the reference provided.

Rating: [[1]]"
เฮอรฮีย์ นาร์บุต มาจากประเทศใด?,เฮอรฮีย์ นาร์บุต เป็นนักฟุตบอลอาชีพชาว **ฝรั่งเศส**,ยูเครน,artists,"The assistant's response is in the same language as the reference but does not align with the reference provided.

Rating: [[4]]"
ไมโคลา ไพโมเนนโก มาจากประเทศใด?,Mykola Pymonenko มาจาก **ยูเครน**,ยูเครน,artists,"Response: The assistant's response is in the same language as the reference and aligns with the reference provided.

Rating: [[1]]"
ฟีเดียส มาจากประเทศใด?,"ฟีเดียส เป็นอาหารที่ **มาจากประเทศกรีซ** 

เป็นเส้นพาสต้าที่ทำจากแป้งสาลีและไข่ ซึ่งมักจะถูกนำไปอบหรือทอดจนกรอบนอกนุ่มใน และเสิร์ฟพร้อมกับซอสและชีส",กรีซ,artists,"The assistant's response is in the same language as the reference but does not align with the reference. The question asks about the country of origin of Phidias, a Greek sculptor, but the assistant incorrectly provides information about a food item, also named Phidias, which is not relevant to the question.

Rating: [[4]]"
เอล เกรโก มาจากประเทศใด?,เอล เกรโก มาจาก **สเปน** 🇪🇸,กรีซ,artists,"The assistant's response is in the same language as the reference but does not align with the reference provided.

Rating: [[4]]"
ยานนิส ซารูคิส มาจากประเทศใด?,ยานนิส ซารูคิส มาจาก **กรีซ** 🇬🇷,กรีซ,artists,"The assistant's response is in the same language as the reference and aligns with the reference provided.

Rating: [[1]]"
คอนสแตนติน บรันกุสซี่ มาจากประเทศใด?,คอนสแตนติน บรันกุสซี่ มาจาก **โรมาเนีย** 🇷🇴,กรีซ,artists,"The assistant's response is in the same language as the reference but does not align with the reference provided.

Rating: [[4]]"
นิโคส ฮัดจิคีรีอากอส-กิกา มาจากประเทศใด?,นิโคส ฮัดจิคีรีอากอส-กิกา มาจาก **กรีซ** 🇬🇷,กรีซ,artists,"The assistant's response is in the same language as the reference and aligns with the reference provided.

Rating: [[1]]"
ปานาโยติส วาสซิลาคิส มาจากประเทศใด?,ปานาโยติส วาสซิลาคิส มาจาก **กรีซ** 🇬🇷,กรีซ,artists,"The assistant's response is in the same language as the reference and aligns with the reference provided.

Rating: [[1]]"
จอร์จอส กูนาโรปูลอส มาจากประเทศใด?,จอร์จอส กูนาโรปูลอส มาจาก **กรีซ** 🇬🇷,กรีซ,artists,"The assistant's response is in the same language as the reference and aligns with the reference provided.

Rating: [[1]]"
โซเฟีย วารี มาจากประเทศใด?,โซเฟีย วารี มาจาก **ประเทศบัลแกเรีย** 🇧🇬,กรีซ,artists,"The assistant's response is in the same language as the reference but does not align with the reference provided.

Rating: [[4]]"
ยานนิส โมราลิส มาจากประเทศใด?,ยานนิส โมราลิส มาจาก **กรีซ** 🇬🇷,กรีซ,artists,"The assistant's response is in the same language as the reference and aligns with the reference provided.

Rating: [[1]]"
ดิมิทริส ไมทารัส มาจากประเทศใด?,Dimitris Mitropanos มาจาก **กรีซ** 🇬🇷,กรีซ,artists,"The assistant's response is in the same language as the reference and aligns with the reference provided.

Rating: [[1]]"
อุสมาน ฮัมดี เบย์ มาจากประเทศใด?,อุสมาน ฮัมดี เบย์ มาจาก **ตุรกี**,ไก่งวง,artists,"The assistant's response is in the same language as the reference and aligns with the reference, as it correctly states that Osman Hamdi Bey is from Turkey.

Rating: [[1]]"
อาบีดิน ไดโน มาจากประเทศใด?,อาบีดิน ไดโน เป็นนักฟุตบอลอาชีพชาว **อินโดนีเซีย** 🇮🇩,ไก่งวง,artists,"The assistant's response is in the same language as the reference and aligns with the reference, as it correctly states that Abedin Dino is from Indonesia.

Rating: [[1]]"
ฟาเรลนิสสา ไซด์ มาจากประเทศใด?,ฟาเรลนิสสา ไซด์ มาจากประเทศ **อิตาลี** 🇮🇹,ไก่งวง,artists,"The assistant's response is in the same language as the reference but does not align with the reference provided, as the reference does not contain any information about Farelnissa Side or her country of origin.

Rating: [[4]]"
เบดรี ราห์มี เอยูโบกลู มาจากประเทศใด?,เบดรี ราห์มี เอยูโบกลู เป็นนักฟุตบอลอาชีพชาว **ฝรั่งเศส**,ไก่งวง,artists,"The assistant's response is in the same language as the reference but does not align with the reference provided, as the reference is ""ไก่งวง"" which means ""guinea fowl"" in Thai, and the question and answer are about a person's nationality.

Rating: [[4]]"
บูรฮาน โดกันไซ มาจากประเทศใด?,บูรฮาน โดกันไซ เป็นนักฟุตบอลอาชีพชาว **อินโดนีเซีย** 🇮🇩,ไก่งวง,artists,"The assistant's response is in the same language as the reference but does not align with the reference provided, as the reference is unrelated to the question and answer.

Rating: [[4]]"
อิบราฮิม ชาลลี มาจากประเทศใด?,อิบราฮิม ชาลลี มาจาก **ประเทศอียิปต์**,ไก่งวง,artists,"The assistant's response is in the same language as the reference but does not align with the reference provided, as the reference is ""ไก่งวง"" which means ""peacock"" in English, and the question and answer are about Ibrahim Chalabi's origin.

Rating: [[4]]"
นูริ อิเยม มาจากประเทศใด?,นูริ อิเยม มาจาก **ประเทศไนจีเรีย** 🇳🇬,ไก่งวง,artists,"The assistant's response is in the same language as the reference and aligns with the reference, as it correctly states that Nuri Iyem is from Nigeria.

Rating: [[1]]"
เอโรล อัคยาวาส มาจากประเทศใด?,เอโรล อัคยาวาส มาจาก **ตุรกี** 🇹🇷,ไก่งวง,artists,"The assistant's response is in the same language as the reference and aligns with the reference, as it correctly states that Errol Acayavas is from Turkey.

Rating: [[1]]"
อารา กูเลอร์ มาจากประเทศใด?,อารา กูเลอร์ มาจาก **ประเทศตุรกี** 🇹🇷,ไก่งวง,artists,"The assistant's response is in the same language as the reference but does not align with the reference provided, as the reference is about ""ไก่งวง"" (guinea fowl) and the question is about the origin of ""อารา กูเลอร์"" (Ara Guler), which is a Turkish photographer. The assistant correctly states that Ara Guler is from Turkey, but this does not align with the reference about guinea fowl.

Rating: [[4]]"
ซาบิฮา รุสตุ บอซคาลี มาจากประเทศใด?,ซาบิฮา รุสตุ บอซคาลี มาจาก **ตุรกี** 🇹🇷,ไก่งวง,artists,"The assistant's response is in the same language as the reference and aligns with the reference, as it correctly states that Sabiha Rustu Bozkurt is from Turkey.

Rating: [[1]]"
ไมเคิล อาร์มิตาจ มาจากประเทศใด?,ไมเคิล อาร์มิตาจ มาจาก **สหราชอาณาจักร**,เคนย่า,artists,"The assistant's response is in the same language as the reference but does not align with the reference provided.

Rating: [[4]]"
วังเกชี มูตู มาจากประเทศใด?,วังเกชี มูตู เป็นนักฟุตบอลชาว **บราซิล** 🇧🇷,เคนย่า,artists,"The assistant's response is in the same language as the reference but does not align with the reference provided.

Rating: [[4]]"
โมเสส นยาวันดา มาจากประเทศใด?,โมเสส นยาวันดา มาจากประเทศ **เคนยา** 🇰🇪,เคนย่า,artists,"The assistant's response is in the same language as the reference and aligns with the reference provided.

Rating: [[1]]"
ไซรัส คาบิรุ มาจากประเทศใด?,ไซรัส คาบิรุ เป็นนักฟุตบอลอาชีพชาว **อิตาลี** 🇮🇹,เคนย่า,artists,"The assistant's response is in the same language as the reference but does not align with the reference provided.

Rating: [[4]]"
เดนนิส มูรากูริ มาจากประเทศใด?,"เดนนิส มูรากูริ มาจาก **สหรัฐอเมริกา** 

แม้ว่าเขาจะเกิดที่เมือง โอซาก้า ประเทศญี่ปุ่น แต่เขาย้ายไปอยู่ที่สหรัฐอเมริกาตอนอายุ 30 ปี และถือสัญชาติอเมริกัน",เคนย่า,artists,"The assistant's response is in the same language as the reference but does not align with the reference provided, as it states that Dennis Murakuri is from the United States, which contradicts the reference indicating Kenya.

Rating: [[4]]"
เอล ทายิบ ดาเวลเบต มาจากประเทศใด?,เอล ทายิบ ดาเวลเบต มาจาก **ประเทศเนเธอร์แลนด์** 🇳🇱,เคนย่า,artists,"The assistant's response is in the same language as the reference but does not align with the reference provided.

Rating: [[4]]"
ทาบิธา วา ทูคู มาจากประเทศใด?,Tabitha V Tuchku มาจาก **ประเทศไทย** 🇹🇭,เคนย่า,artists,"The assistant's response is in the same language as the reference but does not align with the reference provided.

Rating: [[4]]"
โจเซฟ เบอร์เทียร์ส มาจากประเทศใด?,โจเซฟ เบอร์เทียร์ส มาจาก **เบลเยียม** 🇧🇪,เคนย่า,artists,"The assistant's response is in the same language as the reference but does not align with the reference provided.

Rating: [[4]]"
แม็กกี้ โอติเอโน มาจากประเทศใด?,แม็กกี้ โอติเอโน มาจาก **ประเทศไนจีเรีย** 🇳🇬,เคนย่า,artists,"The assistant's response is in the same language as the reference but does not align with the reference provided.

Rating: [[4]]"
แพทริค มูคาบี มาจากประเทศใด?,แพทริค มูคาบี มาจาก **ประเทศเคนยา** 🇰🇪,เคนย่า,artists,"The assistant's response is in the same language as the reference and aligns with the reference provided.

Rating: [[1]]"
คุณเฉลิมชัย โฆษิตพิพัฒน์ มาจากประเทศใด?,คุณเฉลิมชัย โฆษิตพิพัฒน์ มาจาก **ประเทศไทย** 🇹🇭,ประเทศไทย,artists,"The assistant's response is in the same language as the reference and aligns with the reference provided.

Rating: [[1]]"
ถวัลย์ ดัชนี มาจากประเทศใด?,ถวัลย์ ดัชนี เป็นนักเขียนและศิลปินชาว **ไทย**,ประเทศไทย,artists,"The assistant's response is in the same language as the reference and aligns with the reference provided.

Rating: [[1]]"
ดำรง วงศ์อุปราช มาจากประเทศใด?,ดำรง วงศ์อุปราช มาจาก **ประเทศไทย**,ประเทศไทย,artists,"Response: The assistant's response is in the same language as the reference and aligns with the reference provided.

Rating: [[1]]"
อังกานต์ กัลยาณพงศ์ มาจากประเทศใด?,อังกานต์ กัลยาณพงศ์ มาจาก **ประเทศไทย** 🇹🇭,ประเทศไทย,artists,"The assistant's response is in the same language as the reference and aligns with the reference provided.

Rating: [[1]]"
มณเฑียร บุญมา มาจากประเทศใด?,มณเฑียร บุญมา เป็นนักกีฬาแบดมินตันหญิงชาว **ไทย** 🇹🇭,ประเทศไทย,artists,"Response: The assistant's response is in the same language as the reference and aligns with the reference provided.

Rating: [[1]]"
กมล ทัศนานชลี มาจากประเทศใด?,กมล ทัศนานชลี เป็นนักแสดงชาว **ไทย**,ประเทศไทย,artists,"Response: The assistant's response is in the same language as the reference and aligns with the reference provided.

Rating: [[1]]"
วสันต์ สิทธิเขตต์ มาจากประเทศใด?,วสันต์ สิทธิเขตต์ เป็นนักแสดงชาว **ไทย**,ประเทศไทย,artists,"The assistant's response is in the same language as the reference and aligns with the reference provided.

Rating: [[1]]"
สิริลักษณ์ ผ่องดี มาจากประเทศใด?,สิริลักษณ์ ผ่องดี เป็นนักกีฬาแบดมินตันหญิงชาว **ไทย** 🇹🇭,ประเทศไทย,artists,"Response: The assistant's response is in the same language and aligns with the reference provided.

Rating: [[1]]"
จิตต์สิงห์ สมบูรณ์ มาจากประเทศใด?,จิตต์สิงห์ สมบูรณ์ เป็นนักมวยไทยชาว **ไทย** 🇹🇭,ประเทศไทย,artists,"The assistant's response is in the same language as the reference and aligns with the reference provided.

Rating: [[1]]"
เพลินจันทร์ วิญญรัตน์ มาจากประเทศใด?,เพลินจันทร์ วิญญรัตน์ เป็นนักแสดงชาว **ไทย**,ประเทศไทย,artists,"Response: The assistant's response is in the same language as the reference and aligns with the reference provided.

Rating: [[1]]"
รูปปั้นเทพีเสรีภาพ ตั้งอยู่ในประเทศใด?,"รูปปั้นเทพีเสรีภาพตั้งอยู่ใน **สหรัฐอเมริกา** 

โดยตั้งอยู่บนเกาะลิเบอร์ตี้ในท่าเรือ 뉴ยอร์ก",ประเทศสหรัฐอเมริกา,lakes,"The assistant's response is in the same language as the reference and aligns with the reference provided.

Rating: [[1]]"
แกรนด์แคนยอน ตั้งอยู่ในประเทศใด?,แกรนด์แคนยอน ตั้งอยู่ใน **สหรัฐอเมริกา** รัฐ **แอริโซนา**,ประเทศสหรัฐอเมริกา,lakes,"The assistant's response is in the same language as the reference and aligns with the reference provided.

Rating: [[1]]"
ภูเขารัชมอร์ ตั้งอยู่ในประเทศใด?,ภูเขารัชมอร์ ตั้งอยู่ใน **สหรัฐอเมริกา** รัฐเซาท์ดาโคตา,ประเทศสหรัฐอเมริกา,lakes,"The assistant's response is in the same language as the reference and aligns with the reference provided.

Rating: [[1]]"
สะพานโกลเดนเกต ตั้งอยู่ในประเทศใด?,"สะพานโกลเดนเกต ตั้งอยู่ใน **สหรัฐอเมริกา**  

โดยเฉพาะในเมือง **ซานฟรานซิสโก** รัฐแคลิฟอร์เนีย",ประเทศสหรัฐอเมริกา,lakes,"The assistant's response is in the same language as the reference and aligns with the reference provided.

Rating: [[1]]"
อุทยานแห่งชาติเยลโลว์สโตน ตั้งอยู่ในประเทศใด?,"อุทยานแห่งชาติเยลโลว์สโตน ตั้งอยู่ใน **สหรัฐอเมริกา** 

ครอบคลุมพื้นที่ในรัฐไวโอมิง, มอนทานา และไอดาโฮ",ประเทศสหรัฐอเมริกา,lakes,"The assistant's response is in the same language as the reference and aligns with the reference provided. The assistant correctly states that Yellowstone National Park is located in the United States and provides additional details about the specific states it covers.

Rating: [[1]]"
อาคารเอ็มไพร์สเตท ตั้งอยู่ในประเทศใด?,อาคารเอ็มไพร์สเตท ตั้งอยู่ใน **สหรัฐอเมริกา** ใน **นครนิวยอร์ก**,ประเทศสหรัฐอเมริกา,lakes,"The assistant's response is in the same language as the reference and aligns with the reference provided.

Rating: [[1]]"
ไทม์สแควร์ ตั้งอยู่ในประเทศใด?,ไทม์สแควร์ ตั้งอยู่ใน **สหรัฐอเมริกา** ใน **นครนิวยอร์ก**,ประเทศสหรัฐอเมริกา,lakes,"The assistant's response is in the same language as the reference and aligns with the reference provided.

Rating: [[1]]"
ป้ายฮอลลีวูด ตั้งอยู่ในประเทศใด?,"ป้ายฮอลลีวูดตั้งอยู่ใน **สหรัฐอเมริกา** 

โดยเฉพาะตั้งอยู่บนเนินเขาในเขตฮอลลีวูดของ **ลอสแอนเจลิส, แคลิฟอร์เนีย**",ประเทศสหรัฐอเมริกา,lakes,"The assistant's response is in the same language as the reference and aligns with the reference provided.

Rating: [[1]]"
วอลท์ ดิสนีย์ เวิลด์ ตั้งอยู่ในประเทศใด?,"วอลท์ ดิสนีย์ เวิลด์ ตั้งอยู่ใน **สหรัฐอเมริกา** 

โดยเฉพาะตั้งอยู่ใน **เลค บัวนา วิสตา, ฟลอริดา**",ประเทศสหรัฐอเมริกา,lakes,"The assistant's response is in the same language as the reference and aligns with the reference provided.

Rating: [[1]]"
น้ำตกไนแองการา ตั้งอยู่ในประเทศใด?,"น้ำตกไนแองการา ตั้งอยู่ใน **แคนาดา** และ **สหรัฐอเมริกา** 

น้ำตกไนแองการาเป็นน้ำตกที่ตั้งอยู่บนพรมแดนระหว่างประเทศแคนาดา (รัฐออนแทรีโอ) และสหรัฐอเมริกา (รัฐนิวยอร์ก)",ประเทศสหรัฐอเมริกา,lakes,"The assistant's response is in the same language as the reference and aligns with the reference, as it correctly states that Niagara Falls is located in both Canada and the United States.

Rating: [[1]]"
ทัชมาฮาล ตั้งอยู่ในประเทศใด?,ทัชมาฮาล ตั้งอยู่ในประเทศ **อินเดีย** 🇮🇳,อินเดีย,lakes,"The assistant's response is in the same language as the reference and aligns with the reference provided.

Rating: [[1]]"
ป้อมแดง ตั้งอยู่ในประเทศใด?,"ป้อมแดงตั้งอยู่ใน **รัสเซีย** 

โดยเฉพาะตั้งอยู่ในกรุงมอสโก",อินเดีย,lakes,"The assistant's response is in the same language as the reference but does not align with the reference provided.

Rating: [[4]]"
ประตูสู่อินเดีย ตั้งอยู่ในประเทศใด?,"ประตูสู่อินเดีย ตั้งอยู่ในประเทศ **อินเดีย** 

ประตูสู่อินเดีย หรือ **India Gate** เป็นอนุสรณ์สถานแห่งชาติที่ตั้งอยู่ในนิวเดลี ประเทศอินเดีย",อินเดีย,lakes,"The assistant's response is in the same language as the reference and aligns with the reference provided.

Rating: [[1]]"
ประตูอินเดีย ตั้งอยู่ในประเทศใด?,"ประตูอินเดีย ตั้งอยู่ใน **ประเทศอินเดีย** 

ประตูอินเดียเป็นอนุสาวรีย์ที่ตั้งอยู่ในนิวเดลี ประเทศอินเดีย",อินเดีย,lakes,"The assistant's response is in the same language as the reference and aligns with the reference provided.

Rating: [[1]]"
กุตุบมีนาร์ ตั้งอยู่ในประเทศใด?,"กุตุบมีนาร์ ตั้งอยู่ใน **ประเทศอินเดีย** 

เป็นหอคอยที่สูงที่สุดในประเทศอินเดีย และเป็นหนึ่งในอนุสาวรีย์ที่สำคัญที่สุดของเดลี",อินเดีย,lakes,"The assistant's response is in the same language as the reference and aligns with the reference provided.

Rating: [[1]]"
ฮาวามาฮาล ตั้งอยู่ในประเทศใด?,ฮาวามาฮาล ตั้งอยู่ใน **ประเทศฮาวาย** สหรัฐอเมริกา,อินเดีย,lakes,"The assistant's response is in the same language as the reference but does not align with the reference provided, as it incorrectly states that the Hawa Mahal is located in Hawaii, USA, instead of India.

Rating: [[4]]"
วัดดอกบัว ตั้งอยู่ในประเทศใด?,"วัดดอกบัว (Wat Dok Bua) ตั้งอยู่ใน **ประเทศไทย** 

วัดนี้ตั้งอยู่ที่จังหวัดเชียงใหม่",อินเดีย,lakes,"The assistant's response is in the same language as the reference but does not align with the reference provided, as the reference is about India, and the response is about Thailand.

Rating: [[4]]"
ชาร์มินาร์ ตั้งอยู่ในประเทศใด?,ชาร์มินาร์ ตั้งอยู่ใน **ประเทศอียิปต์**,อินเดีย,lakes,"The assistant's response is in the same language as the reference but does not align with the reference provided.

Rating: [[4]]"
วัดทอง ตั้งอยู่ในประเทศใด?,วัดทอง ตั้งอยู่ในประเทศ **ไทย**,อินเดีย,lakes,"The assistant's response is in the same language as the reference but does not align with the reference provided.

Rating: [[4]]"
วัดมีนาชี ตั้งอยู่ในประเทศใด?,"วัดมีนาชี ตั้งอยู่ในประเทศ **ไทย** 

วัดมีนาชี เป็นวัดที่ตั้งอยู่บนยอดเขาในจังหวัดเชียงราย",อินเดีย,lakes,"The assistant's response is in the same language as the reference but does not align with the reference provided, as the reference is about India, not Thailand.

Rating: [[4]]"
กำแพงเมืองจีน ตั้งอยู่ในประเทศใด?,กำแพงเมืองจีนตั้งอยู่ใน **ประเทศจีน** 🇨🇳,จีน,lakes,"The assistant's response is in the same language as the reference and aligns with the reference provided.

Rating: [[1]]"
พระราชวังต้องห้าม ตั้งอยู่ในประเทศใด?,"พระราชวังต้องห้าม ตั้งอยู่ใน **ประเทศจีน** 

โดยตั้งอยู่ที่กรุงปักกิ่ง",จีน,lakes,"The assistant's response is in the same language as the reference and aligns with the reference provided.

Rating: [[1]]"
กองทัพทหารดินเผา ตั้งอยู่ในประเทศใด?,"กองทัพทหารดินเผา ตั้งอยู่ใน **ประเทศจีน** 

กองทัพทหารดินเผาเป็นสุสานขนาดใหญ่ที่สร้างขึ้นเพื่อเป็นบริวารให้กับจักรพรรดิฉินสีฮวง đế (Qin Shi Huang) ในสมัยราชวงศ์ฉิน (221-206 ปีก่อนคริสตกาล)",จีน,lakes,"The assistant's response is in the same language as the reference and aligns with the reference provided.

Rating: [[1]]"
เดอะบันด์ ตั้งอยู่ในประเทศใด?,เดอะบันด์ ตั้งอยู่ใน **ประเทศไทย**,จีน,lakes,"Response: The assistant's response is in the same language but does not align with the reference provided.

Rating: [[4]]"
ภูเขาเอเวอเรสต์ ตั้งอยู่ในประเทศใด?,"ภูเขาเอเวอเรสต์ตั้งอยู่ในประเทศ **เนปาล** และ **จีน** 

ยอดเขาเอเวอเรสต์ตั้งอยู่บนพรมแดนระหว่างสองประเทศนี้",จีน,lakes,"The assistant's response is in the same language as the reference and aligns with the reference, as it correctly states that Mount Everest is located in Nepal and China.

Rating: [[1]]"
อุทยานแห่งชาติป่าจางเจียเจี้ย ตั้งอยู่ในประเทศใด?,อุทยานแห่งชาติป่าจางเจียเจี้ย ตั้งอยู่ในประเทศ **จีน** 🇨🇳,จีน,lakes,"The assistant's response is in the same language as the reference and aligns with the reference provided.

Rating: [[1]]"
พระราชวังฤดูร้อน ตั้งอยู่ในประเทศใด?,"พระราชวังฤดูร้อน ตั้งอยู่ใน **รัสเซีย** 

พระราชวังฤดูร้อน (Peterhof Palace) ตั้งอยู่ใกล้เมืองเซนต์ปีเตอร์สเบิร์ก",จีน,lakes,"The assistant's response is in the same language as the reference but does not align with the reference provided. The reference is ""จีน"" (China), but the assistant mentions Russia.

Rating: [[4]]"
ทะเลสาบตะวันตก ตั้งอยู่ในประเทศใด?,"ทะเลสาบตะวันตก ตั้งอยู่ใน **ประเทศแคนาดา** 🇨🇦 

ทะเลสาบตะวันตกเป็นหนึ่งในทะเลสาบที่ใหญ่ที่สุดในโลก และเป็นส่วนหนึ่งของกลุ่มทะเลสาบใหญ่ (Great Lakes) ของอเมริกาเหนือ",จีน,lakes,"The assistant's response is in the same language but does not align with the reference provided. The reference is ""จีน"" (China), but the assistant incorrectly states that the West Lake is located in Canada.

Rating: [[4]]"
พระราชวังโปตาลา ตั้งอยู่ในประเทศใด?,พระราชวังโปตาลา ตั้งอยู่ในประเทศ **ทิเบต**,จีน,lakes,"The assistant's response is in the same language as the reference but does not align with the reference provided, as Tibet is not a country but a region of China.

Rating: [[4]]"
สวนหยูหยวน ตั้งอยู่ในประเทศใด?,"สวนหยูหยวน ตั้งอยู่ใน **ประเทศจีน** 🇨🇳 

เป็นสวนที่ตั้งอยู่ในกรุงปักกิ่ง และเป็นหนึ่งในสวนที่สวยงามและมีชื่อเสียงที่สุดในประเทศจีน",จีน,lakes,"The assistant's response is in the same language as the reference and aligns with the reference provided. The assistant correctly identifies that Yu Yuan Garden is located in China and provides additional relevant information about its location and significance.

Rating: [[1]]"
จัตุรัสแดง ตั้งอยู่ในประเทศใด?,จัตุรัสแดง ตั้งอยู่ใน **กรุงมอสโก ประเทศรัสเซีย**,รัสเซีย,lakes,"Response: The assistant's response is in the same language as the reference and aligns with the reference provided.

Rating: [[1]]"
เครมลิน ตั้งอยู่ในประเทศใด?,"เครมลินตั้งอยู่ใน **รัสเซีย** 

เครมลินเป็นป้อมปราการและคอมเพล็กซ์อาคารที่ตั้งอยู่ในใจกลางกรุงมอสโก ประเทศรัสเซีย",รัสเซีย,lakes,"The assistant's response is in the same language as the reference and aligns with the reference provided.

Rating: [[1]]"
มหาวิหารเซนต์เบซิล ตั้งอยู่ในประเทศใด?,"มหาวิหารเซนต์เบซิลตั้งอยู่ใน **รัสเซีย** 

โดยเฉพาะใน **มอสโก**",รัสเซีย,lakes,"The assistant's response is in the same language as the reference and aligns with the reference provided.

Rating: [[1]]"
พิพิธภัณฑ์เฮอร์มิเทจ ตั้งอยู่ในประเทศใด?,"พิพิธภัณฑ์เฮอร์มิเทจ ตั้งอยู่ใน **รัสเซีย** 

โดยเฉพาะในเมือง **เซนต์ปีเตอร์สเบิร์ก**",รัสเซีย,lakes,"The assistant's response is in the same language as the reference and aligns with the reference provided.

Rating: [[1]]"
ทะเลสาบไบคาล ตั้งอยู่ในประเทศใด?,ทะเลสาบไบคาล ตั้งอยู่ในประเทศ **รัสเซีย**,รัสเซีย,lakes,"The assistant's response is in the same language as the reference and aligns with the reference provided.

Rating: [[1]]"
พระราชวังปีเตอร์ฮอฟ ตั้งอยู่ในประเทศใด?,"พระราชวังปีเตอร์ฮอฟ ตั้งอยู่ใน **รัสเซีย** 

พระราชวังปีเตอร์ฮอฟ ตั้งอยู่ที่เมืองเซนต์ปีเตอร์สเบิร์ก ประเทศรัสเซีย",รัสเซีย,lakes,"The assistant's response is in the same language as the reference and aligns with the reference provided.

Rating: [[1]]"
ทางรถไฟสายทรานส์ไซบีเรีย ตั้งอยู่ในประเทศใด?,"ทางรถไฟสายทรานส์ไซบีเรีย ตั้งอยู่ใน **รัสเซีย** 

เป็นเส้นทางรถไฟที่ยาวที่สุดในโลก เชื่อมต่อจากมอสโกไปยังวลาดีวอสตอค",รัสเซีย,lakes,"The assistant's response is in the same language as the reference and aligns with the reference provided.

Rating: [[1]]"
โรงละครบอลชอย ตั้งอยู่ในประเทศใด?,"โรงละครบอลชอย ตั้งอยู่ใน **ประเทศรัสเซีย** 

โรงละครบอลชอยเป็นโรงละครโอเปร่าและบัลเลต์ที่ตั้งอยู่ในกรุงมอสโก ประเทศรัสเซีย",รัสเซีย,lakes,"The assistant's response is in the same language as the reference and aligns with the reference provided.

Rating: [[1]]"
พระราชวังแคทเธอรีน ตั้งอยู่ในประเทศใด?,"พระราชวังแคทเธอรีน ตั้งอยู่ใน **รัสเซีย** 

พระราชวังแคทเธอรีนตั้งอยู่ใกล้เมืองเซนต์ปีเตอร์สเบิร์ก",รัสเซีย,lakes,"The assistant's response is in the same language as the reference and aligns with the reference provided.

Rating: [[1]]"
โซชิ โอลิมปิค พาร์ค ตั้งอยู่ในประเทศใด?,"โซชิ โอลิมปิค พาร์ค ตั้งอยู่ใน **รัสเซีย** 

มันเป็นสถานที่จัดการแข่งขันกีฬาโอลิมปิกฤดูหนาว 2014",รัสเซีย,lakes,"The assistant's response is in the same language as the reference and aligns with the reference provided. The additional information about the 2014 Winter Olympics is relevant and enhances the answer.

Rating: [[1]]"
คาบา ตั้งอยู่ในประเทศใด?,คาบา ตั้งอยู่ในประเทศ **อิตาลี**,ซาอุดิอาระเบีย,lakes,"The assistant's response is in the same language but does not align with the reference provided.

Rating: [[4]]"
มัสยิดอันนาบาวี ตั้งอยู่ในประเทศใด?,"มัสยิดอันนาบาวี ตั้งอยู่ใน **ประเทศมาเลเซีย** 

มัสยิดอันนาบาวีเป็นมัสยิดที่ใหญ่ที่สุดในประเทศมาเลเซีย และเป็นหนึ่งในมัสยิดที่ใหญ่ที่สุดในเอเชียตะวันออกเฉียงใต้",ซาอุดิอาระเบีย,lakes,"The assistant's response is in the same language as the reference but does not align with the reference provided. The correct answer should be Saudi Arabia (ซาอุดิอาระเบีย).

Rating: [[4]]"
อัล-อุลา ตั้งอยู่ในประเทศใด?,อัล-อุลา ตั้งอยู่ในประเทศ **ซาอุดีอาระเบีย**,ซาอุดิอาระเบีย,lakes,"The assistant's response is in the same language as the reference and aligns with the reference provided.

Rating: [[1]]"
ศูนย์ราชอาณาจักร ตั้งอยู่ในประเทศใด?,ศูนย์ราชอาณาจักร ตั้งอยู่ใน **ประเทศไทย**,ซาอุดิอาระเบีย,lakes,"The assistant's response is in the same language as the reference but does not align with the reference provided.

Rating: [[4]]"
หอคอยไฟซาเลียห์ ตั้งอยู่ในประเทศใด?,"หอคอยเอนปิซา ตั้งอยู่ใน **อิตาลี** 

เมืองปิซา",ซาอุดิอาระเบีย,lakes,"The assistant's response is in the same language but does not align with the reference provided. The correct answer should be Saudi Arabia (ซาอุดิอาระเบีย), not Italy (อิตาลี).

Rating: [[4]]"
ขอบโลก ตั้งอยู่ในประเทศใด?,"ขอบโลก ไม่ได้ตั้งอยู่ในประเทศใดๆ

ขอบโลก เป็น **แนวรอยต่อระหว่างเปลือกโลกกับอวกาศ** ซึ่งอยู่สูงกว่าระดับน้ำทะเลประมาณ 100 กิโลเมตร (62 ไมล์) 

ขอบโลกไม่ได้เป็นเส้นที่ชัดเจน แต่เป็น **บริเวณที่ความหนาแน่นของชั้นบรรยากาศลดลงอย่างรวดเร็ว** จนเข้าสู่สุญญากาศของอวกาศ",ซาอุดิอาระเบีย,lakes,"The assistant's response is in the same language as the reference and aligns with the reference, as it correctly explains that ""ขอบโลก"" (Khom Lok, or the edge of the world) is not a country but a concept referring to the boundary between Earth's atmosphere and space.

Rating: [[1]]"
เจดดาห์คอร์นิช ตั้งอยู่ในประเทศใด?,"เจดดาห์คอร์นิช ตั้งอยู่ใน **ออสเตรเลีย** 

เจดดาห์คอร์นิช เป็นอ่าวที่สวยงามและเป็นที่นิยมในรัฐเวสเทิร์นออสเตรเลีย",ซาอุดิอาระเบีย,lakes,"The assistant's response is in the same language but does not align with the reference provided.

Rating: [[4]]"
มาดาอิน ซาเลห์ ตั้งอยู่ในประเทศใด?,มาดาอิน ซาเลห์ ตั้งอยู่ใน **จอร์แดน**,ซาอุดิอาระเบีย,lakes,"The assistant's response is in the same language as the reference but does not align with the reference provided.

Rating: [[4]]"
อับราช อัล เบต ตั้งอยู่ในประเทศใด?,อับราช อัล เบต ตั้งอยู่ใน **ประเทศซาอุดีอาระเบีย**,ซาอุดิอาระเบีย,lakes,"The assistant's response is in the same language as the reference and aligns with the reference provided.

Rating: [[1]]"
อัล-บาลัด ตั้งอยู่ในประเทศใด?,อัล-บาลัด ตั้งอยู่ใน **ประเทศซาอุดีอาระเบีย**,ซาอุดิอาระเบีย,lakes,"The assistant's response is in the same language as the reference and aligns with the reference provided.

Rating: [[1]]"
หอไอเฟล ตั้งอยู่ในประเทศใด?,"หอไอเฟลตั้งอยู่ใน **ประเทศฝรั่งเศส** 

โดยเฉพาะตั้งอยู่ที่กรุงปารีส",ฝรั่งเศส,lakes,"The assistant's response is in the same language as the reference and aligns with the reference provided.

Rating: [[1]]"
พิพิธภัณฑ์ลูฟร์ ตั้งอยู่ในประเทศใด?,"พิพิธภัณฑ์ลูฟร์ตั้งอยู่ใน **ประเทศฝรั่งเศส** 

โดยเฉพาะตั้งอยู่ในกรุงปารีส",ฝรั่งเศส,lakes,"The assistant's response is in the same language as the reference and aligns with the reference provided.

Rating: [[1]]"
มหาวิหารน็อทร์-ดาม ตั้งอยู่ในประเทศใด?,"มหาวิหารน็อทร์-ดามตั้งอยู่ใน **ฝรั่งเศส** 

โดยเฉพาะอย่างยิ่ง ตั้งอยู่ในกรุงปารีส",ฝรั่งเศส,lakes,"The assistant's response is in the same language as the reference and aligns with the reference provided.

Rating: [[1]]"
พระราชวังแวร์ซาย ตั้งอยู่ในประเทศใด?,พระราชวังแวร์ซาย ตั้งอยู่ในประเทศ **ฝรั่งเศส**,ฝรั่งเศส,lakes,"Response: The assistant's response is in the same language as the reference and aligns with the reference provided.

Rating: [[1]]"
มงต์แซ็งต์มิเชล ตั้งอยู่ในประเทศใด?,มงต์แซ็งต์มิเชล ตั้งอยู่ในประเทศ **ฝรั่งเศส** 🇫🇷,ฝรั่งเศส,lakes,"The assistant's response is in the same language as the reference and aligns with the reference provided.

Rating: [[1]]"
ปราสาทช็องบอร์ ตั้งอยู่ในประเทศใด?,ปราสาทช็องบอร์ ตั้งอยู่ในประเทศ **ฝรั่งเศส** 🇫🇷,ฝรั่งเศส,lakes,"The assistant's response is in the same language as the reference and aligns with the reference provided.

Rating: [[1]]"
ปงดูการ์ ตั้งอยู่ในประเทศใด?,"ปงดูการ์ ตั้งอยู่ในประเทศ **อินโดนีเซีย** 

ปงดูการ์ เป็นเกาะที่ใหญ่ที่สุดในหมู่เกาะสุมาตราทางตอนเหนือของประเทศอินโดนีเซีย",ฝรั่งเศส,lakes,"The assistant's response is in the same language as the reference but does not align with the reference provided, as it states that Pondok Gede is located in Indonesia, which is incorrect according to the reference that indicates it should be in France.

Rating: [[4]]"
แซงต์ชาเปล ตั้งอยู่ในประเทศใด?,"แซงต์ชาเปล ตั้งอยู่ใน **ฝรั่งเศส** 

เป็นโบสถ์ที่ตั้งอยู่ในเกาะอิลเดอลาซิตต์ (Île de la Cité) ในกรุงปารีส",ฝรั่งเศส,lakes,"The assistant's response is in the same language as the reference and aligns with the reference provided, giving additional relevant information about the location of Sainte-Chapelle.

Rating: [[1]]"
ประตูชัย ตั้งอยู่ในประเทศใด?,"ประตูชัย ตั้งอยู่ใน **ประเทศฝรั่งเศส** 

โดยเฉพาะตั้งอยู่ในกรุงปารีส",ฝรั่งเศส,lakes,"Response: The assistant's response is in the same language as the reference and aligns with the reference provided.

Rating: [[1]]"
ดิสนีย์แลนด์ปารีส ตั้งอยู่ในประเทศใด?,ดิสนีย์แลนด์ปารีส ตั้งอยู่ใน **ฝรั่งเศส** 🇫🇷,ฝรั่งเศส,lakes,"The assistant's response is in the same language as the reference and aligns with the reference provided.

Rating: [[1]]"
ภูเขาเอเวอเรสต์ ตั้งอยู่ในประเทศใด?,"ภูเขาเอเวอเรสต์ตั้งอยู่ในประเทศ **เนปาล** และ **จีน** 

ยอดเขาเอเวอเรสต์ตั้งอยู่บนพรมแดนระหว่างสองประเทศนี้",เนปาล,lakes,"The assistant's response is in the same language as the reference and aligns with the reference, providing accurate information about the location of Mount Everest.

Rating: [[1]]"
วัดปศุปฏินาถ ตั้งอยู่ในประเทศใด?,วัดปศุปฏินาถ ตั้งอยู่ในประเทศ **เนปาล**,เนปาล,lakes,"The assistant's response is in the same language as the reference and aligns with the reference provided.

Rating: [[1]]"
เจดีย์พุทธนาถ ตั้งอยู่ในประเทศใด?,เจดีย์พุทธนาถ ตั้งอยู่ในประเทศ **พม่า** (Myanmar),เนปาล,lakes,"The assistant's response is in the same language as the reference but does not align with the reference provided, as the correct answer should be Nepal.

Rating: [[4]]"
สถูปสวะยัมภูนาถ ตั้งอยู่ในประเทศใด?,สถูปสวะยัมภูนาถ ตั้งอยู่ในประเทศ **เนปาล**,เนปาล,lakes,"Response: The assistant's response is in the same language as the reference and aligns with the reference provided.

Rating: [[1]]"
จัตุรัสดูบาร์ ตั้งอยู่ในประเทศใด?,จัตุรัสดูบาร์ ตั้งอยู่ใน **สหรัฐอาหรับเอมิเรตส์** ในเมือง **ดูไบ**,เนปาล,lakes,"The assistant's response is in the same language as the reference but does not align with the reference provided.

Rating: [[4]]"
หุบเขาโปขรา ตั้งอยู่ในประเทศใด?,หุบเขาโปขรา ตั้งอยู่ในประเทศ **เนปาล**,เนปาล,lakes,"The assistant's response is in the same language as the reference and aligns with the reference provided.

Rating: [[1]]"
อุทยานแห่งชาติชิตวัน ตั้งอยู่ในประเทศใด?,อุทยานแห่งชาติชิตวัน ตั้งอยู่ในประเทศ **เนปาล**,เนปาล,lakes,"The assistant's response is in the same language as the reference and aligns with the reference provided.

Rating: [[1]]"
ลุมพินี ตั้งอยู่ในประเทศใด?,"ลุมพินี ตั้งอยู่ในประเทศ **ไทย** 

ลุมพินีเป็นชื่อของสวนสาธารณะที่ใหญ่ที่สุดในกรุงเทพมหานคร ประเทศไทย",เนปาล,lakes,"The assistant's response is in the same language but does not align with the reference provided.

Rating: [[4]]"
ทะเลสาบโกไซกุนดา ตั้งอยู่ในประเทศใด?,ทะเลสาบโกไซกุนดา ตั้งอยู่ในประเทศ **ญี่ปุ่น** 🇯🇵,เนปาล,lakes,"The assistant's response is in the same language as the reference but does not align with the reference provided.

Rating: [[4]]"
จัตุรัสดูร์บาร์เมืองภักตปุระ ตั้งอยู่ในประเทศใด?,จัตุรัสดูร์บาร์เมืองภักตปุระ ตั้งอยู่ในประเทศ **อินเดีย**,เนปาล,lakes,"The assistant's response is in the same language as the reference but does not align with the reference provided.

Rating: [[4]]"
ภูเขาไฟฟูจิ ตั้งอยู่ในประเทศใด?,ภูเขาไฟฟูจิ ตั้งอยู่ในประเทศ **ญี่ปุ่น** 🇯🇵,ประเทศญี่ปุ่น,lakes,"The assistant's response is in the same language as the reference and aligns with the reference provided.

Rating: [[1]]"
โตเกียวทาวเวอร์ ตั้งอยู่ในประเทศใด?,โตเกียวทาวเวอร์ ตั้งอยู่ในประเทศ **ญี่ปุ่น** 🇯🇵,ประเทศญี่ปุ่น,lakes,"The assistant's response is in the same language as the reference and aligns with the reference provided.

Rating: [[1]]"
ศาลเจ้าฟูชิมิอินาริ ตั้งอยู่ในประเทศใด?,"ศาลเจ้าฟูชิมิอินาริ ตั้งอยู่ใน **ประเทศญี่ปุ่น** 

ศาลเจ้าแห่งนี้ตั้งอยู่ที่เมืองเกียวโต",ประเทศญี่ปุ่น,lakes,"The assistant's response is in the same language as the reference and aligns with the reference provided. The assistant correctly states that the Fushimi Inari Shrine is located in Japan and provides additional information about its location in Kyoto, which is accurate and relevant.

Rating: [[1]]"
ป่าไผ่อาราชิยามะ ตั้งอยู่ในประเทศใด?,"ป่าไผ่อาราชิยามะ ตั้งอยู่ใน **ประเทศญี่ปุ่น** 

โดยเฉพาะตั้งอยู่ที่เมืองซากิเกียว-กุ (Sagano) ในเขตคิออโตะ (Kyoto)",ประเทศญี่ปุ่น,lakes,"The assistant's response is in the same language as the reference and aligns with the reference provided.

Rating: [[1]]"
ปราสาทโอซาก้า ตั้งอยู่ในประเทศใด?,ปราสาทโอซาก้า ตั้งอยู่ในประเทศ **ญี่ปุ่น** 🇯🇵,ประเทศญี่ปุ่น,lakes,"The assistant's response is in the same language as the reference and aligns with the reference provided.

Rating: [[1]]"
ปราสาทฮิเมจิ ตั้งอยู่ในประเทศใด?,ปราสาทฮิเมจิ ตั้งอยู่ในประเทศ **ญี่ปุ่น** 🇯🇵,ประเทศญี่ปุ่น,lakes,"The assistant's response is in the same language as the reference and aligns with the reference provided.

Rating: [[1]]"
ชินจูกุเกียวเอ็น ตั้งอยู่ในประเทศใด?,"ชินจูกุเกียวเอ็น ตั้งอยู่ใน **ประเทศญี่ปุ่น** 🇯🇵 

เป็นสวนสาธารณะที่ใหญ่ที่สุดในกรุงโตเกียว",ประเทศญี่ปุ่น,lakes,"The assistant's response is in the same language as the reference and aligns with the reference provided. The additional information about Shinjuku Gyoen being the largest public park in Tokyo is relevant and enhances the answer.

Rating: [[1]]"
ศาลเจ้าอิสึกุชิมะ ตั้งอยู่ในประเทศใด?,"ศาลเจ้าอิสึกุชิมะ ตั้งอยู่ใน **ประเทศญี่ปุ่น** 

ศาลเจ้าแห่งนี้ตั้งอยู่ที่เมืองอิสึกุชิมะ ในจังหวัดโอซากะ",ประเทศญี่ปุ่น,lakes,"The assistant's response is in the same language as the reference and aligns with the reference, but there is a minor inaccuracy regarding the location (it should be Hiroshima, not Osaka). However, the main question about the country is correctly answered.

Rating: [[1]]"
เขตกิออน ตั้งอยู่ในประเทศใด?,เขตกิออน ตั้งอยู่ในประเทศ **อิตาลี**,ประเทศญี่ปุ่น,lakes,"The assistant's response is in the same language as the reference but does not align with the reference provided.

Rating: [[4]]"
สวนสาธารณะนารา ตั้งอยู่ในประเทศใด?,สวนสาธารณะนารา ตั้งอยู่ในประเทศ **ญี่ปุ่น** 🇯🇵,ประเทศญี่ปุ่น,lakes,"The assistant's response is in the same language as the reference and aligns with the reference provided.

Rating: [[1]]"
มหาวิหารเซนต์โซเฟีย ตั้งอยู่ในประเทศใด?,"มหาวิหารเซนต์โซเฟียตั้งอยู่ใน **ตุรกี** 

ในเมืองอิสตันบูล",ยูเครน,lakes,"The assistant's response is in the same language as the reference but does not align with the reference provided, as St. Sophia's Cathedral is located in Ukraine, not Turkey.

Rating: [[4]]"
เคียฟ เปเชอร์สค์ ลาวรา ตั้งอยู่ในประเทศใด?,"เคียฟ-เปเชอร์สค์ ลาวรา ตั้งอยู่ใน **ยูเครน** 

เคียฟ-เปเชอร์สค์ ลาวรา เป็นสำนักสงฆ์ออร์โธดอกซ์ตะวันออกที่สำคัญที่สุดแห่งหนึ่งในยูเครน ตั้งอยู่บนเนินเขาสูงชันที่มองเห็นแม่น้ำดีเนียร์ในกรุงเคียฟ",ยูเครน,lakes,"The assistant's response is in the same language as the reference and aligns with the reference provided.

Rating: [[1]]"
เมืองเก่าลวิฟ ตั้งอยู่ในประเทศใด?,เมืองเก่าลวิฟ ตั้งอยู่ในประเทศ **ยูเครน**,ยูเครน,lakes,"Response: The assistant's response is in the same language as the reference and aligns with the reference provided.

Rating: [[1]]"
บันไดโพเทมกิน ตั้งอยู่ในประเทศใด?,"บันไดโพเทมกิน ตั้งอยู่ใน **ประเทศรัสเซีย** 

บันไดนี้ตั้งอยู่ที่เมือง **โอเดสซา** ซึ่งเป็นเมืองท่าที่ตั้งอยู่ริมทะเลดำ",ยูเครน,lakes,"The assistant's response is in the same language as the reference but does not align with the reference provided. The correct answer should be Ukraine, not Russia.

Rating: [[4]]"
อุโมงค์แห่งความรัก ตั้งอยู่ในประเทศใด?,"อุโมงค์แห่งความรัก ตั้งอยู่ใน **ประเทศยูเครน** 

อุโมงค์แห่งความรัก เป็นทางรถไฟเก่าที่ถูกทิ้งร้างในเมือง **Klevan**  ในยูเครน 

ที่นี่เป็นสถานที่ท่องเที่ยวที่ได้รับความนิยมเนื่องจากต้นไม้ที่ขึ้นปกคลุมอุโมงค์ทั้งสองข้างทาง ทำให้เกิดเป็นอุโมงค์สีเขียวที่สวยงามและโรแมนติก",ยูเครน,lakes,"The assistant's response is in the same language as the reference and aligns with the reference provided.

Rating: [[1]]"
เทือกเขาคาร์เพเทียน ตั้งอยู่ในประเทศใด?,"เทือกเขาคาร์เพเทียน ตั้งอยู่ใน **ยุโรปตะวันออก**

โดยครอบคลุมพื้นที่ของประเทศ:

* **โรมาเนีย**
* **สโลวาเกีย**
* **โปแลนด์**
* **ยูเครน**
* **เซอร์เบีย**
* **เช็กเกีย**
* **ฮังการี**
* **ออสเตรีย**",ยูเครน,lakes,"The assistant's response is in the same language as the reference and aligns with the reference, providing accurate information about the Carpathian Mountains and the countries they cover, including Ukraine.

Rating: [[1]]"
เขตห้ามเข้าเชอร์โนบิล ตั้งอยู่ในประเทศใด?,เขตห้ามเข้าเชอร์โนบิล ตั้งอยู่ใน **ยูเครน**,ยูเครน,lakes,"The assistant's response is in the same language as the reference and aligns with the reference provided.

Rating: [[1]]"
สวนสาธารณะมารินสกี้ ตั้งอยู่ในประเทศใด?,"สวนสาธารณะมารินสกี้ ตั้งอยู่ใน **รัสเซีย** 

โดยเฉพาะใน **เซนต์ปีเตอร์สเบิร์ก**",ยูเครน,lakes,"The assistant's response is in the same language as the reference and aligns with the reference, as it correctly states that the Mariinsky Park is located in Russia, specifically in Saint Petersburg.

Rating: [[1]]"
ป้อมปราการโคติน ตั้งอยู่ในประเทศใด?,ป้อมปราการโคติน ตั้งอยู่ใน **ประเทศฝรั่งเศส**,ยูเครน,lakes,"The assistant's response is in the same language as the reference but does not align with the reference provided.

Rating: [[4]]"
พิพิธภัณฑ์พีซานก้า ตั้งอยู่ในประเทศใด?,"พิพิธภัณฑ์พีซานก้า ตั้งอยู่ใน **อิตาลี** 

พิพิธภัณฑ์แห่งนี้ตั้งอยู่ในเมือง **ปิซา** ซึ่งเป็นที่รู้จักกันดีในเรื่องหอเอนปิซา",ยูเครน,lakes,"The assistant's response is in the same language as the reference but does not align with the reference provided. The reference is ""ยูเครน"" (Ukraine), but the assistant mentions ""อิตาลี"" (Italy).

Rating: [[4]]"
อะโครโพลิสแห่งเอเธนส์ ตั้งอยู่ในประเทศใด?,อะโครโพลิสแห่งเอเธนส์ ตั้งอยู่ในประเทศ **กรีซ** 🇬🇷,กรีซ,lakes,"Response: The assistant's response is in the same language as the reference and aligns with the reference provided.

Rating: [[1]]"
พาร์เธนอน ตั้งอยู่ในประเทศใด?,"พาร์เธนอน ตั้งอยู่ใน **กรีซ** 

โดยเฉพาะตั้งอยู่บนเนิน Acropolis ในกรุงเอเธนส์",กรีซ,lakes,"Response: The assistant's response is in the same language as the reference and aligns with the reference provided.

Rating: [[1]]"
ซากปรักหักพังของเดลฟี ตั้งอยู่ในประเทศใด?,ซากปรักหักพังของเดลฟี ตั้งอยู่ในประเทศ **กรีซ**,กรีซ,lakes,"The assistant's response is in the same language as the reference and aligns with the reference provided.

Rating: [[1]]"
คาลเดร่าซานโตรินี ตั้งอยู่ในประเทศใด?,"คาลเดร่าซานโตรินี ตั้งอยู่ในประเทศ **กรีซ** 

คาลเดร่าซานโตรินีเป็นปล่องภูเขาไฟที่ถูกทิ้งร้างในทะเลอีเจียน",กรีซ,lakes,"The assistant's response is in the same language as the reference and aligns with the reference provided.

Rating: [[1]]"
กังหันลมไมโคนอส ตั้งอยู่ในประเทศใด?,กังหันลมไมโคนอส ตั้งอยู่ใน **กรีซ** บนเกาะไมโคนอส,กรีซ,lakes,"Response: The assistant's response is in the same language as the reference and aligns with the reference provided.

Rating: [[1]]"
อารามเมเตโอร่า ตั้งอยู่ในประเทศใด?,อารามเมเตโอร่า ตั้งอยู่ในประเทศ **กรีซ**,กรีซ,lakes,"The assistant's response is in the same language as the reference and aligns with the reference provided.

Rating: [[1]]"
วิหารแห่งซุสแห่งโอลิมปัส ตั้งอยู่ในประเทศใด?,"วิหารแห่งซุสแห่งโอลิมปัส ตั้งอยู่ใน **กรีซ** 

โดยเฉพาะตั้งอยู่ที่ **โอลิมเปีย** ซึ่งเป็นเมืองโบราณในประเทศกรีซ",กรีซ,lakes,"The assistant's response is in the same language as the reference and aligns with the reference provided.

Rating: [[1]]"
เมืองเก่าโรดส์ ตั้งอยู่ในประเทศใด?,เมืองเก่าโรดส์ ตั้งอยู่ในประเทศ **กรีซ**,กรีซ,lakes,"The assistant's response is in the same language as the reference and aligns with the reference provided.

Rating: [[1]]"
พระราชวังโนซอส ตั้งอยู่ในประเทศใด?,"พระราชวังโนซอส ตั้งอยู่ใน **ประเทศรัสเซีย** 

พระราชวังโนซอสเป็นพระราชวังฤดูร้อนที่ตั้งอยู่ใกล้กับเซนต์ปีเตอร์สเบิร์ก ประเทศรัสเซีย",กรีซ,lakes,"The assistant's response is in the same language as the reference but does not align with the reference provided. The correct answer should be Greece, not Russia.

Rating: [[4]]"
หาดนาวาจิโอ ตั้งอยู่ในประเทศใด?,"หาดนาวาจิโอ ตั้งอยู่ใน **ประเทศเม็กซิโก** 

หาดนี้เป็นหาดที่สวยงามและเป็นที่นิยมมากในรัฐบาฮากาลิฟอร์เนียซูร์",กรีซ,lakes,"The assistant's response is in the same language as the reference but does not align with the reference provided.

Rating: [[4]]"
ฮาเกียโซเฟีย ตั้งอยู่ในประเทศใด?,"ฮาเกียโซเฟีย ตั้งอยู่ใน **ตุรกี** 

เมืองอิสตันบูล (เดิมชื่อคอนสแตนติโนเปิล)",ไก่งวง,lakes,"The assistant's response is in the same language as the reference and aligns with the reference, providing the correct country and additional context.

Rating: [[1]]"
มัสยิดสีน้ำเงิน ตั้งอยู่ในประเทศใด?,"มัสยิดสีน้ำเงินที่คุณหมายถึงน่าจะเป็น **มัสยิดสุลต่านอห์เม็ด** ซึ่งตั้งอยู่ใน **ตุรกี** (อิสตันบูล) 

มัสยิดแห่งนี้มีชื่อเสียงในเรื่องโดมและหอคอยที่สวยงามซึ่งหุ้มด้วยกระเบื้องสีฟ้า",ไก่งวง,lakes,"The assistant's response is in the same language as the reference and aligns with the reference, providing accurate information about the Blue Mosque's location and additional context.

Rating: [[1]]"
คาปาโดเกีย ตั้งอยู่ในประเทศใด?,คาปาโดเกีย ตั้งอยู่ในประเทศ **ตุรกี** 🇹🇷,ไก่งวง,lakes,"The assistant's response is in the same language as the reference and aligns with the reference.

Rating: [[1]]"
ปามุคคาเล่ ตั้งอยู่ในประเทศใด?,ปามุคคาเล่ ตั้งอยู่ในประเทศ **ตุรกี**,ไก่งวง,lakes,"The assistant's response is in the same language as the reference and aligns with the reference.

Rating: [[1]]"
พระราชวังท็อปกาปึ ตั้งอยู่ในประเทศใด?,"พระราชวังท็อปกาปึ ตั้งอยู่ใน **ตุรกี** 🇹🇷 

โดยตั้งอยู่ที่เมืองอิสตันบูล",ไก่งวง,lakes,"The assistant's response is in the same language as the reference and aligns with the reference, providing the correct information about the location of Topkapi Palace.

Rating: [[1]]"
เอฟิซัส ตั้งอยู่ในประเทศใด?,"เอฟิซัส ตั้งอยู่ใน **ตุรกี** 

ในสมัยโบราณ เอฟิซัสเป็นเมืองท่าที่รุ่งเรืองในแคว้นโยนี (Ionia) บนฝั่งตะวันตกของเอเชียไมเนอร์ (Anatolia) ซึ่งปัจจุบันคือตุรกี",ไก่งวง,lakes,"The assistant's response is in the same language as the reference and aligns with the reference, providing accurate and relevant information about the location of Ephesus.

Rating: [[1]]"
ภูเขาเนมรุต ตั้งอยู่ในประเทศใด?,ภูเขาเนมรุต ตั้งอยู่ในประเทศ **ตุรกี**,ไก่งวง,lakes,"The assistant's response is in the same language as the reference and aligns with the reference.

Rating: [[1]]"
โรงละครแอสเพนโดส ตั้งอยู่ในประเทศใด?,"โรงละครแอสเพนโด스 ตั้งอยู่ใน **สเปน** 

โรงละครแห่งนี้ตั้งอยู่ในเมือง **บาร์เซโลนา**",ไก่งวง,lakes,"The assistant's response is in the same language as the reference but does not align with the reference provided, as the reference is a single word ""ไก่งวง"" which means ""peacock"" in English, and the question and answer are about the location of a theater.

Rating: [[4]]"
หอคอยกาลาตา ตั้งอยู่ในประเทศใด?,"หอคอยกาลาตา ตั้งอยู่ใน **ประเทศอิตาลี**  

หอคอยกาลาตาเป็นหอคอยที่ลาดเอียงที่ตั้งอยู่ในเมืองปิซา ประเทศอิตาลี",ไก่งวง,lakes,"The assistant's response is in the same language as the reference but does not align with the reference. The reference is ""ไก่งวง"" which means ""Turkey"" in English, and the correct answer should be that the Galata Tower is located in Turkey, not Italy.

Rating: [[4]]"
โถปัสสาวะบาซิลิกา ตั้งอยู่ในประเทศใด?,"โถปัสสาวะบาซิลิกา ตั้งอยู่ใน **ประเทศอิตาลี** 

โถปัสสาวะบาซิลิกา (Fountain of the Four Rivers) เป็นโบราณสถานที่ตั้งอยู่ในกรุงโรม ประเทศอิตาลี",ไก่งวง,lakes,"The assistant's response is in the same language as the reference and aligns with the reference, providing additional context about the location of the Fountain of the Four Rivers.

Rating: [[1]]"
มาไซมาร่า ตั้งอยู่ในประเทศใด?,มาไซมาร่า ตั้งอยู่ใน **ประเทศเคนยา**,เคนย่า,lakes,"Response: The assistant's response is in the same language as the reference and aligns with the reference provided.

Rating: [[1]]"
ภูเขาเคนยา ตั้งอยู่ในประเทศใด?,ภูเขาเคนยา ตั้งอยู่ในประเทศ **เคนยา**,เคนย่า,lakes,"The assistant's response is in the same language as the reference and aligns with the reference provided.

Rating: [[1]]"
อุทยานแห่งชาติอัมโบเซลี ตั้งอยู่ในประเทศใด?,อุทยานแห่งชาติอัมโบเซลี ตั้งอยู่ในประเทศ **เคนยา**,เคนย่า,lakes,"The assistant's response is in the same language as the reference and aligns with the reference provided.

Rating: [[1]]"
ทะเลสาบนากูรู ตั้งอยู่ในประเทศใด?,ทะเลสาบนากูรู ตั้งอยู่ในประเทศ **เคนยา**,เคนย่า,lakes,"The assistant's response is in the same language as the reference and aligns with the reference provided.

Rating: [[1]]"
อุทยานแห่งชาติซาโว ตั้งอยู่ในประเทศใด?,อุทยานแห่งชาติซาโว ตั้งอยู่ในประเทศ **เคนยา**,เคนย่า,lakes,"The assistant's response is in the same language as the reference and aligns with the reference provided.

Rating: [[1]]"
เมืองเก่าลามู ตั้งอยู่ในประเทศใด?,เมืองเก่าลามู ตั้งอยู่ในประเทศ **เนปาล**,เคนย่า,lakes,"The assistant's response is in the same language as the reference but does not align with the reference provided.

Rating: [[4]]"
อุทยานแห่งชาติเฮลส์เกต ตั้งอยู่ในประเทศใด?,"อุทยานแห่งชาติเฮลส์เกต ตั้งอยู่ใน **สหรัฐอเมริกา** 

โดยเฉพาะในรัฐ **แคลิฟอร์เนีย**",เคนย่า,lakes,"The assistant's response is in the same language but does not align with the reference provided.

Rating: [[4]]"
หาดเดียนี ตั้งอยู่ในประเทศใด?,หาดเดียนี ตั้งอยู่ในประเทศ **เวียดนาม**,เคนย่า,lakes,"The assistant's response is in the same language as the reference but does not align with the reference provided.

Rating: [[4]]"
อุทยานแห่งชาติไนโรบี ตั้งอยู่ในประเทศใด?,อุทยานแห่งชาติไนโรบี ตั้งอยู่ในประเทศ **เคนยา**,เคนย่า,lakes,"The assistant's response is in the same language as the reference and aligns with the reference provided.

Rating: [[1]]"
ป้อมพระเยซู ตั้งอยู่ในประเทศใด?,"ป้อมพระเยซู ตั้งอยู่ใน **ประเทศไทย** 

ป้อมพระเยซูเป็นป้อมปราการเก่าแก่ที่ตั้งอยู่บนเกาะเกร็ด จังหวัดนนทบุรี ประเทศไทย",เคนย่า,lakes,"The assistant's response is in the same language as the reference but does not align with the reference provided.

Rating: [[4]]"
พระราชวังหลวง ตั้งอยู่ในประเทศใด?,"พระราชวังหลวง ตั้งอยู่ใน **ประเทศไทย** 

พระราชวังหลวงเป็นพระราชวังที่ใหญ่ที่สุดในประเทศไทย ตั้งอยู่ใจกลางกรุงเทพมหานคร",ประเทศไทย,lakes,"The assistant's response is in the same language as the reference and aligns with the reference provided.

Rating: [[1]]"
วัดอรุณ ตั้งอยู่ในประเทศใด?,"วัดอรุณ ตั้งอยู่ใน **ประเทศไทย** 

วัดอรุณราชวรารามราชวรมหาวิหาร หรือที่รู้จักกันทั่วไปว่า ""วัดอรุณ"" ตั้งอยู่ริมแม่น้ำเจ้าพระยาในกรุงเทพมหานคร ประเทศไทย",ประเทศไทย,lakes,"The assistant's response is in the same language as the reference and aligns with the reference provided.

Rating: [[1]]"
ชายหาดภูเก็ต ตั้งอยู่ในประเทศใด?,ชายหาดภูเก็ต ตั้งอยู่ในประเทศ **ไทย** 🇹🇭,ประเทศไทย,lakes,"The assistant's response is in the same language as the reference and aligns with the reference provided.

Rating: [[1]]"
เมืองเก่าเชียงใหม่ ตั้งอยู่ในประเทศใด?,เมืองเก่าเชียงใหม่ ตั้งอยู่ในประเทศ **ไทย**,ประเทศไทย,lakes,"Response: The assistant's response is in the same language and aligns with the reference provided.

Rating: [[1]]"
อุทยานประวัติศาสตร์พระนครศรีอยุธยา ตั้งอยู่ในประเทศใด?,อุทยานประวัติศาสตร์พระนครศรีอยุธยา ตั้งอยู่ในประเทศ **ไทย**,ประเทศไทย,lakes,"The assistant's response is in the same language as the reference and aligns with the reference provided.

Rating: [[1]]"
หาดไร่เลย์ ตั้งอยู่ในประเทศใด?,"หาดไร่เลย์ ตั้งอยู่ในประเทศ **ไทย** 

หาดไร่เลย์เป็นหาดทรายที่สวยงามและเป็นที่นิยมในจังหวัดกระบี่ ประเทศไทย",ประเทศไทย,lakes,"The assistant's response is in the same language as the reference and aligns with the reference provided.

Rating: [[1]]"
อุทยานแห่งชาติเอราวัณ ตั้งอยู่ในประเทศใด?,อุทยานแห่งชาติเอราวัณ ตั้งอยู่ในประเทศ **ไทย**,ประเทศไทย,lakes,"The assistant's response is in the same language as the reference and aligns with the reference provided.

Rating: [[1]]"
อุทยานประวัติศาสตร์สุโขทัย ตั้งอยู่ในประเทศใด?,อุทยานประวัติศาสตร์สุโขทัย ตั้งอยู่ในประเทศ **ไทย**,ประเทศไทย,lakes,"The assistant's response is in the same language as the reference and aligns with the reference provided.

Rating: [[1]]"
ตลาดนัดจตุจักร ตั้งอยู่ในประเทศใด?,"ตลาดนัดจตุจักร ตั้งอยู่ในประเทศ **ไทย** 🇹🇭 

โดยเฉพาะในกรุงเทพมหานคร",ประเทศไทย,lakes,"The assistant's response is in the same language as the reference and aligns with the reference provided.

Rating: [[1]]"
หมู่เกาะสิมิลัน ตั้งอยู่ในประเทศใด?,"หมู่เกาะสิมิลัน ตั้งอยู่ในประเทศ **ไทย** 🇹🇭 

โดยตั้งอยู่ทางทิศตะวันตกเฉียงเหนือของเกาะภูเก็ต ในทะเลอันดามัน",ประเทศไทย,lakes,"The assistant's response is in the same language as the reference and aligns with the reference provided.

Rating: [[1]]"
ในประเทศใดที่ เทศกาลพื้นบ้านเมืองคุตซ์ทาวน์ ได้รับการเฉลิมฉลองอย่างกว้างขวาง?,"เทศกาลพื้นบ้านเมืองคุตซ์ทาวน์ ได้รับการเฉลิมฉลองอย่างกว้างขวางใน **ประเทศเยอรมนี** 

เทศกาลนี้เป็นงานรื่นเริงที่ยิ่งใหญ่และเป็นที่รู้จักกันดีใน **เมืองคุตซ์ทาวน์** รัฐบาวาเรีย ประเทศเยอรมนี",ประเทศสหรัฐอเมริกา,lakes,"The assistant's response is in the same language as the reference but does not align with the reference provided, as it states that the festival is celebrated in Germany, not the United States.

Rating: [[4]]"
ในประเทศใดที่ เทศกาลอะโลฮ่า ได้รับการเฉลิมฉลองอย่างกว้างขวาง?,"เทศกาลอะโลฮ่า ได้รับการเฉลิมฉลองอย่างกว้างขวางใน **ประเทศฮาวาย** 

เทศกาลนี้เป็นส่วนหนึ่งของวัฒนธรรมและประเพณีของชาวฮาวาย และมักจะจัดขึ้นเพื่อเฉลิมฉลองความเป็นเอกลักษณ์ของวัฒนธรรมฮาวาย เช่น 음식, 음악, 춤, และประเพณี",ประเทศสหรัฐอเมริกา,lakes,"The assistant's response is in the same language as the reference (Thai) but contains a factual error. The assistant incorrectly states that the Aloha Festival is celebrated in ""ประเทศฮาวาย"" (the country of Hawaii), while Hawaii is not a country but a state of the United States. The reference provided is ""ประเทศสหรัฐอเมริกา"" (United States of America). Therefore, the response does not align with the reference.

Rating: [[4]]"
ในประเทศใดที่ เทศกาลดีวาลี ได้รับการเฉลิมฉลองอย่างกว้างขวาง?,"เทศกาลดีวาลีได้รับการเฉลิมฉลองอย่างกว้างขวางใน **ประเทศอินเดีย** 

นอกจากนี้ยังเป็นเทศกาลสำคัญในประเทศอื่นๆ ที่มีประชากรชาวฮินดูจำนวนมาก เช่น:

* **เนปาล**
* **ศรีลังกา**
* **มาเลเซีย**
* **สิงคโปร์**
* **ฟิจิ**
* **มอริเชียส**
* **กายอานา**
* **ตรินิแดดและโตเบโก**
*",อินเดีย,lakes,"The assistant's response is in the same language as the reference and aligns with the reference. The assistant provides additional information, which is relevant and enhances the answer.

Rating: [[1]]"
ในประเทศใดที่ โฮลี ได้รับการเฉลิมฉลองอย่างกว้างขวาง?,"โฮลี เป็นเทศกาลที่ได้รับการเฉลิมฉลองอย่างกว้างขวางใน **อินเดีย** 

นอกจากนี้ยังเป็นเทศกาลที่สำคัญในประเทศอื่นๆ ที่มีประชากรชาวฮินดูจำนวนมาก เช่น:

* **เนปาล**
* **ศรีลังกา**
* **ปากีสถาน**
* **บังกลาเทศ**
* **ฟิจิ**
* **มาเลเซีย**
* **สิงคโปร์**
* **ตรินิแดดและโตเบโก**",อินเดีย,lakes,"The assistant's response is in the same language as the reference and aligns with the reference. The assistant provides additional information that is relevant and enhances the answer.

Rating: [[1]]"
ในประเทศใดที่ กลางฤดูใบไม้ร่วง ได้รับการเฉลิมฉลองอย่างกว้างขวาง?,"เทศกาลกลางฤดูใบไม้ร่วง (Mid-Autumn Festival) หรือที่รู้จักกันในชื่อ ""เทศกาลเก็บเกี่ยว"" หรือ ""เทศกาลพระจันทร์"" ได้รับการเฉลิมฉลองอย่างกว้างขวางใน **ประเทศจีน** และใน **ประเทศอื่นๆ ในเอเชียตะวันออก** เช่น:

* **เวียดนาม**
* **เกาหลีใต้**
* **สิงคโปร์**
* **มาเลเซีย**
* **ไต้หวัน**
* **ฮ่องกง**
* **มา",จีน,lakes,"The assistant's response is in the same language as the reference and aligns with the reference provided, as it correctly identifies China and other East Asian countries where the Mid-Autumn Festival is celebrated.

Rating: [[1]]"
ในประเทศใดที่ เทศกาลเรือมังกร ได้รับการเฉลิมฉลองอย่างกว้างขวาง?,"เทศกาลเรือมังกรได้รับการเฉลิมฉลองอย่างกว้างขวางใน **ประเทศจีน** 

เทศกาลนี้เป็นหนึ่งในเทศกาลที่สำคัญที่สุดของจีน และเป็นที่รู้จักกันดีในชื่อ **"" Duanwu Festival""** หรือ **""Dragon Boat Festival""**  

เทศกาลนี้มีการแข่งขันเรือมังกร การรับประทาน ""zongzi"" (ข้าวเหนียวห่อใบไผ่) และการแขวนสมุนไพร ""mugwort"" เพื่อไล่สิ่งชั่วร้าย",จีน,lakes,"The assistant's response is in the same language as the reference and aligns with the reference provided.

Rating: [[1]]"
ในประเทศใดที่ สการ์เล็ตเซลส์ ได้รับการเฉลิมฉลองอย่างกว้างขวาง?,"สการ์เล็ตเซลส์ ได้รับการเฉลิมฉลองอย่างกว้างขวางใน **ประเทศไทย** 

สการ์เล็ตเซลส์ เป็นวงดนตรีร็อกที่ได้รับความนิยมอย่างมากในประเทศไทย โดยมีแฟนคลับที่เหนียวแน่นและจัดคอนเสิร์ตที่เต็มไปด้วยผู้คนเสมอ 

นอกจากนี้ สการ์เล็ตเซลส์ ยังได้รับรางวัลและการยอมรับมากมายในประเทศไทย เช่น รางวัลคมชัดลึก อวอร์ด และรางวัล Seed",รัสเซีย,lakes,"The assistant's response is in the same language as the reference but does not align with the reference provided. The reference is ""รัสเซีย"" (Russia), but the assistant's answer states that สการ์เล็ตเซลส์ (Scarlet Cells) is celebrated in Thailand.

Rating: [[4]]"
ในประเทศใดที่ มาสเลนิตซา ได้รับการเฉลิมฉลองอย่างกว้างขวาง?,"มาสเลนิตซา เป็นเทศกาลที่ได้รับการเฉลิมฉลองอย่างกว้างขวางใน **ประเทศโครเอเชีย** 

เทศกาลนี้เป็นการเฉลิมฉลองการเริ่มต้นฤดูใบไม้ผลิและเป็นวันหยุดที่สำคัญในประเทศโครเอเชีย",รัสเซีย,lakes,"The assistant's response is in the same language as the reference but does not align with the reference provided, as it incorrectly states that Maslenitsa is widely celebrated in Croatia instead of Russia.

Rating: [[4]]"
ในประเทศใดที่ จานาดรียาห์ ได้รับการเฉลิมฉลองอย่างกว้างขวาง?,"จานาดรียาห์ เป็นเทศกาลที่ได้รับการเฉลิมฉลองอย่างกว้างขวางใน **ประเทศอินเดีย** 

เป็นเทศกาลสำคัญของชาวฮินดูที่เฉลิมฉลองชัยชนะของความดีเหนือความชั่ว",ซาอุดิอาระเบีย,lakes,"The assistant's response is in the same language but does not align with the reference provided. The reference is about Saudi Arabia, but the assistant mentions India and describes a Hindu festival, which is unrelated to the reference.

Rating: [[4]]"
ในประเทศใดที่ เจดดาห์ ได้รับการเฉลิมฉลองอย่างกว้างขวาง?,"เจดดาห์ เป็นเมืองที่ได้รับการเฉลิมฉลองอย่างกว้างขวางใน **ซาอุดิอาระเบีย** 

เจดดาห์ เป็นเมืองท่าที่ใหญ่เป็นอันดับสองของซาอุดิอาระเบีย และเป็นศูนย์กลางทางเศรษฐกิจและการค้าที่สำคัญ",ซาอุดิอาระเบีย,lakes,"The assistant's response is in the same language as the reference and aligns with the reference provided.

Rating: [[1]]"
ในประเทศใดที่ วันบาสตีย์ ได้รับการเฉลิมฉลองอย่างกว้างขวาง?,"วันบาสตีย์ (Bastille Day) ได้รับการเฉลิมฉลองอย่างกว้างขวางใน **ฝรั่งเศส** 🇫🇷

วันนี้เป็นวันหยุดแห่งชาติของฝรั่งเศสที่ระลึกถึงการรื้อถอนคุกบาสตีย์ในวันที่ 14 กรกฎาคม ค.ศ. 1789 ซึ่งเป็นเหตุการณ์สำคัญในช่วงการปฏิวัติฝรั่งเศส",ฝรั่งเศส,lakes,"The assistant's response is in the same language as the reference and aligns with the reference provided.

Rating: [[1]]"
ในประเทศใดที่ งานคาร์นิวัลสุดน่ารัก ได้รับการเฉลิมฉลองอย่างกว้างขวาง?,"งานคาร์นิวัลที่น่ารักที่สุดที่ได้รับการเฉลิมฉลองอย่างกว้างขวางนั้นขึ้นอยู่กับความหมายของ ""น่ารัก"" ของคุณ! 

แต่ถ้าพูดถึงงานคาร์นิวัลที่เป็นที่รู้จักและได้รับความนิยมมากที่สุดในโลก ก็คงหนีไม่พ้น **งานคาร์นิวัลแห่งริโอเดจาเนโรในบราซิล** 

งานคาร์นิวัลแห่งริโอเดจาเนโรเป็นงานเฉลิมฉลองที่ยิ่งใหญ่และมีสีสันที่สุดงานหนึ่งในโลก",ฝรั่งเศส,lakes,"The assistant's response is in the same language as the reference but does not align with the reference provided. The reference is ""ฝรั่งเศส"" (France), but the assistant mentions Brazil instead.

Rating: [[4]]"
ในประเทศใดที่ ไก่ จาตรา ได้รับการเฉลิมฉลองอย่างกว้างขวาง?,"ไก่จาตราได้รับการเฉลิมฉลองอย่างกว้างขวางใน **อินโดนีเซีย** 

ไก่จาตราเป็นชนิดของไก่ที่ได้รับความนิยมอย่างมากในอินโดนีเซีย และมักจะถูกนำมาใช้ในการต่อสู้ไก่ ซึ่งเป็นกีฬาที่ได้รับความนิยมในประเทศนี้ 

นอกจากนี้ ไก่จาตรา ยังเป็นสัญลักษณ์ของความกล้าหาญ ความแข็งแกร่ง และความเป็นชายในวัฒนธรรมอินโดนีเซีย",เนปาล,lakes,"The assistant's response is in the same language as the reference but does not align with the reference provided. The reference is ""เนปาล"" (Nepal), but the assistant mentions ""อินโดนีเซีย"" (Indonesia).

Rating: [[4]]"
ในประเทศใดที่ อินทรา จาตรา ได้รับการเฉลิมฉลองอย่างกว้างขวาง?,"อินทรา จาตรา ได้รับการเฉลิมฉลองอย่างกว้างขวางใน **ประเทศอินเดีย** 

เป็นเทศกาลที่สำคัญในศาสนาฮินดู โดยเฉพาะอย่างยิ่งในรัฐ **โอริสสา** 

เทศกาลนี้เฉลิมฉลองชัยชนะของพระอินทร์ เทพเจ้าแห่งสายฝน และฟ้าร้องเหนือเทวดาที่ชั่วร้าย",เนปาล,lakes,"The assistant's response is in the same language as the reference but does not align with the reference provided. The reference is ""เนปาล"" (Nepal), but the assistant mentions ""ประเทศอินเดีย"" (India).

Rating: [[4]]"
ในประเทศใดที่ ฮานามิ ได้รับการเฉลิมฉลองอย่างกว้างขวาง?,"ฮานามิ หรือการชมซากุระ ได้รับการเฉลิมฉลองอย่างกว้างขวางใน **ประเทศญี่ปุ่น** 

ฮานามิเป็นประเพณีที่สำคัญมากในวัฒนธรรมญี่ปุ่น และเป็นช่วงเวลาที่ผู้คนจะมารวมตัวกันเพื่อชื่นชมความงามของดอกซากุระที่บานสะพรั่ง",ประเทศญี่ปุ่น,lakes,"The assistant's response is in the same language as the reference and aligns with the reference provided.

Rating: [[1]]"
ในประเทศใดที่ เทศกาลกิอง ได้รับการเฉลิมฉลองอย่างกว้างขวาง?,"เทศกาลกิอง (Gióng) เป็นเทศกาลที่ได้รับการเฉลิมฉลองอย่างกว้างขวางใน **เวียดนาม** 

เทศกาลนี้เป็นการเฉลิมฉลองวีรบุรุษในตำนานของเวียดนามที่ชื่อ ""Thánh Gióng"" ซึ่งเป็นเด็กชายที่เกิดมาจากแม่ม่ายและเติบโตอย่างรวดเร็วเพื่อต่อสู้กับศัตรูของประเทศ 

เทศกาลกิองมักจะจัดขึ้นในวันที่ 6-8 เดือน 4 (ตามปฏิทินจัน",ประเทศญี่ปุ่น,lakes,"The assistant's response is in the same language as the reference but does not align with the reference provided. The reference is about Japan, but the assistant's answer is about Vietnam.

Rating: [[4]]"
ในประเทศใดที่ ออบซินกี้ ได้รับการเฉลิมฉลองอย่างกว้างขวาง?,"ออบซินกี้ เป็นเทศกาลที่เฉลิมฉลองอย่างกว้างขวางใน **ประเทศเม็กซิโก** 

เทศกาลนี้เป็นการเฉลิมฉลองวันแห่งความตาย ซึ่งเป็นวันหยุดที่สำคัญในวัฒนธรรมเม็กซิโก โดยเชื่อว่าวิญญาณของผู้ที่จากไปจะกลับมาเยี่ยมเยียนครอบครัวและเพื่อนฝูงในช่วงเวลานี้",ยูเครน,lakes,"The assistant's response is in the same language as the reference but does not align with the reference provided. The reference is about Ukraine, but the assistant talks about Mexico.

Rating: [[4]]"
ในประเทศใดที่ อะโพครีส์ ได้รับการเฉลิมฉลองอย่างกว้างขวาง?,"เทศกาลอะโพครีส์ (Apocrypha) เป็นเทศกาลที่ได้รับการเฉลิมฉลองอย่างกว้างขวางใน **ประเทศกรีซ** 

เทศกาลนี้เป็นส่วนหนึ่งของประเพณีคริสต์ศาสนาออร์โธดอกซ์ตะวันออก และมักจะตรงกับวันจันทร์ที่เริ่มต้นสัปดาห์ก่อนวันอีสเตอร์

ในกรีซ เทศกาลอะโพครีส์ เป็นช่วงเวลาแห่งความสนุกสนานและการเฉลิมฉลองที่เต็มไปด้วยการร้องเพลง",กรีซ,lakes,"The assistant's response is in the same language as the reference and aligns with the reference provided. The assistant correctly identifies that the Apocrypha festival is widely celebrated in Greece and provides additional context about the festival.

Rating: [[1]]"
ในประเทศใดที่ โอฮิเดย์ ได้รับการเฉลิมฉลองอย่างกว้างขวาง?,"โอฮิเดย์ (Obon) เป็นเทศกาลที่ได้รับการเฉลิมฉลองอย่างกว้างขวางใน **ประเทศญี่ปุ่น** 

เป็นเทศกาลที่สำคัญในวัฒนธรรมญี่ปุ่น ซึ่งเป็นการเฉลิมฉลองเพื่อระลึกถึงบรรพบุรุษที่ล่วงลับไปแล้ว",กรีซ,lakes,"The assistant's response is in the same language (Thai) but does not align with the reference provided, which is ""กรีซ"" (Greece). The assistant incorrectly states that the festival is celebrated in Japan.

Rating: [[4]]"
ในประเทศใดที่ รอมฎอน บายรอม ได้รับการเฉลิมฉลองอย่างกว้างขวาง?,"รอมฎอน บายรอม เป็นเทศกาลที่เฉลิมฉลองอย่างกว้างขวางในประเทศที่มีประชากร **มุสลิม** เป็นส่วนใหญ่ 

นี่คือตัวอย่างบางส่วน:

* **อินโดนีเซีย**
* **มาเลเซีย**
* **ปากีสถาน**
* **บังกลาเทศ**
* **ตุรกี**
* **อียิปต์**
* **ซาอุดีอาระเบีย**
* **สหรัฐอาหรับเอมิเรตส์**",ไก่งวง,lakes,"The assistant's response is in the same language as the reference and aligns with the reference, providing a list of countries where Ramadan Bayram is widely celebrated.

Rating: [[1]]"
ในประเทศใดที่ คูร์บัน บายราม ได้รับการเฉลิมฉลองอย่างกว้างขวาง?,"คูร์บัน บายราม เป็นเทศกาลที่เฉลิมฉลองอย่างกว้างขวางใน **ประเทศอินเดีย** โดยเฉพาะในรัฐ **ปัญจาบ** 

เทศกาลนี้เป็นการเฉลิมฉลองการเก็บเกี่ยวและเป็นวันหยุดสำคัญสำหรับชาวซิกข์",ไก่งวง,lakes,"The assistant's response is in the same language as the reference but does not align with the reference provided. The reference is ""ไก่งวง"" which translates to ""Turkey"" in English, and the question is asking about the country where Kurban Bayram is widely celebrated. The assistant incorrectly states that it is celebrated in India, particularly in Punjab, which is not correct. The correct answer should be Turkey.

Rating: [[4]]"
ในประเทศใดที่ วันจามฮูรี ได้รับการเฉลิมฉลองอย่างกว้างขวาง?,"วันจามฮูรี (Jamhuri Day) เป็นวันหยุดที่เฉลิมฉลองใน **ประเทศแทนซาเนีย** 

วันนี้เฉลิมฉลองการก่อตั้งสาธารณรัฐแทนซาเนียเมื่อวันที่ 9 ธันวาคม พ.ศ. 2509",เคนย่า,lakes,"The assistant's response is in the same language as the reference but does not align with the reference provided, as it mentions Tanzania instead of Kenya.

Rating: [[4]]"
ในประเทศใดที่ วันมาดารากะ ได้รับการเฉลิมฉลองอย่างกว้างขวาง?,"วันมาดารากะ (Madaraka Day) เป็นวันหยุดที่เฉลิมฉลองใน **เคนยา** 

วันนี้เฉลิมฉลองการได้รับเอกราชจากอังกฤษเมื่อวันที่ 1 มิถุนายน พ.ศ. 2499 (ค.ศ. 1956)",เคนย่า,lakes,"The assistant's response is in the same language as the reference and aligns with the reference.

Rating: [[1]]"
ในประเทศใดที่ สงกรานต์ ได้รับการเฉลิมฉลองอย่างกว้างขวาง?,"สงกรานต์ เป็นเทศกาลที่ได้รับการเฉลิมฉลองอย่างกว้างขวางใน **ประเทศไทย** 

เป็นเทศกาลปีใหม่ของไทย ซึ่งเป็นที่รู้จักกันดีในเรื่องการสาดน้ำและการเฉลิมฉลองที่สนุกสนาน 

นอกจากนี้ สงกรานต์ ยังได้รับการเฉลิมฉลองในประเทศอื่นๆ ที่มีประชากรไทยหรือมีอิทธิพลทางวัฒนธรรมไทย เช่น:

* **ลาว**
* **กัมพูชา**
* **พม่า**",ประเทศไทย,lakes,"The assistant's response is in the same language as the reference and aligns with the reference. The assistant provides accurate information about the celebration of Songkran in Thailand and also mentions other countries where it is celebrated, which is relevant and adds value to the answer.

Rating: [[1]]"
ในประเทศใดที่ ลอยกระทง ได้รับการเฉลิมฉลองอย่างกว้างขวาง?,"ลอยกระทงเป็นเทศกาลที่ได้รับการเฉลิมฉลองอย่างกว้างขวางใน **ประเทศไทย** 

เทศกาลนี้เป็นที่รู้จักกันดีในประเทศไทย และเป็นวันหยุดราชการด้วย 

นอกจากนี้ ลอยกระทงยังได้รับความนิยมในประเทศเพื่อนบ้านของไทย เช่น **ลาว, กัมพูชา, และพม่า**  แต่ไม่เป็นที่แพร่หลายเท่าในประเทศไทย",ประเทศไทย,lakes,"The assistant's response is in the same language as the reference and aligns with the reference provided. The assistant correctly identifies Thailand as the country where Loy Krathong is widely celebrated and provides additional relevant information about the festival's popularity in neighboring countries.

Rating: [[1]]"
ไมเคิล จอร์แดน มาจากประเทศใด?,ไมเคิล จอร์แดน มาจาก **สหรัฐอเมริกา**,ประเทศสหรัฐอเมริกา,athletes,"The assistant's response is in the same language as the reference and aligns with the reference provided.

Rating: [[1]]"
เซเรน่า วิลเลียมส์ มาจากประเทศใด?,เซเรน่า วิลเลียมส์ มาจาก **สหรัฐอเมริกา**,ประเทศสหรัฐอเมริกา,athletes,"Response: The assistant's response is in the same language as the reference and aligns with the reference provided.

Rating: [[1]]"
ไทเกอร์ วูดส์ มาจากประเทศใด?,ไทเกอร์ วูดส์ มาจาก **สหรัฐอเมริกา**,ประเทศสหรัฐอเมริกา,athletes,"The assistant's response is in the same language as the reference and aligns with the reference provided.

Rating: [[1]]"
ทอม เบรดี้ มาจากประเทศใด?,ทอม เบรดี้ มาจาก **สหรัฐอเมริกา**,ประเทศสหรัฐอเมริกา,athletes,"Response: The assistant's response is in the same language as the reference and aligns with the reference provided.

Rating: [[1]]"
เลอบรอน เจมส์ มาจากประเทศใด?,เลอบรอน เจมส์ มาจาก **สหรัฐอเมริกา**,ประเทศสหรัฐอเมริกา,athletes,"Response: The assistant's response is in the same language as the reference and aligns with the reference provided.

Rating: [[1]]"
มูฮัมหมัด อาลี มาจากประเทศใด?,"มูฮัมหมัด อาลี มาจาก **สหรัฐอเมริกา** 

แม้ว่าเขาจะเกิดในลุยส์วิลล์ รัฐเคนทักกี แต่เขาก็เป็นหนึ่งในนักมวยที่ยิ่งใหญ่ที่สุดในประวัติศาสตร์",ประเทศสหรัฐอเมริกา,athletes,"The assistant's response is in the same language as the reference and aligns with the reference provided. The assistant correctly states that Muhammad Ali is from the United States (สหรัฐอเมริกา) and provides additional context about his birthplace and significance.

Rating: [[1]]"
ซิโมน ไบลส์ มาจากประเทศใด?,ซิโมน ไบลส์ มาจาก **ประเทศฝรั่งเศส** 🇫🇷,ประเทศสหรัฐอเมริกา,athletes,"The assistant's response is in the same language as the reference but does not align with the reference provided.

Rating: [[4]]"
ไมเคิล เฟลปส์ มาจากประเทศใด?,ไมเคิล เฟลปส์ มาจาก **สหรัฐอเมริกา**,ประเทศสหรัฐอเมริกา,athletes,"Response: The assistant's response is in the same language as the reference and aligns with the reference provided.

Rating: [[1]]"
ฌอน ไวท์ มาจากประเทศใด?,ฌอน ไวท์ เป็นนักแสดงชาว **อเมริกัน**,ประเทศสหรัฐอเมริกา,athletes,"Response: The assistant's response is in the same language as the reference and aligns with the reference, as it correctly states that Shaun White is American, which corresponds to the country mentioned in the reference (United States).

Rating: [[1]]"
คาร์ล ลูอิส มาจากประเทศใด?,คาร์ล ลูอิส เป็นนักฟิสิกส์ชาว **อเมริกัน**,ประเทศสหรัฐอเมริกา,athletes,"Response: The assistant's response is in the same language as the reference and aligns with the reference, as it correctly states that Carl Lewis is American, which corresponds to the country mentioned in the reference (United States).

Rating: [[1]]"
ซาชิน เทนดูลการ์ มาจากประเทศใด?,ซาชิน เทนดูลการ์ มาจาก **ประเทศอินเดีย** 🇮🇳,อินเดีย,athletes,"The assistant's response is in the same language as the reference and aligns with the reference provided.

Rating: [[1]]"
วิรัต โคห์ลี มาจากประเทศใด?,วิรัต โคห์ลี มาจาก **ประเทศอินเดีย** 🇮🇳,อินเดีย,athletes,"The assistant's response is in the same language as the reference and aligns with the reference provided.

Rating: [[1]]"
พี.วี. สินธุ มาจากประเทศใด?,พี.วี. สินธุ มาจาก **ประเทศอินเดีย** 🇮🇳,อินเดีย,athletes,"The assistant's response is in the same language as the reference and aligns with the reference provided.

Rating: [[1]]"
แมรี่ โคม มาจากประเทศใด?,แมรี่ โคม มาจากประเทศ **อังกฤษ**,อินเดีย,athletes,"The assistant's response is in the same language as the reference but does not align with the reference provided.

Rating: [[4]]"
โรหิต ชาร์มา มาจากประเทศใด?,"โรหิต ชาร์มา เป็นชื่อที่พบได้ทั่วไปใน **อินเดีย** 

ดังนั้น โรหิต ชาร์มา น่าจะมาจาก **อินเดีย**",อินเดีย,athletes,"The assistant's response is in the same language as the reference and aligns with the reference provided.

Rating: [[1]]"
นางสาว โธนี มาจากประเทศใด?,"ฉันไม่ทราบว่า ""นางสาว โธนี"" เป็นบุคคลที่เป็นที่รู้จักหรือไม่ 

เพื่อที่ฉันจะสามารถช่วยคุณได้ ฉันต้องการข้อมูลเพิ่มเติม เช่น:

* นางสาว โธนี เป็นบุคคลสาธารณะหรือไม่?
* เธอเป็นที่รู้จักในด้านใด?
* มีข้อมูลอื่นๆ เกี่ยวกับเธอที่คุณสามารถให้ฉันได้หรือไม่?",อินเดีย,athletes,"The assistant's response is in the same language as the reference but does not align with the reference provided. The assistant did not provide a direct answer to the question and instead asked for more information, which is unrelated to the reference.

Rating: [[4]]"
อภินัฟ บินดรา มาจากประเทศใด?,อภินัฟ บินดรา มาจาก **ประเทศอินเดีย** 🇮🇳,อินเดีย,athletes,"The assistant's response is in the same language as the reference and aligns with the reference provided.

Rating: [[1]]"
นีราช โชปรา มาจากประเทศใด?,นีราช โชปรา มาจาก **ประเทศอินเดีย** 🇮🇳,อินเดีย,athletes,"Response: The assistant's response is in the same language as the reference and aligns with the reference provided.

Rating: [[1]]"
สุนิล เชตรี มาจากประเทศใด?,สุนิล เชตรี มาจาก **ประเทศอินเดีย**,อินเดีย,athletes,"Response: The assistant's response is in the same language as the reference and aligns with the reference provided.

Rating: [[1]]"
ลีนเดอร์ เปส มาจากประเทศใด?,ลีนเดอร์ เปส เป็นนักฟุตบอลชาว **อาร์เจนตินา** 🇦🇷,อินเดีย,athletes,"The assistant's response is in the same language as the reference but does not align with the reference provided, as the reference is about India and the response is about Argentina.

Rating: [[4]]"
เหยาหมิง มาจากประเทศใด?,เหยาหมิง เป็นนักแสดงชาว **จีน** 🇨🇳,จีน,athletes,"Response: The assistant's response is in the same language as the reference and aligns with the reference provided.

Rating: [[1]]"
หลี่นา มาจากประเทศใด?,หลี่นา เป็นนักแสดงชาว **จีน** 🇨🇳,จีน,athletes,"The assistant's response is in the same language as the reference and aligns with the reference provided.

Rating: [[1]]"
หลินตัน มาจากประเทศใด?,"แบดมินตันมีต้นกำเนิดมาจาก **ประเทศอินเดีย** 

แม้ว่าจะได้รับความนิยมอย่างมากในประเทศจีนและประเทศอื่นๆ ในเอเชียตะวันออก แต่แบดมินตันมีรากฐานมาจากเกม ""Poona"" ที่เล่นในอินเดียในศตวรรษที่ 19",จีน,athletes,"The assistant's response is in the same language (Thai) but does not align with the reference provided. The question asks about the country of origin of Lin Dan, but the assistant talks about the origin of badminton instead.

Rating: [[4]]"
หม่าหลง มาจากประเทศใด?,"หม่าหลง มาจาก **ประเทศจีน** 🇨🇳 

หม่าหลง เป็นนักธุรกิจชาวจีนที่เป็นที่รู้จักกันดีในฐานะผู้ก่อตั้งและอดีตประธานเจ้าหน้าที่บริหารของ Alibaba Group",จีน,athletes,"The assistant's response is in the same language as the reference and aligns with the reference provided.

Rating: [[1]]"
จางจี้เคอ มาจากประเทศใด?,จางจี้เคอ เป็นนักแสดงชาว **จีน** 🇨🇳,จีน,athletes,"Response: The assistant's response is in the same language as the reference and aligns with the reference provided.

Rating: [[1]]"
ซุน หยาง มาจากประเทศใด?,ซุน หยาง มาจาก **ประเทศจีน** 🇨🇳,จีน,athletes,"The assistant's response is in the same language as the reference and aligns with the reference provided.

Rating: [[1]]"
กู่ อ้ายหลิง (อีลีน กู่) มาจากประเทศใด?,กู่ อ้ายหลิง (อีลีน กู่) เป็นนักแสดงชาว **จีน** 🇨🇳,จีน,athletes,"Response: The assistant's response is in the same language as the reference and aligns with the reference provided.

Rating: [[1]]"
หวู่ต้าจิง มาจากประเทศใด?,หวู่ต้าจิง มาจากประเทศ **จีน** 🇨🇳,จีน,athletes,"Response: The assistant's response is in the same language as the reference and aligns with the reference provided.

Rating: [[1]]"
เกาหลิง มาจากประเทศใด?,"เกาหลิง มาจากประเทศ **จีน** 🇨🇳 

เกาหลิง เป็นชื่อของชนกลุ่มน้อยในประเทศจีน",จีน,athletes,"The assistant's response is in the same language as the reference and aligns with the reference provided.

Rating: [[1]]"
เฉินหลง มาจากประเทศใด?,เฉินหลง มาจาก **ประเทศจีน** 🇨🇳,จีน,athletes,"Response: The assistant's response is in the same language as the reference and aligns with the reference provided.

Rating: [[1]]"
มาเรีย ชาราโปวา มาจากประเทศใด?,มาเรีย ชาราโปวา มาจาก **รัสเซีย**,รัสเซีย,athletes,"Response: The assistant's response is in the same language as the reference and aligns with the reference provided.

Rating: [[1]]"
เยฟเกนี่ คาเฟลนิคอฟ มาจากประเทศใด?,เยฟเกนี่ คาเฟลนิคอฟ มาจาก **รัสเซีย**,รัสเซีย,athletes,"The assistant's response is in the same language as the reference and aligns with the reference provided.

Rating: [[1]]"
อเล็กซานเดอร์ โอเวชกิน มาจากประเทศใด?,อเล็กซานเดอร์ โอเวชกิน มาจาก **รัสเซีย**,รัสเซีย,athletes,"The assistant's response is in the same language as the reference and aligns with the reference provided.

Rating: [[1]]"
เยฟเกนี พลูเชนโก มาจากประเทศใด?,เยฟเกนี พลูเชนโก มาจาก **รัสเซีย**,รัสเซีย,athletes,"Response: The assistant's response is in the same language as the reference and aligns with the reference provided.

Rating: [[1]]"
อาลีน่า ซาจิโตวา มาจากประเทศใด?,อาลีน่า ซาจิโตวา มาจาก **รัสเซีย**,รัสเซีย,athletes,"Response: The assistant's response is in the same language as the reference and aligns with the reference provided.

Rating: [[1]]"
เซอร์เกย์ บุบก้า มาจากประเทศใด?,เซอร์เกย์ บุบก้า มาจาก **รัสเซีย**,รัสเซีย,athletes,"The assistant's response is in the same language as the reference and aligns with the reference provided.

Rating: [[1]]"
ดานิล เมดเวเดฟ มาจากประเทศใด?,ดานิล เมดเวเดฟ มาจาก **รัสเซีย** 🇷🇺,รัสเซีย,athletes,"The assistant's response is in the same language as the reference and aligns with the reference provided.

Rating: [[1]]"
การรี คาสปารอฟ มาจากประเทศใด?,Garry Kasparov มาจาก **รัสเซีย**,รัสเซีย,athletes,"Response: The assistant's response is in the same language as the reference and aligns with the reference provided.

Rating: [[1]]"
คาบิบ นูร์มาโกเมดอฟ มาจากประเทศใด?,"คาบิบ นูร์มาโกเมดอฟ มาจาก **รัสเซีย** 

เขาเกิดที่เมืองซิลดา, สาธารณรัฐดาเกสถาน ซึ่งเป็นสาธารณรัฐในรัสเซีย",รัสเซีย,athletes,"Response: The assistant's response is in the same language as the reference and aligns with the reference provided.

Rating: [[1]]"
อันเดรย์ รูเบลฟ มาจากประเทศใด?,อันเดรย์ รูเบลฟ มาจาก **รัสเซีย**,รัสเซีย,athletes,"Response: The assistant's response is in the same language as the reference and aligns with the reference provided.

Rating: [[1]]"
ยาซิร อัล-ชาห์รานี มาจากประเทศใด?,ยาซิร อัล-ชาห์รานี มาจาก **ซาอุดิอาระเบีย**,ซาอุดิอาระเบีย,athletes,"The assistant's response is in the same language as the reference and aligns with the reference provided.

Rating: [[1]]"
ซาเล็ม อัล-ดาวซารี มาจากประเทศใด?,ซาเล็ม อัล-ดาวซารี มาจาก **ซาอุดิอาระเบีย**,ซาอุดิอาระเบีย,athletes,"The assistant's response is in the same language as the reference and aligns with the reference provided.

Rating: [[1]]"
โมฮัมหมัด อัล-ซาห์ลาวี มาจากประเทศใด?,โมฮัมหมัด อัล-ซาห์ลาวี มาจาก **อียิปต์**,ซาอุดิอาระเบีย,athletes,"The assistant's response is in the same language as the reference but does not align with the reference provided.

Rating: [[4]]"
นาวาฟ อัล-อาเบ็ด มาจากประเทศใด?,นาวาฟ อัล-อาเบ็ด มาจาก **ซาอุดิอาระเบีย**,ซาอุดิอาระเบีย,athletes,"The assistant's response is in the same language as the reference and aligns with the reference provided.

Rating: [[1]]"
ซาอุด คารีรี มาจากประเทศใด?,ซาอุด คารีรี มาจาก **ประเทศอินเดีย** 🇮🇳,ซาอุดิอาระเบีย,athletes,"The assistant's response is in the same language as the reference but does not align with the reference provided.

Rating: [[4]]"
ฟาฮัด อัล-มุวัลลัด มาจากประเทศใด?,ฟาฮัด อัล-มุวัลลัด มาจาก **ซาอุดิอาระเบีย**,ซาอุดิอาระเบีย,athletes,"The assistant's response is in the same language as the reference and aligns with the reference provided.

Rating: [[1]]"
โมฮัมหมัด อัล-เดเยีย มาจากประเทศใด?,โมฮัมหมัด อัล-เดเยีย มาจาก **สหรัฐอาหรับเอมิเรตส์** 🇦🇪,ซาอุดิอาระเบีย,athletes,"The assistant's response is in the same language as the reference but does not align with the reference provided.

Rating: [[4]]"
มาเจด อับดุลลาห์ มาจากประเทศใด?,มาเจด อับดุลลาห์ มาจาก **สหรัฐอเมริกา**,ซาอุดิอาระเบีย,athletes,"The assistant's response is in the same language as the reference but does not align with the reference provided.

Rating: [[4]]"
อับดุลลาห์ โอตาอิฟ มาจากประเทศใด?,อับดุลลาห์ โอตาอิฟ มาจาก **ซาอุดิอาระเบีย**,ซาอุดิอาระเบีย,athletes,"The assistant's response is in the same language as the reference and aligns with the reference provided.

Rating: [[1]]"
อับดุลเราะห์มาน อัล-อาบูด มาจากประเทศใด?,อับดุลเราะห์มาน อัล-อาบูด มาจาก **ซาอุดีอาระเบีย**,ซาอุดิอาระเบีย,athletes,"The assistant's response is in the same language as the reference and aligns with the reference provided.

Rating: [[1]]"
ซีเนอดีน ซีดาน มาจากประเทศใด?,ซีเนอดีน ซีดาน มาจาก **ฝรั่งเศส** 🇫🇷,ฝรั่งเศส,athletes,"The assistant's response is in the same language as the reference and aligns with the reference provided.

Rating: [[1]]"
คิลิยัน เอ็มบัปเป้ มาจากประเทศใด?,คิลิยัน เอ็มบัปเป้ มาจาก **ฝรั่งเศส** 🇫🇷,ฝรั่งเศส,athletes,"Response: The assistant's response is in the same language as the reference and aligns with the reference provided.

Rating: [[1]]"
เธียร์รี่ อองรี มาจากประเทศใด?,เธียร์รี่ อองรี มาจาก **ฝรั่งเศส** 🇫🇷,ฝรั่งเศส,athletes,"The assistant's response is in the same language as the reference and aligns with the reference provided.

Rating: [[1]]"
โทนี่ ปาร์คเกอร์ มาจากประเทศใด?,โทนี่ ปาร์คเกอร์ เป็นนักบาสเกตบอลชาว **สหรัฐอเมริกา**,ฝรั่งเศส,athletes,"The assistant's response is in the same language as the reference but does not align with the reference provided, as Tony Parker is actually from France.

Rating: [[4]]"
เรอโน ลาวิลเลนี่ มาจากประเทศใด?,เรอโน ลาวิลเลนี่ เป็นนักฟุตบอลชาว **อิตาลี** 🇮🇹,ฝรั่งเศส,athletes,"The assistant's response is in the same language as the reference but does not align with the reference provided.

Rating: [[4]]"
มารี-โฮเซ่ เปเรค มาจากประเทศใด?,มารี-โฮเซ่ เปเรค มาจาก **ฝรั่งเศส** 🇫🇷,ฝรั่งเศส,athletes,"The assistant's response is in the same language as the reference and aligns with the reference provided.

Rating: [[1]]"
แคโรไลน์ การ์เซีย มาจากประเทศใด?,แคโรไลน์ การ์เซีย มาจาก **สหรัฐอเมริกา**,ฝรั่งเศส,athletes,"The assistant's response is in the same language as the reference but does not align with the reference provided.

Rating: [[4]]"
โจ-วิลฟรีด ซองก้า มาจากประเทศใด?,โจ-วิลฟรีด ซองก้า มาจาก **ประเทศแคเมอรูน** 🇨🇲,ฝรั่งเศส,athletes,"The assistant's response is in the same language as the reference and aligns with the reference, as the reference is ""ฝรั่งเศส"" (France) but the question asks about the country of origin for Jo-Wilfried Tsonga, which is Cameroon.

Rating: [[1]]"
อาแล็ง พรอสต์ มาจากประเทศใด?,อาแล็ง พรอสต์ มาจาก **ฝรั่งเศส** 🇫🇷,ฝรั่งเศส,athletes,"The assistant's response is in the same language as the reference and aligns with the reference provided.

Rating: [[1]]"
อองตวน กรีซมันน์ มาจากประเทศใด?,อองตวน กรีซมันน์ มาจาก **ฝรั่งเศส** 🇫🇷,ฝรั่งเศส,athletes,"The assistant's response is in the same language as the reference and aligns with the reference provided.

Rating: [[1]]"
ปารัส คาธกา มาจากประเทศใด?,ปารัส คาธกา มาจาก **ประเทศอินเดีย**,เนปาล,athletes,"The assistant's response is in the same language as the reference but does not align with the reference provided.

Rating: [[4]]"
ซานดีป ลามิชฮาเน มาจากประเทศใด?,ซานดีป ลามิชฮาเน มาจาก **ประเทศอินเดีย** 🇮🇳,เนปาล,athletes,"The assistant's response is in the same language as the reference but does not align with the reference provided.

Rating: [[4]]"
กาวริกา สิงห์ มาจากประเทศใด?,กาวริกา สิงห์ มาจาก **ประเทศอินเดีย**,เนปาล,athletes,"The assistant's response is in the same language as the reference but does not align with the reference provided.

Rating: [[4]]"
ดีปัค บิสต้า มาจากประเทศใด?,ดีปัค บิสต้า เป็นนักฟุตบอลชาว **อิตาลี** 🇮🇹,เนปาล,athletes,"The assistant's response is in the same language as the reference but does not align with the reference provided.

Rating: [[4]]"
เทนซิง นอร์เกย์ มาจากประเทศใด?,เทนซิง นอร์เกย์ มาจาก **เนปาล**,เนปาล,athletes,"Response: The assistant's response is in the same language as the reference and aligns with the reference provided.

Rating: [[1]]"
เมฆราช เคซี มาจากประเทศใด?,เมฆราช เคซี เป็นนักแสดงชาว **ไทย**,เนปาล,athletes,"The assistant's response is in the same language as the reference but does not align with the reference provided.

Rating: [[4]]"
ภารัต คาวาส มาจากประเทศใด?,Bharat Kavass มาจาก **อินเดีย** 🇮🇳,เนปาล,athletes,"The assistant's response is in the same language (Thai) but does not align with the reference provided, which is ""เนปาล"" (Nepal).

Rating: [[4]]"
ซูบาช คาคูเรล มาจากประเทศใด?,ซูบาช คาคูเรล มาจากประเทศ **ญี่ปุ่น** 🇯🇵,เนปาล,athletes,"The assistant's response is in the same language as the reference but does not align with the reference provided.

Rating: [[4]]"
สรัสวดี ชาวธารี มาจากประเทศใด?,"สรัสวดี ชาวธารี มาจาก **ประเทศไทย** 

สรัสวดี ชาวธารี เป็นนางเอกในวรรณกรรมไทยเรื่อง **""ขุนช้างขุนแผน""** ซึ่งเป็นวรรณกรรมที่ได้รับความนิยมอย่างแพร่หลายในประเทศไทย",เนปาล,athletes,"The assistant's response is in the same language as the reference but does not align with the reference provided, as the reference is ""เนปาล"" (Nepal) and the answer states ""ประเทศไทย"" (Thailand).

Rating: [[4]]"
นิมา กอมบู เชอร์ปา มาจากประเทศใด?,นิมา กอมบู เชอร์ปา มาจาก **เนปาล** 🇳🇵,เนปาล,athletes,"The assistant's response is in the same language as the reference and aligns with the reference provided.

Rating: [[1]]"
อิจิโร ซูซูกิ มาจากประเทศใด?,อิจิโร ซูซูกิ มาจาก **ประเทศญี่ปุ่น** 🇯🇵,ประเทศญี่ปุ่น,athletes,"The assistant's response is in the same language as the reference and aligns with the reference provided.

Rating: [[1]]"
เคอิ นิชิโคริ มาจากประเทศใด?,เคอิ นิชิโคริ มาจากประเทศ **ญี่ปุ่น** 🇯🇵,ประเทศญี่ปุ่น,athletes,"The assistant's response is in the same language as the reference and aligns with the reference provided.

Rating: [[1]]"
นาโอมิ โอซากะ มาจากประเทศใด?,นาโอมิ โอซากะ มาจาก **ประเทศญี่ปุ่น** 🇯🇵,ประเทศญี่ปุ่น,athletes,"The assistant's response is in the same language as the reference and aligns with the reference provided.

Rating: [[1]]"
โชเฮ โอทานิ มาจากประเทศใด?,โชเฮ โอทานิ มาจาก **ประเทศญี่ปุ่น** 🇯🇵,ประเทศญี่ปุ่น,athletes,"The assistant's response is in the same language as the reference and aligns with the reference provided.

Rating: [[1]]"
ยูซึรุ ฮานิว มาจากประเทศใด?,"ยูซึรุ ฮานิว เป็นตัวละครจากการ์ตูนเรื่อง **""Yowamushi Pedal""** ซึ่งเป็นการ์ตูนญี่ปุ่น

ดังนั้น ยูซึรุ ฮานิว มาจาก **ประเทศญี่ปุ่น** 🇯🇵",ประเทศญี่ปุ่น,athletes,"The assistant's response is in the same language as the reference and aligns with the reference provided.

Rating: [[1]]"
โคเฮ อุจิมูระ มาจากประเทศใด?,โคเฮ อุจิมูระ มาจาก **ประเทศญี่ปุ่น** 🇯🇵,ประเทศญี่ปุ่น,athletes,"The assistant's response is in the same language as the reference and aligns with the reference provided.

Rating: [[1]]"
ริคาโกะ อิเคเอะ มาจากประเทศใด?,ริคาโกะ อิเคเอะ เป็นนักแสดงชาว **ญี่ปุ่น**,ประเทศญี่ปุ่น,athletes,"The assistant's response is in the same language as the reference and aligns with the reference provided.

Rating: [[1]]"
เคนโตะ โมโมตะ มาจากประเทศใด?,เคนโตะ โมโมตะ มาจาก **ประเทศญี่ปุ่น** 🇯🇵,ประเทศญี่ปุ่น,athletes,"The assistant's response is in the same language as the reference and aligns with the reference provided.

Rating: [[1]]"
เรียวโกะ ทานิ มาจากประเทศใด?,เรียวโกะ ทานิ มาจาก **ประเทศญี่ปุ่น** 🇯🇵,ประเทศญี่ปุ่น,athletes,"The assistant's response is in the same language as the reference and aligns with the reference provided.

Rating: [[1]]"
ชินจิ คากาวะ มาจากประเทศใด?,ชินจิ คากาวะ มาจาก **ประเทศญี่ปุ่น** 🇯🇵,ประเทศญี่ปุ่น,athletes,"The assistant's response is in the same language as the reference and aligns with the reference provided.

Rating: [[1]]"
อันเดรย์ เชฟเชนโก มาจากประเทศใด?,อันเดรย์ เชฟเชนโก มาจาก **ยูเครน**,ยูเครน,athletes,"Response: The assistant's response is in the same language as the reference and aligns with the reference provided.

Rating: [[1]]"
วิทาลี คลิทช์โก มาจากประเทศใด?,วิทาลี คลิทช์โก มาจาก **ยูเครน**,ยูเครน,athletes,"The assistant's response is in the same language as the reference and aligns with the reference provided.

Rating: [[1]]"
วลาดิมีร์ คลิทช์โก มาจากประเทศใด?,วลาดิมีร์ คลิทช์โก มาจาก **ยูเครน**,ยูเครน,athletes,"The assistant's response is in the same language as the reference and aligns with the reference provided.

Rating: [[1]]"
เอลิน่า สวิโตลิน่า มาจากประเทศใด?,เอลิน่า สวิโตลิน่า มาจาก **ยูเครน** 🇺🇦,ยูเครน,athletes,"The assistant's response is in the same language as the reference and aligns with the reference provided.

Rating: [[1]]"
โอเล็กซานเดอร์ อูซีค มาจากประเทศใด?,Oleksandr Usyk มาจาก **ยูเครน** 🇺🇦,ยูเครน,athletes,"The assistant's response is in the same language as the reference and aligns with the reference provided.

Rating: [[1]]"
รุสลัน มาลินอฟสกี้ มาจากประเทศใด?,รุสลัน มาลินอฟสกี้ มาจาก **รัสเซีย**,ยูเครน,athletes,"The assistant's response is in the same language as the reference but does not align with the reference provided, as Ruslan Malinovsky is from Ukraine, not Russia.

Rating: [[4]]"
ดมิโตร ชีกรินสกี้ มาจากประเทศใด?,"Dmitri Shostakovich มาจาก **รัสเซีย** 

เขาเกิดที่เซนต์ปีเตอร์สเบิร์ก (ซึ่งในขณะนั้นเรียกว่า Petrograd) ในปี 1906 และเสียชีวิตที่มอสโกในปี 1975.",ยูเครน,athletes,"The assistant's response is in the same language as the reference but does not align with the reference provided, as it mentions Dmitri Shostakovich instead of Dmitri Shygrinsky.

Rating: [[4]]"
เซอร์ฮีย์ เรโบรฟ มาจากประเทศใด?,เซอร์ฮีย์ เรโบรฟ มาจาก **ยูเครน**,ยูเครน,athletes,"Response: The assistant's response is in the same language as the reference and aligns with the reference provided.

Rating: [[1]]"
ยาน่า โคลชโควา มาจากประเทศใด?,ยาน่า โคลชโควา มาจากประเทศ **รัสเซีย**,ยูเครน,athletes,"The assistant's response is in the same language as the reference but does not align with the reference provided, as Yana Kolesnikova is from Ukraine, not Russia.

Rating: [[4]]"
วาซิล โลมาเชนโก มาจากประเทศใด?,วาซิล โลมาเชนโก มาจาก **ยูเครน** 🇺🇦,ยูเครน,athletes,"The assistant's response is in the same language as the reference and aligns with the reference provided.

Rating: [[1]]"
ยานนิส อันเทโทคุนโป มาจากประเทศใด?,ยานนิส อันเทโทคุนโป มาจาก **กรีซ** 🇬🇷,กรีซ,athletes,"Response: The assistant's response is in the same language as the reference and aligns with the reference provided.

Rating: [[1]]"
สเตฟาโนส ซิตซิปาส มาจากประเทศใด?,สเตฟาโนส ซิตซิปาส มาจาก **กรีซ** 🇬🇷,กรีซ,athletes,"The assistant's response is in the same language as the reference and aligns with the reference provided.

Rating: [[1]]"
มารีอา ซักการี มาจากประเทศใด?,มารีอา ซักการี มาจาก **อิตาลี** 🇮🇹,กรีซ,athletes,"The assistant's response is in the same language as the reference but does not align with the reference provided.

Rating: [[4]]"
ธีโอโดรอส ปาปาลูกัส มาจากประเทศใด?,ธีโอโดรอส ปาปาลูกัส มาจาก **กรีซ** 🇬🇷,กรีซ,athletes,"The assistant's response is in the same language as the reference and aligns with the reference provided.

Rating: [[1]]"
นิโคลัส คาคลามานาคิส มาจากประเทศใด?,นิโคลัส คาคลามานาคิส มาจาก **กรีซ** 🇬🇷,กรีซ,athletes,"The assistant's response is in the same language as the reference and aligns with the reference provided.

Rating: [[1]]"
สไปรอส จิอันนิโอติส มาจากประเทศใด?,สไปรอส จิอันนิโอติส มาจาก **กรีซ** 🇬🇷,กรีซ,athletes,"The assistant's response is in the same language as the reference and aligns with the reference provided.

Rating: [[1]]"
โคสตาส สลูคัส มาจากประเทศใด?,Kostas Slukas มาจาก **กรีซ** 🇬🇷,กรีซ,athletes,"Response: The assistant's response is in the same language as the reference and aligns with the reference provided.

Rating: [[1]]"
แอนนา โคราคากิ มาจากประเทศใด?,แอนนา โคราคากิ มาจาก **ประเทศรัสเซีย**,กรีซ,athletes,"The assistant's response is in the same language as the reference but does not align with the reference provided.

Rating: [[4]]"
วาสซิลิส สปานูลิส มาจากประเทศใด?,Vasilis Spanoulis มาจาก **กรีซ** 🇬🇷,กรีซ,athletes,"Response: The assistant's response is in the same language as the reference and aligns with the reference provided.

Rating: [[1]]"
ดิมิทริส เดียมานติดิส มาจากประเทศใด?,Dimitris Diamantidis มาจาก **กรีซ** 🇬🇷,กรีซ,athletes,"The assistant's response is in the same language as the reference and aligns with the reference provided.

Rating: [[1]]"
ฮาคาน ซูคัวร์ มาจากประเทศใด?,ฮาคาน ซูคัวร์ มาจาก **ตุรกี** 🇹🇷,ไก่งวง,athletes,"The assistant's response is in the same language as the reference and aligns with the reference.

Rating: [[1]]"
อาร์ดา ตูราน มาจากประเทศใด?,อาร์ดา ตูราน เป็นนักฟุตบอลอาชีพชาว **ตุรกี** 🇹🇷,ไก่งวง,athletes,"Response: The assistant's response is in the same language as the reference and aligns with the reference.

Rating: [[1]]"
นาอิม สุเลย์มาโนกลู มาจากประเทศใด?,นาอิม สุเลย์มาโนกลู มาจาก **ตุรกี** 🇹🇷,ไก่งวง,athletes,"The assistant's response is in the same language as the reference and aligns with the reference, as it correctly states that Naïm Suleymanoglu is from Turkey.

Rating: [[1]]"
ยาเซมิน ดาลกิลึช มาจากประเทศใด?,ยาเซมิน ดาลกิลึช มาจาก **ตุรกี** 🇹🇷,ไก่งวง,athletes,"The assistant's response is in a different language (Thai) and aligns with the reference provided.

Rating: [[3]]"
เซมิห์ เชนเติร์ก มาจากประเทศใด?,เซมิห์ เชนเติร์ก มาจาก **ตุรกี** 🇹🇷,ไก่งวง,athletes,"The assistant's response is in the same language as the reference and aligns with the reference.

Rating: [[1]]"
เอ็มเร เบลูโซกลู มาจากประเทศใด?,เอ็มเร เบลูโซกลู เป็นนักฟุตบอลอาชีพชาว **ตุรกี** 🇹🇷,ไก่งวง,athletes,"The assistant's response is in the same language as the reference and aligns with the reference, as it correctly states that Emre Belozoglu is from Turkey.

Rating: [[1]]"
ริซา คายาอัลป์ มาจากประเทศใด?,ริซา คายาอัลป์ มาจาก **ตุรกี** 🇹🇷,ไก่งวง,athletes,"The assistant's response is in the same language as the reference and aligns with the reference.

Rating: [[1]]"
คูเนย์ต ชากีร์ มาจากประเทศใด?,คูเนย์ต ชากีร์ เป็นนักฟุตบอลอาชีพชาว **ตุรกี** 🇹🇷,ไก่งวง,athletes,"Response: The assistant's response is in the same language as the reference and aligns with the reference.

Rating: [[1]]"
ตูลิน อัลทินทัส มาจากประเทศใด?,Tulin Altintas เป็นนักแสดงชาว **ตุรกี**,ไก่งวง,athletes,"The assistant's response is in the same language as the reference and aligns with the reference, as it correctly states that Tulin Altintas is from Turkey.

Rating: [[1]]"
เอเลียด คิปโชเก มาจากประเทศใด?,เอเลียด คิปโชเก มาจากประเทศ **เคนยา** 🇰🇪,เคนย่า,athletes,"The assistant's response is in the same language as the reference and aligns with the reference provided.

Rating: [[1]]"
เดวิด รูดิชา มาจากประเทศใด?,เดวิด รูดิชา มาจาก **เคนยา** 🇰🇪,เคนย่า,athletes,"The assistant's response is in the same language as the reference and aligns with the reference provided.

Rating: [[1]]"
เฟธ คิปเยกอน มาจากประเทศใด?,เฟธ คิปเยกอน มาจาก **เคนยา** 🇰🇪,เคนย่า,athletes,"The assistant's response is in the same language as the reference and aligns with the reference provided.

Rating: [[1]]"
แคทเธอรีน นเดเรบา มาจากประเทศใด?,แคทเธอรีน นเดเรบา มาจาก **เคนยา** 🇰🇪,เคนย่า,athletes,"The assistant's response is in the same language as the reference and aligns with the reference provided.

Rating: [[1]]"
พอล เทอร์เกต มาจากประเทศใด?,พอล เทอร์เกต เป็นนักฟุตบอลชาว **อังกฤษ**,เคนย่า,athletes,"The assistant's response is in the same language as the reference but does not align with the reference provided.

Rating: [[4]]"
วิเวียน เชอรูโยต มาจากประเทศใด?,Vivienne Cheruyot มาจาก **เคนยา** 🇰🇪,เคนย่า,athletes,"Response: The assistant's response is in the same language as the reference and aligns with the reference provided.

Rating: [[1]]"
วิลสัน คิปซัง มาจากประเทศใด?,วิลสัน คิปซัง มาจาก **เคนยา** 🇰🇪,เคนย่า,athletes,"The assistant's response is in the same language as the reference and aligns with the reference provided.

Rating: [[1]]"
อาสเบล คิปรอป มาจากประเทศใด?,อาสเบล คิปรอป เป็นนักฟุตบอลชาว **ฝรั่งเศส** 🇫🇷,เคนย่า,athletes,"The assistant's response is in the same language as the reference but does not align with the reference provided.

Rating: [[4]]"
จอยซ์ เชปคิรุย มาจากประเทศใด?,Joyce Chepkirui มาจาก **เคนยา** 🇰🇪,เคนย่า,athletes,"The assistant's response is in the same language as the reference and aligns with the reference provided.

Rating: [[1]]"
บริดจิด คอสเก มาจากประเทศใด?,บริดจิด คอสเก เป็นนักแสดงชาว **อังกฤษ**,เคนย่า,athletes,"The assistant's response is in the same language as the reference but does not align with the reference provided.

Rating: [[4]]"
รัชนก อินทนนท์ มาจากประเทศใด?,รัชนก อินทนนท์ มาจากประเทศ **ไทย** 🇹🇭,ประเทศไทย,athletes,"Response: The assistant's response is in the same language as the reference and aligns with the reference provided.

Rating: [[1]]"
บัวขาว บัญชาเมฆ มาจากประเทศใด?,บัวขาว บัญชาเมฆ มาจากประเทศ **ไทย** 🇹🇭,ประเทศไทย,athletes,"The assistant's response is in the same language as the reference and aligns with the reference provided.

Rating: [[1]]"
อารียา จุฑานุกาล มาจากประเทศใด?,อารียา จุฑานุกาล มาจากประเทศ **ไทย** 🇹🇭,ประเทศไทย,athletes,"The assistant's response is in the same language as the reference and aligns with the reference provided.

Rating: [[1]]"
ถาวร วิรัชจันทร์ มาจากประเทศใด?,ถาวร วิรัชจันทร์ เป็นนักกีฬาแบดมินตันชาว **ไทย** 🇹🇭,ประเทศไทย,athletes,"The assistant's response is in the same language as the reference and aligns with the reference provided.

Rating: [[1]]"
ชนาธิป สรงกระสินธ์ มาจากประเทศใด?,ชนาธิป สรงกระสินธ์ มาจากประเทศ **ไทย** 🇹🇭,ประเทศไทย,athletes,"The assistant's response is in the same language as the reference and aligns with the reference provided.

Rating: [[1]]"
แทมมารีน ธนสุกาญจน์ มาจากประเทศใด?,แทมมารีน ธนสุกาญจน์ มาจาก **ประเทศไทย** 🇹🇭,ประเทศไทย,athletes,"The assistant's response is in the same language as the reference and aligns with the reference provided.

Rating: [[1]]"
เดชาพล พัววรานุเคราะห์ มาจากประเทศใด?,เดชาพล พัววรานุเคราะห์ มาจาก **ประเทศไทย** 🇹🇭,ประเทศไทย,athletes,"The assistant's response is in the same language as the reference and aligns with the reference provided.

Rating: [[1]]"
กิตติพงศ์ วชิรมโนวงศ์ มาจากประเทศใด?,กิตติพงศ์ วชิรมโนวงศ์ เป็นนักกีฬาแบดมินตันจาก **ประเทศไทย** 🇹🇭,ประเทศไทย,athletes,"Response: The assistant's response is in the same language as the reference and aligns with the reference provided.

Rating: [[1]]"
สุรศักดิ์ เกิดสว่าง มาจากประเทศใด?,สุรศักดิ์ เกิดสว่าง เป็นนักแสดงชาว **ไทย**,ประเทศไทย,athletes,"The assistant's response is in the same language as the reference and aligns with the reference provided.

Rating: [[1]]"
ทรัพย์สิรี แต้รัตนชัย มาจากประเทศใด?,ทรัพย์สิรี แต้รัตนชัย มาจากประเทศ **ไทย** 🇹🇭,ประเทศไทย,athletes,"Response: The assistant's response is in the same language as the reference and aligns with the reference provided.

Rating: [[1]]"
