Question,Predicted,answers,label,llm_output
纽约 位于哪个国家？,纽约位于 **美国**。,美国,cities,"Response: The assistant's response is in the same language as the reference and aligns with the reference provided.

Rating: [[1]]"
洛杉矶 位于哪个国家？,洛杉矶位于 **美国**。,美国,cities,"Response: The assistant's response is in the same language as the reference and aligns with the reference provided.

Rating: [[1]]"
芝加哥 位于哪个国家？,芝加哥位于 **美国**。,美国,cities,"Response: The assistant's response is in the same language as the reference and aligns with the reference provided.

Rating: [[1]]"
休斯顿 位于哪个国家？,休斯顿位于 **美国**。,美国,cities,"Response: The assistant's response is in the same language as the reference and aligns with the reference provided.

Rating: [[1]]"
凤凰 位于哪个国家？,"凤凰位于**中国**。 

凤凰是**中国**的城市，位于**湖南省**。",美国,cities,"Response: The assistant's response is in the same language as the reference and aligns with the reference provided.

Rating: [[1]]"
圣地亚哥 位于哪个国家？,圣地亚哥位于**智利**。,美国,cities,"Response: The assistant's response is in the same language as the reference and aligns with the reference, as Santiago is indeed located in Chile.

Rating: [[1]]"
旧金山 位于哪个国家？,旧金山位于 **美国**。,美国,cities,"Response: The assistant's response is in the same language as the reference and aligns with the reference.

Rating: [[1]]"
西雅图 位于哪个国家？,西雅图位于 **美国**。,美国,cities,"Response: The assistant's response is in the same language as the reference and aligns with the reference provided.

Rating: [[1]]"
丹佛 位于哪个国家？,丹佛位于 **美国**。,美国,cities,"Response: The assistant's response is in the same language as the reference and aligns with the reference.

Rating: [[1]]"
迈阿密 位于哪个国家？,迈阿密位于 **美国**。,美国,cities,"Response: The assistant's response is in the same language as the reference and aligns with the reference.

Rating: [[1]]"
奥斯汀 位于哪个国家？,"奥斯汀位于 **美国** 

更具体地说，奥斯汀是 **美国德克萨斯州** 的一个城市。",美国,cities,"Response: The assistant's response is in the same language as the reference and aligns with the reference provided.

Rating: [[1]]"
波士顿 位于哪个国家？,波士顿位于 **美国**。,美国,cities,"Response: The assistant's response is in the same language as the reference and aligns with the reference provided.

Rating: [[1]]"
拉斯维加斯 位于哪个国家？,拉斯维加斯位于 **美国**。,美国,cities,"Response: The assistant's response is in the same language as the reference and aligns with the reference provided.

Rating: [[1]]"
奥兰多 位于哪个国家？,奥兰多位于 **美国佛罗里达州**。,美国,cities,"Response: The assistant's response is in the same language as the reference and aligns with the reference provided.

Rating: [[1]]"
萨克拉门托 位于哪个国家？,萨克拉门托位于 **美国**。,美国,cities,"Response: The assistant's response is in the same language as the reference and aligns with the reference provided.

Rating: [[1]]"
波特兰 位于哪个国家？,"波特兰位于 **美国** 

更具体地说，它位于 **美国 bagian barat Oregon**。",美国,cities,"The assistant's response is in the same language as the reference and aligns with the reference, although it includes an error in the phrase ""美国 bagian barat Oregon"" which mixes Chinese and Indonesian. However, the core answer is correct and in the same language.

Rating: [[1]]"
坦帕 位于哪个国家？,坦帕位于**美国佛罗里达州**。,美国,cities,"Response: The assistant's response is in the same language as the reference and aligns with the reference provided.

Rating: [[1]]"
克利夫兰 位于哪个国家？,克利夫兰位于 **美国**。,美国,cities,"Response: The assistant's response is in the same language as the reference and aligns with the reference provided.

Rating: [[1]]"
明尼阿波利斯 位于哪个国家？,明尼阿波利斯位于 **美国**。,美国,cities,"Response: The assistant's response is in the same language as the reference and aligns with the reference provided.

Rating: [[1]]"
圣安东尼奥 位于哪个国家？,圣安东尼奥位于 **美国**。,美国,cities,"Response: The assistant's response is in the same language as the reference and aligns with the reference provided.

Rating: [[1]]"
孟买 位于哪个国家？,孟买位于**印度**。,印度,cities,"Response: The assistant's response is in the same language as the reference and aligns with the reference provided.

Rating: [[1]]"
德里 位于哪个国家？,德里位于**印度**。,印度,cities,"Response: The assistant's response is in the same language as the reference and aligns with the reference provided.

Rating: [[1]]"
班加罗尔 位于哪个国家？,班加罗尔位于**印度**。,印度,cities,"Response: The assistant's response is in the same language and aligns with the reference provided.

Rating: [[1]]"
钦奈 位于哪个国家？,"钦奈位于**中国**。 

更具体地说，钦奈位于**中国广西壮族自治区**的**钦州**。",印度,cities,"The assistant's response is in the same language as the reference but does not align with the reference provided, as Chennai is not located in China but in India.

Rating: [[4]]"
海得拉巴 位于哪个国家？,海得拉巴位于**印度**。,印度,cities,"Response: The assistant's response is in the same language as the reference and aligns with the reference.

Rating: [[1]]"
艾哈迈达巴德 位于哪个国家？,艾哈迈达巴德位于**巴基斯坦**。,印度,cities,"The assistant's response is in the same language as the reference but does not align with the reference provided, as Ahmedabad is located in India, not Pakistan.

Rating: [[4]]"
浦那 位于哪个国家？,"浦那位于**中国**。 

更具体地说，它位于**中国浙江省杭州市**。",印度,cities,"The assistant's response is in the same language as the reference but does not align with the reference provided, as Pune is not located in China but in India.

Rating: [[4]]"
加尔各答 位于哪个国家？,加尔各答位于**印度**。,印度,cities,"Response: The assistant's response is in the same language as the reference and aligns with the reference provided.

Rating: [[1]]"
斋浦尔 位于哪个国家？,斋浦尔位于**印度**。,印度,cities,"Response: The assistant's response is in the same language as the reference and aligns with the reference.

Rating: [[1]]"
勒克瑙 位于哪个国家？,勒克瑙位于**中国**。,印度,cities,"The assistant's response is in the same language as the reference but does not align with the reference provided, as Lucknow is located in India, not China.

Rating: [[4]]"
坎普尔 位于哪个国家？,坎普尔位于**法国**。,印度,cities,"The assistant's response is in the same language as the reference but does not align with the reference provided.

Rating: [[4]]"
那格浦尔 位于哪个国家？,那格浦尔位于**中国**。,印度,cities,"The assistant's response is in the same language as the reference but does not align with the reference provided, as Nagpur is located in India, not China.

Rating: [[4]]"
印多尔 位于哪个国家？,印多尔位于**印度**。,印度,cities,"Response: The assistant's response is in the same language as the reference and aligns with the reference provided.

Rating: [[1]]"
巴特那 位于哪个国家？,"巴特那位于**中国**。 

更具体地说，它位于**中国新疆维吾尔自治区**的**巴音郭尔ดี市**。",印度,cities,"The assistant's response is in the same language as the reference but does not align with the reference provided. The correct answer should be that Patna is located in India, not China.

Rating: [[4]]"
博帕尔 位于哪个国家？,博帕尔位于**印度**。,印度,cities,"Response: The assistant's response is in the same language as the reference and aligns with the reference.

Rating: [[1]]"
巴罗达 位于哪个国家？,巴罗达位于**巴拉圭**。,印度,cities,"The assistant's response is in the same language as the reference but does not align with the reference provided.

Rating: [[4]]"
维沙卡帕特南 位于哪个国家？,维沙卡帕特南位于**印度**。,印度,cities,"Response: The assistant's response is in the same language as the reference and aligns with the reference provided.

Rating: [[1]]"
苏拉特 位于哪个国家？,苏拉特位于**印度**。,印度,cities,"Response: The assistant's response is in the same language as the reference and aligns with the reference.

Rating: [[1]]"
阿姆利则 位于哪个国家？,"阿姆利是位于 **阿姆利** 的一个城市。 

请注意，阿姆利是一个地名，而不是一个国家。",印度,cities,"The assistant's response is in the same language as the reference but does not align with the reference provided, as it fails to correctly identify the country in which Amritsar is located.

Rating: [[4]]"
拉杰果德 位于哪个国家？,拉杰果德位于**印度**。,印度,cities,"Response: The assistant's response is in the same language as the reference and aligns with the reference.

Rating: [[1]]"
上海 位于哪个国家？,上海位于**中国**。,中国,cities,"Response: The assistant's response is in the same language and aligns with the reference provided.

Rating: [[1]]"
北京 位于哪个国家？,北京位于**中国**。,中国,cities,"Response: The assistant's response is in the same language and aligns with the reference provided.

Rating: [[1]]"
广州 位于哪个国家？,广州位于**中国**。,中国,cities,"Response: The assistant's response is in the same language and aligns with the reference provided.

Rating: [[1]]"
深圳 位于哪个国家？,深圳位于**中国**。,中国,cities,"The assistant's response is in the same language as the reference and aligns with the reference provided.

Rating: [[1]]"
成都 位于哪个国家？,成都位于**中国**。,中国,cities,"Response: The assistant's response is in the same language and aligns with the reference provided.

Rating: [[1]]"
武汉 位于哪个国家？,武汉位于**中国**。,中国,cities,"Response: The assistant's response is in the same language and aligns with the reference provided.

Rating: [[1]]"
重庆 位于哪个国家？,重庆位于**中国**。,中国,cities,"Response: The assistant's response is in the same language and aligns with the reference provided.

Rating: [[1]]"
西安 位于哪个国家？,西安位于**中国**。,中国,cities,"Response: The assistant's response is in the same language and aligns with the reference provided.

Rating: [[1]]"
杭州 位于哪个国家？,杭州位于**中国**。,中国,cities,"Response: The assistant's response is in the same language and aligns with the reference provided.

Rating: [[1]]"
苏州 位于哪个国家？,苏州位于**中国**。,中国,cities,"The assistant's response is in the same language as the reference and aligns with the reference provided.

Rating: [[1]]"
天津 位于哪个国家？,天津位于**中国**。,中国,cities,"Response: The assistant's response is in the same language and aligns with the reference provided.

Rating: [[1]]"
南京 位于哪个国家？,南京位于**中国**。,中国,cities,"Response: The assistant's response is in the same language and aligns with the reference provided.

Rating: [[1]]"
哈尔滨 位于哪个国家？,哈尔滨位于**中国**。,中国,cities,"Response: The assistant's response is in the same language and aligns with the reference provided.

Rating: [[1]]"
青岛 位于哪个国家？,青岛位于**中国**。,中国,cities,"Response: The assistant's response is in the same language and aligns with the reference provided.

Rating: [[1]]"
大连 位于哪个国家？,大连位于**中国**。,中国,cities,"Response: The assistant's response is in the same language and aligns with the reference provided.

Rating: [[1]]"
石家庄 位于哪个国家？,石家庄位于**中国**。,中国,cities,"The assistant's response is in the same language as the reference and aligns with the reference provided.

Rating: [[1]]"
福州 位于哪个国家？,福州位于**中国**。,中国,cities,"Response: The assistant's response is in the same language and aligns with the reference provided.

Rating: [[1]]"
郑州 位于哪个国家？,郑州位于**中国**。,中国,cities,"Response: The assistant's response is in the same language and aligns with the reference provided.

Rating: [[1]]"
昆明 位于哪个国家？,昆明位于**中国**。,中国,cities,"Response: The assistant's response is in the same language and aligns with the reference provided.

Rating: [[1]]"
长沙 位于哪个国家？,长沙位于**中国**。,中国,cities,"Response: The assistant's response is in the same language and aligns with the reference provided.

Rating: [[1]]"
莫斯科 位于哪个国家？,莫斯科位于**俄罗斯**。,俄罗斯,cities,"Response: The assistant's response is in the same language as the reference and aligns with the reference provided.

Rating: [[1]]"
圣彼得堡 位于哪个国家？,圣彼得堡位于**俄罗斯**。,俄罗斯,cities,"Response: The assistant's response is in the same language as the reference and aligns with the reference provided.

Rating: [[1]]"
新西伯利亚 位于哪个国家？,新西伯利亚位于**俄罗斯**。,俄罗斯,cities,"Response: The assistant's response is in the same language as the reference and aligns with the reference provided.

Rating: [[1]]"
叶卡捷琳堡 位于哪个国家？,叶卡捷琳堡位于**俄罗斯**。,俄罗斯,cities,"Response: The assistant's response is in the same language as the reference and aligns with the reference provided.

Rating: [[1]]"
喀山 位于哪个国家？,喀山位于**中国**。,俄罗斯,cities,"The assistant's response is in the same language but does not align with the reference provided.

Rating: [[4]]"
下诺夫哥罗德 位于哪个国家？,下诺夫哥罗德位于**俄罗斯**。,俄罗斯,cities,"Response: The assistant's response is in the same language as the reference and aligns with the reference provided.

Rating: [[1]]"
车里雅宾斯克 位于哪个国家？,车里雅宾斯克位于**俄罗斯**。,俄罗斯,cities,"Response: The assistant's response is in the same language as the reference and aligns with the reference provided.

Rating: [[1]]"
萨马拉 位于哪个国家？,萨马拉位于**印度**。,俄罗斯,cities,"The assistant's response is in the same language as the reference but does not align with the reference provided.

Rating: [[4]]"
鄂木斯克 位于哪个国家？,鄂木斯克位于**俄罗斯**。,俄罗斯,cities,"Response: The assistant's response is in the same language as the reference and aligns with the reference provided.

Rating: [[1]]"
顿河畔罗斯托夫 位于哪个国家？,顿河畔罗斯托夫位于**俄罗斯**。,俄罗斯,cities,"Response: The assistant's response is in the same language as the reference and aligns with the reference provided.

Rating: [[1]]"
乌法 位于哪个国家？,"乌法位于**中国**。 

乌法是**中国**的城市，位于**新疆维吾尔自治区**。",俄罗斯,cities,"The assistant's response is in the same language as the reference but does not align with the reference provided, as Ufa is not located in China but in Russia.

Rating: [[4]]"
克拉斯诺亚尔斯克 位于哪个国家？,克拉斯诺亚尔斯克位于**俄罗斯**。,俄罗斯,cities,"Response: The assistant's response is in the same language as the reference and aligns with the reference provided.

Rating: [[1]]"
彼尔姆 位于哪个国家？,"彼尔姆位于**中国**。 

更具体地说，它位于**中国新疆维吾尔自治区**。",俄罗斯,cities,"The assistant's response is in the same language as the reference but does not align with the reference provided, as Perm is located in Russia, not China.

Rating: [[4]]"
沃罗涅日 位于哪个国家？,沃罗涅日位于**乌克兰**。,俄罗斯,cities,"The assistant's response is in the same language as the reference but does not align with the reference provided, as Voronezh is located in Russia, not Ukraine.

Rating: [[4]]"
伏尔加格勒 位于哪个国家？,伏尔加格勒位于**俄罗斯**。,俄罗斯,cities,"Response: The assistant's response is in the same language as the reference and aligns with the reference provided.

Rating: [[1]]"
萨拉托夫 位于哪个国家？,萨拉托夫位于**俄罗斯**。,俄罗斯,cities,"Response: The assistant's response is in the same language as the reference and aligns with the reference provided.

Rating: [[1]]"
克拉斯诺达尔 位于哪个国家？,克拉斯诺达尔位于**俄罗斯**。,俄罗斯,cities,"Response: The assistant's response is in the same language as the reference and aligns with the reference provided.

Rating: [[1]]"
陶里亚蒂 位于哪个国家？,陶里亚蒂位于**中国**。,俄罗斯,cities,"The assistant's response is in the same language as the reference but does not align with the reference provided.

Rating: [[4]]"
伊热夫斯克 位于哪个国家？,伊热夫斯克位于**俄罗斯**。,俄罗斯,cities,"Response: The assistant's response is in the same language as the reference and aligns with the reference provided.

Rating: [[1]]"
乌里扬诺夫斯克 位于哪个国家？,乌里扬诺夫斯克位于**俄罗斯**。,俄罗斯,cities,"Response: The assistant's response is in the same language as the reference and aligns with the reference provided.

Rating: [[1]]"
利雅得 位于哪个国家？,利雅得位于**沙特阿拉伯**。,沙特阿拉伯,cities,"Response: The assistant's response is in the same language and aligns with the reference provided.

Rating: [[1]]"
吉达 位于哪个国家？,吉达位于**吉达**，**阿联酋**。,沙特阿拉伯,cities,"The assistant's response is in the same language as the reference but does not align with the reference provided. The correct answer should be that Jeddah is located in Saudi Arabia, not the UAE.

Rating: [[4]]"
麦加 位于哪个国家？,麦加位于**沙特阿拉伯**。,沙特阿拉伯,cities,"Response: The assistant's response is in the same language and aligns with the reference provided.

Rating: [[1]]"
麦地那 位于哪个国家？,麦地那位于**南非**。,沙特阿拉伯,cities,"The assistant's response is in the same language but does not align with the reference provided.

Rating: [[4]]"
达曼 位于哪个国家？,"达曼位于 **中国**。 

请注意，""达曼"" 也可以指代其他地方，例如：

* **达曼 (城市)**：位于中国**新疆**的达曼市。
* **达曼 (地名)**：在**中国**的多个地区都有。 

为了更准确地回答你的问题，请提供更多上下文信息，例如：

* 你是在哪里看到或听到“达曼”这个词的？
* 你想了解达曼的哪个方面？",沙特阿拉伯,cities,"The assistant's response is in the same language but does not align with the reference provided. The correct answer should be Saudi Arabia (沙特阿拉伯).

Rating: [[4]]"
霍巴尔 位于哪个国家？,"霍巴尔位于**中国**。 

更具体地说，它位于**中国新疆维吾尔自治区**的**霍巴尔市**。",沙特阿拉伯,cities,"The assistant's response is in the same language as the reference but does not align with the reference provided, as Hobart (霍巴尔) is not located in China but in Australia. 

Rating: [[4]]"
塔布克 位于哪个国家？,塔布克位于**中国**。,沙特阿拉伯,cities,"The assistant's response is in the same language but does not align with the reference provided.

Rating: [[4]]"
阿卜哈 位于哪个国家？,阿卜哈位于**阿联酋**。,沙特阿拉伯,cities,"The assistant's response is in the same language as the reference but does not align with the reference provided, as Abha is located in Saudi Arabia, not the UAE.

Rating: [[4]]"
塔伊夫 位于哪个国家？,塔伊夫位于**土耳其**。,沙特阿拉伯,cities,"The assistant's response is in the same language but does not align with the reference provided.

Rating: [[4]]"
胡富夫 位于哪个国家？,胡富夫是**中国**的知名企业家和慈善家。,沙特阿拉伯,cities,"The assistant's response is in the same language but does not align with the reference provided.

Rating: [[4]]"
布赖代 位于哪个国家？,"布赖代位于 **中国**。 

更具体地说，它位于 **中国广东省**。",沙特阿拉伯,cities,"The assistant's response is in the same language but does not align with the reference provided.

Rating: [[4]]"
纳吉兰 位于哪个国家？,"纳吉兰位于**印度**。 

更具体地说，纳吉兰位于**印度的北方邦**。",沙特阿拉伯,cities,"The assistant's response is in the same language as the reference but does not align with the reference provided. The correct answer should be Saudi Arabia, not India.

Rating: [[4]]"
冰雹 位于哪个国家？,"冰雹是全球性的天气现象，所以没有一个特定的国家。 

冰雹出现在任何地方，只要存在**降雨**和**温度低到足以形成冰晶**的条件。 

你想知道冰雹出现在哪个国家或地区？ 

请告诉我你想知道哪个地区，我会尽力提供更多信息。",沙特阿拉伯,cities,"The assistant's response is in the same language as the reference and provides a correct explanation that hail is a global weather phenomenon and not specific to a single country. However, the response does not directly answer the question as it could be interpreted that the user is asking for a country where hail is common or notable. Despite this, the assistant's response is still aligned with the reference and provides useful information.

Rating: [[1]]"
吉赞 位于哪个国家？,"吉赞位于**中国**。 

更具体地说，吉赞位于**中国新疆维吾尔自治区**。",沙特阿拉伯,cities,"The assistant's response is in the same language but does not align with the reference provided.

Rating: [[4]]"
朱拜勒 位于哪个国家？,"朱拜勒位于**中国**。 

它是一个位于**新疆维吾尔自治区**的城市，是该地区重要的交通枢纽和经济中心。",沙特阿拉伯,cities,"The assistant's response is in the same language but does not align with the reference provided.

Rating: [[4]]"
卡提夫 位于哪个国家？,卡提夫位于**阿联酋**。,沙特阿拉伯,cities,"The assistant's response is in the same language as the reference but does not align with the reference provided, as it states that卡提夫 is located in the UAE, not Saudi Arabia.

Rating: [[4]]"
阿尔哈吉 位于哪个国家？,"阿尔哈吉位于**中国**。 

更具体地说，它位于**新疆维吾尔自治区**的**阿克苏地区**。",沙特阿拉伯,cities,"The assistant's response is in the same language as the reference but does not align with the reference provided.

Rating: [[4]]"
延布 位于哪个国家？,延布位于**中国**。,沙特阿拉伯,cities,"The assistant's response is in the same language but does not align with the reference provided.

Rating: [[4]]"
海米斯·穆谢特 位于哪个国家？,海米斯·穆谢特位于**阿联酋**。,沙特阿拉伯,cities,"The assistant's response is in the same language as the reference but does not align with the reference provided.

Rating: [[4]]"
艾尔巴哈 位于哪个国家？,艾尔巴哈位于**西班牙**。,沙特阿拉伯,cities,"The assistant's response is in the same language but does not align with the reference provided.

Rating: [[4]]"
巴黎 位于哪个国家？,巴黎位于**法国**。,法国,cities,"Response: The assistant's response is in the same language as the reference and aligns with the reference provided.

Rating: [[1]]"
马赛 位于哪个国家？,马赛位于**法国**。,法国,cities,"Response: The assistant's response is in the same language as the reference and aligns with the reference provided.

Rating: [[1]]"
里昂 位于哪个国家？,里昂位于**法国**。,法国,cities,"Response: The assistant's response is in the same language as the reference and aligns with the reference provided.

Rating: [[1]]"
图卢兹 位于哪个国家？,图卢兹位于**法国**。,法国,cities,"Response: The assistant's response is in the same language as the reference and aligns with the reference provided.

Rating: [[1]]"
好的 位于哪个国家？,"I am a large language model, so I don't have a physical location. I exist as a computer program! 🌎 

Do you want to know about a specific country? 😊",法国,cities,"The assistant's response is in a different language (English) and does not align with the reference provided, which is in Chinese. The assistant also does not answer the question about the location of ""好的"" (which could be referring to a place or a concept, but the assistant should have attempted to address it based on the reference).

Rating: [[4]]"
南特 位于哪个国家？,"南特位于**中国**。 

更具体地说，南特位于**中国广东省**。",法国,cities,"The assistant's response is in the same language as the reference but does not align with the reference provided, as Nantes is located in France, not China.

Rating: [[4]]"
斯特拉斯堡 位于哪个国家？,斯特拉斯堡位于**法国**。,法国,cities,"Response: The assistant's response is in the same language as the reference and aligns with the reference provided.

Rating: [[1]]"
蒙彼利埃 位于哪个国家？,蒙彼利埃位于**法国**。,法国,cities,"Response: The assistant's response is in the same language as the reference and aligns with the reference provided.

Rating: [[1]]"
波尔多 位于哪个国家？,波尔多位于**法国**。,法国,cities,"Response: The assistant's response is in the same language as the reference and aligns with the reference provided.

Rating: [[1]]"
里尔 位于哪个国家？,里尔位于**德国**。,法国,cities,"The assistant's response is in the same language as the reference but does not align with the reference provided.

Rating: [[4]]"
雷恩 位于哪个国家？,雷恩位于**法国**。,法国,cities,"Response: The assistant's response is in the same language as the reference and aligns with the reference provided.

Rating: [[1]]"
兰斯 位于哪个国家？,兰斯位于**法国**。,法国,cities,"Response: The assistant's response is in the same language as the reference and aligns with the reference provided.

Rating: [[1]]"
勒阿弗尔 位于哪个国家？,勒阿弗尔位于**法国**。,法国,cities,"Response: The assistant's response is in the same language as the reference and aligns with the reference provided.

Rating: [[1]]"
圣艾蒂安 位于哪个国家？,圣艾蒂安位于**法国**。,法国,cities,"Response: The assistant's response is in the same language as the reference and aligns with the reference provided.

Rating: [[1]]"
土伦 位于哪个国家？,"土伦位于**中国**。 

更具体地说，它位于**中国新疆维吾尔自治区**。",法国,cities,"The assistant's response is in the same language as the reference but does not align with the reference provided.

Rating: [[4]]"
昂热 位于哪个国家？,昂热位于**中国**。,法国,cities,"The assistant's response is in the same language but does not align with the reference provided.

Rating: [[4]]"
格勒诺布尔 位于哪个国家？,格勒诺布尔位于**法国**。,法国,cities,"Response: The assistant's response is in the same language as the reference and aligns with the reference provided.

Rating: [[1]]"
第戎 位于哪个国家？,第戎位于**法国**。,法国,cities,"Response: The assistant's response is in the same language as the reference and aligns with the reference provided.

Rating: [[1]]"
尼姆 位于哪个国家？,尼姆位于**尼泊尔**。,法国,cities,"The assistant's response is in the same language as the reference but does not align with the reference provided.

Rating: [[4]]"
普罗旺斯地区艾克斯 位于哪个国家？,普罗旺斯地区艾克斯位于**法国**。,法国,cities,"Response: The assistant's response is in the same language as the reference and aligns with the reference provided.

Rating: [[1]]"
加德满都 位于哪个国家？,加德满都位于**印度**。,尼泊尔,cities,"The assistant's response is in the same language as the reference but does not align with the reference provided, as Kathmandu is located in Nepal, not India.

Rating: [[4]]"
博卡拉 位于哪个国家？,博卡拉位于**巴西**。,尼泊尔,cities,"The assistant's response is in the same language but does not align with the reference provided.

Rating: [[4]]"
拉利特布尔 位于哪个国家？,拉利特布尔位于**中国**。,尼泊尔,cities,"The assistant's response is in the same language but does not align with the reference provided.

Rating: [[4]]"
比拉德纳加尔 位于哪个国家？,比拉德纳加尔位于**印度**。,尼泊尔,cities,"The assistant's response is in the same language as the reference but does not align with the reference provided.

Rating: [[4]]"
贾纳克普尔 位于哪个国家？,贾纳克普尔位于**印度**。,尼泊尔,cities,"The assistant's response is in the same language as the reference but does not align with the reference provided, as Janakpur is located in Nepal, not India.

Rating: [[4]]"
达兰 位于哪个国家？,"达兰位于**中国**。 

更具体地说，它位于**中国四川省**。",尼泊尔,cities,"The assistant's response is in the same language but does not align with the reference provided.

Rating: [[4]]"
布特瓦尔 位于哪个国家？,布特瓦尔位于**法国**。,尼泊尔,cities,"The assistant's response is in the same language but does not align with the reference provided.

Rating: [[4]]"
比尔根杰 位于哪个国家？,比尔·根杰位于**美国**。,尼泊尔,cities,"The assistant's response is in the same language as the reference but does not align with the reference provided.

Rating: [[4]]"
黑道达 位于哪个国家？,"黑道达 (The Godfather) is a fictional character and the title of a famous movie. 

The movie is set in **the United States**, specifically in **New York City**. 

It's important to remember that the movie is a work of fiction and doesn't represent real-life events.",尼泊尔,cities,"The assistant's response is in a different language (English) and does not align with the reference provided, which is in Chinese and refers to a location in Nepal.

Rating: [[4]]"
尼泊尔根杰 位于哪个国家？,尼泊尔根杰位于**尼泊尔**。,尼泊尔,cities,"Response: The assistant's response is in the same language and aligns with the reference provided.

Rating: [[1]]"
伊塔哈里 位于哪个国家？,伊塔哈里位于**印度**。,尼泊尔,cities,"The assistant's response is in the same language as the reference but does not align with the reference provided.

Rating: [[4]]"
丹加迪 位于哪个国家？,丹加迪位于**印度**。,尼泊尔,cities,"The assistant's response is in the same language as the reference but does not align with the reference provided, as Dangadi is located in Nepal, not India.

Rating: [[4]]"
巴克塔普尔 位于哪个国家？,巴克塔普尔位于**印度**。,尼泊尔,cities,"The assistant's response is in the same language as the reference but does not align with the reference provided.

Rating: [[4]]"
塔尔西布尔 位于哪个国家？,塔尔西布尔位于**法国**。,尼泊尔,cities,"The assistant's response is in the same language but does not align with the reference provided.

Rating: [[4]]"
卡萊亞 位于哪个国家？,卡萊亞位于**中国**。,尼泊尔,cities,"The assistant's response is in the same language but does not align with the reference provided.

Rating: [[4]]"
戈拉希 位于哪个国家？,"戈拉希位于**中国**。 

更具体地说，它位于**中国新疆维吾尔自治区**的**戈壁滩地区**。",尼泊尔,cities,"The assistant's response is in the same language as the reference but does not align with the reference provided, as it incorrectly states that Gola Xi (likely referring to Gola or Ghorahi) is located in China, when it should be in Nepal.

Rating: [[4]]"
达马克 位于哪个国家？,"达马克位于**中国**。 

请注意，""达马克"" 可能是指 **达马克镇**，它位于**中国** **云南省** **昆明市**。",尼泊尔,cities,"The assistant's response is in the same language as the reference but does not align with the reference provided, as it incorrectly states that ""达马克"" (Damao) is located in China, while the reference indicates it should be in Nepal.

Rating: [[4]]"
拉罕 位于哪个国家？,拉罕位于**吉尔吉斯斯坦**。,尼泊尔,cities,"The assistant's response is in the same language as the reference but does not align with the reference provided.

Rating: [[4]]"
基尔蒂布尔 位于哪个国家？,基尔蒂布尔位于**中国**。,尼泊尔,cities,"The assistant's response is in the same language but does not align with the reference provided.

Rating: [[4]]"
东京 位于哪个国家？,东京位于 **日本**。,日本,cities,"Response: The assistant's response is in the same language and aligns with the reference provided.

Rating: [[1]]"
大阪 位于哪个国家？,大阪位于**日本**。,日本,cities,"Response: The assistant's response is in the same language as the reference and aligns with the reference provided.

Rating: [[1]]"
横滨 位于哪个国家？,横滨位于**日本**。,日本,cities,"Response: The assistant's response is in the same language and aligns with the reference provided.

Rating: [[1]]"
名古屋 位于哪个国家？,名古屋位于**日本**。,日本,cities,"Response: The assistant's response is in the same language as the reference and aligns with the reference provided.

Rating: [[1]]"
札幌 位于哪个国家？,札幌位于**日本**。,日本,cities,"Response: The assistant's response is in the same language and aligns with the reference provided.

Rating: [[1]]"
福冈 位于哪个国家？,福冈位于**日本**。,日本,cities,"Response: The assistant's response is in the same language as the reference and aligns with the reference provided.

Rating: [[1]]"
神户 位于哪个国家？,神户位于**日本**。,日本,cities,"Response: The assistant's response is in the same language and aligns with the reference provided.

Rating: [[1]]"
京都 位于哪个国家？,京都位于**日本**。,日本,cities,"Response: The assistant's response is in the same language as the reference and aligns with the reference provided.

Rating: [[1]]"
广岛 位于哪个国家？,广岛位于**日本**。,日本,cities,"Response: The assistant's response is in the same language as the reference and aligns with the reference provided.

Rating: [[1]]"
仙台 位于哪个国家？,仙台位于**日本**。,日本,cities,"Response: The assistant's response is in the same language as the reference and aligns with the reference provided.

Rating: [[1]]"
北九州 位于哪个国家？,北九州位于**日本**。,日本,cities,"Response: The assistant's response is in the same language as the reference and aligns with the reference provided.

Rating: [[1]]"
千叶 位于哪个国家？,千叶位于**日本**。,日本,cities,"Response: The assistant's response is in the same language and aligns with the reference provided.

Rating: [[1]]"
酒井 位于哪个国家？,"酒井是日本一个很常见的姓氏，所以很难确定一个具体的酒井。 

为了帮助你找到你想要的信息，请提供更多信息，例如：

* **酒井的具体姓名：**  例如，你是否知道酒井的姓名，比如 ""酒井太郎"" 或 ""酒井花子""？
* **酒井的职业或其他信息：**  例如，你是否知道酒井的职业，或者他/她从事什么行业？
* **你想要了解酒井的什么信息：**  例如，你想要知道酒井的出生日期、居住地",日本,cities,"The assistant's response is in the same language as the reference and aligns with the reference, as it correctly identifies that ""酒井"" is a common Japanese surname and asks for more specific information to provide a more accurate answer.

Rating: [[1]]"
静冈 位于哪个国家？,静冈位于**日本**。,日本,cities,"Response: The assistant's response is in the same language and aligns with the reference provided.

Rating: [[1]]"
冈山 位于哪个国家？,"冈山位于**中国**。 

更具体地说，冈山位于**中国广东省**。",日本,cities,"The assistant's response is in the same language as the reference but does not align with the reference provided, as Okinawa is incorrectly stated to be in China instead of Japan.

Rating: [[4]]"
滨松 位于哪个国家？,"滨松位于**中国**。 

更具体地说，滨松位于**浙江省**。",日本,cities,"The assistant's response is in the same language as the reference but does not align with the reference provided, as Hamamatsu is located in Japan, not China.

Rating: [[4]]"
鹿儿岛 位于哪个国家？,鹿儿岛位于**日本**。,日本,cities,"Response: The assistant's response is in the same language as the reference and aligns with the reference provided.

Rating: [[1]]"
新潟 位于哪个国家？,新潟位于**日本**。,日本,cities,"Response: The assistant's response is in the same language and aligns with the reference provided.

Rating: [[1]]"
松山 位于哪个国家？,"松山位于**中国**。 

更具体地说，松山位于**中国福建省**。",日本,cities,"The assistant's response is in the same language as the reference but does not align with the reference provided, as it incorrectly states that 松山 is located in 中国 (China) instead of 日本 (Japan).

Rating: [[4]]"
那霸 位于哪个国家？,那霸位于**日本**。,日本,cities,"Response: The assistant's response is in the same language as the reference and aligns with the reference provided.

Rating: [[1]]"
基辅 位于哪个国家？,基辅位于**乌克兰**。,乌克兰,cities,"Response: The assistant's response is in the same language and aligns with the reference provided.

Rating: [[1]]"
哈尔科夫 位于哪个国家？,哈尔科夫位于**乌克兰**。,乌克兰,cities,"Response: The assistant's response is in the same language as the reference and aligns with the reference provided.

Rating: [[1]]"
敖德萨 位于哪个国家？,敖德萨位于**乌克兰**。,乌克兰,cities,"Response: The assistant's response is in the same language as the reference and aligns with the reference provided.

Rating: [[1]]"
德尼普罗 位于哪个国家？,德尼普罗位于**意大利**。,乌克兰,cities,"The assistant's response is in the same language but does not align with the reference provided.

Rating: [[4]]"
顿涅茨克 位于哪个国家？,顿涅茨克位于**乌克兰**。,乌克兰,cities,"Response: The assistant's response is in the same language and aligns with the reference provided.

Rating: [[1]]"
扎波罗热 位于哪个国家？,扎波罗热位于**俄罗斯**。,乌克兰,cities,"The assistant's response is in the same language as the reference but does not align with the reference provided, as Zaporizhzhia is located in Ukraine, not Russia.

Rating: [[4]]"
利沃夫 位于哪个国家？,利沃夫位于**乌克兰**。,乌克兰,cities,"Response: The assistant's response is in the same language as the reference and aligns with the reference provided.

Rating: [[1]]"
克里沃罗格 位于哪个国家？,克里沃罗格位于**乌克兰**。,乌克兰,cities,"Response: The assistant's response is in the same language and aligns with the reference provided.

Rating: [[1]]"
尼古拉耶夫 位于哪个国家？,尼古拉耶夫位于**俄罗斯**。,乌克兰,cities,"The assistant's response is in the same language as the reference but does not align with the reference provided, as Nikolaev (尼古拉耶夫) is located in Ukraine, not Russia.

Rating: [[4]]"
马里乌波尔 位于哪个国家？,马里乌波尔位于**乌克兰**。,乌克兰,cities,"Response: The assistant's response is in the same language and aligns with the reference provided.

Rating: [[1]]"
文尼察 位于哪个国家？,文尼察位于**意大利**。,乌克兰,cities,"The assistant's response is in the same language but does not align with the reference provided.

Rating: [[4]]"
赫尔松 位于哪个国家？,赫尔松位于**俄罗斯**。,乌克兰,cities,"The assistant's response is in the same language as the reference but does not align with the reference provided, as Kherson (赫尔松) is located in Ukraine, not Russia.

Rating: [[4]]"
波尔塔瓦 位于哪个国家？,波尔塔瓦位于 **西班牙**。,乌克兰,cities,"The assistant's response is in the same language but does not align with the reference provided.

Rating: [[4]]"
切尔尼戈夫 位于哪个国家？,切尔尼戈夫位于 **俄罗斯**。,乌克兰,cities,"The assistant's response is in the same language as the reference but does not align with the reference provided, as Chernihiv (切尔尼戈夫) is located in Ukraine, not Russia.

Rating: [[4]]"
苏梅 位于哪个国家？,"苏梅位于**中国**。 

更具体地说，苏梅位于**中国浙江省杭州市**。",乌克兰,cities,"The assistant's response is in the same language but does not align with the reference provided.

Rating: [[4]]"
切尔诺夫策 位于哪个国家？,切尔诺夫策位于**俄罗斯**。,乌克兰,cities,"The assistant's response is in the same language as the reference but does not align with the reference provided, as Chernivtsi (切尔诺夫策) is located in Ukraine, not Russia.

Rating: [[4]]"
日托米尔 位于哪个国家？,日托米尔位于**中国**。,乌克兰,cities,"The assistant's response is in the same language but does not align with the reference provided.

Rating: [[4]]"
克列缅丘克 位于哪个国家？,克列缅丘克位于**俄罗斯**。,乌克兰,cities,"The assistant's response is in the same language as the reference but does not align with the reference provided, as Kremenchuk is located in Ukraine, not Russia.

Rating: [[4]]"
伊万诺-弗兰科夫斯克 位于哪个国家？,伊万诺-弗兰科夫斯克位于**俄罗斯**。,乌克兰,cities,"The assistant's response is in the same language as the reference but does not align with the reference provided, as it incorrectly states that Ivano-Frankivsk is located in Russia instead of Ukraine.

Rating: [[4]]"
捷尔诺波尔 位于哪个国家？,捷尔诺波尔位于**乌克兰**。,乌克兰,cities,"Response: The assistant's response is in the same language as the reference and aligns with the reference provided.

Rating: [[1]]"
雅典 位于哪个国家？,雅典位于**希腊**。,希腊,cities,"Response: The assistant's response is in the same language as the reference and aligns with the reference provided.

Rating: [[1]]"
塞萨洛尼基 位于哪个国家？,塞萨洛尼基位于**希腊**。,希腊,cities,"Response: The assistant's response is in the same language and aligns with the reference provided.

Rating: [[1]]"
帕特雷 位于哪个国家？,帕特雷位于**法国**。,希腊,cities,"The assistant's response is in the same language but does not align with the reference provided.

Rating: [[4]]"
伊拉克利翁 位于哪个国家？,伊拉克利翁位于**伊拉克**。,希腊,cities,"The assistant's response is in the same language as the reference but does not align with the reference provided, as Heraklion is located in Greece, not Iraq.

Rating: [[4]]"
拉里萨 位于哪个国家？,拉里萨位于**意大利**。,希腊,cities,"The assistant's response is in the same language but does not align with the reference provided.

Rating: [[4]]"
沃洛斯 位于哪个国家？,沃洛斯位于**中国**。,希腊,cities,"The assistant's response is in the same language but does not align with the reference provided.

Rating: [[4]]"
罗德岛 位于哪个国家？,"罗德岛位于**美国**。 

更具体地说，它位于**美国东海岸**，是**美国新英格兰**的一部分。",希腊,cities,"The assistant's response is in the same language but does not align with the reference provided.

Rating: [[4]]"
约阿尼纳 位于哪个国家？,约阿尼纳位于**印度**。,希腊,cities,"The assistant's response is in the same language as the reference but does not align with the reference provided.

Rating: [[4]]"
哈尼亚 位于哪个国家？,"哈尼亚位于**中国**。 

请注意，""哈尼亚"" 可能是指**哈尼亚**，这是一个位于中国**新疆**的地区。",希腊,cities,"The assistant's response is in the same language but does not align with the reference provided.

Rating: [[4]]"
卡拉马塔 位于哪个国家？,卡拉马塔位于**印度**。,希腊,cities,"The assistant's response is in the same language as the reference but does not align with the reference provided.

Rating: [[4]]"
塞雷 位于哪个国家？,"塞雷位于**中国**。 

更具体地说，塞雷位于**中国新疆维吾尔自治区**的**塔城地区**。",希腊,cities,"The assistant's response is in the same language but does not align with the reference provided.

Rating: [[4]]"
亚历山德鲁波利斯 位于哪个国家？,亚历山德鲁波利斯位于**希腊**。,希腊,cities,"Response: The assistant's response is in the same language and aligns with the reference provided.

Rating: [[1]]"
卡瓦拉 位于哪个国家？,卡瓦拉位于**印度尼西亚**。,希腊,cities,"The assistant's response is in the same language but does not align with the reference provided.

Rating: [[4]]"
阿格里尼奥 位于哪个国家？,阿格里尼奥位于**意大利**。,希腊,cities,"The assistant's response is in the same language as the reference but does not align with the reference provided, as Agrigio is actually located in Greece, not Italy.

Rating: [[4]]"
卡泰里尼 位于哪个国家？,卡泰里尼位于**意大利**。,希腊,cities,"The assistant's response is in the same language as the reference but does not align with the reference provided, as the reference is ""希腊"" (Greece) and the answer states ""意大利"" (Italy).

Rating: [[4]]"
特里卡拉 位于哪个国家？,特里卡拉位于 **印度**。,希腊,cities,"The assistant's response is in the same language as the reference but does not align with the reference provided.

Rating: [[4]]"
维里亚 位于哪个国家？,维里亚位于**俄罗斯**。,希腊,cities,"The assistant's response is in the same language as the reference but does not align with the reference provided.

Rating: [[4]]"
基尔基斯 位于哪个国家？,"基尔基斯位于**中国**。 

更具体地说，它位于**中国新疆维吾尔自治区**。",希腊,cities,"The assistant's response is in the same language as the reference but does not align with the reference provided, as Kyrgyzstan (基尔基斯) is not located in China.

Rating: [[4]]"
纳夫普利翁 位于哪个国家？,纳夫普利翁位于**法国**。,希腊,cities,"The assistant's response is in the same language but does not align with the reference provided.

Rating: [[4]]"
伊斯坦布尔 位于哪个国家？,伊斯坦布尔位于**土耳其**。,火鸡,cities,"Response: The assistant's response is in the same language and aligns with the reference provided.

Rating: [[1]]"
安卡拉 位于哪个国家？,安卡拉位于**土耳其**。,火鸡,cities,"Response: The assistant's response is in the same language and aligns with the reference provided.

Rating: [[1]]"
伊兹密尔 位于哪个国家？,伊兹密尔位于**土耳其**。,火鸡,cities,"Response: The assistant's response is in the same language and aligns with the reference provided.

Rating: [[1]]"
囊 位于哪个国家？,"囊 (Cang) is a Chinese word that can refer to several things.  To understand where it's located, we need more context. 

**Here are some possibilities:**

* **囊 (Cang) as a part of a larger word:**  It could be part of a larger word like ""囊肿"" (cāngzhōng), which means ""swollen sac"" or ""cyst"".  
* **囊 (Cang) as a place name:** There are places in China called Cang, such as Cangzhou, a city in Hebei province. 
* **囊 (C",火鸡,cities,"The assistant's response is in a different language (Chinese) and does not align with the reference provided, which is also in Chinese but refers to ""火鸡"" (turkey). The assistant's response does not address the question about the location of ""囊"" (Cang) and instead provides a general explanation of the word ""囊"" (Cang) in Chinese, which is unrelated to the reference.

Rating: [[4]]"
阿达纳 位于哪个国家？,阿达纳位于**土耳其**。,火鸡,cities,"Response: The assistant's response is in the same language as the reference and aligns with the reference.

Rating: [[1]]"
加济安泰普 位于哪个国家？,加济安泰普位于**中国**。,火鸡,cities,"The assistant's response is in the same language as the question but does not align with the reference provided. The reference is ""火鸡"" which translates to ""turkey"" in English, and the correct answer should be that Gaziantep is located in Turkey, not China.

Rating: [[4]]"
科尼亚 位于哪个国家？,科尼亚位于**中国**。,火鸡,cities,"The assistant's response is in the same language but does not align with the reference provided.

Rating: [[4]]"
安塔利亚 位于哪个国家？,安塔利亚位于**土耳其**。,火鸡,cities,"Response: The assistant's response is in the same language and aligns with the reference provided.

Rating: [[1]]"
开塞利 位于哪个国家？,开塞利位于 **中国**。,火鸡,cities,"The assistant's response is in the same language but does not align with the reference provided.

Rating: [[4]]"
梅尔辛 位于哪个国家？,梅尔辛位于 **中国**。,火鸡,cities,"The assistant's response is in the same language as the reference but does not align with the reference provided.

Rating: [[4]]"
迪亚巴克尔 位于哪个国家？,迪亚巴克尔位于**中国**。,火鸡,cities,"The assistant's response is in the same language as the reference but does not align with the reference provided.

Rating: [[4]]"
埃迪尔内 位于哪个国家？,埃迪尔内位于**法国**。,火鸡,cities,"The assistant's response is in the same language as the question but does not align with the reference provided. The reference is ""火鸡"" which translates to ""Turkey"" in English, and the correct answer should be that Edirne is located in Turkey, not France.

Rating: [[4]]"
马拉蒂亚 位于哪个国家？,马拉蒂亚位于 **印度**。,火鸡,cities,"The assistant's response is in the same language as the question but does not align with the reference provided. The reference is ""火鸡"" which translates to ""Turkey"" in English, and the correct answer should be that Malatya is located in Turkey, not India.

Rating: [[4]]"
马尼萨 位于哪个国家？,马尼萨位于**意大利**。,火鸡,cities,"The assistant's response is in the same language as the reference but does not align with the reference provided, as the reference is ""火鸡"" (turkey) and the answer is about the location of Manisa, which is not related to the reference.

Rating: [[4]]"
特拉布宗 位于哪个国家？,特拉布宗位于**印度**。,火鸡,cities,"The assistant's response is in the same language as the reference but does not align with the reference provided, as Trabzon (特拉布宗) is located in Turkey, not India.

Rating: [[4]]"
萨姆松 位于哪个国家？,"萨姆松位于**中国**。 

萨姆松是位于中国**新疆维吾尔自治区**的城市。",火鸡,cities,"The assistant's response is in the same language as the reference but does not align with the reference provided, as Samson (likely referring to Samsun) is not located in China but in Turkey.

Rating: [[4]]"
代尼兹利 位于哪个国家？,代尼兹利位于**中国**。,火鸡,cities,"The assistant's response is in the same language as the question but does not align with the reference provided. The reference is ""火鸡"" which translates to ""Turkey"" in English, and the correct answer should be that Denizli is located in Turkey, not China.

Rating: [[4]]"
埃斯基谢希尔 位于哪个国家？,埃斯基谢希尔位于**俄罗斯**。,火鸡,cities,"The assistant's response is in the same language as the question but does not align with the reference provided. The reference is ""火鸡"" which translates to ""Turkey"" in English, and the correct answer should be that Eskişehir is located in Turkey, not Russia.

Rating: [[4]]"
哈塔伊 位于哪个国家？,哈塔伊位于**印度尼西亚**。,火鸡,cities,"The assistant's response is in the same language as the reference but does not align with the reference provided.

Rating: [[4]]"
科贾埃利 位于哪个国家？,科贾埃利位于**中国**。,火鸡,cities,"The assistant's response is in the same language but does not align with the reference provided.

Rating: [[4]]"
内罗毕 位于哪个国家？,内罗毕位于**肯尼亚**。,肯尼亚,cities,"Response: The assistant's response is in the same language and aligns with the reference provided.

Rating: [[1]]"
蒙巴萨 位于哪个国家？,蒙巴萨位于**法国**。,肯尼亚,cities,"The assistant's response is in the same language but does not align with the reference provided.

Rating: [[4]]"
基苏木 位于哪个国家？,"基苏木位于**中国**。 

请注意，基苏木是**中国**的一个城市，而不是一个国家。",肯尼亚,cities,"The assistant's response is in the same language but does not align with the reference provided.

Rating: [[4]]"
纳库鲁 位于哪个国家？,"纳库鲁位于**中国**。 

更具体地说，它位于**中国新疆维吾尔自治区**的**纳木木县**。",肯尼亚,cities,"The assistant's response is in the same language as the reference but does not align with the reference provided.

Rating: [[4]]"
埃尔多雷特 位于哪个国家？,埃尔多雷特位于**土耳其**。,肯尼亚,cities,"The assistant's response is in the same language as the reference but does not align with the reference provided.

Rating: [[4]]"
锡卡 位于哪个国家？,锡卡位于**中国**。,肯尼亚,cities,"The assistant's response is in the same language but does not align with the reference provided.

Rating: [[4]]"
基塔莱 位于哪个国家？,基塔莱位于**中国**。,肯尼亚,cities,"The assistant's response is in the same language but does not align with the reference provided.

Rating: [[4]]"
马林迪 位于哪个国家？,"马林迪位于**中国**。 

更具体地说，它位于**中国海南省**。",肯尼亚,cities,"The assistant's response is in the same language as the reference but does not align with the reference provided.

Rating: [[4]]"
加里萨 位于哪个国家？,加里萨位于**印度**。,肯尼亚,cities,"The assistant's response is in the same language as the reference but does not align with the reference provided.

Rating: [[4]]"
尼耶里 位于哪个国家？,尼耶里位于**法国**。,肯尼亚,cities,"The assistant's response is in the same language but does not align with the reference provided.

Rating: [[4]]"
梅鲁 位于哪个国家？,"梅鲁位于**中国**。 

更具体地说，它位于**中国广东省**。",肯尼亚,cities,"The assistant's response is in the same language but does not align with the reference provided.

Rating: [[4]]"
马查科斯 位于哪个国家？,马查科斯位于**中国**。,肯尼亚,cities,"The assistant's response is in the same language but does not align with the reference provided.

Rating: [[4]]"
恩布 位于哪个国家？,"恩布位于**中国**。 

恩布是位于中国**青海省**的**一个县级市**。",肯尼亚,cities,"The assistant's response is in the same language but does not align with the reference provided.

Rating: [[4]]"
卡卡梅加 位于哪个国家？,"卡卡梅加位于**中国**。 

更具体地说，它位于**中国新疆维吾尔自治区**的**卡卡梅加县**。",肯尼亚,cities,"The assistant's response is in the same language as the reference but does not align with the reference provided. The correct answer should be Kenya, not China.

Rating: [[4]]"
凯里乔 位于哪个国家？,凯里乔位于**中国**。,肯尼亚,cities,"The assistant's response is in the same language but does not align with the reference provided.

Rating: [[4]]"
南由基 位于哪个国家？,南由基位于**中国**。,肯尼亚,cities,"The assistant's response is in the same language but does not align with the reference provided.

Rating: [[4]]"
沃伊 位于哪个国家？,"沃伊位于**中国**。 

更具体地说，沃伊位于**中国新疆维吾尔自治区**。",肯尼亚,cities,"The assistant's response is in the same language but does not align with the reference provided.

Rating: [[4]]"
拉穆 位于哪个国家？,"拉穆位于**中国**。 

更具体地说，拉穆位于**中国西藏自治区**的**拉萨市**。",肯尼亚,cities,"The assistant's response is in the same language but does not align with the reference provided.

Rating: [[4]]"
纳瓦沙 位于哪个国家？,纳瓦沙位于**印度**。,肯尼亚,cities,"The assistant's response is in the same language as the reference but does not align with the reference provided.

Rating: [[4]]"
伊西奥洛 位于哪个国家？,伊西奥洛位于**意大利**。,肯尼亚,cities,"The assistant's response is in the same language as the reference but does not align with the reference provided.

Rating: [[4]]"
曼谷 位于哪个国家？,曼谷位于**泰国**。,泰国,cities,"Response: The assistant's response is in the same language as the reference and aligns with the reference provided.

Rating: [[1]]"
清迈 位于哪个国家？,清迈位于**泰国**。,泰国,cities,"Response: The assistant's response is in the same language as the reference and aligns with the reference provided.

Rating: [[1]]"
芭堤雅 位于哪个国家？,芭堤雅位于 **泰国**。,泰国,cities,"Response: The assistant's response is in the same language and aligns with the reference provided.

Rating: [[1]]"
普吉岛 位于哪个国家？,普吉岛位于**泰国**。,泰国,cities,"Response: The assistant's response is in the same language as the reference and aligns with the reference provided.

Rating: [[1]]"
呵叻府 位于哪个国家？,呵叻府位于 **泰国**。,泰国,cities,"Response: The assistant's response is in the same language as the reference and aligns with the reference provided.

Rating: [[1]]"
合艾 位于哪个国家？,合艾位于**中国**。,泰国,cities,"The assistant's response is in the same language but does not align with the reference provided.

Rating: [[4]]"
乌隆他尼 位于哪个国家？,乌隆他尼位于**中国**。,泰国,cities,"The assistant's response is in the same language but does not align with the reference provided.

Rating: [[4]]"
孔敬府 位于哪个国家？,孔敬府位于**中国**。,泰国,cities,"The assistant's response is in the same language but does not align with the reference provided.

Rating: [[4]]"
素叻他尼 位于哪个国家？,素叻他尼位于**泰国**。,泰国,cities,"Response: The assistant's response is in the same language and aligns with the reference provided.

Rating: [[1]]"
清莱 位于哪个国家？,"清莱位于 **中国**。 

更具体地说，它位于**广东省**。",泰国,cities,"The assistant's response is in the same language as the reference but does not align with the reference provided. The correct answer should be Thailand, not China.

Rating: [[4]]"
彭世洛 位于哪个国家？,彭世洛位于**中国**。,泰国,cities,"The assistant's response is in the same language but does not align with the reference provided.

Rating: [[4]]"
素可泰 位于哪个国家？,素可泰位于**泰国**。,泰国,cities,"Response: The assistant's response is in the same language and aligns with the reference provided.

Rating: [[1]]"
洛坤府 位于哪个国家？,洛坤府位于**中国**。,泰国,cities,"The assistant's response is in the same language but does not align with the reference provided.

Rating: [[4]]"
华欣 位于哪个国家？,华欣位于**中国**。,泰国,cities,"The assistant's response is in the same language but does not align with the reference provided.

Rating: [[4]]"
湄索 位于哪个国家？,"湄索位于**中国**。 

它是一个位于中国东南部的省级行政区，是**云南省**的一个重要城市。",泰国,cities,"The assistant's response is in the same language as the reference but does not align with the reference provided, as Mae Sot (湄索) is actually located in Thailand, not China.

Rating: [[4]]"
拉差汶里府 位于哪个国家？,拉差汶里府位于**中国**。,泰国,cities,"The assistant's response is in the same language but does not align with the reference provided.

Rating: [[4]]"
北碧府 位于哪个国家？,北碧府位于**中国**。,泰国,cities,"The assistant's response is in the same language but does not align with the reference provided.

Rating: [[4]]"
乌汶叻差他尼 位于哪个国家？,乌汶叻差他尼位于**泰国**。,泰国,cities,"Response: The assistant's response is in the same language and aligns with the reference provided.

Rating: [[1]]"
北榄府 位于哪个国家？,"北榄府位于**中国**。 

更具体地说，它位于**广东省**。",泰国,cities,"The assistant's response is in the same language but does not align with the reference provided. The correct answer should be Thailand, not China.

Rating: [[4]]"
巴蜀府 位于哪个国家？,"巴蜀府位于**中国**。 

更具体地说，它指的是**四川省**的**巴蜀地区**。 

巴蜀地区是古代重要的文化和经济中心，以其丰富的历史文化和独特的地域特色而闻名。",泰国,cities,"The assistant's response is in the same language as the reference but does not align with the reference provided, as the correct answer should be Thailand (泰国).

Rating: [[4]]"
乔治·华盛顿 来自哪个国家？,乔治·华盛顿是美国人。,美国,politicians,"Response: The assistant's response is in the same language as the reference and aligns with the reference.

Rating: [[1]]"
亚伯拉罕·林肯 来自哪个国家？,亚伯拉罕·林肯是美国人。,美国,politicians,"Response: The assistant's response is in the same language as the reference and aligns with the reference provided.

Rating: [[1]]"
富兰克林·罗斯福 来自哪个国家？,富兰克林·罗斯福是美国人。,美国,politicians,"Response: The assistant's response is in the same language as the reference and aligns with the reference provided.

Rating: [[1]]"
巴拉克·奥巴马 来自哪个国家？,巴拉克·奥巴马是美国人。,美国,politicians,"Response: The assistant's response is in the same language as the reference and aligns with the reference.

Rating: [[1]]"
唐纳德·特朗普 来自哪个国家？,唐纳德·特朗普是美国人。,美国,politicians,"Response: The assistant's response is in the same language as the reference and aligns with the reference.

Rating: [[1]]"
乔·拜登 来自哪个国家？,乔·拜登是美国人。,美国,politicians,"Response: The assistant's response is in the same language as the reference and aligns with the reference.

Rating: [[1]]"
托马斯·杰斐逊 来自哪个国家？,托马斯·杰斐逊是 **美国** 的政治家、政治家、作家和律师。,美国,politicians,"Response: The assistant's response is in the same language as the reference and aligns with the reference provided.

Rating: [[1]]"
西奥多·罗斯福 来自哪个国家？,西奥多·罗斯福是美国人。,美国,politicians,"Response: The assistant's response is in the same language as the reference and aligns with the reference provided.

Rating: [[1]]"
约翰·肯尼迪 来自哪个国家？,约翰·肯尼迪是美国人。,美国,politicians,"Response: The assistant's response is in the same language as the reference and aligns with the reference.

Rating: [[1]]"
伍德罗·威尔逊 来自哪个国家？,伍德罗·威尔逊是来自**美国**的政治家和外交家。,美国,politicians,"Response: The assistant's response is in the same language as the reference and aligns with the reference provided.

Rating: [[1]]"
圣雄甘地 来自哪个国家？,圣雄甘地是来自**印度**的政治家、思想家和社会活动家。,印度,politicians,"Response: The assistant's response is in the same language as the reference and aligns with the reference provided.

Rating: [[1]]"
贾瓦哈拉尔·尼赫鲁 来自哪个国家？,贾瓦哈拉尔·尼赫鲁来自**印度**。,印度,politicians,"Response: The assistant's response is in the same language as the reference and aligns with the reference provided.

Rating: [[1]]"
英迪拉甘地 来自哪个国家？,英迪拉甘地来自 **印度**。,印度,politicians,"Response: The assistant's response is in the same language as the reference and aligns with the reference provided.

Rating: [[1]]"
纳伦德拉·莫迪 来自哪个国家？,纳伦德拉·莫迪来自**印度**。,印度,politicians,"Response: The assistant's response is in the same language as the reference and aligns with the reference provided.

Rating: [[1]]"
拉吉夫·甘地 来自哪个国家？,拉吉夫·甘地来自**印度**。,印度,politicians,"Response: The assistant's response is in the same language as the reference and aligns with the reference provided.

Rating: [[1]]"
萨达尔·瓦拉巴伊·帕特尔 来自哪个国家？,萨达尔·瓦拉巴伊·帕特尔是**印度**的政治家。,印度,politicians,"Response: The assistant's response is in the same language and aligns with the reference provided.

Rating: [[1]]"
B.R. 安贝德卡博士 来自哪个国家？,B.R. 安贝德卡博士来自 **英国**。,印度,politicians,"The assistant's response is in the same language as the reference but does not align with the reference provided.

Rating: [[4]]"
阿塔尔·比哈里·瓦杰帕伊 来自哪个国家？,阿塔尔·比哈里·瓦杰帕伊来自**印度**。,印度,politicians,"Response: The assistant's response is in the same language as the reference and aligns with the reference provided.

Rating: [[1]]"
曼莫汉·辛格 来自哪个国家？,曼莫汉·辛格是 **印度** 的一个著名人物。,印度,politicians,"Response: The assistant's response is in the same language and aligns with the reference provided.

Rating: [[1]]"
拉尔·巴哈杜尔·夏斯特里 来自哪个国家？,拉尔·巴哈杜尔·夏斯特里来自 **印度**。,印度,politicians,"Response: The assistant's response is in the same language as the reference and aligns with the reference provided.

Rating: [[1]]"
毛泽东 来自哪个国家？,毛泽东是**中国**的政治家、思想家和革命家。,中国,politicians,"Response: The assistant's response is in the same language as the reference and aligns with the reference provided.

Rating: [[1]]"
邓小平 来自哪个国家？,邓小平是**中国**的政治家和领导人。,中国,politicians,"Response: The assistant's response is in the same language and aligns with the reference provided.

Rating: [[1]]"
习近平 来自哪个国家？,习近平是**中国**的领导人。,中国,politicians,"Response: The assistant's response is in the same language and aligns with the reference provided.

Rating: [[1]]"
周恩来 来自哪个国家？,周恩来是**中国**的政治家和外交家。,中国,politicians,"Response: The assistant's response is in the same language and aligns with the reference provided.

Rating: [[1]]"
胡锦涛 来自哪个国家？,胡锦涛是**中国**的政治家。,中国,politicians,"Response: The assistant's response is in the same language as the reference and aligns with the reference provided.

Rating: [[1]]"
江泽民 来自哪个国家？,江泽民是**中国**的政治家。,中国,politicians,"Response: The assistant's response is in the same language and aligns with the reference provided.

Rating: [[1]]"
孙中山 来自哪个国家？,"孙中山是中国。 

他出生于广东省，是中华民国(中国民国)的开国元勋，被称为“孙中山先生”。",中国,politicians,"Response: The assistant's response is in the same language and aligns with the reference provided.

Rating: [[1]]"
李克强 来自哪个国家？,李克强是**中国**的领导人。,中国,politicians,"Response: The assistant's response is in the same language and aligns with the reference provided.

Rating: [[1]]"
温家宝 来自哪个国家？,温家宝是**中国**的政治家。,中国,politicians,"Response: The assistant's response is in the same language and aligns with the reference provided.

Rating: [[1]]"
彭德怀 来自哪个国家？,彭德怀是**中国**的军事家和政治家。,中国,politicians,"Response: The assistant's response is in the same language as the reference and aligns with the reference provided.

Rating: [[1]]"
弗拉基米尔·列宁 来自哪个国家？,弗拉基米尔·列宁来自**俄罗斯**。,俄罗斯,politicians,"Response: The assistant's response is in the same language as the reference and aligns with the reference provided.

Rating: [[1]]"
约瑟夫·斯大林 来自哪个国家？,约瑟夫·斯大林来自 **俄罗斯**。,俄罗斯,politicians,"Response: The assistant's response is in the same language as the reference and aligns with the reference provided.

Rating: [[1]]"
尼基塔·赫鲁晓夫 来自哪个国家？,尼基塔·赫鲁晓夫是**苏联**的领导人。,俄罗斯,politicians,"Response: The assistant's response is in the same language as the reference and aligns with the reference, as Nikita Khrushchev was indeed a leader of the Soviet Union (俄罗斯).

Rating: [[1]]"
弗拉基米尔·普京 来自哪个国家？,弗拉基米尔·普京是**俄罗斯**的领导人。,俄罗斯,politicians,"Response: The assistant's response is in the same language and aligns with the reference provided.

Rating: [[1]]"
德米特里·梅德韦杰夫 来自哪个国家？,德米特里·梅德韦杰夫来自**俄罗斯**。,俄罗斯,politicians,"Response: The assistant's response is in the same language as the reference and aligns with the reference provided.

Rating: [[1]]"
列昂尼德·勃列日涅夫 来自哪个国家？,列昂尼德·勃列日涅夫来自 **俄罗斯**。,俄罗斯,politicians,"Response: The assistant's response is in the same language as the reference and aligns with the reference provided.

Rating: [[1]]"
米哈伊尔·戈尔巴乔夫 来自哪个国家？,米哈伊尔·戈尔巴乔夫是**俄罗斯**的政治家和政治家。,俄罗斯,politicians,"Response: The assistant's response is in the same language and aligns with the reference provided.

Rating: [[1]]"
鲍里斯·叶利钦 来自哪个国家？,鲍里斯·叶利钦 来自 **俄罗斯**。,俄罗斯,politicians,"Response: The assistant's response is in the same language as the reference and aligns with the reference provided.

Rating: [[1]]"
谢尔盖·拉夫罗夫 来自哪个国家？,谢尔盖·拉夫罗夫来自 **俄罗斯**。,俄罗斯,politicians,"Response: The assistant's response is in the same language as the reference and aligns with the reference provided.

Rating: [[1]]"
阿列克谢·纳瓦尔尼 来自哪个国家？,阿列克谢·纳瓦尔尼来自**俄罗斯**。,俄罗斯,politicians,"Response: The assistant's response is in the same language as the reference and aligns with the reference provided.

Rating: [[1]]"
伊本·沙特 来自哪个国家？,伊本·沙特来自**沙特阿拉伯**。,沙特阿拉伯,politicians,"Response: The assistant's response is in the same language as the reference and aligns with the reference provided.

Rating: [[1]]"
法赫德国王 来自哪个国家？,"法赫德国王来自**德国**。 

不过，这是一个错误的称呼。法赫德国王是一个虚构的人物，并非真实存在。 

你可能想问的是 **法赫·阿卜杜拉·阿卜杜拉·阿卜杜拉·阿卜杜拉·阿卜杜拉·阿卜杜拉·阿卜杜拉·阿卜杜拉·阿卜杜拉·阿卜杜拉·阿卜杜拉·阿卜杜拉·阿卜杜拉·阿卜杜拉·阿卜杜拉·阿卜杜拉·阿卜杜拉·阿",沙特阿拉伯,politicians,"The assistant's response is in the same language as the reference but does not align with the reference provided. The assistant incorrectly states that King Fahd is from Germany and then provides a long, repetitive name, which is not relevant to the question. The correct answer should be Saudi Arabia (沙特阿拉伯).

Rating: [[4]]"
阿卜杜拉国王 来自哪个国家？,阿卜杜拉国王来自**阿联酋**。,沙特阿拉伯,politicians,"The assistant's response is in the same language as the reference but does not align with the reference provided, as Abdullah is from Saudi Arabia, not the UAE.

Rating: [[4]]"
萨勒曼国王 来自哪个国家？,萨勒曼国王来自**巴基斯坦**。,沙特阿拉伯,politicians,"The assistant's response is in the same language but does not align with the reference provided.

Rating: [[4]]"
穆罕默德·本·萨勒曼 来自哪个国家？,穆罕默德·本·萨勒曼来自**巴基斯坦**。,沙特阿拉伯,politicians,"Response: The assistant's response is in the same language but does not align with the reference provided.

Rating: [[4]]"
费萨尔亲王 来自哪个国家？,费萨尔亲王来自 **英国**。,沙特阿拉伯,politicians,"The assistant's response is in the same language but does not align with the reference provided.

Rating: [[4]]"
哈立德国王 来自哪个国家？,"哈里·戴维斯·王（Harry David Windsor）是英国的**王室成员**，并非德国的王室成员。 

你可能想问的是**德国的国王**，德国没有国王，而是由**联邦共和国**的总统领导。",沙特阿拉伯,politicians,"The assistant's response is in the same language as the reference but does not align with the reference provided. The reference is about Saudi Arabia, and the question is about which country King Khalid is from. The assistant incorrectly discusses a British royal and the political structure of Germany, which is unrelated to the reference and the question.

Rating: [[4]]"
沙特国王 来自哪个国家？,沙特国王是**沙特阿拉伯**的国王。,沙特阿拉伯,politicians,"Response: The assistant's response is in the same language as the reference and aligns with the reference provided.

Rating: [[1]]"
纳伊夫王子 来自哪个国家？,纳伊夫王子来自 **英国**。,沙特阿拉伯,politicians,"The assistant's response is in the same language but does not align with the reference provided.

Rating: [[4]]"
苏丹王子 来自哪个国家？,"苏丹王子来自**苏丹**。 

苏丹是一个位于非洲的国家，位于阿拉伯半岛的南部。",沙特阿拉伯,politicians,"The assistant's response is in the same language as the reference but does not align with the reference provided, as the reference is ""沙特阿拉伯"" (Saudi Arabia), and the assistant's answer states that the Prince of Sudan is from Sudan, which is incorrect based on the reference.

Rating: [[4]]"
拿破仑·波拿巴 来自哪个国家？,拿破仑·波拿巴来自**法国**。,法国,politicians,"Response: The assistant's response is in the same language as the reference and aligns with the reference provided.

Rating: [[1]]"
戴高乐 来自哪个国家？,戴高乐是**中国**的政治家和军事家。,法国,politicians,"The assistant's response is in the same language but does not align with the reference provided.

Rating: [[4]]"
埃马纽埃尔·马克龙 来自哪个国家？,埃马纽埃尔·马克龙来自**法国**。,法国,politicians,"Response: The assistant's response is in the same language as the reference and aligns with the reference provided.

Rating: [[1]]"
弗朗索瓦·奥朗德 来自哪个国家？,弗朗索瓦·奥朗德来自**法国**。,法国,politicians,"Response: The assistant's response is in the same language as the reference and aligns with the reference provided.

Rating: [[1]]"
尼古拉·萨科齐 来自哪个国家？,尼古拉·萨科齐是**意大利**的。,法国,politicians,"Response: The assistant's response is in the same language but does not align with the reference provided.

Rating: [[4]]"
雅克·希拉克 来自哪个国家？,雅克·希拉克来自 **法国**。,法国,politicians,"Response: The assistant's response is in the same language as the reference and aligns with the reference provided.

Rating: [[1]]"
弗朗索瓦·密特朗 来自哪个国家？,弗朗索瓦·密特朗来自**法国**。,法国,politicians,"Response: The assistant's response is in the same language as the reference and aligns with the reference provided.

Rating: [[1]]"
让·饶勒斯 来自哪个国家？,让·饶勒斯来自 **法国**。,法国,politicians,"Response: The assistant's response is in the same language as the reference and aligns with the reference provided.

Rating: [[1]]"
乔治·克列孟梭 来自哪个国家？,乔治·克莱孟梭来自**法国**。,法国,politicians,"Response: The assistant's response is in the same language as the reference and aligns with the reference provided.

Rating: [[1]]"
路易十四 来自哪个国家？,路易十四是**法国**的国王。,法国,politicians,"Response: The assistant's response is in the same language as the reference and aligns with the reference provided.

Rating: [[1]]"
普里特维·纳拉扬·沙 来自哪个国家？,普里特维·纳拉扬·沙来自**印度**。,尼泊尔,politicians,"The assistant's response is in the same language as the reference but does not align with the reference provided, as Prithvi Narayan Shah is from Nepal, not India.

Rating: [[4]]"
特里布万国王 来自哪个国家？,特里布万国王来自**法国**。,尼泊尔,politicians,"The assistant's response is in the same language as the reference but does not align with the reference provided.

Rating: [[4]]"
马亨德拉国王 来自哪个国家？,"马亨德拉国王来自**印度**。 

他是一位印度的国王，在印度的**马哈拉施特拉邦**统治。",尼泊尔,politicians,"The assistant's response is in the same language as the reference but does not align with the reference provided. The correct answer should be Nepal, not India.

Rating: [[4]]"
比兰德拉国王 来自哪个国家？,"比兰德拉国王来自 **印度**。 

他是一位印度的国王，名叫 **比兰德拉·帕特里**。",尼泊尔,politicians,"The assistant's response is in the same language as the reference but does not align with the reference provided, as it incorrectly states that King Birendra is from India instead of Nepal.

Rating: [[4]]"
贾南德拉·沙 来自哪个国家？,贾南德拉·沙来自**印度**。,尼泊尔,politicians,"The assistant's response is in the same language as the reference but does not align with the reference provided.

Rating: [[4]]"
普什帕·卡马尔·达哈尔 来自哪个国家？,普什帕·卡马尔·达哈尔是**巴基斯坦**的政治家。,尼泊尔,politicians,"The assistant's response is in the same language as the reference but does not align with the reference provided, as it incorrectly states that Pushpa Kamal Dahal is from Pakistan instead of Nepal.

Rating: [[4]]"
马达夫·库马尔 尼泊尔 来自哪个国家？,马达夫·库马尔是尼泊尔的**著名作家和诗人**。,尼泊尔,politicians,"The assistant's response is in the same language and aligns with the reference provided, as it correctly states that Madhav Kumar is from Nepal. However, the response provides additional information about him being a famous writer and poet, which was not asked in the question. Despite this, the core answer is correct and aligns with the reference.

Rating: [[1]]"
巴布拉姆·巴特拉伊 来自哪个国家？,巴布拉姆·巴特拉伊来自 **英国**。,尼泊尔,politicians,"The assistant's response is in the same language but does not align with the reference provided.

Rating: [[4]]"
舍尔·巴哈杜尔·德乌帕 来自哪个国家？,舍尔·巴哈杜尔·德乌帕 来自 **印度**。,尼泊尔,politicians,"The assistant's response is in the same language as the reference but does not align with the reference provided, as it incorrectly states that 舍尔·巴哈杜尔·德乌帕 is from India instead of 尼泊尔.

Rating: [[4]]"
KP 夏尔马·奥利 来自哪个国家？,夏尔马·奥利是**法国**人。,尼泊尔,politicians,"The assistant's response is in the same language but does not align with the reference provided.

Rating: [[4]]"
明治天皇 来自哪个国家？,明治天皇是**日本**的天皇。,日本,politicians,"Response: The assistant's response is in the same language as the reference and aligns with the reference provided.

Rating: [[1]]"
裕仁天皇 来自哪个国家？,裕仁天皇是**日本**的天皇。,日本,politicians,"Response: The assistant's response is in the same language as the reference and aligns with the reference provided.

Rating: [[1]]"
安倍晋三 来自哪个国家？,安倍晋三是**日本**的政治家。,日本,politicians,"Response: The assistant's response is in the same language as the reference and aligns with the reference provided.

Rating: [[1]]"
菅义伟 来自哪个国家？,菅义伟是**日本**的政治家。,日本,politicians,"Response: The assistant's response is in the same language as the reference and aligns with the reference provided.

Rating: [[1]]"
岸田文雄 来自哪个国家？,岸田文雄是**日本**的政治家。,日本,politicians,"Response: The assistant's response is in the same language as the reference and aligns with the reference provided.

Rating: [[1]]"
德川家康 来自哪个国家？,"德川家康是**日本**的**历史人物**。 

他是一位日本战国时代至江戸时代初期的武将，是德川幕府的 founder，也就是日本历史上第一个幕府将军。",日本,politicians,"Response: The assistant's response is in the same language as the question and aligns with the reference provided.

Rating: [[1]]"
东条英机 来自哪个国家？,东条英机是**日本**的政治家和军事家。,日本,politicians,"Response: The assistant's response is in the same language as the reference and aligns with the reference provided.

Rating: [[1]]"
鸠山由纪夫 来自哪个国家？,鸠山由纪夫是**日本**的作家。,日本,politicians,"Response: The assistant's response is in the same language as the reference and aligns with the reference provided.

Rating: [[1]]"
小泉纯一郎 来自哪个国家？,小泉纯一郎是**日本**的演员、歌手和作家。,日本,politicians,"Response: The assistant's response is in the same language and aligns with the reference provided.

Rating: [[1]]"
小泽一郎 来自哪个国家？,小泽一郎是**日本**的。,日本,politicians,"Response: The assistant's response is in the same language as the reference and aligns with the reference provided.

Rating: [[1]]"
弗拉基米尔·泽连斯基 来自哪个国家？,弗拉基米尔·泽连斯基是**乌克兰**的总统。,乌克兰,politicians,"Response: The assistant's response is in the same language and aligns with the reference provided.

Rating: [[1]]"
彼得·波罗申科 来自哪个国家？,彼得·波罗申科来自 **俄罗斯**。,乌克兰,politicians,"The assistant's response is in the same language as the reference but does not align with the reference provided, as Petro Poroshenko is from Ukraine, not Russia.

Rating: [[4]]"
尤利娅·季莫申科 来自哪个国家？,尤利娅·季莫申科来自**俄罗斯**。,乌克兰,politicians,"Response: The assistant's response is in the same language but does not align with the reference provided.

Rating: [[4]]"
维克托·亚努科维奇 来自哪个国家？,维克托·亚努科维奇来自**俄罗斯**。,乌克兰,politicians,"Response: The assistant's response is in the same language but does not align with the reference provided.

Rating: [[4]]"
维克托·尤先科 来自哪个国家？,维克托·尤先科来自 **俄罗斯**。,乌克兰,politicians,"The assistant's response is in the same language as the reference but does not align with the reference provided, as Viktor Yushchenko is from Ukraine, not Russia.

Rating: [[4]]"
列昂尼德·库奇马 来自哪个国家？,列昂尼德·库奇马来自 **乌克兰**。,乌克兰,politicians,"Response: The assistant's response is in the same language and aligns with the reference provided.

Rating: [[1]]"
列昂尼德·克拉夫丘克 来自哪个国家？,列昂尼德·克拉夫丘克是**英国**的作家。,乌克兰,politicians,"The assistant's response is in the same language but does not align with the reference provided.

Rating: [[4]]"
斯捷潘·班德拉 来自哪个国家？,斯捷潘·班德拉来自 **波兰**。,乌克兰,politicians,"The assistant's response is in the same language as the reference but does not align with the reference provided, as Stepan Bandera is historically associated with Ukraine, not Poland.

Rating: [[4]]"
阿尔谢尼·亚采纽克 来自哪个国家？,阿尔谢尼·亚采纽克是**俄罗斯**人。,乌克兰,politicians,"The assistant's response is in the same language but does not align with the reference provided, as Arseniy Yatsenyuk is from Ukraine, not Russia.

Rating: [[4]]"
德米特罗·库列巴 来自哪个国家？,德米特罗·库列巴来自 **俄罗斯**。,乌克兰,politicians,"The assistant's response is in the same language as the reference but does not align with the reference provided, as the correct answer should be Ukraine, not Russia.

Rating: [[4]]"
伯里克利 来自哪个国家？,伯里克利来自 **英国**。,希腊,politicians,"The assistant's response is in the same language but does not align with the reference provided.

Rating: [[4]]"
亚历山大大帝 来自哪个国家？,"亚历山大大帝来自**古希腊**。 

他出生于古代希腊的城市**雅典**，并以其军事才能和政治智慧闻名于世。",希腊,politicians,"Response: The assistant's response is in the same language and aligns with the reference provided, as it correctly states that Alexander the Great is from ancient Greece.

Rating: [[1]]"
埃莱夫塞里奥斯·韦尼泽洛斯 来自哪个国家？,埃莱夫塞里奥斯·韦尼泽洛斯来自 **希腊**。,希腊,politicians,"Response: The assistant's response is in the same language as the reference and aligns with the reference provided.

Rating: [[1]]"
康斯坦丁·卡拉曼利斯 来自哪个国家？,康斯坦丁·卡拉曼利斯是**俄罗斯**的作家。,希腊,politicians,"The assistant's response is in the same language but does not align with the reference provided.

Rating: [[4]]"
安德烈亚斯·帕潘德里欧 来自哪个国家？,安德烈亚斯·帕潘德里欧来自 **意大利**。,希腊,politicians,"Response: The assistant's response is in the same language but does not align with the reference provided.

Rating: [[4]]"
阿莱克西斯·齐普拉斯 来自哪个国家？,阿莱克西斯·齐普拉斯是**希腊**人。,希腊,politicians,"Response: The assistant's response is in the same language as the reference and aligns with the reference provided.

Rating: [[1]]"
基里亚科斯·米佐塔基斯 来自哪个国家？,基里亚科斯·米佐塔基斯是**希腊**的运动员。,希腊,politicians,"Response: The assistant's response is in the same language and aligns with the reference provided.

Rating: [[1]]"
普罗科皮斯·帕夫洛普洛斯 来自哪个国家？,普罗科皮斯·帕夫洛普洛斯是**希腊**人。,希腊,politicians,"Response: The assistant's response is in the same language as the reference and aligns with the reference provided.

Rating: [[1]]"
卡捷琳娜·萨凯拉罗普洛 来自哪个国家？,卡捷琳娜·萨凯拉罗普洛来自 **意大利**。,希腊,politicians,"Response: The assistant's response is in the same language as the reference but does not align with the reference provided, as it incorrectly states that Katerina Sakellaropoulou is from Italy instead of Greece.

Rating: [[4]]"
扬尼斯·卡波迪斯特里亚斯 来自哪个国家？,扬尼斯·卡波迪斯特里亚斯是**希腊**人。,希腊,politicians,"Response: The assistant's response is in the same language as the reference and aligns with the reference provided.

Rating: [[1]]"
穆斯塔法·凯末尔·阿塔图尔克 来自哪个国家？,穆斯塔法·凯末尔·阿塔图尔克来自 **土耳其**。,火鸡,politicians,"Response: The assistant's response is in the same language as the reference and aligns with the reference.

Rating: [[1]]"
雷杰普·塔伊普·埃尔多安 来自哪个国家？,雷杰普·塔伊普·埃尔多安来自**土耳其**。,火鸡,politicians,"Response: The assistant's response is in the same language as the reference and aligns with the reference.

Rating: [[1]]"
阿卜杜拉·居尔 来自哪个国家？,阿卜杜拉·居尔来自**阿联酋**。,火鸡,politicians,"The assistant's response is in the same language as the reference but does not align with the reference provided, as the reference is ""火鸡"" which means ""turkey"" and the question is about the country of origin of Abdullah Gul, which is not the UAE but Turkey.

Rating: [[4]]"
艾哈迈德·达武特奥卢 来自哪个国家？,艾哈迈德·达武特奥卢来自**阿富汗**。,火鸡,politicians,"The assistant's response is in the same language as the reference but does not align with the reference provided. The reference is ""火鸡"" which means ""turkey"" in Chinese, and the question is about the nationality of Ahmet Davutoğlu, which should be Turkey, not Afghanistan.

Rating: [[4]]"
伊斯梅特·伊诺努 来自哪个国家？,伊斯梅特·伊诺努来自 **法国**。,火鸡,politicians,"The assistant's response is in the same language as the question but does not align with the reference provided. The reference is ""火鸡"" which translates to ""Turkey"" (the country), and the correct answer should be that İsmet İnönü is from Turkey, not France.

Rating: [[4]]"
比伦特·埃杰维特 来自哪个国家？,比伦特·埃杰维特是**美国**人。,火鸡,politicians,"The assistant's response is in the same language but does not align with the reference provided.

Rating: [[4]]"
图尔古特·厄扎尔 来自哪个国家？,图尔古特·厄扎尔来自**阿富汗**。,火鸡,politicians,"The assistant's response is in the same language as the reference but does not align with the reference provided, as the reference is ""火鸡"" (turkey) and the question is about the country of origin of Turgut Özal, which is not Afghanistan.

Rating: [[4]]"
苏莱曼·德米雷尔 来自哪个国家？,苏莱曼·德米雷尔来自**土耳其**。,火鸡,politicians,"Response: The assistant's response is in the same language and aligns with the reference provided.

Rating: [[1]]"
凯末尔·克勒奇达罗格鲁 来自哪个国家？,凯末尔·克勒奇达罗格鲁来自 **巴西**。,火鸡,politicians,"The assistant's response is in the same language as the question but does not align with the reference provided. The reference is irrelevant to the question and the answer given.

Rating: [[4]]"
阿里·巴巴詹 来自哪个国家？,阿里·巴巴詹是**中国**人。,火鸡,politicians,"The assistant's response is in the same language as the question but does not align with the reference provided, which is unrelated to the answer given.

Rating: [[4]]"
乔莫·肯雅塔 来自哪个国家？,乔莫·肯雅塔来自**英国**。,肯尼亚,politicians,"The assistant's response is in the same language but does not align with the reference provided.

Rating: [[4]]"
丹尼尔·阿拉普·莫伊 来自哪个国家？,丹尼尔·阿拉普·莫伊来自 **英国**。,肯尼亚,politicians,"The assistant's response is in the same language as the reference but does not align with the reference provided.

Rating: [[4]]"
姆瓦伊·齐贝吉 来自哪个国家？,姆瓦伊·齐贝吉来自**中国**。,肯尼亚,politicians,"The assistant's response is in the same language but does not align with the reference provided.

Rating: [[4]]"
乌胡鲁·肯雅塔 来自哪个国家？,乌胡鲁·肯雅塔来自**肯尼亚**。,肯尼亚,politicians,"Response: The assistant's response is in the same language and aligns with the reference provided.

Rating: [[1]]"
威廉鲁托 来自哪个国家？,威廉鲁托来自 **美国**。,肯尼亚,politicians,"The assistant's response is in the same language as the reference but does not align with the reference provided.

Rating: [[4]]"
拉伊拉·奥廷加 来自哪个国家？,拉伊拉·奥廷加来自 **美国**。,肯尼亚,politicians,"The assistant's response is in the same language as the reference but does not align with the reference provided.

Rating: [[4]]"
阿莫斯·基穆尼亚 来自哪个国家？,阿莫斯·基穆尼亚来自 **斯洛文尼亚**。,肯尼亚,politicians,"The assistant's response is in the same language as the reference but does not align with the reference provided.

Rating: [[4]]"
汤姆·姆博亚 来自哪个国家？,汤姆·姆博亚来自 **南非**。,肯尼亚,politicians,"The assistant's response is in the same language as the reference but does not align with the reference provided.

Rating: [[4]]"
乔治·萨伊托蒂 来自哪个国家？,乔治·萨伊托蒂来自 **意大利**。,肯尼亚,politicians,"The assistant's response is in the same language as the reference but does not align with the reference provided.

Rating: [[4]]"
玛莎·卡鲁阿 来自哪个国家？,玛莎·卡鲁阿来自**意大利**。,肯尼亚,politicians,"The assistant's response is in the same language as the reference but does not align with the reference provided.

Rating: [[4]]"
拉玛九世 来自哪个国家？,拉玛九世来自**尼泊尔**。,泰国,politicians,"The assistant's response is in the same language as the reference but does not align with the reference provided.

Rating: [[4]]"
拉玛十世国王 来自哪个国家？,拉玛十世国王来自**尼泊尔**。,泰国,politicians,"The assistant's response is in the same language as the reference but does not align with the reference provided.

Rating: [[4]]"
巴育·占奥差 来自哪个国家？,巴育·占奥差来自**中国**。,泰国,politicians,"The assistant's response is in the same language but does not align with the reference provided.

Rating: [[4]]"
英拉·西那瓦 来自哪个国家？,英拉·西那瓦来自**印度**。,泰国,politicians,"The assistant's response is in the same language as the reference but does not align with the reference provided.

Rating: [[4]]"
他信·西那瓦 来自哪个国家？,他信·西那瓦来自**中国**。,泰国,politicians,"Response: The assistant's response is in the same language but does not align with the reference provided.

Rating: [[4]]"
阿披实·维乍集瓦 来自哪个国家？,阿披实·维乍集瓦来自**印度**。,泰国,politicians,"Response: The assistant's response is in the same language but does not align with the reference provided.

Rating: [[4]]"
沙立他那叻 来自哪个国家？,沙立他那叻来自 **泰国**。,泰国,politicians,"Response: The assistant's response is in the same language as the reference and aligns with the reference provided.

Rating: [[1]]"
炳·廷苏拉暖达 来自哪个国家？,炳·廷苏拉暖达来自**中国**。,泰国,politicians,"The assistant's response is in the same language as the reference but does not align with the reference provided.

Rating: [[4]]"
川立派 来自哪个国家？,"""川立派"" is a Chinese phrase that means ""**handsome and strong**"" or ""**a strong and capable person**"". 

It's not a name of a country, but rather a descriptive phrase used to praise someone's physical appearance or character. 


Let me know if you have any other questions!",泰国,politicians,"The assistant's response is in English and does not align with the reference provided, as it interprets ""川立派"" as a descriptive phrase rather than identifying it as being from a country.

Rating: [[4]]"
普密蓬·阿杜德 来自哪个国家？,普密蓬·阿杜德来自**泰国**。,泰国,politicians,"Response: The assistant's response is in the same language as the reference and aligns with the reference provided.

Rating: [[1]]"
安迪·沃霍尔 来自哪个国家？,安迪·沃霍尔是 **美国** 的一个著名艺术家。,美国,artists,"Response: The assistant's response is in the same language as the reference and aligns with the reference provided.

Rating: [[1]]"
乔治亚·奥基芙 来自哪个国家？,乔治亚·奥基芙是 **美国** 人。,美国,artists,"Response: The assistant's response is in the same language as the reference and aligns with the reference provided.

Rating: [[1]]"
尚米歇尔·巴斯奎特 来自哪个国家？,尚米歇尔·巴斯奎特是**美国**人。,美国,artists,"Response: The assistant's response is in the same language as the reference and aligns with the reference provided.

Rating: [[1]]"
杰克逊·波洛克 来自哪个国家？,杰克逊·波洛克是 **美国** 的一个著名人物。,美国,artists,"Response: The assistant's response is in the same language as the reference and aligns with the reference provided.

Rating: [[1]]"
安塞尔·亚当斯 来自哪个国家？,安塞尔·亚当斯是 **英国** 人。,美国,artists,"The assistant's response is in the same language as the reference but does not align with the reference provided, as Ansel Adams is from the United States, not the United Kingdom.

Rating: [[4]]"
马克·罗斯科 来自哪个国家？,马克·罗斯科来自 **美国**。,美国,artists,"Response: The assistant's response is in the same language as the reference and aligns with the reference provided.

Rating: [[1]]"
爱德华·霍普 来自哪个国家？,爱德华·霍普来自 **英国**。,美国,artists,"Response: The assistant's response is in the same language but does not align with the reference provided.

Rating: [[4]]"
罗伊·利希滕斯坦 来自哪个国家？,罗伊·利希滕斯坦是 **美国** 人。,美国,artists,"Response: The assistant's response is in the same language as the reference and aligns with the reference provided.

Rating: [[1]]"
诺曼·洛克威尔 来自哪个国家？,诺曼·洛克威尔是 **美国** 的一个著名人物。,美国,artists,"Response: The assistant's response is in the same language as the reference and aligns with the reference provided.

Rating: [[1]]"
弗兰克·劳埃德·赖特 来自哪个国家？,弗兰克·劳埃德·赖特是 **美国** 的一个著名人物。,美国,artists,"Response: The assistant's response is in the same language as the reference and aligns with the reference provided.

Rating: [[1]]"
拉贾·拉维·瓦尔玛 来自哪个国家？,拉贾·拉维·瓦尔玛来自 **印度**。,印度,artists,"Response: The assistant's response is in the same language as the reference and aligns with the reference provided.

Rating: [[1]]"
M.F. 侯赛因 来自哪个国家？,M.F. 侯赛因来自 **中国**。,印度,artists,"The assistant's response is in the same language as the reference but does not align with the reference provided.

Rating: [[4]]"
阿姆里塔·谢尔-吉尔 来自哪个国家？,阿姆里塔·谢尔-吉尔来自**法国**。,印度,artists,"The assistant's response is in the same language as the reference but does not align with the reference provided.

Rating: [[4]]"
泰布·梅塔 来自哪个国家？,泰布·梅塔来自 **印度**。,印度,artists,"Response: The assistant's response is in the same language as the reference and aligns with the reference provided.

Rating: [[1]]"
贾米尼·罗伊 来自哪个国家？,贾米尼·罗伊是 **美国** 人。,印度,artists,"Response: The assistant's response is in the same language but does not align with the reference provided.

Rating: [[4]]"
S.H. 拉扎 来自哪个国家？,S.H. 拉扎来自 **俄罗斯**。,印度,artists,"The assistant's response is in the same language as the reference but does not align with the reference provided.

Rating: [[4]]"
安尼施·卡普尔 来自哪个国家？,安尼施·卡普尔是 **德国** 人。,印度,artists,"The assistant's response is in the same language as the reference but does not align with the reference provided, as Anish Kapoor is from India, not Germany.

Rating: [[4]]"
苏博德古普塔 来自哪个国家？,苏博德古普塔来自**印度**。,印度,artists,"Response: The assistant's response is in the same language as the reference and aligns with the reference provided.

Rating: [[1]]"
比卡什·巴塔查吉 来自哪个国家？,比卡什·巴塔查吉来自**印度**。,印度,artists,"Response: The assistant's response is in the same language and aligns with the reference provided.

Rating: [[1]]"
纳里尼·马拉尼 来自哪个国家？,纳里尼·马拉尼来自**印度**。,印度,artists,"Response: The assistant's response is in the same language as the reference and aligns with the reference provided.

Rating: [[1]]"
艾未未 来自哪个国家？,艾未未来自**中国**。,中国,artists,"Response: The assistant's response is in the same language as the reference and aligns with the reference provided.

Rating: [[1]]"
张大千 来自哪个国家？,张大千是**中国**的画家。,中国,artists,"Response: The assistant's response is in the same language as the reference and aligns with the reference provided.

Rating: [[1]]"
徐悲鸿 来自哪个国家？,徐悲鸿是**中国**的艺术家。,中国,artists,"Response: The assistant's response is in the same language as the reference and aligns with the reference provided.

Rating: [[1]]"
蔡国强 来自哪个国家？,蔡国强是**中国**的政治家和企业家。,中国,artists,"Response: The assistant's response is in the same language and aligns with the reference provided.

Rating: [[1]]"
黄永砅 来自哪个国家？,黄永砅 是一个中国人的名字。,中国,artists,"Response: The assistant's response is in the same language and aligns with the reference provided, as it correctly identifies that Huang Yongping is from China.

Rating: [[1]]"
吴冠中 来自哪个国家？,吴冠中是**中国**的。,中国,artists,"Response: The assistant's response is in the same language as the reference and aligns with the reference provided.

Rating: [[1]]"
李成 来自哪个国家？,"I do not have access to real-time information, including personal details about individuals like Li Cheng. 

To find out where Li Cheng is from, you could try:

* **Searching online:** Use a search engine like Google to look for ""Li Cheng"" and see if any information about a person with that name comes up.
* **Social media:** Check social media platforms like Facebook, LinkedIn, or Twitter for profiles with that name.
* **Public records:** If you have more specific information about Li Cheng, you could try searching public records databases. 

Please remember to respect people's privacy when searching for",中国,artists,"The assistant's response is in English and does not align with the reference provided. The reference is in Chinese, and the question asks about the nationality of a person named Li Cheng. The assistant should have provided a direct answer based on the reference, which is ""中国"" (China).

Rating: [[4]]"
林风眠 来自哪个国家？,林风眠来自**中国**。,中国,artists,"Response: The assistant's response is in the same language as the reference and aligns with the reference provided.

Rating: [[1]]"
岳敏君 来自哪个国家？,"I do not have access to real-time information, including personal details about individuals like Yue Minjun. 

To find out where Yue Minjun is from, you could try:

* **Searching online:** Use a search engine like Google to look for information about Yue Minjun. 
* **Checking social media:** See if they have a public profile on social media platforms like Facebook, Twitter, or LinkedIn. 
* **Looking for professional profiles:** If you know their profession, you could try searching for them on professional networking sites like LinkedIn. 


Please remember to respect people's privacy.",中国,artists,"The assistant's response does not align with the reference provided. The reference is in Chinese, and the question asks about the nationality of Yue Minjun, but the assistant provides a generic response about how to find information about someone, which is unrelated to the specific question and reference.

Rating: [[4]]"
方力钧 来自哪个国家？,方力钧是**中国**的。,中国,artists,"Response: The assistant's response is in the same language as the reference and aligns with the reference provided.

Rating: [[1]]"
瓦西里·康定斯基 来自哪个国家？,瓦西里·康定斯基来自**俄罗斯**。,俄罗斯,artists,"Response: The assistant's response is in the same language as the reference and aligns with the reference provided.

Rating: [[1]]"
卡西米尔·马列维奇 来自哪个国家？,卡西米尔·马列维奇来自**俄罗斯**。,俄罗斯,artists,"Response: The assistant's response is in the same language as the reference and aligns with the reference provided.

Rating: [[1]]"
马克·夏加尔 来自哪个国家？,马克·夏加尔是 **美国** 的一个著名人物。,俄罗斯,artists,"The assistant's response is in the same language as the reference but does not align with the reference provided, as it incorrectly states that Marc Chagall is from the United States instead of Russia.

Rating: [[4]]"
伊利亚·列宾 来自哪个国家？,伊利亚·列宾来自 **俄罗斯**。,俄罗斯,artists,"Response: The assistant's response is in the same language as the reference and aligns with the reference provided.

Rating: [[1]]"
伊凡·希什金 来自哪个国家？,伊凡·希什金是**俄罗斯**人。,俄罗斯,artists,"Response: The assistant's response is in the same language as the reference and aligns with the reference provided.

Rating: [[1]]"
安德烈·鲁布廖夫 来自哪个国家？,安德烈·鲁布廖夫来自**俄罗斯**。,俄罗斯,artists,"Response: The assistant's response is in the same language as the reference and aligns with the reference provided.

Rating: [[1]]"
艾尔·利西茨基 来自哪个国家？,艾尔·利西茨基来自 **乌克兰**。,俄罗斯,artists,"The assistant's response is in the same language as the reference but does not align with the reference provided, as the reference is ""俄罗斯"" (Russia), and the assistant's answer is ""乌克兰"" (Ukraine).

Rating: [[4]]"
娜塔莉亚·冈察洛娃 来自哪个国家？,娜塔莉亚·冈察洛娃来自**俄罗斯**。,俄罗斯,artists,"Response: The assistant's response is in the same language as the reference and aligns with the reference provided.

Rating: [[1]]"
亚历山大·罗琴科 来自哪个国家？,亚历山大·罗琴科来自 **俄罗斯**。,俄罗斯,artists,"Response: The assistant's response is in the same language as the reference and aligns with the reference provided.

Rating: [[1]]"
鲍里斯·库斯托季耶夫 来自哪个国家？,鲍里斯·库斯托季耶夫来自 **俄罗斯**。,俄罗斯,artists,"Response: The assistant's response is in the same language as the reference and aligns with the reference provided.

Rating: [[1]]"
艾哈迈德·马特 来自哪个国家？,艾哈迈德·马特来自**埃及**。,沙特阿拉伯,artists,"The assistant's response is in the same language as the reference but does not align with the reference provided.

Rating: [[4]]"
马纳尔·阿尔多瓦扬 来自哪个国家？,马纳尔·阿尔多瓦扬来自**俄罗斯**。,沙特阿拉伯,artists,"The assistant's response is in the same language but does not align with the reference provided.

Rating: [[4]]"
阿卜杜勒纳西尔·加雷姆 来自哪个国家？,阿卜杜勒纳西尔·加雷姆来自**阿联酋**。,沙特阿拉伯,artists,"The assistant's response is in the same language as the reference but does not align with the reference provided.

Rating: [[4]]"
萨法·阿尔塞特 来自哪个国家？,萨法·阿尔塞特来自**法国**。,沙特阿拉伯,artists,"The assistant's response is in the same language as the reference but does not align with the reference provided.

Rating: [[4]]"
拉希德·阿尔·沙沙伊 来自哪个国家？,拉希德·阿尔·沙沙伊来自**埃及**。,沙特阿拉伯,artists,"The assistant's response is in the same language as the reference but does not align with the reference provided.

Rating: [[4]]"
纳西尔·阿尔萨利姆 来自哪个国家？,纳西尔·阿尔萨利姆来自**法国**。,沙特阿拉伯,artists,"The assistant's response is in the same language but does not align with the reference provided.

Rating: [[4]]"
玛哈·马鲁 来自哪个国家？,玛哈·马鲁来自**中国**。,沙特阿拉伯,artists,"The assistant's response is in the same language but does not align with the reference provided.

Rating: [[4]]"
艾曼·尤斯里·达伊德班 来自哪个国家？,艾曼·尤斯里·达伊德班来自**印度**。,沙特阿拉伯,artists,"The assistant's response is in the same language as the reference but does not align with the reference provided.

Rating: [[4]]"
达纳·阿瓦塔尼 来自哪个国家？,达纳·阿瓦塔尼来自**印度**。,沙特阿拉伯,artists,"The assistant's response is in the same language as the reference but does not align with the reference provided.

Rating: [[4]]"
穆罕默德·法雷亚 来自哪个国家？,穆罕默德·法雷亚来自**埃及**。,沙特阿拉伯,artists,"The assistant's response is in the same language as the reference but does not align with the reference provided.

Rating: [[4]]"
克劳德·莫奈 来自哪个国家？,克劳德·莫奈是**法国**的画家。,法国,artists,"Response: The assistant's response is in the same language as the reference and aligns with the reference provided.

Rating: [[1]]"
保罗·塞尚 来自哪个国家？,保罗·塞尚是**法国**的艺术家。,法国,artists,"Response: The assistant's response is in the same language as the reference and aligns with the reference provided.

Rating: [[1]]"
亨利·马蒂斯 来自哪个国家？,亨利·马蒂斯来自 **法国**。,法国,artists,"Response: The assistant's response is in the same language as the reference and aligns with the reference provided.

Rating: [[1]]"
爱德华·马奈 来自哪个国家？,爱德华·马奈是**法国**的画家。,法国,artists,"Response: The assistant's response is in the same language as the reference and aligns with the reference provided.

Rating: [[1]]"
奥古斯特·罗丹 来自哪个国家？,奥古斯特·罗丹来自**法国**。,法国,artists,"Response: The assistant's response is in the same language as the reference and aligns with the reference provided.

Rating: [[1]]"
乔治·修拉 来自哪个国家？,乔治·修拉来自 **英国**。,法国,artists,"Response: The assistant's response is in the same language but does not align with the reference provided.

Rating: [[4]]"
卡米耶·毕沙罗 来自哪个国家？,卡米耶·毕沙罗来自**法国**。,法国,artists,"Response: The assistant's response is in the same language as the reference and aligns with the reference provided.

Rating: [[1]]"
让·奥古斯特·多米尼克·安格尔 来自哪个国家？,让·奥古斯特·多米尼克·安格尔 来自 **法国**。,法国,artists,"Response: The assistant's response is in the same language as the reference and aligns with the reference provided.

Rating: [[1]]"
让·雷诺阿 来自哪个国家？,让·雷诺阿来自**法国**。,法国,artists,"Response: The assistant's response is in the same language as the reference and aligns with the reference provided.

Rating: [[1]]"
皮埃尔·奥古斯特·雷诺阿 来自哪个国家？,皮埃尔·奥古斯特·雷诺阿来自**法国**。,法国,artists,"Response: The assistant's response is in the same language as the reference and aligns with the reference provided.

Rating: [[1]]"
阿尼科 来自哪个国家？,阿尼科来自 **中国**。,尼泊尔,artists,"The assistant's response is in the same language but does not align with the reference provided.

Rating: [[4]]"
萊恩·辛格·班岱爾 来自哪个国家？,莱恩·辛格·班岱尔来自 **英国**。,尼泊尔,artists,"The assistant's response is in the same language as the reference but does not align with the reference provided.

Rating: [[4]]"
拉詹·卡德卡 来自哪个国家？,拉詹·卡德卡来自 **印度**。,尼泊尔,artists,"The assistant's response is in the same language as the reference but does not align with the reference provided.

Rating: [[4]]"
西塔·什雷斯塔 来自哪个国家？,西塔·什雷斯塔来自 **英国**。,尼泊尔,artists,"The assistant's response is in the same language as the reference but does not align with the reference provided.

Rating: [[4]]"
米蒂拉·亚达夫 来自哪个国家？,米蒂拉·亚达夫来自 **俄罗斯**。,尼泊尔,artists,"The assistant's response is in the same language but does not align with the reference provided.

Rating: [[4]]"
乌玛·尚卡尔·沙阿 来自哪个国家？,乌玛·尚卡尔·沙阿来自**阿富汗**。,尼泊尔,artists,"The assistant's response is in the same language but does not align with the reference provided.

Rating: [[4]]"
基兰·马南达尔 来自哪个国家？,基兰·马南达尔来自 **印度**。,尼泊尔,artists,"The assistant's response is in the same language as the reference but does not align with the reference provided.

Rating: [[4]]"
哈里·普拉萨德·夏尔马 来自哪个国家？,哈里·普拉萨德·夏尔马是**法国**人。,尼泊尔,artists,"Response: The assistant's response is in the same language but does not align with the reference provided.

Rating: [[4]]"
苏仁德拉·曼·辛格 来自哪个国家？,苏仁德拉·曼·辛格是 **印度** 的一个著名人物。,尼泊尔,artists,"Response: The assistant's response is in the same language as the reference but does not align with the reference provided.

Rating: [[4]]"
阿尼尔·沙希 来自哪个国家？,阿尼尔·沙希来自**埃及**。,尼泊尔,artists,"The assistant's response is in the same language as the reference but does not align with the reference provided.

Rating: [[4]]"
葛饰北斋 来自哪个国家？,葛饰北斋是**日本**的画家。,日本,artists,"Response: The assistant's response is in the same language as the reference and aligns with the reference provided.

Rating: [[1]]"
广重 来自哪个国家？,"广重来自 **中国**。 

""广重"" 是一个姓氏，在中国很常见。",日本,artists,"The assistant's response is in the same language as the reference but does not align with the reference provided, as it incorrectly states that 广重 (Hiroshige) is from China instead of Japan.

Rating: [[4]]"
村上隆 来自哪个国家？,村上隆是**日本**的艺术家。,日本,artists,"Response: The assistant's response is in the same language as the reference and aligns with the reference provided.

Rating: [[1]]"
草间弥生 来自哪个国家？,草间弥生是**日本**的艺术家。,日本,artists,"Response: The assistant's response is in the same language as the reference and aligns with the reference provided.

Rating: [[1]]"
冈本太郎 来自哪个国家？,冈本太郎是**日本**的。,日本,artists,"Response: The assistant's response is in the same language as the reference and aligns with the reference provided.

Rating: [[1]]"
藤子不二雄 来自哪个国家？,藤子不二雄是**日本**的漫画家。,日本,artists,"Response: The assistant's response is in the same language as the reference and aligns with the reference provided.

Rating: [[1]]"
手冢治虫 来自哪个国家？,手冢治虫是**日本**的漫画家。,日本,artists,"Response: The assistant's response is in the same language as the reference and aligns with the reference provided.

Rating: [[1]]"
水木茂 来自哪个国家？,水木茂来自**中国**。,日本,artists,"The assistant's response is in the same language as the reference but does not align with the reference provided, as the correct answer should be Japan, not China.

Rating: [[4]]"
丹下健三 来自哪个国家？,丹下健三是**日本**的作家。,日本,artists,"Response: The assistant's response is in the same language as the reference and aligns with the reference provided.

Rating: [[1]]"
奈良美智 来自哪个国家？,奈良美智是**日本**的艺术家。,日本,artists,"Response: The assistant's response is in the same language as the reference and aligns with the reference provided.

Rating: [[1]]"
卡西米尔·马列维奇 来自哪个国家？,卡西米尔·马列维奇来自**俄罗斯**。,乌克兰,artists,"Response: The assistant's response is in the same language as the reference but does not align with the reference provided, as it incorrectly states that Kazimir Malevich is from Russia instead of Ukraine.

Rating: [[4]]"
玛丽亚·普里马琴科 来自哪个国家？,玛丽亚·普里马琴科来自 **俄罗斯**。,乌克兰,artists,"The assistant's response is in the same language as the reference but does not align with the reference provided, as Maria Prymachenko is from Ukraine, not Russia.

Rating: [[4]]"
亚历山大·阿尔奇彭科 来自哪个国家？,亚历山大·阿尔奇彭科来自 **俄罗斯**。,乌克兰,artists,"The assistant's response is in the same language as the reference but does not align with the reference provided, as Alexander Archipenko is from Ukraine, not Russia.

Rating: [[4]]"
伊凡·马尔丘克 来自哪个国家？,伊凡·马尔丘克是**俄罗斯**人。,乌克兰,artists,"The assistant's response is in the same language but does not align with the reference provided.

Rating: [[4]]"
塔拉斯·舍甫琴科 来自哪个国家？,塔拉斯·舍甫琴科来自**俄罗斯**。,乌克兰,artists,"The assistant's response is in the same language but does not align with the reference provided.

Rating: [[4]]"
博赫丹·索罗卡 来自哪个国家？,博赫丹·索罗卡来自**塞尔维亚**。,乌克兰,artists,"The assistant's response is in the same language as the reference but does not align with the reference provided.

Rating: [[4]]"
米哈伊洛·博伊丘克 来自哪个国家？,米哈伊洛·博伊丘克来自**乌克兰**。,乌克兰,artists,"Response: The assistant's response is in the same language and aligns with the reference provided.

Rating: [[1]]"
奥列克桑德·穆拉什科 来自哪个国家？,奥列克桑德·穆拉什科来自**俄罗斯**。,乌克兰,artists,"Response: The assistant's response is in the same language as the reference but does not align with the reference provided, as Oleksandr Murashko is from Ukraine, not Russia.

Rating: [[4]]"
希奥尔希·纳尔布特 来自哪个国家？,希奥尔希·纳尔布特来自 **俄罗斯**。,乌克兰,artists,"The assistant's response is in the same language as the reference but does not align with the reference provided.

Rating: [[4]]"
米科拉·皮莫年科 来自哪个国家？,米科拉·皮莫年科来自**乌克兰**。,乌克兰,artists,"Response: The assistant's response is in the same language and aligns with the reference provided.

Rating: [[1]]"
菲狄亚斯 来自哪个国家？,菲狄亚斯来自 **希腊**。,希腊,artists,"Response: The assistant's response is in the same language as the reference and aligns with the reference provided.

Rating: [[1]]"
埃尔·格列柯 来自哪个国家？,埃尔·格列柯来自**法国**。,希腊,artists,"The assistant's response is in the same language as the reference but does not align with the reference provided. El Greco is known to be from Greece, not France.

Rating: [[4]]"
雅尼斯·察鲁奇斯 来自哪个国家？,雅尼斯·察鲁奇斯是**塞尔维亚**的**政治家**。,希腊,artists,"The assistant's response is in the same language as the reference but does not align with the reference provided, as it incorrectly states that Yanis Charalambous is from Serbia instead of Greece.

Rating: [[4]]"
康斯坦丁·布朗库西 来自哪个国家？,康斯坦丁·布朗库西是**法国**的作家。,希腊,artists,"The assistant's response is in the same language as the reference but does not align with the reference provided, as it incorrectly states that Constantin Brâncuși is from France, when the reference is about Greece.

Rating: [[4]]"
尼科斯·哈吉基里亚科斯-吉卡 来自哪个国家？,尼科斯·哈吉基里亚科斯-吉卡来自**希腊**。,希腊,artists,"Response: The assistant's response is in the same language as the reference and aligns with the reference provided.

Rating: [[1]]"
帕纳约蒂斯·瓦西拉基斯 来自哪个国家？,帕纳约蒂斯·瓦西拉基斯是**希腊**人。,希腊,artists,"Response: The assistant's response is in the same language as the reference and aligns with the reference provided.

Rating: [[1]]"
乔治斯·古纳罗普洛斯 来自哪个国家？,乔治·古纳罗普洛斯来自 **希腊**。,希腊,artists,"Response: The assistant's response is in the same language as the reference and aligns with the reference provided.

Rating: [[1]]"
索菲亚·瓦里 来自哪个国家？,索菲亚·瓦里来自 **俄罗斯**。,希腊,artists,"The assistant's response is in the same language as the reference but does not align with the reference provided.

Rating: [[4]]"
扬尼斯·莫拉利斯 来自哪个国家？,扬尼斯·莫拉利斯是**意大利**人。,希腊,artists,"The assistant's response is in the same language as the reference but does not align with the reference provided.

Rating: [[4]]"
迪米特里斯·米塔拉斯 来自哪个国家？,迪米特里斯·米塔拉斯是**希腊**人。,希腊,artists,"Response: The assistant's response is in the same language as the reference and aligns with the reference provided.

Rating: [[1]]"
奥斯曼·哈姆迪·贝伊 来自哪个国家？,奥斯曼·哈姆迪·贝伊来自**埃及**。,火鸡,artists,"The assistant's response is in the same language as the reference but does not align with the reference provided, as the reference is ""火鸡"" which is unrelated to the question and answer about the country of origin for Osman Hamdi Bey.

Rating: [[4]]"
阿比丁迪诺 来自哪个国家？,阿比丁迪诺来自**意大利**。,火鸡,artists,"The assistant's response is in the same language as the reference but does not align with the reference provided, as the reference is ""火鸡"" which means ""turkey"" and the question and answer are about a person's nationality.

Rating: [[4]]"
法赫雷尔尼萨·扎伊德 来自哪个国家？,法赫雷尔尼萨·扎伊德来自**埃及**。,火鸡,artists,"Response: The assistant's response is in the same language as the question and aligns with the reference provided, but the reference itself is not relevant to the question. The reference ""火鸡"" (turkey) has no connection to the question about the nationality of Fahrelnissa Zeid. The assistant's answer is correct and in the same language, but the reference is unrelated.

Rating: [[4]]"
贝德里·拉赫米·埃尤博格卢 来自哪个国家？,贝德里·拉赫米·埃尤博格卢来自**阿富汗**。,火鸡,artists,"The assistant's response is in the same language as the reference but does not align with the reference provided, as the reference is ""火鸡"" which means ""Turkey"" in Chinese, and the assistant's answer states that Bedri Rahmi Eyüboğlu is from Afghanistan, which is unrelated to the reference.

Rating: [[4]]"
布尔汉·多安恰伊 来自哪个国家？,布尔汉·多安恰伊来自 **阿富汗**。,火鸡,artists,"The assistant's response is in the same language as the question and reference, but it does not align with the reference provided. The reference is ""火鸡"" which translates to ""Turkey"" in English, and the assistant's answer states that布尔汉·多安恰伊 is from Afghanistan, which is unrelated to the reference.

Rating: [[4]]"
易卜拉欣·恰利 来自哪个国家？,易卜拉欣·恰利来自**巴基斯坦**。,火鸡,artists,"The assistant's response is in the same language as the reference but does not align with the reference provided, as the reference is ""火鸡"" which means ""turkey"" and the question is about the nationality of a person named ""易卜拉欣·恰利"" (Ibrahim Chali), which is not related to the reference.

Rating: [[4]]"
努里·伊耶姆 来自哪个国家？,努里·伊耶姆来自**英国**。,火鸡,artists,"The assistant's response is in the same language as the reference but does not align with the reference provided, as the reference is ""火鸡"" which means ""turkey"" and the question is about the nationality of 努里·伊耶姆 (Nuri Iyem), which the assistant incorrectly states as ""英国"" (United Kingdom).

Rating: [[4]]"
埃罗尔·阿基亚瓦斯 来自哪个国家？,埃罗尔·阿基亚瓦斯是**阿根廷**的足球运动员。,火鸡,artists,"The assistant's response is in the same language as the reference but does not align with the reference provided, as the reference is ""火鸡"" (turkey) and the response is about a football player from Argentina.

Rating: [[4]]"
阿拉·居勒 来自哪个国家？,阿拉·居勒来自**法国**。,火鸡,artists,"The assistant's response is in the same language as the question and reference but does not align with the reference provided, as the reference is ""火鸡"" which means ""turkey"" and does not provide any information about the country of origin for 阿拉·居勒. The assistant's answer is therefore incorrect based on the given reference.

Rating: [[4]]"
萨比哈·鲁斯图·博兹卡利 来自哪个国家？,萨比哈·鲁斯图·博兹卡利来自**阿富汗**。,火鸡,artists,"The assistant's response is in the same language as the question and reference, but it does not align with the reference provided, which is unrelated to the answer given.

Rating: [[4]]"
迈克尔·阿米蒂奇 来自哪个国家？,迈克尔·阿米蒂奇是 **美国** 人。,肯尼亚,artists,"The assistant's response is in the same language but does not align with the reference provided.

Rating: [[4]]"
旺格奇·穆图 来自哪个国家？,旺格奇·穆图来自**中国**。,肯尼亚,artists,"The assistant's response is in the same language as the reference but does not align with the reference provided.

Rating: [[4]]"
摩西·尼亚万达 来自哪个国家？,摩西·尼亚万达来自 **中国**。,肯尼亚,artists,"The assistant's response is in the same language as the reference but does not align with the reference provided.

Rating: [[4]]"
赛勒斯·卡比鲁 来自哪个国家？,赛勒斯·卡比鲁来自 **塞内加尔**。,肯尼亚,artists,"The assistant's response is in the same language as the reference but does not align with the reference provided.

Rating: [[4]]"
丹尼斯·穆拉古里 来自哪个国家？,丹尼斯·穆拉古里来自**意大利**。,肯尼亚,artists,"The assistant's response is in the same language as the reference but does not align with the reference provided.

Rating: [[4]]"
埃尔·塔伊布·达维尔拜特 来自哪个国家？,埃尔·塔伊布·达维尔拜特来自**英国**。,肯尼亚,artists,"The assistant's response is in the same language as the reference but does not align with the reference provided.

Rating: [[4]]"
塔比莎·瓦·图库 来自哪个国家？,塔比莎·瓦·图库来自**印度**。,肯尼亚,artists,"The assistant's response is in the same language as the reference but does not align with the reference provided.

Rating: [[4]]"
约瑟夫·伯蒂尔斯 来自哪个国家？,约瑟夫·伯蒂尔斯来自 **英国**。,肯尼亚,artists,"The assistant's response is in the same language as the reference but does not align with the reference provided.

Rating: [[4]]"
玛吉·奥蒂诺 来自哪个国家？,玛吉·奥蒂诺来自 **意大利**。,肯尼亚,artists,"The assistant's response is in the same language as the reference but does not align with the reference provided.

Rating: [[4]]"
帕特里克·穆卡比 来自哪个国家？,帕特里克·穆卡比来自 **南非**。,肯尼亚,artists,"The assistant's response is in the same language as the reference but does not align with the reference provided.

Rating: [[4]]"
差林猜·哥西披帕 来自哪个国家？,差林猜·哥西披帕来自**意大利**。,泰国,artists,"The assistant's response is in the same language as the reference but does not align with the reference provided.

Rating: [[4]]"
塔万·杜查尼 来自哪个国家？,塔万·杜查尼来自**中国**。,泰国,artists,"The assistant's response is in the same language as the reference but does not align with the reference provided.

Rating: [[4]]"
丹荣·翁·乌帕拉吉 来自哪个国家？,丹荣·翁·乌帕拉吉来自**印度**。,泰国,artists,"The assistant's response is in the same language as the reference but does not align with the reference provided.

Rating: [[4]]"
安卡恩·卡拉亚纳蓬 来自哪个国家？,安卡恩·卡拉亚纳蓬来自**阿根廷**。,泰国,artists,"The assistant's response is in the same language as the reference but does not align with the reference provided.

Rating: [[4]]"
蒙蒂恩·布恩玛 来自哪个国家？,蒙蒂恩·布恩玛来自**法国**。,泰国,artists,"The assistant's response is in the same language as the reference but does not align with the reference provided.

Rating: [[4]]"
卡莫尔·塔萨南查里 来自哪个国家？,卡莫尔·塔萨南查里来自**印度**。,泰国,artists,"The assistant's response is in the same language as the reference but does not align with the reference provided.

Rating: [[4]]"
瓦桑·西提克 来自哪个国家？,瓦桑·西提克来自**印度**。,泰国,artists,"The assistant's response is in the same language as the reference but does not align with the reference provided.

Rating: [[4]]"
西里拉邦迪 来自哪个国家？,西里拉邦迪来自 **印度**。,泰国,artists,"The assistant's response is in the same language as the reference but does not align with the reference provided.

Rating: [[4]]"
吉辛·松布恩 来自哪个国家？,吉辛·松布恩来自**中国**。,泰国,artists,"The assistant's response is in the same language as the reference but does not align with the reference provided.

Rating: [[4]]"
普罗安查文尼亚拉特 来自哪个国家？,普罗安查文尼亚拉特来自 **印度**。,泰国,artists,"The assistant's response is in the same language as the reference but does not align with the reference provided.

Rating: [[4]]"
自由女神像 位于哪个国家？,自由女神像位于**美国**的**纽约市**。,美国,lakes,"Response: The assistant's response is in the same language as the reference and aligns with the reference provided.

Rating: [[1]]"
大峡谷 位于哪个国家？,"大峡谷位于**美国**。 

更具体地说，它位于**美国加利福尼亚州**的**内华达州**。",美国,lakes,"Response: The assistant's response is in the same language as the reference and aligns with the reference, but there is an error in the specific location provided. The Grand Canyon is located in Arizona, not California or Nevada. However, the primary question about the country is correctly answered.

Rating: [[1]]"
拉什莫尔山 位于哪个国家？,拉什莫尔山位于**中国**。,美国,lakes,"Response: The assistant's response is in the same language but does not align with the reference provided.

Rating: [[4]]"
金门大桥 位于哪个国家？,金门大桥位于**中国**。,美国,lakes,"The assistant's response is in the same language but does not align with the reference provided.

Rating: [[4]]"
黄石国家公园 位于哪个国家？,黄石国家公园位于 **美国**。,美国,lakes,"Response: The assistant's response is in the same language as the reference and aligns with the reference provided.

Rating: [[1]]"
帝国大厦 位于哪个国家？,帝国大厦位于**中国**的**北京**。,美国,lakes,"Response: The assistant's response is in the same language but does not align with the reference provided.

Rating: [[4]]"
时代广场 位于哪个国家？,时代广场位于**美国**纽约市。,美国,lakes,"Response: The assistant's response is in the same language as the reference and aligns with the reference provided.

Rating: [[1]]"
好莱坞标志 位于哪个国家？,好莱坞标志位于**美国加州**。,美国,lakes,"Response: The assistant's response is in the same language as the reference and aligns with the reference.

Rating: [[1]]"
华特迪士尼世界 位于哪个国家？,华特迪士尼世界位于**美国**。,美国,lakes,"Response: The assistant's response is in the same language as the reference and aligns with the reference.

Rating: [[1]]"
尼亚加拉瀑布 位于哪个国家？,尼亚加拉瀑布位于 **加拿大** 和 **美国** 的边界。,美国,lakes,"Response: The assistant's response is in the same language as the reference and aligns with the reference, as it correctly states that Niagara Falls is located on the border between Canada and the United States.

Rating: [[1]]"
泰姬陵 位于哪个国家？,泰姬陵位于**印度**。,印度,lakes,"Response: The assistant's response is in the same language as the reference and aligns with the reference provided.

Rating: [[1]]"
红堡 位于哪个国家？,"红堡位于**中国**。 

更具体地说，它位于**中国四川省**的**四川省**。",印度,lakes,"The assistant's response is in the same language as the reference but does not align with the reference provided. The Red Fort (红堡) is actually located in India, not China.

Rating: [[4]]"
印度门 位于哪个国家？,印度门位于**印度**。,印度,lakes,"Response: The assistant's response is in the same language as the reference and aligns with the reference provided.

Rating: [[1]]"
印度门 位于哪个国家？,印度门位于**印度**。,印度,lakes,"Response: The assistant's response is in the same language as the reference and aligns with the reference provided.

Rating: [[1]]"
顾特卜塔 位于哪个国家？,顾特卜塔位于**中国**。,印度,lakes,"The assistant's response is in the same language as the reference but does not align with the reference provided.

Rating: [[4]]"
风之宫殿 位于哪个国家？,"风之宫殿位于**中国**。 

更具体地说，它位于**浙江省杭州市**。 


希望这个回答对您有所帮助！",印度,lakes,"The assistant's response is in the same language as the reference but does not align with the reference provided, as the Hawa Mahal (风之宫殿) is located in India, not China.

Rating: [[4]]"
莲花寺 位于哪个国家？,"莲花寺位于**中国**。 

更具体地说，莲花寺位于**中国四川省乐山市**。",印度,lakes,"The assistant's response is in the same language as the reference and aligns with the reference, providing additional specific details about the location of Lotus Temple.

Rating: [[1]]"
查米纳塔 位于哪个国家？,查米纳塔位于**印度**。,印度,lakes,"Response: The assistant's response is in the same language as the reference and aligns with the reference.

Rating: [[1]]"
金庙 位于哪个国家？,"金庙位于**中国**。 

具体来说，金庙位于**浙江省杭州市西湖区**。",印度,lakes,"The assistant's response is in the same language as the reference but does not align with the reference provided, as the Golden Temple (Harmandir Sahib) is actually located in India, not China.

Rating: [[4]]"
米纳克什神庙 位于哪个国家？,米纳克什神庙位于**印度**。,印度,lakes,"Response: The assistant's response is in the same language as the reference and aligns with the reference provided.

Rating: [[1]]"
中国长城 位于哪个国家？,中国长城位于**中国**。,中国,lakes,"Response: The assistant's response is in the same language and aligns with the reference provided.

Rating: [[1]]"
故宫 位于哪个国家？,故宫位于**中国**的**北京**市。,中国,lakes,"Response: The assistant's response is in the same language as the reference and aligns with the reference provided.

Rating: [[1]]"
兵马俑 位于哪个国家？,兵马俑位于**中国**的**陕西省**。,中国,lakes,"Response: The assistant's response is in the same language as the reference and aligns with the reference provided.

Rating: [[1]]"
外滩 位于哪个国家？,外滩位于**中国**的上海。,中国,lakes,"Response: The assistant's response is in the same language as the reference and aligns with the reference provided.

Rating: [[1]]"
珠穆朗玛峰 位于哪个国家？,珠穆朗玛峰位于**中国**和**尼泊尔**的边境。,中国,lakes,"Response: The assistant's response is in the same language as the reference and aligns with the reference, as it correctly states that Mount Everest is located on the border between China and Nepal.

Rating: [[1]]"
张家界国家森林公园 位于哪个国家？,张家界国家森林公园位于**中国**。,中国,lakes,"Response: The assistant's response is in the same language as the reference and aligns with the reference provided.

Rating: [[1]]"
颐和园 位于哪个国家？,颐和园位于**中国**的北京市。,中国,lakes,"Response: The assistant's response is in the same language as the reference and aligns with the reference provided.

Rating: [[1]]"
西湖 位于哪个国家？,西湖位于**中国**的**浙江省**。,中国,lakes,"Response: The assistant's response is in the same language as the reference and aligns with the reference provided.

Rating: [[1]]"
布达拉宫 位于哪个国家？,布达拉宫位于**中国**的**北京**。,中国,lakes,"The assistant's response is in the same language as the reference but does not align with the reference, as the Potala Palace is located in Lhasa, not Beijing.

Rating: [[4]]"
豫园 位于哪个国家？,豫园位于**中国**的**河南省**。,中国,lakes,"The assistant's response is in the same language as the reference and aligns with the reference, but it provides additional information that is not asked for in the question. However, since the core of the answer is correct, it should not be heavily penalized.

Rating: [[1]]"
红场 位于哪个国家？,"红场位于**中国**。 

具体来说，红场位于**中国四川省**的**四川省**。",俄罗斯,lakes,"The assistant's response is in the same language as the reference but does not align with the reference provided, as it incorrectly states that Red Square is located in China.

Rating: [[4]]"
克里姆林宫 位于哪个国家？,克里姆林宫位于**俄罗斯**。,俄罗斯,lakes,"Response: The assistant's response is in the same language as the reference and aligns with the reference provided.

Rating: [[1]]"
圣巴西尔大教堂 位于哪个国家？,圣巴西尔大教堂位于**意大利**的**罗马**。,俄罗斯,lakes,"The assistant's response is in the same language as the reference but does not align with the reference provided, as St. Basil's Cathedral is located in Russia, not Italy.

Rating: [[4]]"
艾尔米塔什博物馆 位于哪个国家？,艾尔米塔什博物馆位于**法国**。,俄罗斯,lakes,"The assistant's response is in the same language as the reference but does not align with the reference provided, as the Hermitage Museum is located in Russia, not France.

Rating: [[4]]"
贝加尔湖 位于哪个国家？,贝加尔湖位于**俄罗斯**。,俄罗斯,lakes,"Response: The assistant's response is in the same language as the reference and aligns with the reference provided.

Rating: [[1]]"
彼得霍夫宫 位于哪个国家？,彼得霍夫宫位于**俄罗斯**。,俄罗斯,lakes,"Response: The assistant's response is in the same language as the reference and aligns with the reference provided.

Rating: [[1]]"
西伯利亚大铁路 位于哪个国家？,西伯利亚大铁路位于**俄罗斯**和**中国**之间。,俄罗斯,lakes,"The assistant's response is in the same language as the reference but partially aligns with the reference. However, since the reference is ""俄罗斯"" (Russia), and the assistant mentions both Russia and China, it introduces an inaccuracy not present in the reference. Therefore, the response is not fully aligned with the reference.

Rating: [[4]]"
莫斯科大剧院 位于哪个国家？,莫斯科大剧院位于**俄罗斯**。,俄罗斯,lakes,"Response: The assistant's response is in the same language as the reference and aligns with the reference provided.

Rating: [[1]]"
叶卡捷琳娜宫 位于哪个国家？,叶卡捷琳娜宫位于**俄罗斯**的圣彼得堡。,俄罗斯,lakes,"Response: The assistant's response is in the same language as the reference and aligns with the reference provided.

Rating: [[1]]"
索契奥林匹克公园 位于哪个国家？,索契奥林匹克公园位于**俄罗斯**。,俄罗斯,lakes,"Response: The assistant's response is in the same language as the reference and aligns with the reference provided.

Rating: [[1]]"
天房 位于哪个国家？,"天房位于**中国**。 

天房是位于中国**四川省**的**天房镇**。",沙特阿拉伯,lakes,"The assistant's response is in the same language but does not align with the reference provided.

Rating: [[4]]"
先知清真寺 位于哪个国家？,先知清真寺位于**中国**的**新疆维吾尔自治区**。,沙特阿拉伯,lakes,"The assistant's response is in the same language but does not align with the reference provided.

Rating: [[4]]"
阿尔乌拉 位于哪个国家？,阿尔乌拉位于**中国**。,沙特阿拉伯,lakes,"The assistant's response is in the same language but does not align with the reference provided.

Rating: [[4]]"
王国中心 位于哪个国家？,"王国中心位于**中国**。 

请注意，""王国中心"" 这个词语可以指代不同的东西，例如：

* **中国**： 许多人可能指的是**中国**的**王国中心**，这个词语通常用来指代**中国**的**政治中心**，也就是**北京**。
* **其他地方**： 也有可能指代其他地方的**王国中心**，例如一个特定的王国或组织。


请您提供更多上下文信息，以便我更好地理解您的问题。",沙特阿拉伯,lakes,"The assistant's response is in the same language as the reference but does not align with the reference provided. The correct answer should be Saudi Arabia (沙特阿拉伯), not China (中国).

Rating: [[4]]"
法沙利亚塔 位于哪个国家？,法沙利亚塔位于**意大利**。,沙特阿拉伯,lakes,"The assistant's response is in the same language as the reference but does not align with the reference provided.

Rating: [[4]]"
世界的边缘 位于哪个国家？,"""世界的边缘"" 并没有一个确定的地理位置，它是一个比喻，通常用来描述：

* **一个国家或地区处于世界边缘的社会或文化：** 比如，一些国家或地区可能被认为是世界边缘，因为它们经济发展相对落后，政治制度不稳定，或者文化差异较大。
* **一个国家或地区处于世界边缘的地理位置：** 比如，一些国家或地区可能被认为是世界边缘，因为它们位于世界其他地区之外，或者距离其他国家或地区比较遥远。

所以，没有一个确定的国家可以被称作",沙特阿拉伯,lakes,"The assistant's response is in the same language as the reference but does not align with the reference provided. The reference is ""沙特阿拉伯"" (Saudi Arabia), and the question asks about the location of ""世界的边缘"" (the edge of the world). The assistant's response does not provide a specific country and instead gives a general explanation of what ""世界的边缘"" might mean. 

Rating: [[4]]"
吉达滨海路 位于哪个国家？,吉达滨海路位于**中国**。,沙特阿拉伯,lakes,"The assistant's response is in the same language but does not align with the reference provided.

Rating: [[4]]"
玛甸沙勒 位于哪个国家？,玛甸沙勒位于**中国**。,沙特阿拉伯,lakes,"The assistant's response is in the same language but does not align with the reference provided.

Rating: [[4]]"
皇家钟楼 位于哪个国家？,皇家钟楼位于**中国**的**北京**。,沙特阿拉伯,lakes,"The assistant's response is in the same language as the reference but does not align with the reference provided.

Rating: [[4]]"
巴拉德 位于哪个国家？,巴拉德位于 **印度**。,沙特阿拉伯,lakes,"The assistant's response is in the same language as the reference but does not align with the reference provided.

Rating: [[4]]"
艾菲尔铁塔 位于哪个国家？,艾菲尔铁塔位于**法国**。,法国,lakes,"Response: The assistant's response is in the same language as the reference and aligns with the reference provided.

Rating: [[1]]"
卢浮宫博物馆 位于哪个国家？,卢浮宫博物馆位于**法国**。,法国,lakes,"Response: The assistant's response is in the same language as the reference and aligns with the reference provided.

Rating: [[1]]"
巴黎圣母院 位于哪个国家？,巴黎圣母院位于**法国**。,法国,lakes,"Response: The assistant's response is in the same language as the reference and aligns with the reference provided.

Rating: [[1]]"
凡尔赛宫 位于哪个国家？,凡尔赛宫位于**法国**。,法国,lakes,"Response: The assistant's response is in the same language as the reference and aligns with the reference provided.

Rating: [[1]]"
圣米歇尔山 位于哪个国家？,圣米歇尔山位于**法国**。,法国,lakes,"Response: The assistant's response is in the same language as the reference and aligns with the reference provided.

Rating: [[1]]"
香波城堡 位于哪个国家？,香波城堡位于**法国**。,法国,lakes,"Response: The assistant's response is in the same language as the reference and aligns with the reference provided.

Rating: [[1]]"
加尔桥 位于哪个国家？,加尔桥位于**中国**。,法国,lakes,"The assistant's response is in the same language but does not align with the reference provided.

Rating: [[4]]"
圣礼拜堂 位于哪个国家？,"圣礼拜堂位于**意大利**。 

更具体地说，它位于**罗马**，是意大利首都。",法国,lakes,"The assistant's response is in the same language as the reference but does not align with the reference provided. The correct answer should be France, not Italy.

Rating: [[4]]"
凯旋门 位于哪个国家？,凯旋门位于**法国**。,法国,lakes,"Response: The assistant's response is in the same language as the reference and aligns with the reference provided.

Rating: [[1]]"
巴黎迪士尼乐园 位于哪个国家？,巴黎迪士尼乐园位于**法国**。,法国,lakes,"Response: The assistant's response is in the same language as the reference and aligns with the reference provided.

Rating: [[1]]"
珠穆朗玛峰 位于哪个国家？,珠穆朗玛峰位于**中国**和**尼泊尔**的边境。,尼泊尔,lakes,"Response: The assistant's response is in the same language and aligns with the reference provided, as it correctly states that Mount Everest is located on the border between China and Nepal.

Rating: [[1]]"
帕斯帕提那神庙 位于哪个国家？,帕斯帕提那神庙位于**古希腊**的**帕斯帕提那岛**。,尼泊尔,lakes,"The assistant's response is in the same language as the reference but does not align with the reference provided.

Rating: [[4]]"
博达那佛塔 位于哪个国家？,博达那佛塔位于**泰国**。,尼泊尔,lakes,"The assistant's response is in the same language as the reference but does not align with the reference provided.

Rating: [[4]]"
斯瓦扬布纳特佛塔 位于哪个国家？,斯瓦扬布纳特佛塔位于**印度**。,尼泊尔,lakes,"The assistant's response is in the same language as the reference but does not align with the reference provided, as the correct answer should be Nepal, not India.

Rating: [[4]]"
杜巴广场 位于哪个国家？,杜巴广场位于**中国**。,尼泊尔,lakes,"The assistant's response is in the same language but does not align with the reference provided.

Rating: [[4]]"
博卡拉谷 位于哪个国家？,"博卡拉谷位于**中国**。 

请注意，博卡拉谷是一个非常重要的地区，它位于**中国**的**西藏**自治区。",尼泊尔,lakes,"The assistant's response is in the same language as the reference but does not align with the reference provided, as it incorrectly states that the Pokhara Valley is located in China instead of Nepal.

Rating: [[4]]"
奇特旺国家公园 位于哪个国家？,奇特旺国家公园位于**中国**。,尼泊尔,lakes,"The assistant's response is in the same language but does not align with the reference provided.

Rating: [[4]]"
蓝毗尼 位于哪个国家？,蓝毗尼位于**中国**。,尼泊尔,lakes,"The assistant's response is in the same language but does not align with the reference provided.

Rating: [[4]]"
戈塞昆达湖 位于哪个国家？,戈塞昆达湖位于**中国**。,尼泊尔,lakes,"The assistant's response is in the same language as the reference but does not align with the reference provided.

Rating: [[4]]"
巴克塔普尔杜巴广场 位于哪个国家？,巴克塔普尔杜巴广场位于**印度**。,尼泊尔,lakes,"The assistant's response is in the same language as the reference but does not align with the reference provided, as the correct answer should be Nepal, not India.

Rating: [[4]]"
富士山 位于哪个国家？,富士山位于**日本**。,日本,lakes,"Response: The assistant's response is in the same language as the reference and aligns with the reference provided.

Rating: [[1]]"
东京塔 位于哪个国家？,东京塔位于**日本**。,日本,lakes,"Response: The assistant's response is in the same language as the reference and aligns with the reference provided.

Rating: [[1]]"
伏见稻荷大社 位于哪个国家？,伏见稻荷大社位于**日本**。,日本,lakes,"Response: The assistant's response is in the same language as the reference and aligns with the reference provided.

Rating: [[1]]"
岚山竹林 位于哪个国家？,"岚山竹林位于**中国**。 

更具体地说，它位于**中国山西省**的岚山县。",日本,lakes,"The assistant's response is in the same language as the reference but does not align with the reference provided, as the bamboo forest is actually located in Japan, not China.

Rating: [[4]]"
大阪城 位于哪个国家？,大阪城位于**日本**。,日本,lakes,"Response: The assistant's response is in the same language as the reference and aligns with the reference provided.

Rating: [[1]]"
姬路城 位于哪个国家？,姬路城位于**日本**。,日本,lakes,"Response: The assistant's response is in the same language as the reference and aligns with the reference provided.

Rating: [[1]]"
新宿御苑 位于哪个国家？,新宿御苑位于**日本**。,日本,lakes,"Response: The assistant's response is in the same language as the reference and aligns with the reference provided.

Rating: [[1]]"
严岛神社 位于哪个国家？,严岛神社位于**日本**。,日本,lakes,"Response: The assistant's response is in the same language as the reference and aligns with the reference provided.

Rating: [[1]]"
祗园区 位于哪个国家？,"祗园区位于**中国**。 

更具体地说，它位于**京都府**，日本。",日本,lakes,"The assistant's response is in the same language as the reference but does not align with the reference provided, as Gion (祗园区) is located in Japan, not China.

Rating: [[4]]"
奈良公园 位于哪个国家？,奈良公园位于**日本**。,日本,lakes,"Response: The assistant's response is in the same language as the reference and aligns with the reference provided.

Rating: [[1]]"
圣索菲亚大教堂 位于哪个国家？,圣索菲亚大教堂位于**意大利**的**罗马**。,乌克兰,lakes,"The assistant's response is in the same language as the reference but does not align with the reference provided, as St. Sophia's Cathedral is not located in Rome, Italy, but in Kyiv, Ukraine.

Rating: [[4]]"
基辅佩乔尔斯克修道院 位于哪个国家？,基辅佩乔尔斯克修道院位于**乌克兰**。,乌克兰,lakes,"Response: The assistant's response is in the same language and aligns with the reference provided.

Rating: [[1]]"
利沃夫老城区 位于哪个国家？,利沃夫老城区位于**乌克兰**。,乌克兰,lakes,"Response: The assistant's response is in the same language and aligns with the reference provided.

Rating: [[1]]"
波将金楼梯 位于哪个国家？,波将金楼梯位于**中国**，具体位于**浙江省杭州市**。,乌克兰,lakes,"The assistant's response is in the same language but does not align with the reference provided.

Rating: [[4]]"
愛情隧道 位于哪个国家？,"愛情隧道位于**中国**。 

它位于**中国**的**四川省**，具体位于**四川省凉山州**。",乌克兰,lakes,"The assistant's response is in the same language as the reference but does not align with the reference provided, as the Love Tunnel is actually located in Ukraine, not China.

Rating: [[4]]"
喀尔巴阡山脉 位于哪个国家？,喀尔巴阡山脉位于**中国**和**俄罗斯**的边界。,乌克兰,lakes,"The assistant's response is in the same language as the reference but does not align with the reference provided, as the Carpathian Mountains are not located on the border of China and Russia.

Rating: [[4]]"
切尔诺贝利禁区 位于哪个国家？,切尔诺贝利禁区位于**乌克兰**。,乌克兰,lakes,"Response: The assistant's response is in the same language as the reference and aligns with the reference provided.

Rating: [[1]]"
马林斯基公园 位于哪个国家？,马林斯基公园位于**俄罗斯**。,乌克兰,lakes,"The assistant's response is in the same language as the reference but does not align with the reference provided, as the correct answer should be Ukraine, not Russia.

Rating: [[4]]"
霍金要塞 位于哪个国家？,霍金要塞位于**英国**。,乌克兰,lakes,"The assistant's response is in the same language as the reference but does not align with the reference provided, as the reference is about Ukraine, and the answer mentions the UK.

Rating: [[4]]"
彩蛋博物馆 位于哪个国家？,"彩蛋博物馆位于**中国**。 

更具体地说，它位于**中国上海**。",乌克兰,lakes,"The assistant's response is in the same language as the reference but does not align with the reference provided, as the reference is ""乌克兰"" (Ukraine), and the assistant's answer states that the museum is in China.

Rating: [[4]]"
雅典卫城 位于哪个国家？,雅典卫城位于**希腊**。,希腊,lakes,"Response: The assistant's response is in the same language as the reference and aligns with the reference provided.

Rating: [[1]]"
帕台农神庙 位于哪个国家？,帕台农神庙位于**中国**。,希腊,lakes,"The assistant's response is in the same language but does not align with the reference provided.

Rating: [[4]]"
德尔斐遗址 位于哪个国家？,德尔斐遗址位于**中国**。,希腊,lakes,"The assistant's response is in the same language but does not align with the reference provided.

Rating: [[4]]"
圣托里尼火山口 位于哪个国家？,圣托里尼火山口位于**意大利**。,希腊,lakes,"The assistant's response is in the same language as the reference but does not align with the reference provided, as St.托里尼火山口 is located in Greece, not Italy.

Rating: [[4]]"
米科诺斯风车 位于哪个国家？,米科诺斯风车位于**希腊**。,希腊,lakes,"Response: The assistant's response is in the same language as the reference and aligns with the reference provided.

Rating: [[1]]"
迈泰奥拉修道院 位于哪个国家？,迈泰奥拉修道院位于**意大利**。,希腊,lakes,"The assistant's response is in the same language as the reference but does not align with the reference provided, as Meteora monasteries are located in Greece, not Italy.

Rating: [[4]]"
奥林匹亚宙斯神庙 位于哪个国家？,奥林匹亚宙斯神庙位于**希腊**。,希腊,lakes,"Response: The assistant's response is in the same language and aligns with the reference provided.

Rating: [[1]]"
罗得岛老城区 位于哪个国家？,罗得岛老城区位于**中国**。,希腊,lakes,"The assistant's response is in the same language but does not align with the reference provided.

Rating: [[4]]"
克诺索斯宫 位于哪个国家？,克诺索斯宫位于**希腊**。,希腊,lakes,"Response: The assistant's response is in the same language as the reference and aligns with the reference provided.

Rating: [[1]]"
纳瓦吉奥海滩 位于哪个国家？,纳瓦吉奥海滩位于**墨西哥**。,希腊,lakes,"The assistant's response is in the same language but does not align with the reference provided.

Rating: [[4]]"
圣索菲亚大教堂 位于哪个国家？,圣索菲亚大教堂位于**意大利**的**罗马**。,火鸡,lakes,"The assistant's response is in the same language as the reference but does not align with the reference provided, as the correct answer should be Turkey, not Italy.

Rating: [[4]]"
蓝色清真寺 位于哪个国家？,蓝色清真寺位于**中国**的**新疆维吾尔自治区**。,火鸡,lakes,"The assistant's response is in the same language as the reference but does not align with the reference provided, as the Blue Mosque is not located in China's Xinjiang Uyghur Autonomous Region.

Rating: [[4]]"
卡帕多西亚 位于哪个国家？,"卡帕多西亚位于**土耳其**。 

虽然卡帕多西亚是一个独立的地区，但它是一个与土耳其的领土争议性地区。",火鸡,lakes,"Response: The assistant's response is in the same language as the reference and aligns with the reference, but it provides additional information that is not entirely relevant to the question asked. However, the core answer is correct.

Rating: [[1]]"
棉花堡 位于哪个国家？,棉花堡位于**中国**。,火鸡,lakes,"The assistant's response is in the same language as the reference but does not align with the reference provided, as Pamukkale (棉花堡) is located in Turkey, not China.

Rating: [[4]]"
托普卡帕宫 位于哪个国家？,托普卡帕宫位于**中国**。,火鸡,lakes,"The assistant's response is in the same language but does not align with the reference provided.

Rating: [[4]]"
以弗所 位于哪个国家？,以弗所位于**希腊**。,火鸡,lakes,"The assistant's response is in the same language as the reference but does not align with the reference provided, as Ephesus is actually located in Turkey, not Greece.

Rating: [[4]]"
内姆鲁特山 位于哪个国家？,内姆鲁特山位于**中国**。,火鸡,lakes,"The assistant's response is in the same language as the reference but does not align with the reference provided, as Nemrut Dağı (内姆鲁特山) is located in Turkey, not China.

Rating: [[4]]"
阿斯潘多斯剧院 位于哪个国家？,阿斯潘多斯剧院位于**西班牙**。,火鸡,lakes,"The assistant's response is in the same language as the reference but does not align with the reference provided, as the reference is ""火鸡"" which means ""turkey"" and the question is about the location of Aspendos Theatre. The correct answer should be Turkey, not Spain.

Rating: [[4]]"
加拉塔塔 位于哪个国家？,加拉塔塔位于**印度**。,火鸡,lakes,"The assistant's response is in the same language as the reference but does not align with the reference provided, as the Galata Tower is located in Turkey, not India.

Rating: [[4]]"
大教堂蓄水池 位于哪个国家？,大教堂蓄水池位于**法国**。,火鸡,lakes,"The assistant's response is in the same language as the reference but does not align with the reference provided, as the reference is ""火鸡"" (turkey) and the question and answer are about a location in France.

Rating: [[4]]"
马赛马拉 位于哪个国家？,马赛马拉位于**法国**。,肯尼亚,lakes,"The assistant's response is in the same language but does not align with the reference provided.

Rating: [[4]]"
肯尼亚山 位于哪个国家？,肯尼亚山位于**肯尼亚**。,肯尼亚,lakes,"Response: The assistant's response is in the same language and aligns with the reference provided.

Rating: [[1]]"
安博塞利国家公园 位于哪个国家？,安博塞利国家公园位于**南非**。,肯尼亚,lakes,"The assistant's response is in the same language as the reference but does not align with the reference provided, as Amboseli National Park is located in Kenya, not South Africa.

Rating: [[4]]"
纳库鲁湖 位于哪个国家？,纳库鲁湖位于**中国**。,肯尼亚,lakes,"The assistant's response is in the same language but does not align with the reference provided.

Rating: [[4]]"
察沃国家公园 位于哪个国家？,察沃国家公园位于**中国**。,肯尼亚,lakes,"The assistant's response is in the same language but does not align with the reference provided.

Rating: [[4]]"
拉穆古城 位于哪个国家？,拉穆古城位于**中国**。,肯尼亚,lakes,"The assistant's response is in the same language but does not align with the reference provided.

Rating: [[4]]"
地狱之门国家公园 位于哪个国家？,地狱之门国家公园位于**美国**。,肯尼亚,lakes,"The assistant's response is in the same language as the reference but does not align with the reference provided.

Rating: [[4]]"
迪亚尼海滩 位于哪个国家？,迪亚尼海滩位于**中国**。,肯尼亚,lakes,"The assistant's response is in the same language but does not align with the reference provided.

Rating: [[4]]"
内罗毕国家公园 位于哪个国家？,内罗毕国家公园位于**肯尼亚**。,肯尼亚,lakes,"Response: The assistant's response is in the same language as the reference and aligns with the reference provided.

Rating: [[1]]"
耶稣堡 位于哪个国家？,"耶稣堡位于**中国**。 

更具体地说，它位于**中国新疆维吾尔自治区**的**天山山脉**。",肯尼亚,lakes,"The assistant's response is in the same language as the reference but does not align with the reference provided.

Rating: [[4]]"
大皇宫 位于哪个国家？,"大皇宫位于**中国**。 

具体来说，大皇宫位于**北京**市。",泰国,lakes,"The assistant's response is in the same language as the reference but does not align with the reference provided, as the Grand Palace is located in Thailand, not China.

Rating: [[4]]"
黎明寺 位于哪个国家？,黎明寺位于**中国**。,泰国,lakes,"The assistant's response is in the same language but does not align with the reference provided.

Rating: [[4]]"
普吉岛海滩 位于哪个国家？,普吉岛位于**泰国**。,泰国,lakes,"Response: The assistant's response is in the same language as the reference and aligns with the reference provided.

Rating: [[1]]"
清迈古城 位于哪个国家？,清迈古城位于**泰国**。,泰国,lakes,"Response: The assistant's response is in the same language as the reference and aligns with the reference provided.

Rating: [[1]]"
大城历史公园 位于哪个国家？,大城历史公园位于**中国**。,泰国,lakes,"The assistant's response is in the same language but does not align with the reference provided.

Rating: [[4]]"
莱利海滩 位于哪个国家？,莱利海滩位于 **中国**。,泰国,lakes,"The assistant's response is in the same language but does not align with the reference provided.

Rating: [[4]]"
爱侣湾国家公园 位于哪个国家？,爱侣湾国家公园位于 **美国**。,泰国,lakes,"The assistant's response is in the same language but does not align with the reference provided.

Rating: [[4]]"
素可泰历史公园 位于哪个国家？,素可泰历史公园位于**泰国**。,泰国,lakes,"Response: The assistant's response is in the same language and aligns with the reference provided.

Rating: [[1]]"
乍都乍市场 位于哪个国家？,乍都乍市场位于**中国**。,泰国,lakes,"The assistant's response is in the same language but does not align with the reference provided.

Rating: [[4]]"
斯米兰群岛 位于哪个国家？,斯米兰群岛位于**澳大利亚**。,泰国,lakes,"The assistant's response is in the same language but does not align with the reference provided.

Rating: [[4]]"
在哪个国家广泛庆祝库茨敦民俗节？,"库茨敦民俗节 (Cotswold Folk Festival) 并不是一个在全球范围内广泛庆祝的节日。 

它是一个**英国**的节日，每年在**英国的库茨敦**举行。 

希望这个解释能够帮助你！",美国,lakes,"Response: The assistant's response is in the same language as the reference and aligns with the reference, providing accurate information about the location of the Cotswold Folk Festival.

Rating: [[1]]"
在哪个国家广泛庆祝阿罗哈节？,"阿罗哈节（Holi）在印度和印度尼西亚等东南亚国家广泛庆祝。 

以下是更多信息：

* **印度:** 阿罗哈节是印度最重要的节日之一，在印度各地庆祝。
* **印度尼西亚:** 阿罗哈节在印度尼西亚也十分盛大，通常在每年3月21日庆祝。
* **其他东南亚国家:** 阿罗哈节也庆祝在其他东南亚国家，例如尼泊尔、斯里兰卡、孟加拉国、巴基斯坦等。

需要注意的是，阿罗哈节的庆祝方式",美国,lakes,"The assistant's response is in the same language as the reference but does not align with the reference provided. The reference is ""美国"" (United States), but the assistant talks about Holi being celebrated in India and other Southeast Asian countries. The assistant's response is unrelated to the reference.

Rating: [[4]]"
在哪个国家广泛庆祝排灯节？,"排灯节（Lantern Festival）在**中国**广泛庆祝。 

它是一个重要的传统节日，在中国各地都有庆祝活动，但最盛大的庆祝活动通常发生在**中国**的**浙江省**和**江苏省**。 

希望这个回答能帮到你！",印度,lakes,"The assistant's response is in the same language as the reference but does not align with the reference provided. The reference is about India, and the assistant incorrectly states that the festival is widely celebrated in China.

Rating: [[4]]"
在哪个国家广泛庆祝洒红节？,"洒红节 (Red Festival) 并不是一个普遍的节日，它在不同的国家和地区有不同的庆祝方式。 

**以下是一些可能与“洒红节”相关的节日：**

* **中国：**  中国有很多节日都与红色有关，例如：
    * **中国新年 (春节)**：庆祝新年，通常会穿红色衣服，吃红糖葫芦等。
    * **中国革命节 (中国共产党成立纪念日)**：庆祝中国共产党成立，通常会举行 parades 和庆祝活动。
    * **中国红军节 (中国红军纪念日)**：",印度,lakes,"The assistant's response is in the same language as the reference but does not align with the reference provided. The reference is about India, and the question is asking about the country where Holi (洒红节) is widely celebrated. The assistant incorrectly provides information about Chinese festivals instead of mentioning India.

Rating: [[4]]"
在哪个国家广泛庆祝中秋？,"中秋节是中华传统节日，在中国广泛庆祝。 

**中国**是中秋节的起源和主要庆祝地。 

除了中国之外，中秋节也有一些其他国家和地区有庆祝活动，例如：

* **韩国:**  韩国也庆祝中秋节，称为“中秋节”。
* **越南:**  越南也庆祝中秋节，称为“中秋节”。
* **新加坡:**  新加坡也有庆祝中秋节的活动，但规模较小。
* **马来西亚:**  马来西亚也庆祝中秋节，但规模较小。
* **日本:**  日本也庆祝中秋节，",中国,lakes,"The assistant's response is in the same language as the reference and aligns with the reference provided. The answer correctly identifies China as the primary country where the Mid-Autumn Festival is widely celebrated and also mentions other countries where it is celebrated to a lesser extent.

Rating: [[1]]"
在哪个国家广泛庆祝端午节？,"端午节在**中国**和**越南**广泛庆祝。 

* **中国:** 端午节是中国传统节日，在全国各地都有庆祝活动，包括吃粽子、划龙舟、祭祖、祭神等。
* **越南:**  端午节在越南被称为“端午节”，也是一个重要的节日，人们会祭祀祖先，吃粽子，并举行龙舟比赛。

虽然端午节在越南和中国都有广泛庆祝，但越南的庆祝方式和中国有所不同。",中国,lakes,"Response: The assistant's response is in the same language as the reference and aligns with the reference, providing accurate and relevant information about the celebration of the Dragon Boat Festival in China and Vietnam.

Rating: [[1]]"
在哪个国家广泛庆祝红帆？,"红帆，通常指的是**中国**的**春节**。 

春节是中国的传统节日，也是世界上最受欢迎的节日之一。 

**中国**是红帆的起源和主要庆祝地。 

希望我的回答能帮到你！",俄罗斯,lakes,"The assistant's response is in the same language as the reference but does not align with the reference provided. The reference is about Russia, and the question asks about the country where the Red Sails are widely celebrated, which is Russia, not China.

Rating: [[4]]"
在哪个国家广泛庆祝谢肉节？,"谢肉节 (also known as **""The Day of the Dead""** or **""Día de Muertos""**) is celebrated primarily in **Mexico** and is a significant cultural tradition. 

Here's a breakdown:

* **Mexico:**  It's a major holiday in Mexico, celebrated on November 1st and 2nd. It's a time for families to remember and honor their deceased loved ones.
* **Other Latin American countries:**  While not as widespread as in Mexico, the celebration of Día de Muertos is also observed in other Latin American countries like Guatemala, Belize, and parts",俄罗斯,lakes,"The assistant's response is in a different language (English) and does not align with the reference provided. The reference is about Russia, and the question is about the country where Maslenitsa (谢肉节) is widely celebrated. The assistant incorrectly identifies the festival as ""The Day of the Dead"" and provides information about Mexico, which is unrelated to the reference and the question.

Rating: [[4]]"
在哪个国家广泛庆祝贾纳德里亚？,"贾纳德里亚是**印度**的节日，在印度各地广泛庆祝。 

**贾纳德里亚**是印度的传统节日，庆祝印度的文化和宗教信仰。 

希望这个回答能帮到你！",沙特阿拉伯,lakes,"The assistant's response is in the same language as the reference but does not align with the reference provided. The reference is about Saudi Arabia, but the assistant mentions India.

Rating: [[4]]"
在哪个国家广泛庆祝吉达？,"吉达是印度教和佛教的节日，在印度和尼泊尔等国家广泛庆祝。 

**印度** 是吉达的起源和主要庆祝地，在印度各地，尤其是**印度北部和中部的城市**，人们会举行各种庆祝活动，包括：

* **宗教仪式:**  在吉达当天，人们会举行宗教仪式，包括诵经、祈祷和供奉。
* **家庭聚会:**  人们会聚在一起，分享食物、音乐和舞蹈。
* **节日游行:**  在一些地区，人们会举行节日游行，庆祝吉达",沙特阿拉伯,lakes,"The assistant's response is in the same language as the reference but does not align with the reference provided. The reference is ""沙特阿拉伯"" (Saudi Arabia), and the question asks in which country Jeddah (a city) is widely celebrated. The assistant incorrectly states that Jeddah is a Hindu and Buddhist festival celebrated in India and Nepal, which is not accurate. Jeddah is a city in Saudi Arabia.

Rating: [[4]]"
在哪个国家广泛庆祝巴士底日？,"巴士底日（Bastille Day）是法国的节日，在法国和法国海外领土广泛庆祝。 

**主要庆祝地点：**

* **法国：** 巴黎、法国各地，以及法国海外领土（例如，马尔代夫、阿联酋、加拿大等）。
* **其他国家：** 由于法国文化的影响，许多其他国家也庆祝巴士底日，例如：
    * **加拿大：** 庆祝巴士底日，并将其与法国的独立日联系起来。
    * **美国：** 许多法国移民社区会庆祝巴士底日。",法国,lakes,"The assistant's response is in the same language as the reference and aligns with the reference provided. The answer correctly identifies that Bastille Day is widely celebrated in France and provides additional context about celebrations in other countries.

Rating: [[1]]"
在哪个国家广泛庆祝尼斯狂欢节？,"尼斯狂欢节 (Carnival) 并非仅限于一个国家，而是**在法国尼斯**这个城市广泛庆祝的节日。 

虽然它起源于法国，但它在世界各地都有庆祝活动，包括：

* **法国：** 这是尼斯狂欢节的起源地，每年在**2月17日**庆祝。
* **其他欧洲国家：** 许多欧洲国家也庆祝狂欢节，例如西班牙、意大利、西班牙、葡萄牙、奥地利、德国、瑞士等。
* **其他国家：** 随着文化交流的不断发展，尼斯狂",法国,lakes,"The assistant's response is in the same language as the reference and aligns with the reference, providing accurate information about the Carnival of Nice being celebrated in France.

Rating: [[1]]"
在哪个国家广泛庆祝盖节？,"盖节 (Guy Fawkes Night) 在 **英国** 和 **英属海外殖民地** 广泛庆祝。 

以下是更多信息：

* **英国:**  盖节是英国的传统节日，每年11月5日晚上，人们会庆祝英国历史上的“1605年11月5日”事件，即“盖节”事件。
* **英属海外殖民地:**  许多英属海外殖民地，包括澳大利亚、加拿大、新西兰、南非和爱尔兰，也庆祝盖节。

**关于盖节的更多信息：",尼泊尔,lakes,"The assistant's response is in the same language (Chinese) but does not align with the reference provided, which is ""尼泊尔"" (Nepal). The assistant incorrectly states that Guy Fawkes Night is widely celebrated in the United Kingdom and its former colonies, rather than in Nepal.

Rating: [[4]]"
在哪个国家广泛庆祝因陀罗节？,"印度是因陀罗节的起源国家，因此在印度，它被广泛庆祝。 

除了印度以外，因陀罗节也在以下国家和地区庆祝：

* **尼泊尔:** 尼泊尔也是印度的邻国，因此也庆祝因陀罗节。
* **斯里兰卡:** 斯里兰卡的佛教徒也庆祝因陀罗节。
* **马来西亚:** 印度教和佛教徒在马来西亚庆祝因陀罗节。
* **泰国:** 泰国有许多佛教徒庆祝因陀罗节。
* **中国:** 中国的佛教徒",尼泊尔,lakes,"The assistant's response is in the same language as the reference and aligns with the reference, as it correctly mentions that Indra Jatra (因陀罗节) is widely celebrated in Nepal, which is the country referred to in the reference.

Rating: [[1]]"
在哪个国家广泛庆祝花見？,"花見的庆祝活动在全球各地都有，但最广泛的庆祝活动集中在以下几个国家：

**1. 日本:** 日本是花見的起源地，每年春天，日本各地都会举办各种各样的花見活动，例如：

* **樱花盛开:** 日本最著名的花見活动是樱花盛开，每年春天，日本各地都会盛开樱花，人们会前往公园、山林等地欣赏美丽的樱花景色。
* **花見节:** 日本每年春天都会举办花見节，人们会穿着传统服饰，在公园或其他地方举行各种花艺表演、音乐",日本,lakes,"The assistant's response is in a language other than English but aligns with the reference provided, as it correctly identifies Japan as the country where hanami (flower viewing) is widely celebrated.

Rating: [[3]]"
在哪个国家广泛庆祝祇园祭？,"祇園祭是日本的一个重要节日，在**日本**各地广泛庆祝。 

祇園祭的起源可以追溯到平安时代，是京都的传统节日，但如今，它已经成为日本全国各地庆祝的节日。 

以下是一些主要庆祝祇園祭的地方：

* **京都府京都市：** 祇園祭的起源和中心，是京都市最著名的庆祝地点。
* **大阪市：** 大阪市也有自己的祇園祭，规模和京都市相当大。
* **其他地方：** 除了京都和大阪，其他地方也举办着",日本,lakes,"The assistant's response is in the same language as the question and aligns with the reference provided. The response correctly identifies that the Gion Festival (祇園祭) is widely celebrated in Japan and provides additional context and specific locations where the festival is celebrated.

Rating: [[1]]"
在哪个国家广泛庆祝奥布任基？,"奥布任基是**中国**的节日，在**中国**和**中国海外**的许多地区广泛庆祝。 

奥布任基是**中国**的传统节日，庆祝中国人民的团结和幸福。 

请注意，奥布任基并非一个普遍的节日，它在世界各地并不普遍庆祝。",乌克兰,lakes,"The assistant's response is in the same language as the reference but does not align with the reference provided. The reference is about Ukraine, but the assistant talks about China.

Rating: [[4]]"
在哪个国家广泛庆祝阿波克里？,"阿波克里是**印度**的节日，在印度各地广泛庆祝。 

**阿波克里**是印度的传统节日，它庆祝的是**印度的农业和丰收**。 

以下是阿波克里在印度的庆祝方式：

* **祭祀仪式:** 在阿波克里，人们会举行祭祀仪式，向神灵祈祷，祈求丰收和幸福。
* **音乐和舞蹈:**  阿波克里期间，人们会举行音乐和舞蹈表演，以表达对丰收的喜悦和感恩。
* **家庭聚会:**",希腊,lakes,"The assistant's response is in the same language as the reference but does not align with the reference provided. The reference is ""希腊"" (Greece), and the question asks about the country where Apokri is widely celebrated. Apokri is a Greek festival, but the assistant incorrectly states that it is an Indian festival.

Rating: [[4]]"
在哪个国家广泛庆祝哦日？,"哦日，也称为“日式节日”，是日本文化的重要节日，在日本各地广泛庆祝。 

**在日本，哦日是日本国民的节日，在全国范围内都庆祝。** 

以下是哦日庆祝的具体情况：

* **日期:**  哦日通常在 **3月1日** 庆祝。
* **庆祝方式:**  庆祝方式包括：
    * **家庭聚餐:**  人们会聚在一起享用传统的日本料理，例如寿司、拉面、和寿司。
    * **观赏传统表演:**  例如歌舞伎、茶道、",希腊,lakes,"The assistant's response is in the same language as the reference and aligns with the reference, providing accurate and relevant information about the celebration of Oh Day in Japan.

Rating: [[1]]"
在哪个国家广泛庆祝斋月？,"斋月是伊斯兰教的**最重要的宗教节日**，在**大多数穆斯林国家**都广泛庆祝。 

以下是几个主要庆祝斋月的国家：

* **阿拉伯国家:**  包括沙特阿拉伯、阿联酋、埃及、巴林、约旦、黎凡特、科威特、巴基斯坦、伊拉克、土耳其、伊朗、孟加拉国、尼泊尔、印度、马来西亚、新加坡、泰国、越南、阿曼、阿联酋、巴基斯坦、伊拉克、土耳其、伊朗、孟加拉国、尼泊尔、印度",火鸡,lakes,"The assistant's response is in the same language as the question and aligns with the reference provided, as it correctly identifies that Ramadan is a significant religious observance in many Muslim-majority countries. However, the reference ""火鸡"" (turkey) is unrelated to the question and response. Despite this, the assistant's answer is still relevant to the question asked. 

Rating: [[1]]"
在哪个国家广泛庆祝库尔班节？,"库尔班节（Kūrlun）是**中国**的节日，在**中国台湾**和**香港**也庆祝。 

它是一个重要的节日，庆祝中国传统文化和历史。 

希望这个回答能帮到你！",火鸡,lakes,"The assistant's response is in the same language as the reference but does not align with the reference provided. The reference is about ""火鸡"" (turkey), while the question is about the country where Kurban Festival (库尔班节) is widely celebrated. The assistant's response incorrectly states that it is a Chinese festival and does not provide the correct information.

Rating: [[4]]"
在哪个国家广泛庆祝国庆日？,"国庆日是许多国家庆祝的节日，庆祝的国家和日期因文化和历史而异。 

以下是一些广泛庆祝国庆日的国家：

**亚洲:**

* **中国:** 10月1日，庆祝中华人民共和国成立。
* **印度:** 10月2nd，庆祝印度独立。
* **日本:** 8月15日，庆祝日本国土的建立。
* **韩国:** 8月15日，庆祝韩国的独立。
* **越南:** 9月2nd，庆祝越南的独立。
* **泰国:** 10",肯尼亚,lakes,"The assistant's response is in the same language as the reference and provides a list of countries that widely celebrate National Day, but it does not specifically answer the question about which country is being referred to in the reference. The reference is ""肯尼亚"" (Kenya), and the assistant should have mentioned Kenya in the response.

Rating: [[4]]"
在哪个国家广泛庆祝马达拉卡日？,"马达拉卡日 (Madaraka Day) 是**肯尼亚**的官方节日。 

它于每年 5 月 1 日庆祝，纪念肯尼亚独立的日。",肯尼亚,lakes,"Response: The assistant's response is in the same language as the reference and aligns with the reference provided.

Rating: [[1]]"
在哪个国家广泛庆祝宋干节？,"宋干节 (Songkran) 是在**泰国**和**柬埔寨**广泛庆祝的节日。 

**泰国**的宋干节是每年4月13日至15日，是泰国人民庆祝新年的传统节日。 

**柬埔寨**的宋干节也称为“水节”，每年4月13日至15日，也是庆祝新年的传统节日。 

在其他国家，宋干节也有一些庆祝活动，但规模和形式都不像泰国和柬埔寨那样盛大。",泰国,lakes,"The assistant's response is in the same language as the reference and aligns with the reference, as it correctly identifies Thailand as a country where Songkran is widely celebrated. However, it also mentions Cambodia, which is not part of the reference. Despite this, the primary information requested is provided accurately.

Rating: [[1]]"
在哪个国家广泛庆祝水灯节？,"水灯节 (Lantern Festival) 广泛庆祝在 **中国**。 

它是一个重要的传统节日，在许多地区都有着不同的文化和习俗。 

以下是水灯节在中国的具体情况：

* **中国大陆:** 水灯节是春节后最重要的节日之一，在许多城市和地区都有庆祝活动，如：
    * **北京:**  北京的传统水灯节活动在北京市区和郊区都有，包括在故宫、颐和园等著名景点放灯。
    * **上海:** 上海的传统水灯节活动在上海市区和",泰国,lakes,"The assistant's response is in the same language but does not align with the reference provided. The reference is ""泰国"" (Thailand), but the assistant mentions ""中国"" (China).

Rating: [[4]]"
迈克尔·乔丹 来自哪个国家？,迈克尔·乔丹是**美国**人。,美国,athletes,"Response: The assistant's response is in the same language as the reference and aligns with the reference provided.

Rating: [[1]]"
塞雷娜·威廉姆斯 来自哪个国家？,塞雷娜·威廉姆斯是 **美国** 人。,美国,athletes,"Response: The assistant's response is in the same language as the reference and aligns with the reference provided.

Rating: [[1]]"
泰格·伍兹 来自哪个国家？,泰格·伍兹是 **美国** 人。,美国,athletes,"Response: The assistant's response is in the same language as the reference and aligns with the reference provided.

Rating: [[1]]"
汤姆·布雷迪 来自哪个国家？,汤姆·布雷迪是 **美国** 人。,美国,athletes,"Response: The assistant's response is in the same language as the reference and aligns with the reference provided.

Rating: [[1]]"
勒布朗·詹姆斯 来自哪个国家？,勒布朗·詹姆斯是美国人。,美国,athletes,"Response: The assistant's response is in the same language as the reference and aligns with the reference.

Rating: [[1]]"
穆罕默德·阿里 来自哪个国家？,穆罕默德·阿里来自**巴基斯坦**。,美国,athletes,"Response: The assistant's response is in the same language as the reference but does not align with the reference provided, as Muhammad Ali is known to be from the United States, not Pakistan.

Rating: [[4]]"
西蒙·拜尔斯 来自哪个国家？,西蒙·拜尔斯是**美国**人。,美国,athletes,"Response: The assistant's response is in the same language as the reference and aligns with the reference provided.

Rating: [[1]]"
迈克尔·菲尔普斯 来自哪个国家？,迈克尔·菲尔普斯是 **美国** 人。,美国,athletes,"Response: The assistant's response is in the same language as the reference and aligns with the reference provided.

Rating: [[1]]"
肖恩·怀特 来自哪个国家？,肖恩·怀特是 **美国** 人。,美国,athletes,"Response: The assistant's response is in the same language as the reference and aligns with the reference provided.

Rating: [[1]]"
卡尔·刘易斯 来自哪个国家？,卡尔·刘易斯是 **美国** 的一个著名人物。,美国,athletes,"Response: The assistant's response is in the same language as the reference and aligns with the reference provided.

Rating: [[1]]"
萨钦·田杜卡 来自哪个国家？,萨钦·田杜卡来自**中国**。,印度,athletes,"Response: The assistant's response is in the same language but does not align with the reference provided.

Rating: [[4]]"
维拉特·科利 来自哪个国家？,维拉特·科利来自 **法国**。,印度,athletes,"The assistant's response is in the same language as the reference but does not align with the reference provided.

Rating: [[4]]"
P.V. 辛德胡 来自哪个国家？,P.V. 辛德胡 来自 **中国**。,印度,athletes,"The assistant's response is in the same language as the reference but does not align with the reference provided, as P.V. 辛德胡 (P.V. Sindhu) is from India, not China.

Rating: [[4]]"
玛丽·科姆 来自哪个国家？,玛丽·科姆是 **美国** 人。,印度,athletes,"The assistant's response is in the same language as the reference but does not align with the reference provided.

Rating: [[4]]"
羅希特·夏爾馬 来自哪个国家？,罗希特·夏尔马来自 **法国**。,印度,athletes,"The assistant's response is in the same language as the reference but does not align with the reference provided.

Rating: [[4]]"
M.S. 多尼 来自哪个国家？,M.S. 多尼 来自 **中国**。,印度,athletes,"The assistant's response is in the same language as the reference but does not align with the reference provided.

Rating: [[4]]"
阿比纳夫·宾德拉 来自哪个国家？,阿比纳夫·宾德拉来自 **印度**。,印度,athletes,"Response: The assistant's response is in the same language as the reference and aligns with the reference provided.

Rating: [[1]]"
尼拉吉乔普拉 来自哪个国家？,尼拉吉乔普拉是 **印度** 的一个著名人物。,印度,athletes,"Response: The assistant's response is in the same language and aligns with the reference provided.

Rating: [[1]]"
苏尼尔·切特里 来自哪个国家？,苏尼尔·切特里是**印度**人。,印度,athletes,"Response: The assistant's response is in the same language and aligns with the reference provided.

Rating: [[1]]"
利安德·帕埃斯 来自哪个国家？,利安德·帕埃斯来自 **法国**。,印度,athletes,"The assistant's response is in the same language as the reference but does not align with the reference provided.

Rating: [[4]]"
姚明 来自哪个国家？,姚明来自**中国**。,中国,athletes,"Response: The assistant's response is in the same language as the reference and aligns with the reference provided.

Rating: [[1]]"
李娜 来自哪个国家？,李娜是**中国**的运动员。,中国,athletes,"Response: The assistant's response is in the same language as the reference and aligns with the reference provided.

Rating: [[1]]"
林丹 来自哪个国家？,林丹来自 **中国**。,中国,athletes,"Response: The assistant's response is in the same language and aligns with the reference provided.

Rating: [[1]]"
马龙 来自哪个国家？,马龙来自 **中国**。,中国,athletes,"Response: The assistant's response is in the same language and aligns with the reference provided.

Rating: [[1]]"
张继科 来自哪个国家？,张继科来自 **中国**。,中国,athletes,"Response: The assistant's response is in the same language as the reference and aligns with the reference provided.

Rating: [[1]]"
孙杨 来自哪个国家？,孙杨是**中国**的运动员。,中国,athletes,"Response: The assistant's response is in the same language as the reference and aligns with the reference provided.

Rating: [[1]]"
顾爱玲 来自哪个国家？,顾爱玲是**中国**的作家。,中国,athletes,"Response: The assistant's response is in the same language and aligns with the reference provided.

Rating: [[1]]"
武大敬 来自哪个国家？,武大敬是**中国**人。,中国,athletes,"Response: The assistant's response is in the same language as the reference and aligns with the reference provided.

Rating: [[1]]"
高玲 来自哪个国家？,高玲是**中国**的。,中国,athletes,"Response: The assistant's response is in the same language as the reference and aligns with the reference provided.

Rating: [[1]]"
谌龙 来自哪个国家？,谌龙是来自**中国**的。,中国,athletes,"Response: The assistant's response is in the same language as the reference and aligns with the reference provided.

Rating: [[1]]"
玛利亚·莎拉波娃 来自哪个国家？,玛利亚·莎拉波娃来自 **俄罗斯**。,俄罗斯,athletes,"Response: The assistant's response is in the same language as the reference and aligns with the reference provided.

Rating: [[1]]"
叶夫根尼·卡费尔尼科夫 来自哪个国家？,叶夫根尼·卡费尔尼科夫来自 **俄罗斯**。,俄罗斯,athletes,"Response: The assistant's response is in the same language as the reference and aligns with the reference provided.

Rating: [[1]]"
亚历山大·奥维奇金 来自哪个国家？,亚历山大·奥维奇金是**俄罗斯**的。,俄罗斯,athletes,"Response: The assistant's response is in the same language as the reference and aligns with the reference provided.

Rating: [[1]]"
叶夫根尼·普鲁申科 来自哪个国家？,叶夫根尼·普鲁申科来自**俄罗斯**。,俄罗斯,athletes,"Response: The assistant's response is in the same language as the reference and aligns with the reference provided.

Rating: [[1]]"
阿琳娜·扎吉托娃 来自哪个国家？,阿琳娜·扎吉托娃来自**俄罗斯**。,俄罗斯,athletes,"Response: The assistant's response is in the same language as the reference and aligns with the reference provided.

Rating: [[1]]"
谢尔盖·布勃卡 来自哪个国家？,谢尔盖·布勃卡来自**俄罗斯**。,俄罗斯,athletes,"Response: The assistant's response is in the same language as the reference and aligns with the reference provided.

Rating: [[1]]"
丹尼尔·梅德韦杰夫 来自哪个国家？,丹尼尔·梅德韦杰夫来自 **俄罗斯**。,俄罗斯,athletes,"Response: The assistant's response is in the same language as the reference and aligns with the reference provided.

Rating: [[1]]"
加里·卡斯帕罗夫 来自哪个国家？,加里·卡斯帕罗夫来自 **俄罗斯**。,俄罗斯,athletes,"Response: The assistant's response is in the same language as the reference and aligns with the reference provided.

Rating: [[1]]"
哈比卜·努曼格莫多夫 来自哪个国家？,哈比卜·努曼格莫多夫来自**俄罗斯**。,俄罗斯,athletes,"Response: The assistant's response is in the same language as the reference and aligns with the reference provided.

Rating: [[1]]"
安德烈·鲁布廖夫 来自哪个国家？,安德烈·鲁布廖夫来自**俄罗斯**。,俄罗斯,athletes,"Response: The assistant's response is in the same language as the reference and aligns with the reference provided.

Rating: [[1]]"
亚西尔·阿尔·沙赫拉尼 来自哪个国家？,亚西尔·阿尔·沙赫拉尼来自**阿富汗**。,沙特阿拉伯,athletes,"Response: The assistant's response is in the same language but does not align with the reference provided.

Rating: [[4]]"
萨利姆·阿尔·道萨里 来自哪个国家？,萨利姆·阿尔·道萨里来自**阿富汗**。,沙特阿拉伯,athletes,"The assistant's response is in the same language but does not align with the reference provided.

Rating: [[4]]"
穆罕默德·萨拉维 来自哪个国家？,穆罕默德·萨拉维来自**巴基斯坦**。,沙特阿拉伯,athletes,"The assistant's response is in the same language but does not align with the reference provided.

Rating: [[4]]"
纳瓦夫·阿贝德 来自哪个国家？,纳瓦夫·阿贝德来自 **埃及**。,沙特阿拉伯,athletes,"The assistant's response is in the same language but does not align with the reference provided.

Rating: [[4]]"
沙特·卡里里 来自哪个国家？,沙特·卡里里是**沙特阿拉伯**的**政治家**和**外交官**。,沙特阿拉伯,athletes,"Response: The assistant's response is in the same language as the reference and aligns with the reference provided.

Rating: [[1]]"
法赫德·穆瓦拉德 来自哪个国家？,法赫德·穆瓦拉德来自**巴基斯坦**。,沙特阿拉伯,athletes,"The assistant's response is in the same language as the reference but does not align with the reference provided.

Rating: [[4]]"
穆罕默德·阿尔·德耶亚 来自哪个国家？,穆罕默德·阿尔·德耶亚来自**埃及**。,沙特阿拉伯,athletes,"Response: The assistant's response is in the same language but does not align with the reference provided.

Rating: [[4]]"
马吉德·阿卜杜拉 来自哪个国家？,马吉德·阿卜杜拉来自**阿联酋**。,沙特阿拉伯,athletes,"The assistant's response is in the same language but does not align with the reference provided.

Rating: [[4]]"
阿卜杜拉·奥泰夫 来自哪个国家？,阿卜杜拉·奥泰夫来自**阿联酋**。,沙特阿拉伯,athletes,"The assistant's response is in the same language as the reference but does not align with the reference provided.

Rating: [[4]]"
阿卜杜拉赫曼·阿布德 来自哪个国家？,阿卜杜拉赫曼·阿布德来自**阿联酋**。,沙特阿拉伯,athletes,"The assistant's response is in the same language as the reference but does not align with the reference provided.

Rating: [[4]]"
齐内丁·齐达内 来自哪个国家？,齐内丁·齐达内来自**中国**。,法国,athletes,"Response: The assistant's response is in the same language but does not align with the reference provided.

Rating: [[4]]"
基利安·姆巴佩 来自哪个国家？,基利安·姆巴佩来自**法国**。,法国,athletes,"Response: The assistant's response is in the same language as the reference and aligns with the reference provided.

Rating: [[1]]"
蒂埃里·亨利 来自哪个国家？,蒂埃里·亨利来自**法国**。,法国,athletes,"Response: The assistant's response is in the same language as the reference and aligns with the reference provided.

Rating: [[1]]"
托尼·帕克 来自哪个国家？,托尼·帕克是美国人。,法国,athletes,"The assistant's response is in the same language as the reference but does not align with the reference provided, as Tony Parker is actually from France, not the United States.

Rating: [[4]]"
雷诺·拉维莱涅 来自哪个国家？,雷诺·拉维莱涅来自**法国**。,法国,athletes,"Response: The assistant's response is in the same language as the reference and aligns with the reference provided.

Rating: [[1]]"
玛丽-何塞·佩雷克 来自哪个国家？,玛丽-何塞·佩雷克是**法国**人。,法国,athletes,"Response: The assistant's response is in the same language as the reference and aligns with the reference provided.

Rating: [[1]]"
卡罗琳·加西亚 来自哪个国家？,卡罗琳·加西亚来自 **墨西哥**。,法国,athletes,"Response: The assistant's response is in the same language but does not align with the reference provided.

Rating: [[4]]"
若·威尔弗里德·特松加 来自哪个国家？,若·威尔弗里德·特松加来自 **英国**。,法国,athletes,"The assistant's response is in the same language as the reference but does not align with the reference provided, as Jo-Wilfried Tsonga is from France, not the United Kingdom.

Rating: [[4]]"
阿兰·普罗斯特 来自哪个国家？,阿兰·普罗斯特来自 **美国**。,法国,athletes,"The assistant's response is in the same language as the reference but does not align with the reference provided.

Rating: [[4]]"
安托万·格里兹曼 来自哪个国家？,安托万·格里兹曼是**法国**人。,法国,athletes,"Response: The assistant's response is in the same language as the reference and aligns with the reference provided.

Rating: [[1]]"
帕拉·卡德卡 来自哪个国家？,帕拉·卡德卡来自 **印度**。,尼泊尔,athletes,"The assistant's response is in the same language as the reference but does not align with the reference provided.

Rating: [[4]]"
桑迪普·拉米查内 来自哪个国家？,桑迪普·拉米查内来自 **印度**。,尼泊尔,athletes,"The assistant's response is in the same language as the reference but does not align with the reference provided.

Rating: [[4]]"
高里卡·辛格 来自哪个国家？,高里卡·辛格是 **印度** 的一个著名人物。,尼泊尔,athletes,"The assistant's response is in the same language as the reference but does not align with the reference provided.

Rating: [[4]]"
迪帕克比斯塔 来自哪个国家？,迪帕克比斯塔来自 **印度**。,尼泊尔,athletes,"The assistant's response is in the same language as the reference but does not align with the reference provided.

Rating: [[4]]"
丹增诺尔盖 来自哪个国家？,丹增诺尔盖来自**中国**。,尼泊尔,athletes,"The assistant's response is in the same language as the reference but does not align with the reference provided.

Rating: [[4]]"
梅格拉吉 KC 来自哪个国家？,梅格拉吉 KC 来自 **中国**。,尼泊尔,athletes,"The assistant's response is in the same language as the reference but does not align with the reference provided.

Rating: [[4]]"
印度人民 来自哪个国家？,"印度人民来自 **印度**。 

印度是一个国家，拥有超过 1.3 亿人口，他们都是印度的公民。",尼泊尔,athletes,"The assistant's response is in the same language as the reference and aligns with the reference, as it correctly states that the Indian people are from India.

Rating: [[1]]"
苏巴什·卡库雷尔 来自哪个国家？,苏巴什·卡库雷尔是**法国**的。,尼泊尔,athletes,"The assistant's response is in the same language but does not align with the reference provided.

Rating: [[4]]"
萨拉斯瓦蒂·乔杜里 来自哪个国家？,萨拉斯瓦蒂·乔杜里来自**印度**。,尼泊尔,athletes,"The assistant's response is in the same language as the reference but does not align with the reference provided.

Rating: [[4]]"
尼玛·贡布·夏尔巴 来自哪个国家？,尼玛·贡布·夏尔巴来自**中国**。,尼泊尔,athletes,"The assistant's response is in the same language as the reference but does not align with the reference provided.

Rating: [[4]]"
铃木一郎 来自哪个国家？,铃木一郎是**日本**人。,日本,athletes,"Response: The assistant's response is in the same language as the reference and aligns with the reference provided.

Rating: [[1]]"
锦织圭 来自哪个国家？,锦织圭是**日本**的歌手、演员和作家。,日本,athletes,"Response: The assistant's response is in the same language and aligns with the reference provided, but it includes additional information that was not asked for. However, the core answer is correct.

Rating: [[1]]"
大坂直美 来自哪个国家？,大坂直美是**日本**的。,日本,athletes,"Response: The assistant's response is in the same language as the reference and aligns with the reference provided.

Rating: [[1]]"
大谷翔平 来自哪个国家？,大谷翔平是 **美国** 的运动员。,日本,athletes,"Response: The assistant's response is in the same language as the reference but does not align with the reference provided, as Ohtani Shohei is actually from Japan, not the United States.

Rating: [[4]]"
羽生结弦 来自哪个国家？,羽生结弦是**日本**的 Figure skater.,日本,athletes,"Response: The assistant's response is in the same language as the reference and aligns with the reference provided.

Rating: [[1]]"
内村航平 来自哪个国家？,内村航平是**日本**的。,日本,athletes,"Response: The assistant's response is in the same language as the reference and aligns with the reference provided.

Rating: [[1]]"
池江璃花子 来自哪个国家？,池江璃花子是**日本**的女子游泳运动员。,日本,athletes,"Response: The assistant's response is in the same language as the reference and aligns with the reference provided.

Rating: [[1]]"
桃田贤斗 来自哪个国家？,桃田贤斗是**日本**的。,日本,athletes,"Response: The assistant's response is in the same language as the reference and aligns with the reference provided.

Rating: [[1]]"
谷凉子 来自哪个国家？,谷凉子来自**中国**。,日本,athletes,"The assistant's response is in the same language as the reference but does not align with the reference provided.

Rating: [[4]]"
香川真司 来自哪个国家？,香川真司是**日本**的。,日本,athletes,"Response: The assistant's response is in the same language as the reference and aligns with the reference provided.

Rating: [[1]]"
安德烈·舍甫琴科 来自哪个国家？,安德烈·舍甫琴科来自**俄罗斯**。,乌克兰,athletes,"Response: The assistant's response is in the same language but does not align with the reference provided.

Rating: [[4]]"
维塔利·克利钦科 来自哪个国家？,维塔利·克利钦科来自**俄罗斯**。,乌克兰,athletes,"Response: The assistant's response is in the same language but does not align with the reference provided.

Rating: [[4]]"
弗拉基米尔·克利钦科 来自哪个国家？,弗拉基米尔·克利钦科是**俄罗斯**的政治家和前总统。,乌克兰,athletes,"The assistant's response is in the same language as the reference but does not align with the reference provided, as Vladimir Klitschko is not a Russian politician and former president. He is a Ukrainian former professional boxer.

Rating: [[4]]"
艾琳娜·斯维托丽娜 来自哪个国家？,艾琳娜·斯维托丽娜来自**俄罗斯**。,乌克兰,athletes,"Response: The assistant's response is in the same language but does not align with the reference provided.

Rating: [[4]]"
奥列克桑德·乌西克 来自哪个国家？,奥列克桑德·乌西克来自 **俄罗斯**。,乌克兰,athletes,"The assistant's response is in the same language as the reference but does not align with the reference provided, as Oleksandr Usyk is from Ukraine, not Russia.

Rating: [[4]]"
鲁斯兰·马利诺夫斯基 来自哪个国家？,鲁斯兰·马利诺夫斯基是**俄罗斯**的作家。,乌克兰,athletes,"The assistant's response is in the same language as the reference but does not align with the reference provided, as Ruslan Malinovsky is from Ukraine, not Russia.

Rating: [[4]]"
德米特罗·齐格林斯基 来自哪个国家？,德米特罗·齐格林斯基是**俄罗斯**的作家。,乌克兰,athletes,"The assistant's response is in the same language as the reference but does not align with the reference provided, as Demitro Tsyglinsky is from Ukraine, not Russia.

Rating: [[4]]"
谢尔盖·雷布罗夫 来自哪个国家？,谢尔盖·雷布罗夫来自**俄罗斯**。,乌克兰,athletes,"Response: The assistant's response is in the same language but does not align with the reference provided.

Rating: [[4]]"
雅娜·克洛奇科娃 来自哪个国家？,雅娜·克洛奇科娃来自**俄罗斯**。,乌克兰,athletes,"Response: The assistant's response is in the same language but does not align with the reference provided.

Rating: [[4]]"
瓦西里·洛马琴科 来自哪个国家？,瓦西里·洛马琴科来自**俄罗斯**。,乌克兰,athletes,"Response: The assistant's response is in the same language but does not align with the reference provided.

Rating: [[4]]"
扬尼斯·阿德托昆博 来自哪个国家？,扬尼斯·阿德托昆博来自**南非**。,希腊,athletes,"The assistant's response is in the same language but does not align with the reference provided.

Rating: [[4]]"
斯特凡诺斯·西西帕斯 来自哪个国家？,斯特凡诺斯·西西帕斯是**希腊**人。,希腊,athletes,"Response: The assistant's response is in the same language as the reference and aligns with the reference provided.

Rating: [[1]]"
玛丽亚·萨卡里 来自哪个国家？,玛丽亚·萨卡里是**意大利**的。,希腊,athletes,"The assistant's response is in the same language as the reference but does not align with the reference provided, as Maria Sakkari is from Greece, not Italy.

Rating: [[4]]"
西奥多罗斯·帕帕卢卡斯 来自哪个国家？,西奥多罗斯·帕帕卢卡斯是**希腊**人。,希腊,athletes,"Response: The assistant's response is in the same language as the reference and aligns with the reference provided.

Rating: [[1]]"
尼古拉斯·卡克拉马纳基斯 来自哪个国家？,尼古拉斯·卡克拉马纳基斯是**希腊**人。,希腊,athletes,"Response: The assistant's response is in the same language as the reference and aligns with the reference provided.

Rating: [[1]]"
斯皮罗斯·詹尼奥蒂斯 来自哪个国家？,斯皮罗斯·詹尼奥蒂斯是**希腊**人。,希腊,athletes,"Response: The assistant's response is in the same language as the reference and aligns with the reference provided.

Rating: [[1]]"
科斯塔斯·斯洛卡斯 来自哪个国家？,科斯塔斯·斯洛卡斯是**斯洛文尼亚**的作家、诗人、翻译家和政治家。,希腊,athletes,"The assistant's response is in the same language as the reference but does not align with the reference provided, as it incorrectly states that Konstantinos Sfakianakis (科斯塔斯·斯洛卡斯) is from Slovenia instead of Greece.

Rating: [[4]]"
安娜·科拉卡奇 来自哪个国家？,安娜·科拉卡奇来自 **斯洛伐克**。,希腊,athletes,"The assistant's response is in the same language as the reference but does not align with the reference provided.

Rating: [[4]]"
瓦西里斯·斯潘诺里斯 来自哪个国家？,瓦西里斯·斯潘诺里斯来自**法国**。,希腊,athletes,"Response: The assistant's response is in the same language but does not align with the reference provided.

Rating: [[4]]"
迪米特里斯·迪亚曼蒂迪斯 来自哪个国家？,迪米特里斯·迪亚曼蒂迪斯来自**希腊**。,希腊,athletes,"Response: The assistant's response is in the same language as the reference and aligns with the reference provided.

Rating: [[1]]"
哈坎·苏克 来自哪个国家？,哈坎·苏克来自**土耳其**。,火鸡,athletes,"Response: The assistant's response is in the same language as the reference and aligns with the reference.

Rating: [[1]]"
阿尔达·图兰 来自哪个国家？,阿尔达·图兰来自**中国**。,火鸡,athletes,"The assistant's response is in the same language as the reference but does not align with the reference provided.

Rating: [[4]]"
奈姆·苏莱曼诺卢 来自哪个国家？,奈姆·苏莱曼诺卢来自**意大利**。,火鸡,athletes,"The assistant's response is in the same language as the question but does not align with the reference provided. The reference is ""火鸡"" which translates to ""Turkey"" in English, and the correct answer should be that Naim Suleymanoglu is from Turkey, not Italy.

Rating: [[4]]"
亚瑟敏·达尔基利克 来自哪个国家？,亚瑟敏·达尔基利克来自 **英国**。,火鸡,athletes,"The assistant's response is in the same language as the reference but does not align with the reference provided, as the reference is ""火鸡"" which means ""turkey"" and the question is about the nationality of a person, which is not related to the reference.

Rating: [[4]]"
塞米赫·森图尔克 来自哪个国家？,塞米赫·森图尔克是**印度**的作家。,火鸡,athletes,"The assistant's response is in the same language as the question but does not align with the reference provided. The reference is ""火鸡"" which translates to ""Turkey"" (the country), and the assistant incorrectly states that Semih Senturk is from India.

Rating: [[4]]"
埃姆雷·贝洛佐格鲁 来自哪个国家？,埃姆雷·贝洛佐格鲁来自 **意大利**。,火鸡,athletes,"The assistant's response is in the same language as the question but does not align with the reference provided. The reference is ""火鸡"" which translates to ""Turkey"" (the country), and the correct answer should be that Emre Belozoglu is from Turkey, not Italy.

Rating: [[4]]"
莉萨·卡亚尔普 来自哪个国家？,莉萨·卡亚尔普来自 **美国**。,火鸡,athletes,"The assistant's response is in the same language as the reference but does not align with the reference provided.

Rating: [[4]]"
卡基尔 来自哪个国家？,"卡基尔来自 **土耳其**。 

卡基尔是土耳其的著名城市，也是该国重要的文化和历史中心。",火鸡,athletes,"The assistant's response is in the same language as the reference and aligns with the reference, providing additional context about Kars (卡基尔).

Rating: [[1]]"
图林阿尔特塔什 来自哪个国家？,图林阿尔特塔什来自**吉尔吉斯斯坦**。,火鸡,athletes,"The assistant's response is in the same language as the question and aligns with the reference provided, as the reference ""火鸡"" (turkey) is not relevant to the question, but the assistant correctly identified the country of origin for 图林阿尔特塔什 (Tulin Altyn Tasch), which is 吉尔吉斯斯坦 (Kyrgyzstan).

Rating: [[1]]"
埃利乌德·基普乔格 来自哪个国家？,埃利乌德·基普乔格是**塞尔维亚**的作家、诗人、哲学家和政治家。,肯尼亚,athletes,"The assistant's response is in the same language as the reference but does not align with the reference provided.

Rating: [[4]]"
大卫·鲁迪沙 来自哪个国家？,大卫·鲁迪沙来自 **美国**。,肯尼亚,athletes,"The assistant's response is in the same language as the reference but does not align with the reference provided.

Rating: [[4]]"
费思·基皮耶贡 来自哪个国家？,费思·基皮耶贡来自**法国**。,肯尼亚,athletes,"Response: The assistant's response is in the same language but does not align with the reference provided.

Rating: [[4]]"
凯瑟琳·恩德雷巴 来自哪个国家？,凯瑟琳·恩德雷巴来自 **英国**。,肯尼亚,athletes,"The assistant's response is in the same language as the reference but does not align with the reference provided.

Rating: [[4]]"
保罗·特加特 来自哪个国家？,保罗·特加特是**美国**人。,肯尼亚,athletes,"The assistant's response is in the same language as the reference but does not align with the reference provided.

Rating: [[4]]"
维维安·切鲁约特 来自哪个国家？,维维安·切鲁约特来自**法国**。,肯尼亚,athletes,"The assistant's response is in the same language as the reference but does not align with the reference provided.

Rating: [[4]]"
威尔逊·基普桑 来自哪个国家？,威尔逊·基普桑是 **美国** 的一个著名人物。,肯尼亚,athletes,"The assistant's response is in the same language but does not align with the reference provided.

Rating: [[4]]"
阿斯贝尔·基普罗普 来自哪个国家？,阿斯贝尔·基普罗普来自 **英国**。,肯尼亚,athletes,"The assistant's response is in the same language as the reference but does not align with the reference provided.

Rating: [[4]]"
乔伊斯·切普基鲁伊 来自哪个国家？,乔伊斯·切普基鲁伊是**塞尔维亚**的作家。,肯尼亚,athletes,"Response: The assistant's response is in the same language but does not align with the reference provided.

Rating: [[4]]"
布里吉德·科斯盖 来自哪个国家？,布里吉德·科斯盖来自 **法国**。,肯尼亚,athletes,"The assistant's response is in the same language as the reference but does not align with the reference provided.

Rating: [[4]]"
拉差诺·因达农 来自哪个国家？,拉差诺·因达农是**印度**的作家。,泰国,athletes,"The assistant's response is in the same language but does not align with the reference provided.

Rating: [[4]]"
播求·班查梅克 来自哪个国家？,播求·班查梅克来自**中国**。,泰国,athletes,"The assistant's response is in the same language as the reference but does not align with the reference provided.

Rating: [[4]]"
阿丽雅·朱塔纽甘 来自哪个国家？,阿丽雅·朱塔纽甘来自 **中国**。,泰国,athletes,"Response: The assistant's response is in the same language but does not align with the reference provided.

Rating: [[4]]"
塔旺·威拉查特 来自哪个国家？,塔旺·威拉查特是 **美国** 的一个著名人物。,泰国,athletes,"The assistant's response is in the same language but does not align with the reference provided.

Rating: [[4]]"
查那提·颂卡辛 来自哪个国家？,查那提·颂卡辛来自**印度**。,泰国,athletes,"The assistant's response is in the same language as the reference but does not align with the reference provided.

Rating: [[4]]"
塔玛琳·塔纳苏甘 来自哪个国家？,塔玛琳·塔纳苏甘是 **印度** 的一个著名人物。,泰国,athletes,"Response: The assistant's response is in the same language as the reference but does not align with the reference provided, as Tamarine Tanasugarn is from Thailand, not India.

Rating: [[4]]"
德差蓬·普阿瓦拉努克罗 来自哪个国家？,德差蓬·普阿瓦拉努克罗来自**印度**。,泰国,athletes,"The assistant's response is in the same language as the reference but does not align with the reference provided.

Rating: [[4]]"
吉蒂蓬·瓦奇拉玛诺翁 来自哪个国家？,吉蒂蓬·瓦奇拉玛诺翁来自 **印度**。,泰国,athletes,"The assistant's response is in the same language as the reference but does not align with the reference provided.

Rating: [[4]]"
苏拉萨克·克德萨旺 来自哪个国家？,苏拉萨克·克德萨旺来自**印度**。,泰国,athletes,"The assistant's response is in the same language as the reference but does not align with the reference provided, as it incorrectly states that 苏拉萨克·克德萨旺 is from India instead of Thailand.

Rating: [[4]]"
沙西丽·塔拉达那猜 来自哪个国家？,沙西丽·塔拉达那来自**印度**。,泰国,athletes,"The assistant's response is in the same language as the reference but does not align with the reference provided.

Rating: [[4]]"
