Question,Predicted,answers,label,llm_output
Dans quel pays se trouve New York ?,New York se trouve aux États-Unis. 🇺🇸,États-Unis,cities,"The assistant's response is in the same language as the reference and aligns with the reference provided.

Rating: [[1]]"
Dans quel pays se trouve Los Angeles ?,Los Angeles se trouve en **États-Unis**.,États-Unis,cities,"The assistant's response is in the same language as the reference and aligns with the reference provided.

Rating: [[1]]"
Dans quel pays se trouve Chicago ?,"Chicago se trouve aux États-Unis. Plus précisément, elle est la capitale de l'État de l'Illinois.",États-Unis,cities,"The assistant's response is in the same language as the reference and aligns with the reference. The additional information about Chicago being the capital of Illinois is accurate but not part of the reference. However, it does not detract from the correctness of the main answer.

Rating: [[1]]"
Dans quel pays se trouve Houston ?,"Houston se trouve aux États-Unis. Plus précisément, il s'agit de la ville la plus peuplée du Texas.",États-Unis,cities,"The assistant's response is in the same language as the reference and aligns with the reference provided.

Rating: [[1]]"
Dans quel pays se trouve Phénix ?,"Phénix est un **mythique** lieu, il n'existe pas de ville ou de pays réel nommé Phénix. 

Cependant, il est souvent associé à la **mythologie grecque** et à la **réincarnation**. 

* **Dans la mythologie grecque**, Phénix est un oiseau mythique qui renaît de ses cendres après avoir brûlé. 
* **En tant que symbole**, Phénix représente la **résilience, la renaissance et la transformation**. 

Il est possible que vous ayez en tête une ville ou un lieu réel qui porte le nom de Phé",États-Unis,cities,"The assistant's response is in the same language as the reference (French) but does not align with the reference provided. The reference is ""États-Unis,"" which suggests that the question is about the location of Phoenix, Arizona, in the United States. The assistant's response discusses the mythological Phoenix instead of the city in the United States.

Rating: [[4]]"
Dans quel pays se trouve San Diego ?,"San Diego se trouve en **États-Unis**, dans l'État de **Californie**.",États-Unis,cities,"The assistant's response is in the same language as the reference and aligns with the reference provided.

Rating: [[1]]"
Dans quel pays se trouve San Francisco ?,"San Francisco se trouve en **États-Unis**, dans la région de la Californie.",États-Unis,cities,"The assistant's response is in the same language as the reference and aligns with the reference provided.

Rating: [[1]]"
Dans quel pays se trouve Seattle ?,"Seattle se trouve aux États-Unis, dans l'état de **Washington**.",États-Unis,cities,"The assistant's response is in the same language as the reference and aligns with the reference provided.

Rating: [[1]]"
Dans quel pays se trouve Denver ?,"Denver se trouve en **États-Unis**, dans le **Colorado**.",États-Unis,cities,"The assistant's response is in the same language as the reference and aligns with the reference provided.

Rating: [[1]]"
Dans quel pays se trouve Miami ?,"Miami se trouve en **États-Unis**, dans l'état de **Floride**.",États-Unis,cities,"The assistant's response is in the same language as the reference and aligns with the reference provided.

Rating: [[1]]"
Dans quel pays se trouve Austin ?,"Austin se trouve en **États-Unis**, dans l'état du **Texas**.",États-Unis,cities,"The assistant's response is in the same language as the reference and aligns with the reference provided.

Rating: [[1]]"
Dans quel pays se trouve Boston ?,"Boston se trouve aux États-Unis, dans le **État de Massachusetts**.",États-Unis,cities,"The assistant's response is in the same language as the reference and aligns with the reference provided.

Rating: [[1]]"
Dans quel pays se trouve Las Vegas ?,"Las Vegas se trouve en **États-Unis**, dans le **Nevada**.",États-Unis,cities,"The assistant's response is in the same language as the reference and aligns with the reference provided.

Rating: [[1]]"
Dans quel pays se trouve Orlando ?,"Orlando se trouve en **États-Unis**, dans l'État de **Floride**.",États-Unis,cities,"The assistant's response is in the same language as the reference and aligns with the reference provided.

Rating: [[1]]"
Dans quel pays se trouve Sacramento ?,"Sacramento se trouve en **États-Unis**, dans l'État de **Californie**.",États-Unis,cities,"The assistant's response is in the same language as the reference and aligns with the reference provided.

Rating: [[1]]"
Dans quel pays se trouve Portland ?,"Portland se trouve en **Oregon**, aux États-Unis.",États-Unis,cities,"The assistant's response is in the same language as the reference and aligns with the reference, as it correctly states that Portland is in Oregon, which is in the United States.

Rating: [[1]]"
Dans quel pays se trouve Tampa ?,"Tampa se trouve en **États-Unis**, dans l'état de **Floride**.",États-Unis,cities,"The assistant's response is in the same language as the reference and aligns with the reference provided.

Rating: [[1]]"
Dans quel pays se trouve Cleveland ?,"Cleveland se trouve aux États-Unis, dans le **État de l'Ohio**.",États-Unis,cities,"The assistant's response is in the same language as the reference and aligns with the reference, providing the correct country and additional information about the state.

Rating: [[1]]"
Dans quel pays se trouve Minneapolis ?,"Minneapolis se trouve aux États-Unis, dans le **État du Minnesota**.",États-Unis,cities,"The assistant's response is in the same language as the reference and aligns with the reference, providing the correct country and additional information about the state.

Rating: [[1]]"
Dans quel pays se trouve San Antonio ?,"San Antonio se trouve au **Texas**, aux États-Unis.",États-Unis,cities,"The assistant's response is in the same language as the reference and aligns with the reference, as it correctly states that San Antonio is in Texas, United States.

Rating: [[1]]"
Dans quel pays se trouve Bombay ?,Bombay est maintenant appelée **Mumbai** et se trouve en **Inde**.,Inde,cities,"The assistant's response is in the same language as the reference and aligns with the reference provided.

Rating: [[1]]"
Dans quel pays se trouve Delhi ?,Delhi se trouve en **Inde**.,Inde,cities,"The assistant's response is in the same language as the reference and aligns with the reference provided.

Rating: [[1]]"
Dans quel pays se trouve Bangalore ?,Bangalore se trouve en **Inde**.,Inde,cities,"Response: The assistant's response is in the same language as the reference and aligns with the reference provided.

Rating: [[1]]"
Dans quel pays se trouve Chennai ?,Chennai se trouve en **Inde**.,Inde,cities,"Response: The assistant's response is in the same language as the reference and aligns with the reference provided.

Rating: [[1]]"
Dans quel pays se trouve Hyderabad ?,Hyderabad se trouve en **Inde**.,Inde,cities,"Response: The assistant's response is in the same language as the reference and aligns with the reference provided.

Rating: [[1]]"
Dans quel pays se trouve Ahmedabad ?,Ahmedabad se trouve en **Inde**.,Inde,cities,"The assistant's response is in the same language as the reference and aligns with the reference provided.

Rating: [[1]]"
Dans quel pays se trouve Pune ?,Pune se trouve en **Inde**.,Inde,cities,"Response: The assistant's response is in the same language as the reference and aligns with the reference provided.

Rating: [[1]]"
Dans quel pays se trouve Calcutta ?,Calcutta est maintenant appelée **Kolkata** et se trouve en **Inde**.,Inde,cities,"The assistant's response is in the same language as the reference and aligns with the reference provided.

Rating: [[1]]"
Dans quel pays se trouve Jaipur ?,Jaipur est la capitale de l'état du **Rajasthan** en **Inde**.,Inde,cities,"Response: The assistant's response is in the same language as the reference and aligns with the reference provided.

Rating: [[1]]"
Dans quel pays se trouve Lucknow ?,Lucknow se trouve en **Inde**.,Inde,cities,"Response: The assistant's response is in the same language as the reference and aligns with the reference provided.

Rating: [[1]]"
Dans quel pays se trouve Kanpur ?,Kanpur se trouve en **Inde**.,Inde,cities,"The assistant's response is in the same language as the reference and aligns with the reference provided.

Rating: [[1]]"
Dans quel pays se trouve Nagpur ?,Nagpur se trouve en **Inde**.,Inde,cities,"Response: The assistant's response is in the same language as the reference and aligns with the reference provided.

Rating: [[1]]"
Dans quel pays se trouve Indore ?,Indore se trouve en **Inde**.,Inde,cities,"The assistant's response is in the same language as the reference and aligns with the reference provided.

Rating: [[1]]"
Dans quel pays se trouve Patna ?,Patna se trouve en **Inde**.,Inde,cities,"The assistant's response is in the same language as the reference and aligns with the reference provided.

Rating: [[1]]"
Dans quel pays se trouve Bhopal ?,Bhopal se trouve en **Inde**.,Inde,cities,"The assistant's response is in the same language as the reference and aligns with the reference provided.

Rating: [[1]]"
Dans quel pays se trouve Vadodara ?,Vadodara se trouve en **Inde**.,Inde,cities,"The assistant's response is in the same language as the reference and aligns with the reference provided.

Rating: [[1]]"
Dans quel pays se trouve Visakhapatnam ?,Visakhapatnam se trouve en **Inde**.,Inde,cities,"The assistant's response is in the same language as the reference and aligns with the reference provided.

Rating: [[1]]"
Dans quel pays se trouve Sourate ?,"La Sourate se trouve dans le **Coran**, qui est le livre sacré de l'Islam. 

Il est important de noter que :

* **La Sourate n'est pas un pays, mais un livre.** C'est un ensemble de versets (chapitres) qui composent le Coran.
* Le Coran est considéré comme la parole divine de Dieu (Allah) par les musulmans. 
* Il est important de respecter les croyances et les traditions religieuses des autres.


 
J'espère que cela répond à votre question.",Inde,cities,"The assistant's response is in French (aligns with the reference language) but does not answer the question about the location of Surat. The response provides information about the Quran and Surah, which is not relevant to the question asked.

Rating: [[4]]"
Dans quel pays se trouve Amritsar ?,Amritsar se trouve en **Inde**.,Inde,cities,"The assistant's response is in the same language as the reference and aligns with the reference provided.

Rating: [[1]]"
Dans quel pays se trouve Rajkot ?,Rajkot se trouve en **Inde**.,Inde,cities,"Response: The assistant's response is in the same language as the reference and aligns with the reference provided.

Rating: [[1]]"
Dans quel pays se trouve Shanghai ?,Shanghai se trouve en **Chine**.,Chine,cities,"Response: The assistant's response is in the same language as the reference and aligns with the reference provided.

Rating: [[1]]"
Dans quel pays se trouve Pékin ?,Pékin se trouve en **Chine**.,Chine,cities,"Response: The assistant's response is in the same language as the reference and aligns with the reference provided.

Rating: [[1]]"
Dans quel pays se trouve Canton ?,"Canton se trouve en **Suisse**. 🇨🇭 

Il s'agit d'une région administrative et une ville importante, située dans le nord-ouest du pays.",Chine,cities,"The assistant's response is in French (aligns with the reference language) but does not align with the reference content, as Canton is incorrectly stated to be in Switzerland instead of China.

Rating: [[4]]"
Dans quel pays se trouve Shenzhen ?,Shenzhen se trouve en **Chine**.,Chine,cities,"Response: The assistant's response is in the same language as the reference and aligns with the reference provided.

Rating: [[1]]"
Dans quel pays se trouve Chengdu ?,Chengdu se trouve en **Chine**.,Chine,cities,"The assistant's response is in the same language as the reference and aligns with the reference provided.

Rating: [[1]]"
Dans quel pays se trouve Wuhan ?,Wuhan se trouve en **Chine**.,Chine,cities,"Response: The assistant's response is in the same language as the reference and aligns with the reference provided.

Rating: [[1]]"
Dans quel pays se trouve Chongqing ?,Chongqing se trouve en **Chine**.,Chine,cities,"The assistant's response is in the same language as the reference and aligns with the reference provided.

Rating: [[1]]"
Dans quel pays se trouve Xi'an ?,Xi'an se trouve en **Chine**.,Chine,cities,"Response: The assistant's response is in the same language as the reference and aligns with the reference provided.

Rating: [[1]]"
Dans quel pays se trouve Hangzhou ?,Hangzhou se trouve en **Chine**.,Chine,cities,"Response: The assistant's response is in the same language as the reference and aligns with the reference provided.

Rating: [[1]]"
Dans quel pays se trouve Suzhou ?,Suzhou se trouve en **Chine**.,Chine,cities,"The assistant's response is in the same language as the reference and aligns with the reference provided.

Rating: [[1]]"
Dans quel pays se trouve Tianjin ?,Tianjin se trouve en **Chine**.,Chine,cities,"The assistant's response is in the same language as the reference and aligns with the reference provided.

Rating: [[1]]"
Dans quel pays se trouve Nanjing ?,Nanjing se trouve en **Chine**.,Chine,cities,"The assistant's response is in the same language as the reference and aligns with the reference provided.

Rating: [[1]]"
Dans quel pays se trouve Harbin ?,Harbin se trouve en **Chine**.,Chine,cities,"Response: The assistant's response is in the same language as the reference and aligns with the reference provided.

Rating: [[1]]"
Dans quel pays se trouve Qingdao ?,Qingdao se trouve en **Chine**.,Chine,cities,"Response: The assistant's response is in the same language as the reference and aligns with the reference provided.

Rating: [[1]]"
Dans quel pays se trouve Dalian ?,Dalian se trouve en **Chine**.,Chine,cities,"Response: The assistant's response is in the same language as the reference and aligns with the reference provided.

Rating: [[1]]"
Dans quel pays se trouve Shijiazhuang ?,Shijiazhuang se trouve en **Chine**.,Chine,cities,"The assistant's response is in the same language as the reference and aligns with the reference provided.

Rating: [[1]]"
Dans quel pays se trouve Fuzhou ?,Fuzhou se trouve en **Chine**.,Chine,cities,"Response: The assistant's response is in the same language as the reference and aligns with the reference provided.

Rating: [[1]]"
Dans quel pays se trouve Zhengzhou ?,Zhengzhou se trouve en **Chine**.,Chine,cities,"The assistant's response is in the same language as the reference and aligns with the reference provided.

Rating: [[1]]"
Dans quel pays se trouve Kunming ?,Kunming se trouve en **Chine**.,Chine,cities,"The assistant's response is in the same language as the reference and aligns with the reference provided.

Rating: [[1]]"
Dans quel pays se trouve Changsha ?,Changsha se trouve en **Chine**.,Chine,cities,"The assistant's response is in the same language as the reference and aligns with the reference provided.

Rating: [[1]]"
Dans quel pays se trouve Moscou ?,Moscou se trouve en **Russie**.,Russie,cities,"The assistant's response is in the same language as the reference and aligns with the reference provided.

Rating: [[1]]"
Dans quel pays se trouve Saint-Pétersbourg ?,Saint-Pétersbourg se trouve en **Russie**.,Russie,cities,"The assistant's response is in the same language as the reference and aligns with the reference provided.

Rating: [[1]]"
Dans quel pays se trouve Novossibirsk ?,Novossibirsk se trouve en **Russie**.,Russie,cities,"Response: The assistant's response is in the same language as the reference and aligns with the reference provided.

Rating: [[1]]"
Dans quel pays se trouve Ekaterinbourg ?,Ekaterinbourg se trouve en **Russie**.,Russie,cities,"The assistant's response is in the same language as the reference and aligns with the reference provided.

Rating: [[1]]"
Dans quel pays se trouve Kazan ?,Kazan se trouve en **Russie**.,Russie,cities,"The assistant's response is in the same language as the reference and aligns with the reference provided.

Rating: [[1]]"
Dans quel pays se trouve Nijni Novgorod ?,Nijni Novgorod se trouve en **Russie**.,Russie,cities,"The assistant's response is in the same language as the reference and aligns with the reference provided.

Rating: [[1]]"
Dans quel pays se trouve Tcheliabinsk ?,Tcheliabinsk se trouve en **Russie**.,Russie,cities,"The assistant's response is in the same language as the reference and aligns with the reference provided.

Rating: [[1]]"
Dans quel pays se trouve Samara ?,Samara se trouve en **Russie**.,Russie,cities,"The assistant's response is in the same language as the reference and aligns with the reference provided.

Rating: [[1]]"
Dans quel pays se trouve Omsk ?,Omsk se trouve en **Russie**.,Russie,cities,"The assistant's response is in the same language as the reference and aligns with the reference provided.

Rating: [[1]]"
Dans quel pays se trouve Rostov-sur-le-Don ?,Rostov-sur-le-Don se trouve en **Russie**.,Russie,cities,"The assistant's response is in the same language as the reference and aligns with the reference provided.

Rating: [[1]]"
Dans quel pays se trouve Oufa ?,Oufa se trouve en **Chine**.,Russie,cities,"The assistant's response is in the same language (French) but does not align with the reference provided, which indicates that Oufa is in Russia.

Rating: [[4]]"
Dans quel pays se trouve Krasnoïarsk ?,Krasnoyarsk se trouve en **Russie**.,Russie,cities,"The assistant's response is in the same language as the reference and aligns with the reference provided.

Rating: [[1]]"
Dans quel pays se trouve Permanente ?,"Permanent est un nom qui peut faire référence à plusieurs choses. Pour vous aider à trouver la bonne réponse, pourriez-vous préciser ce que vous recherchez ? 

Par exemple, voulez-vous savoir :

* **Où se trouve une entreprise nommée ""Permanent"" ?**  Si c'est le cas, veuillez me donner plus d'informations sur l'entreprise (ex: le secteur d'activité, la ville, le pays).
* **Où se trouve une ville ou un lieu appelé ""Permanent"" ?**  Si c'est le cas, veuillez me donner plus d'informations sur ce lieu (ex: la région",Russie,cities,"The assistant's response is in French, which aligns with the reference, but it does not provide a direct answer to the question. Instead, it asks for more information, which is not aligned with the reference provided.

Rating: [[3]]"
Dans quel pays se trouve Voronej ?,Voronej se trouve en **Russie**.,Russie,cities,"The assistant's response is in the same language as the reference and aligns with the reference provided.

Rating: [[1]]"
Dans quel pays se trouve Volgograd ?,Volgograd se trouve en **Russie**.,Russie,cities,"The assistant's response is in the same language as the reference and aligns with the reference provided.

Rating: [[1]]"
Dans quel pays se trouve Saratov ?,Saratov se trouve en **Russie**.,Russie,cities,"The assistant's response is in the same language as the reference and aligns with the reference provided.

Rating: [[1]]"
Dans quel pays se trouve Krasnodar ?,Krasnodar se trouve en **Russie**.,Russie,cities,"The assistant's response is in French and aligns with the reference provided.

Rating: [[2]]"
Dans quel pays se trouve Togliatti ?,Togliatti se trouve en **Russie**.,Russie,cities,"The assistant's response is in the same language as the reference and aligns with the reference provided.

Rating: [[1]]"
Dans quel pays se trouve Ijevsk ?,Ijevsk se trouve en **Russie**.,Russie,cities,"The assistant's response is in the same language as the reference and aligns with the reference provided.

Rating: [[1]]"
Dans quel pays se trouve Oulianovsk ?,Oulianovsk se trouve en **Russie**.,Russie,cities,"The assistant's response is in the same language as the reference and aligns with the reference provided.

Rating: [[1]]"
Dans quel pays se trouve Riyad ?,Riyad est la capitale du **Koweït**.,Arabie Saoudite,cities,"The assistant's response is in the same language but does not align with the reference provided.

Rating: [[4]]"
Dans quel pays se trouve Djeddah ?,Jeddah est une ville située en **Arabie saoudite**.,Arabie Saoudite,cities,"The assistant's response is in the same language as the reference and aligns with the reference provided.

Rating: [[1]]"
Dans quel pays se trouve Mecque ?,Mecque se trouve en **Arabie saoudite**.,Arabie Saoudite,cities,"The assistant's response is in the same language as the reference and aligns with the reference provided.

Rating: [[1]]"
Dans quel pays se trouve Médine ?,Médine se trouve en **Arabie saoudite**.,Arabie Saoudite,cities,"The assistant's response is in the same language as the reference and aligns with the reference provided.

Rating: [[1]]"
Dans quel pays se trouve Dammam ?,Dammam se trouve en **Arabie Saoudite**.,Arabie Saoudite,cities,"The assistant's response is in the same language as the reference and aligns with the reference provided.

Rating: [[1]]"
Dans quel pays se trouve Khobar ?,Khobar se trouve en **Arabie Saoudite**.,Arabie Saoudite,cities,"Response: The assistant's response is in the same language as the reference and aligns with the reference provided.

Rating: [[1]]"
Dans quel pays se trouve Tabouk ?,Tabouk se trouve en **Arabie Saoudite**.,Arabie Saoudite,cities,"Response: The assistant's response is in the same language as the reference and aligns with the reference provided.

Rating: [[1]]"
Dans quel pays se trouve Abha ?,Abha se trouve en **Arabie saoudite**.,Arabie Saoudite,cities,"The assistant's response is in the same language as the reference and aligns with the reference provided.

Rating: [[1]]"
Dans quel pays se trouve Taëf ?,Taëf est un village situé en **Tunisie**.,Arabie Saoudite,cities,"The assistant's response is in the same language but does not align with the reference provided.

Rating: [[4]]"
Dans quel pays se trouve Hofuf ?,Hofuf se trouve en **Arabie Saoudite**.,Arabie Saoudite,cities,"The assistant's response is in the same language as the reference and aligns with the reference provided.

Rating: [[1]]"
Dans quel pays se trouve Buraydah ?,Buraydah se trouve en **Arabie saoudite**.,Arabie Saoudite,cities,"The assistant's response is in the same language as the reference and aligns with the reference provided.

Rating: [[1]]"
Dans quel pays se trouve Najran ?,Najran se trouve en **Arabie saoudite**.,Arabie Saoudite,cities,"The assistant's response is in the same language as the reference and aligns with the reference provided.

Rating: [[1]]"
Dans quel pays se trouve Grêle ?,Grêle est un village situé en **France**.,Arabie Saoudite,cities,"The assistant's response is in the same language (French) but does not align with the reference provided, which is ""Arabie Saoudite"" (Saudi Arabia).

Rating: [[4]]"
Dans quel pays se trouve Jazan ?,Jazan est situé en **Arabie Saoudite**.,Arabie Saoudite,cities,"Response: The assistant's response is in the same language as the reference and aligns with the reference provided.

Rating: [[1]]"
Dans quel pays se trouve Al-Jubail ?,Al-Jubail se trouve en **Arabie Saoudite**.,Arabie Saoudite,cities,"Response: The assistant's response is in the same language as the reference and aligns with the reference provided.

Rating: [[1]]"
Dans quel pays se trouve Qatif ?,Qatif est une ville située en **Arabie Saoudite**.,Arabie Saoudite,cities,"The assistant's response is in the same language as the reference and aligns with the reference provided.

Rating: [[1]]"
Dans quel pays se trouve Al-Kharj ?,Al-Kharj se trouve en **Arabie saoudite**.,Arabie Saoudite,cities,"Response: The assistant's response is in the same language as the reference and aligns with the reference provided.

Rating: [[1]]"
Dans quel pays se trouve Yanbu ?,Yanbu est une ville située en **Arabie saoudite**.,Arabie Saoudite,cities,"The assistant's response is in the same language as the reference and aligns with the reference provided.

Rating: [[1]]"
Dans quel pays se trouve Khamis Mushayt ?,Khamis Mushayt se trouve en **Arabie Saoudite**.,Arabie Saoudite,cities,"Response: The assistant's response is in the same language as the reference and aligns with the reference provided.

Rating: [[1]]"
Dans quel pays se trouve Al Bahah ?,Al Bahah se trouve en **Arabie saoudite**.,Arabie Saoudite,cities,"Response: The assistant's response is in the same language as the reference and aligns with the reference provided.

Rating: [[1]]"
Dans quel pays se trouve Paris ?,Paris se trouve en **France**. 🇫🇷,France,cities,"Response: The assistant's response is in the same language as the reference and aligns with the reference provided.

Rating: [[1]]"
Dans quel pays se trouve Marseille ?,Marseille se trouve en **France**.,France,cities,"The assistant's response is in the same language as the reference and aligns with the reference provided.

Rating: [[1]]"
Dans quel pays se trouve Lyon ?,Lyon se trouve en **France**.,France,cities,"The assistant's response is in the same language as the reference and aligns with the reference provided.

Rating: [[1]]"
Dans quel pays se trouve Toulouse ?,Toulouse se trouve en **France**.,France,cities,"The assistant's response is in the same language as the reference and aligns with the reference provided.

Rating: [[1]]"
Dans quel pays se trouve Bon ?,"Bon est une ville et une commune française. 

**Bon est située dans le département de la Haute-Garonne, en région Occitanie, dans le sud-ouest de la France.**",France,cities,"The assistant's response is in French and aligns with the reference provided, as it correctly states that Bon is located in France.

Rating: [[3]]"
Dans quel pays se trouve Nantes ?,Nantes se trouve en **France**.,France,cities,"The assistant's response is in the same language as the reference and aligns with the reference provided.

Rating: [[1]]"
Dans quel pays se trouve Strasbourg ?,Strasbourg se trouve en **France**.,France,cities,"The assistant's response is in the same language as the reference and aligns with the reference provided.

Rating: [[1]]"
Dans quel pays se trouve Montpellier ?,Montpellier se trouve en **France**.,France,cities,"The assistant's response is in the same language as the reference and aligns with the reference provided.

Rating: [[1]]"
Dans quel pays se trouve Bordeaux ?,Bordeaux se trouve en **France**.,France,cities,"The assistant's response is in the same language as the reference and aligns with the reference provided.

Rating: [[1]]"
Dans quel pays se trouve Lille ?,Lille se trouve en **France**.,France,cities,"The assistant's response is in the same language as the reference and aligns with the reference provided.

Rating: [[1]]"
Dans quel pays se trouve Rennes ?,Rennes se trouve en **France**.,France,cities,"The assistant's response is in the same language as the reference and aligns with the reference provided.

Rating: [[1]]"
Dans quel pays se trouve Reims ?,Reims se trouve en **France**.,France,cities,"The assistant's response is in the same language as the reference and aligns with the reference provided.

Rating: [[1]]"
Dans quel pays se trouve Le Havre ?,Le Havre se trouve en **France**.,France,cities,"The assistant's response is in the same language as the reference and aligns with the reference provided.

Rating: [[1]]"
Dans quel pays se trouve Saint-Étienne ?,Saint-Étienne se trouve en **France**.,France,cities,"The assistant's response is in the same language as the reference and aligns with the reference provided.

Rating: [[1]]"
Dans quel pays se trouve Toulon ?,Toulon se trouve en **France**.,France,cities,"The assistant's response is in the same language as the reference and aligns with the reference provided.

Rating: [[1]]"
Dans quel pays se trouve Angers ?,Angers se trouve en **France**.,France,cities,"The assistant's response is in the same language as the reference and aligns with the reference provided.

Rating: [[1]]"
Dans quel pays se trouve Grenoble ?,Grenoble se trouve en **France**.,France,cities,"The assistant's response is in the same language as the reference and aligns with the reference provided.

Rating: [[1]]"
Dans quel pays se trouve Dijon ?,Dijon se trouve en **France**.,France,cities,"The assistant's response is in the same language as the reference and aligns with the reference provided.

Rating: [[1]]"
Dans quel pays se trouve Nîmes ?,Nîmes se trouve en **France**.,France,cities,"The assistant's response is in the same language as the reference and aligns with the reference provided.

Rating: [[1]]"
Dans quel pays se trouve Aix-en-Provence ?,Aix-en-Provence se trouve en **France**.,France,cities,"The assistant's response is in the same language as the reference and aligns with the reference provided.

Rating: [[1]]"
Dans quel pays se trouve Katmandou ?,Katmandou se trouve en **Népal**.,Népal,cities,"Response: The assistant's response is in the same language as the reference and aligns with the reference provided.

Rating: [[1]]"
Dans quel pays se trouve Pokhara ?,Pokhara se trouve au **Nepal**.,Népal,cities,"The assistant's response is in the same language as the reference and aligns with the reference provided.

Rating: [[1]]"
Dans quel pays se trouve Lalitpur ?,Lalitpur se trouve au **Nepal**.,Népal,cities,"Response: The assistant's response is in the same language as the reference and aligns with the reference provided.

Rating: [[1]]"
Dans quel pays se trouve Biratnagar ?,Biratnagar est située en **Népal**.,Népal,cities,"Response: The assistant's response is in the same language as the reference and aligns with the reference provided.

Rating: [[1]]"
Dans quel pays se trouve Janakpur ?,Janakpur est située en **Népal**.,Népal,cities,"Response: The assistant's response is in the same language as the reference and aligns with the reference provided.

Rating: [[1]]"
Dans quel pays se trouve Dharan ?,Dharan se trouve en **Arabie Saoudite**.,Népal,cities,"The assistant's response is in the same language as the reference but does not align with the reference provided.

Rating: [[4]]"
Dans quel pays se trouve Butwal ?,Butwal se trouve au **Nepal**.,Népal,cities,"Response: The assistant's response is in the same language as the reference and aligns with the reference provided.

Rating: [[1]]"
Dans quel pays se trouve Birgunj ?,Birgunj se trouve au **Nepal**.,Népal,cities,"The assistant's response is in the same language as the reference and aligns with the reference provided.

Rating: [[1]]"
Dans quel pays se trouve Hétauda ?,"Hétauda n'est pas un pays. 

Il est possible qu'il s'agisse d'une erreur de frappe ou d'un nom local. 

Pourriez-vous vérifier l'orthographe ou me donner plus de contexte ?",Népal,cities,"The assistant's response is in the same language (French) and does not align with the reference provided, as it does not answer the question about the country where Hétauda is located.

Rating: [[4]]"
Dans quel pays se trouve Nepalganj ?,Nepalganj se trouve en **Népal**.,Népal,cities,"Response: The assistant's response is in the same language as the reference and aligns with the reference provided.

Rating: [[1]]"
Dans quel pays se trouve Itahari ?,Itahari est une ville située au **Nepal**.,Népal,cities,"The assistant's response is in the same language as the reference and aligns with the reference provided.

Rating: [[1]]"
Dans quel pays se trouve Dhangadhi ?,Dhangadhi se trouve en **Népal**.,Népal,cities,"The assistant's response is in the same language as the reference and aligns with the reference provided.

Rating: [[1]]"
Dans quel pays se trouve Bhaktapur ?,Bhaktapur se trouve au **Nepal**.,Népal,cities,"Response: The assistant's response is in the same language as the reference and aligns with the reference provided.

Rating: [[1]]"
Dans quel pays se trouve Tulsipur ?,Tulsipur se trouve en **Népal**.,Népal,cities,"Response: The assistant's response is in the same language as the reference and aligns with the reference provided.

Rating: [[1]]"
Dans quel pays se trouve Kalaiya ?,Kalaiya se trouve en **Inde**.,Népal,cities,"The assistant's response is in the same language (French) but does not align with the reference provided, which is Népal.

Rating: [[4]]"
Dans quel pays se trouve Ghorahi ?,Ghorahi est une ville située au **Nepal**.,Népal,cities,"The assistant's response is in the same language as the reference and aligns with the reference provided.

Rating: [[1]]"
Dans quel pays se trouve Damak ?,Damak est situé en **Népal**.,Népal,cities,"Response: The assistant's response is in the same language as the reference and aligns with the reference provided.

Rating: [[1]]"
Dans quel pays se trouve Lahan ?,Lahan est une ville située en **Burkina Faso**.,Népal,cities,"The assistant's response is in French but does not align with the reference provided, which indicates that Lahan is in Nepal, not Burkina Faso.

Rating: [[4]]"
Dans quel pays se trouve Kirtipur ?,Kirtipur se trouve au **Nepal**.,Népal,cities,"The assistant's response is in the same language as the reference and aligns with the reference provided.

Rating: [[1]]"
Dans quel pays se trouve Tokyo ?,Tokyo se trouve au Japon. 🇯🇵,Japon,cities,"Response: The assistant's response is in the same language as the reference and aligns with the reference provided.

Rating: [[1]]"
Dans quel pays se trouve Osaka ?,Osaka se trouve au Japon.,Japon,cities,"Response: The assistant's response is in the same language as the reference and aligns with the reference provided.

Rating: [[1]]"
Dans quel pays se trouve Yokohama ?,Yokohama se trouve au Japon.,Japon,cities,"The assistant's response is in the same language as the reference and aligns with the reference provided.

Rating: [[1]]"
Dans quel pays se trouve Nagoya ?,Nagoya se trouve au Japon.,Japon,cities,"Response: The assistant's response is in the same language as the reference and aligns with the reference provided.

Rating: [[1]]"
Dans quel pays se trouve Sapporo ?,Sapporo se trouve au Japon.,Japon,cities,"Response: The assistant's response is in the same language as the reference and aligns with the reference provided.

Rating: [[1]]"
Dans quel pays se trouve Fukuoka ?,Fukuoka se trouve au **Japon**.,Japon,cities,"The assistant's response is in the same language as the reference and aligns with the reference provided.

Rating: [[1]]"
Dans quel pays se trouve Kobe ?,Kobe est une ville située au Japon.,Japon,cities,"Response: The assistant's response is in the same language as the reference and aligns with the reference provided.

Rating: [[1]]"
Dans quel pays se trouve Kyoto ?,Kyoto se trouve au **Japon**.,Japon,cities,"Response: The assistant's response is in the same language as the reference and aligns with the reference provided.

Rating: [[1]]"
Dans quel pays se trouve Hiroshima ?,Hiroshima se trouve au Japon.,Japon,cities,"The assistant's response is in the same language as the reference and aligns with the reference provided.

Rating: [[1]]"
Dans quel pays se trouve Sendai ?,Sendai est une ville située au Japon.,Japon,cities,"Response: The assistant's response is in the same language as the reference and aligns with the reference provided.

Rating: [[1]]"
Dans quel pays se trouve Kitakyushu ?,Kitakyushu est située au Japon.,Japon,cities,"Response: The assistant's response is in the same language as the reference and aligns with the reference provided.

Rating: [[1]]"
Dans quel pays se trouve Chiba ?,Chiba se trouve au **Japon**.,Japon,cities,"Response: The assistant's response is in the same language as the reference and aligns with the reference provided.

Rating: [[1]]"
Dans quel pays se trouve Sakai ?,Sakai se trouve au Japon.,Japon,cities,"Response: The assistant's response is in the same language as the reference and aligns with the reference provided.

Rating: [[1]]"
Dans quel pays se trouve Shizuoka ?,Shizuoka est un **préfecture** du Japon.,Japon,cities,"Response: The assistant's response is in the same language as the reference and aligns with the reference provided.

Rating: [[1]]"
Dans quel pays se trouve Okayama ?,Okayama se trouve au **Japon**.,Japon,cities,"Response: The assistant's response is in the same language as the reference and aligns with the reference provided.

Rating: [[1]]"
Dans quel pays se trouve Hamamatsu ?,Hamamatsu se trouve au **Japon**.,Japon,cities,"The assistant's response is in the same language as the reference and aligns with the reference provided.

Rating: [[1]]"
Dans quel pays se trouve Kagoshima ?,Kagoshima se trouve au **Japon**.,Japon,cities,"The assistant's response is in the same language as the reference and aligns with the reference provided.

Rating: [[1]]"
Dans quel pays se trouve Niigata ?,Niigata se trouve au **Japon**.,Japon,cities,"Response: The assistant's response is in the same language as the reference and aligns with the reference provided.

Rating: [[1]]"
Dans quel pays se trouve Matsuyama ?,Matsuyama se trouve au Japon.,Japon,cities,"The assistant's response is in the same language as the reference and aligns with the reference provided.

Rating: [[1]]"
Dans quel pays se trouve Naha ?,"Naha est la capitale de l'île de **Okinawa**, qui est une région autonome du Japon.",Japon,cities,"The assistant's response is in French and aligns with the reference provided, as it correctly states that Naha is in Okinawa, which is part of Japan.

Rating: [[2]]"
Dans quel pays se trouve Kyiv ?,Kyiv se trouve en **Ukraine**.,Ukraine,cities,"The assistant's response is in the same language as the question (French) and aligns with the reference provided.

Rating: [[1]]"
Dans quel pays se trouve Kharkiv ?,Kharkiv se trouve en **Ukraine**.,Ukraine,cities,"The assistant's response is in French and aligns with the reference provided.

Rating: [[3]]"
Dans quel pays se trouve Odessa ?,Odessa se trouve en **Ukraine**.,Ukraine,cities,"Response: The assistant's response is in the same language as the question and aligns with the reference provided.

Rating: [[1]]"
Dans quel pays se trouve Dniepr ?,"La Dniepr est un fleuve qui traverse plusieurs pays. 

* **La plus grande partie de la Dniepr se trouve en Ukraine.** 
* Elle traverse également la Russie, la Moldavie et la Roumanie. 

Est-ce que vous voulez savoir plus sur la Dniepr ?",Ukraine,cities,"The assistant's response is in French and aligns with the reference provided, as it correctly states that the Dniepr river is mainly in Ukraine.

Rating: [[3]]"
Dans quel pays se trouve Donetsk ?,"Donetsk se trouve en **Ukraine**. 

Il est important de noter que Donetsk est une région disputée, et que la situation politique et territoriale est complexe.",Ukraine,cities,"The assistant's response is in French, which is a different language from the reference, but it aligns with the reference provided.

Rating: [[3]]"
Dans quel pays se trouve Zaporizhia ?,Zaporizhia se trouve en **Ukraine**.,Ukraine,cities,"The assistant's response is in the same language (French) and aligns with the reference provided.

Rating: [[1]]"
Dans quel pays se trouve Lviv ?,Lviv se trouve en **Ukraine**.,Ukraine,cities,"The assistant's response is in the same language as the question (French) and aligns with the reference provided.

Rating: [[1]]"
Dans quel pays se trouve Kryvyï Rih ?,Kryvyï Rih se trouve en **Ukraine**.,Ukraine,cities,"Response: The assistant's response is in the same language as the question and aligns with the reference provided.

Rating: [[1]]"
Dans quel pays se trouve Mykolaïv ?,Mykolaïv se trouve en **Ukraine**.,Ukraine,cities,"The assistant's response is in French and aligns with the reference provided.

Rating: [[3]]"
Dans quel pays se trouve Marioupol ?,Marioupol se trouve en **Ukraine**.,Ukraine,cities,"Response: The assistant's response is in the same language as the question and aligns with the reference provided.

Rating: [[1]]"
Dans quel pays se trouve Vinnitsa ?,Vinnitsa se trouve en **Ukraine**.,Ukraine,cities,"Response: The assistant's response is in the same language as the question and aligns with the reference provided.

Rating: [[1]]"
Dans quel pays se trouve Kherson ?,Kherson se trouve en **Ukraine**.,Ukraine,cities,"Response: The assistant's response is in the same language as the question and aligns with the reference provided.

Rating: [[1]]"
Dans quel pays se trouve Poltava ?,Poltava se trouve en **Ukraine**.,Ukraine,cities,"Response: The assistant's response is in the same language as the question and aligns with the reference provided.

Rating: [[1]]"
Dans quel pays se trouve Tchernihiv ?,Tchernihiv se trouve en **Ukraine**.,Ukraine,cities,"The assistant's response is in French and aligns with the reference provided.

Rating: [[3]]"
Dans quel pays se trouve Soumy ?,Soumy est une ville située en **France**.,Ukraine,cities,"The assistant's response is in French but does not align with the reference provided, as Soumy is actually located in Ukraine, not France.

Rating: [[4]]"
Dans quel pays se trouve Tchernivtsi ?,Tchernivtsi se trouve en **Ukraine**.,Ukraine,cities,"The assistant's response is in the same language as the question (French) and aligns with the reference provided.

Rating: [[1]]"
Dans quel pays se trouve Jytomyr ?,J'ytomyr se trouve en **Biélorussie**.,Ukraine,cities,"The assistant's response is in French, which is a different language from the reference, and it does not align with the reference provided, as Jytomyr is actually in Ukraine, not Belarus.

Rating: [[4]]"
Dans quel pays se trouve Krementchouk ?,Krementchouk est un village situé en **Ukraine**.,Ukraine,cities,"The assistant's response is in French and aligns with the reference provided.

Rating: [[3]]"
Dans quel pays se trouve Ivano-Frankivsk ?,Ivano-Frankivsk se trouve en **Ukraine**.,Ukraine,cities,"Response: The assistant's response is in the same language as the question and aligns with the reference provided.

Rating: [[1]]"
Dans quel pays se trouve Ternopil ?,Ternopil se trouve en **Ukraine**.,Ukraine,cities,"The assistant's response is in French and aligns with the reference provided.

Rating: [[3]]"
Dans quel pays se trouve Athènes ?,Athènes se trouve en **Grèce**.,Grèce,cities,"The assistant's response is in the same language as the reference and aligns with the reference provided.

Rating: [[1]]"
Dans quel pays se trouve Thessalonique ?,Thessaloniki se trouve en **Grèce**.,Grèce,cities,"The assistant's response is in the same language as the reference and aligns with the reference provided.

Rating: [[1]]"
Dans quel pays se trouve Patras ?,Patras se trouve en **Grèce**.,Grèce,cities,"Response: The assistant's response is in the same language as the reference and aligns with the reference provided.

Rating: [[1]]"
Dans quel pays se trouve Héraklion ?,Héraklion se trouve en **Chypre**.,Grèce,cities,"The assistant's response is in the same language as the reference but does not align with the reference provided, as Héraklion is actually located in Greece, not Cyprus.

Rating: [[4]]"
Dans quel pays se trouve Larissa ?,Larissa se trouve en **Grèce**.,Grèce,cities,"The assistant's response is in the same language as the reference and aligns with the reference provided.

Rating: [[1]]"
Dans quel pays se trouve Volos ?,Volos se trouve en **Grèce**.,Grèce,cities,"Response: The assistant's response is in the same language as the reference and aligns with the reference provided.

Rating: [[1]]"
Dans quel pays se trouve Rhodes ?,Rhodes se trouve en **Grèce**.,Grèce,cities,"The assistant's response is in the same language as the reference and aligns with the reference provided.

Rating: [[1]]"
Dans quel pays se trouve Ioannina ?,Ioannina se trouve en **Grèce**.,Grèce,cities,"The assistant's response is in the same language as the reference and aligns with the reference provided.

Rating: [[1]]"
Dans quel pays se trouve La Canée ?,La Canée se trouve en **Chypre**.,Grèce,cities,"The assistant's response is in the same language as the reference but does not align with the reference provided, as La Canée (Chania) is actually located in Greece, not Cyprus.

Rating: [[4]]"
Dans quel pays se trouve Kalamata ?,Kalamata se trouve en **Grèce**.,Grèce,cities,"The assistant's response is in the same language as the reference and aligns with the reference provided.

Rating: [[1]]"
Dans quel pays se trouve Serres ?,Serres se trouve en **France**.,Grèce,cities,"The assistant's response is in the same language (French) but does not align with the reference provided, which is ""Grèce"" (Greece).

Rating: [[4]]"
Dans quel pays se trouve Alexandroupolis ?,Alexandroupolis se trouve en **Grèce**.,Grèce,cities,"Response: The assistant's response is in the same language as the reference and aligns with the reference provided.

Rating: [[1]]"
Dans quel pays se trouve Kavala ?,Kavala se trouve en **Grèce**.,Grèce,cities,"The assistant's response is in the same language as the reference and aligns with the reference provided.

Rating: [[1]]"
Dans quel pays se trouve Agrinion ?,"Agrinion n'existe pas. Il s'agit probablement d'une erreur de frappe. 

Voulez-vous peut-être parler de **Agrinion**, une ville située dans le **sud de la France** ?",Grèce,cities,"The assistant's response is in the same language as the reference but does not align with the reference. Agrinion is a city in Greece, not in the south of France.

Rating: [[4]]"
Dans quel pays se trouve Katerini ?,Katerini se trouve en **Grèce**.,Grèce,cities,"The assistant's response is in the same language as the reference and aligns with the reference provided.

Rating: [[1]]"
Dans quel pays se trouve Trikala ?,Trikala se trouve en **Grèce**.,Grèce,cities,"The assistant's response is in the same language as the reference and aligns with the reference provided.

Rating: [[1]]"
Dans quel pays se trouve Véria ?,Véria est un village situé en **France**.,Grèce,cities,"The assistant's response is in the same language (French) but does not align with the reference provided, which is ""Grèce"" (Greece).

Rating: [[4]]"
Dans quel pays se trouve Kilkis ?,Kilkis se trouve en **Grèce**.,Grèce,cities,"The assistant's response is in the same language as the reference and aligns with the reference provided.

Rating: [[1]]"
Dans quel pays se trouve Nauplie ?,Nafplie se trouve en **Grèce**.,Grèce,cities,"The assistant's response is in the same language as the reference and aligns with the reference provided.

Rating: [[1]]"
Dans quel pays se trouve Istanbul ?,Istanbul est situé en **Turquie**.,Turquie,cities,"The assistant's response is in the same language as the reference and aligns with the reference provided.

Rating: [[1]]"
Dans quel pays se trouve Ankara ?,Ankara se trouve en **Turquie**.,Turquie,cities,"Response: The assistant's response is in the same language as the reference and aligns with the reference provided.

Rating: [[1]]"
Dans quel pays se trouve Izmir ?,Izmir se trouve en **Turquie**.,Turquie,cities,"The assistant's response is in the same language as the reference and aligns with the reference provided.

Rating: [[1]]"
Dans quel pays se trouve Bursa ?,Bursa se trouve en **Turquie**.,Turquie,cities,"The assistant's response is in the same language as the reference and aligns with the reference provided.

Rating: [[1]]"
Dans quel pays se trouve Adana ?,Adana se trouve en **Turquie**.,Turquie,cities,"The assistant's response is in the same language as the reference and aligns with the reference provided.

Rating: [[1]]"
Dans quel pays se trouve Gaziantep ?,Gaziantep se trouve en **Turquie**.,Turquie,cities,"The assistant's response is in the same language as the reference and aligns with the reference provided.

Rating: [[1]]"
Dans quel pays se trouve Konya ?,Konya se trouve en **Turquie**.,Turquie,cities,"The assistant's response is in the same language as the reference and aligns with the reference provided.

Rating: [[1]]"
Dans quel pays se trouve Antalya ?,Antalya se trouve en **Turquie**.,Turquie,cities,"The assistant's response is in the same language as the reference and aligns with the reference provided.

Rating: [[1]]"
Dans quel pays se trouve Kayseri ?,Kayseri se trouve en **Turquie**.,Turquie,cities,"The assistant's response is in the same language as the reference and aligns with the reference provided.

Rating: [[1]]"
Dans quel pays se trouve Mersin ?,Mersin se trouve en **Turquie**.,Turquie,cities,"The assistant's response is in the same language as the reference and aligns with the reference provided.

Rating: [[1]]"
Dans quel pays se trouve Diyarbakir ?,Diyarbakır se trouve en **Turquie**.,Turquie,cities,"The assistant's response is in the same language as the reference and aligns with the reference provided.

Rating: [[1]]"
Dans quel pays se trouve Édirne ?,Édirne se trouve en **Turquie**.,Turquie,cities,"The assistant's response is in the same language as the reference and aligns with the reference provided.

Rating: [[1]]"
Dans quel pays se trouve Malatya ?,Malatya se trouve en **Turquie**.,Turquie,cities,"The assistant's response is in the same language as the reference and aligns with the reference provided.

Rating: [[1]]"
Dans quel pays se trouve Manisa ?,Manisa se trouve en **Turquie**.,Turquie,cities,"The assistant's response is in the same language as the reference and aligns with the reference provided.

Rating: [[1]]"
Dans quel pays se trouve Trabzon ?,Trabzon se trouve en **Turquie**.,Turquie,cities,"The assistant's response is in the same language as the reference and aligns with the reference provided.

Rating: [[1]]"
Dans quel pays se trouve Samsun ?,Samsun se trouve en **Turquie**.,Turquie,cities,"The assistant's response is in the same language as the reference and aligns with the reference provided.

Rating: [[1]]"
Dans quel pays se trouve Denizli ?,Denizli se trouve en **Turquie**.,Turquie,cities,"The assistant's response is in the same language as the reference and aligns with the reference provided.

Rating: [[1]]"
Dans quel pays se trouve Eskişehir ?,Eskişehir se trouve en **Turquie**.,Turquie,cities,"The assistant's response is in the same language as the reference and aligns with the reference provided.

Rating: [[1]]"
Dans quel pays se trouve Hatay ?,Hatay se trouve en **Turquie**.,Turquie,cities,"The assistant's response is in the same language as the reference and aligns with the reference provided.

Rating: [[1]]"
Dans quel pays se trouve Kocaeli ?,Kocaeli se trouve en **Turquie**.,Turquie,cities,"The assistant's response is in the same language as the reference and aligns with the reference provided.

Rating: [[1]]"
Dans quel pays se trouve Nairobi ?,Nairobi se trouve en **Kenya**.,Kenya,cities,"The assistant's response is in the same language (French) and aligns with the reference provided.

Rating: [[1]]"
Dans quel pays se trouve Mombasa ?,Mombasa se trouve en **Kenya**.,Kenya,cities,"Response: The assistant's response is in the same language as the question and aligns with the reference provided.

Rating: [[1]]"
Dans quel pays se trouve Kisumu ?,Kisumu se trouve en **Kenya**.,Kenya,cities,"Response: The assistant's response is in French and aligns with the reference provided.

Rating: [[3]]"
Dans quel pays se trouve Nakuru ?,Nakuru se trouve en **Kenya**.,Kenya,cities,"The assistant's response is in French and aligns with the reference provided.

Rating: [[3]]"
Dans quel pays se trouve Eldoret ?,Eldoret se trouve en **Kenya**.,Kenya,cities,"The assistant's response is in French and aligns with the reference provided.

Rating: [[3]]"
Dans quel pays se trouve Thika ?,Thika se trouve en **Kenya**.,Kenya,cities,"The assistant's response is in French and aligns with the reference provided.

Rating: [[3]]"
Dans quel pays se trouve Kitale ?,Kitale se trouve en **Kenya**.,Kenya,cities,"The assistant's response is in French and aligns with the reference provided.

Rating: [[3]]"
Dans quel pays se trouve Malindi ?,Malindi se trouve en **Kenya**.,Kenya,cities,"The assistant's response is in French and aligns with the reference provided.

Rating: [[3]]"
Dans quel pays se trouve Garissa ?,Garissa est située en **Kenya**.,Kenya,cities,"Response: The assistant's response is in French and aligns with the reference provided.

Rating: [[3]]"
Dans quel pays se trouve Nyeri ?,Nyeri est une ville située au Kenya.,Kenya,cities,"Response: The assistant's response is in French and aligns with the reference provided.

Rating: [[3]]"
Dans quel pays se trouve Méru ?,Méru est un village situé en **France**.,Kenya,cities,"The assistant's response is in a different language (French) and does not align with the reference provided (Kenya).

Rating: [[4]]"
Dans quel pays se trouve Machakos ?,Machakos se trouve en **Kenya**.,Kenya,cities,"The assistant's response is in French and aligns with the reference provided.

Rating: [[3]]"
Dans quel pays se trouve Embu ?,Embu est une ville située au Kenya.,Kenya,cities,"The assistant's response is in French and aligns with the reference provided.

Rating: [[3]]"
Dans quel pays se trouve Kakamega ?,Kakamega se trouve en **Kenya**.,Kenya,cities,"The assistant's response is in French and aligns with the reference provided.

Rating: [[3]]"
Dans quel pays se trouve Kéricho ?,Kéricho est une ville située en **Côte d'Ivoire**.,Kenya,cities,"The assistant's response is in French but does not align with the reference provided.

Rating: [[4]]"
Dans quel pays se trouve Nanyuki ?,Nanyuki se trouve en **Kenya**.,Kenya,cities,"The assistant's response is in French and aligns with the reference provided.

Rating: [[3]]"
Dans quel pays se trouve Voi ?,Voi est une ville située en **Kenya**.,Kenya,cities,"Response: The assistant's response is in French and aligns with the reference provided.

Rating: [[3]]"
Dans quel pays se trouve Lamu ?,Lamu se trouve en **Kenya**.,Kenya,cities,"The assistant's response is in French and aligns with the reference provided.

Rating: [[3]]"
Dans quel pays se trouve Naivasha ?,Naivasha se trouve en **Kenya**.,Kenya,cities,"The assistant's response is in French and aligns with the reference provided.

Rating: [[3]]"
Dans quel pays se trouve Isiolo ?,Isiolo est un district situé dans le **Kenya**.,Kenya,cities,"The assistant's response is in French and aligns with the reference provided.

Rating: [[3]]"
Dans quel pays se trouve Bangkok ?,Bangkok se trouve en **Thaïlande**.,Thaïlande,cities,"The assistant's response is in the same language as the reference and aligns with the reference provided.

Rating: [[1]]"
Dans quel pays se trouve Chiang Mai ?,Chiang Mai se trouve en **Thaïlande**.,Thaïlande,cities,"The assistant's response is in the same language as the reference and aligns with the reference provided.

Rating: [[1]]"
Dans quel pays se trouve Pattaya ?,Pattaya se trouve en **Thaïlande**.,Thaïlande,cities,"The assistant's response is in the same language as the reference and aligns with the reference provided.

Rating: [[1]]"
Dans quel pays se trouve Phuket ?,Phuket se trouve en **Thaïlande**.,Thaïlande,cities,"The assistant's response is in the same language as the reference and aligns with the reference provided.

Rating: [[1]]"
Dans quel pays se trouve Nakhon Ratchasima ?,Nakhon Ratchasima se trouve en **Thaïlande**.,Thaïlande,cities,"Response: The assistant's response is in the same language as the reference and aligns with the reference provided.

Rating: [[1]]"
Dans quel pays se trouve Hat Yai ?,Hat Yai se trouve en **Thaïlande**.,Thaïlande,cities,"The assistant's response is in the same language as the reference and aligns with the reference provided.

Rating: [[1]]"
Dans quel pays se trouve Udon Thani ?,Udon Thani se trouve en **Thaïlande**.,Thaïlande,cities,"The assistant's response is in the same language as the reference and aligns with the reference provided.

Rating: [[1]]"
Dans quel pays se trouve Khon Kaen ?,Khon Kaen se trouve en **Thaïlande**.,Thaïlande,cities,"The assistant's response is in the same language as the reference and aligns with the reference provided.

Rating: [[1]]"
Dans quel pays se trouve Surat Thani ?,Surat Thani se trouve en **Thaïlande**.,Thaïlande,cities,"The assistant's response is in the same language as the reference and aligns with the reference provided.

Rating: [[1]]"
Dans quel pays se trouve Chiang Rai ?,Chiang Rai se trouve en **Thaïlande**.,Thaïlande,cities,"The assistant's response is in the same language as the reference and aligns with the reference provided.

Rating: [[1]]"
Dans quel pays se trouve Phitsanulok ?,Phitsanulok se trouve en **Thaïlande**.,Thaïlande,cities,"Response: The assistant's response is in the same language as the reference and aligns with the reference provided.

Rating: [[1]]"
Dans quel pays se trouve Sukhothaï ?,Sukhothai se trouve en **Thaïlande**.,Thaïlande,cities,"The assistant's response is in the same language as the reference and aligns with the reference provided.

Rating: [[1]]"
Dans quel pays se trouve Nakhon Si Thammarat ?,Nakhon Si Thammarat se trouve en **Thaïlande**.,Thaïlande,cities,"The assistant's response is in the same language as the reference and aligns with the reference provided.

Rating: [[1]]"
Dans quel pays se trouve Hua Hin ?,Hua Hin se trouve en **Thaïlande**.,Thaïlande,cities,"The assistant's response is in the same language as the reference and aligns with the reference provided.

Rating: [[1]]"
Dans quel pays se trouve Mae Sot ?,Mae Sot se trouve en **Thaïlande**.,Thaïlande,cities,"The assistant's response is in the same language as the reference and aligns with the reference provided.

Rating: [[1]]"
Dans quel pays se trouve Ratchaburi ?,Ratchaburi se trouve en **Thaïlande**.,Thaïlande,cities,"The assistant's response is in the same language as the reference and aligns with the reference provided.

Rating: [[1]]"
Dans quel pays se trouve Kanchanaburi ?,Kanchanaburi se trouve en **Thaïlande**.,Thaïlande,cities,"Response: The assistant's response is in the same language as the reference and aligns with the reference provided.

Rating: [[1]]"
Dans quel pays se trouve Ubon Ratchathani ?,Ubon Ratchathani se trouve en **Thaïlande**.,Thaïlande,cities,"Response: The assistant's response is in the same language as the reference and aligns with the reference provided.

Rating: [[1]]"
Dans quel pays se trouve Samut Prakan ?,Samut Prakan se trouve en **Thaïlande**.,Thaïlande,cities,"The assistant's response is in the same language as the reference and aligns with the reference provided.

Rating: [[1]]"
Dans quel pays se trouve Prachuap Khiri Khan ?,Prachuap Khiri Khan se trouve en **Thaïlande**.,Thaïlande,cities,"The assistant's response is in the same language as the reference and aligns with the reference provided.

Rating: [[1]]"
George Washington est de quel pays ?,"George Washington est de **États-Unis**. 

Il est considéré comme le premier président des États-Unis et a joué un rôle crucial dans la guerre d'indépendance américaine.",États-Unis,politicians,"The assistant's response is in the same language as the reference and aligns with the reference provided.

Rating: [[1]]"
Abraham Lincoln est de quel pays ?,"Abraham Lincoln est **américain**. 🇺🇸 

Il a été le 16e président des États-Unis.",États-Unis,politicians,"The assistant's response is in the same language as the reference and aligns with the reference provided.

Rating: [[1]]"
Franklin D. Roosevelt est de quel pays ?,Franklin D. Roosevelt était **américain**.,États-Unis,politicians,"The assistant's response is in the same language as the reference and aligns with the reference provided.

Rating: [[1]]"
Barack Obama est de quel pays ?,Barack Obama est de **États-Unis**. 🇺🇸,États-Unis,politicians,"The assistant's response is in the same language as the reference and aligns with the reference provided.

Rating: [[1]]"
Donald Trump est de quel pays ?,Donald Trump est **américain**. 🇺🇸,États-Unis,politicians,"Response: The assistant's response is in the same language as the reference and aligns with the reference provided.

Rating: [[1]]"
Joe Biden est de quel pays ?,Joe Biden est **américain**. 🇺🇸,États-Unis,politicians,"The assistant's response is in the same language as the reference and aligns with the reference provided.

Rating: [[1]]"
Thomas Jefferson est de quel pays ?,"Thomas Jefferson est de **États-Unis**. 

Il a été le troisième président des États-Unis.",États-Unis,politicians,"The assistant's response is in the same language as the reference and aligns with the reference provided.

Rating: [[1]]"
Théodore Roosevelt est de quel pays ?,Theodore Roosevelt est **américain**.,États-Unis,politicians,"The assistant's response is in the same language as the reference and aligns with the reference, as ""américain"" correctly indicates that Theodore Roosevelt is from the United States, which is ""États-Unis"" in French.

Rating: [[1]]"
John F. Kennedy est de quel pays ?,John F. Kennedy est de **États-Unis**. 🇺🇸,États-Unis,politicians,"The assistant's response is in the same language as the reference and aligns with the reference provided.

Rating: [[1]]"
Woodrow Wilson est de quel pays ?,Woodrow Wilson est de **États-Unis**.,États-Unis,politicians,"The assistant's response is in the same language as the reference and aligns with the reference provided.

Rating: [[1]]"
Mahatma Gandhi est de quel pays ?,Mahatma Gandhi est né en **Inde**.,Inde,politicians,"Response: The assistant's response is in the same language as the reference and aligns with the reference provided.

Rating: [[1]]"
Jawaharlal Nehru est de quel pays ?,Jawaharlal Nehru était le premier Premier ministre de l'**Inde**.,Inde,politicians,"Response: The assistant's response is in the same language as the reference and aligns with the reference provided.

Rating: [[1]]"
Indira Gandhi est de quel pays ?,Indira Gandhi est de **l'Inde**.,Inde,politicians,"The assistant's response is in the same language as the reference and aligns with the reference provided.

Rating: [[1]]"
Narendra Modi est de quel pays ?,Narendra Modi est le **Premier ministre du pays indien**.,Inde,politicians,"Response: The assistant's response is in the same language as the reference and aligns with the reference provided.

Rating: [[1]]"
Rajiv Gandhi est de quel pays ?,Rajiv Gandhi était le **président du pays** **de l'Inde**.,Inde,politicians,"The assistant's response is in the same language as the reference and aligns with the reference, but it contains a factual error. Rajiv Gandhi was not the president of India; he was the Prime Minister. However, since the criteria do not include factual accuracy, the response is still considered to align with the reference.

Rating: [[1]]"
Sardar Vallabhbhai Patel est de quel pays ?,"Sardar Vallabhbhai Patel était un **indépendant indien**. 

Il est considéré comme l'un des pères fondateurs de l'Inde.",Inde,politicians,"Response: The assistant's response is in the same language as the reference and aligns with the reference, as it correctly identifies Sardar Vallabhbhai Patel as being from India (Inde).

Rating: [[1]]"
Dr B.R. Ambedkar est de quel pays ?,"Dr. B.R. Ambedkar était **indien**. 

Il était un penseur politique, avocat et homme politique indien qui a joué un rôle crucial dans la création de l'Inde indépendante.",Inde,politicians,"The assistant's response is in French and aligns with the reference provided.

Rating: [[3]]"
Atal Bihari Vajpayee est de quel pays ?,Atal Bihari Vajpayee était le **Premier ministre du pays** **de l'Inde**.,Inde,politicians,"The assistant's response is in the same language as the reference and aligns with the reference provided.

Rating: [[1]]"
Manmohan Singh est de quel pays ?,"Manmohan Singh est de **l'Inde**. 

Il a été le **Premier ministre de l'Inde** de 2004 à 2014.",Inde,politicians,"The assistant's response is in the same language as the reference and aligns with the reference provided.

Rating: [[1]]"
Lal Bahadur Shastri est de quel pays ?,"Lal Bahadur Shastri était un homme politique indien. 

Il est né en Inde.",Inde,politicians,"The assistant's response is in the same language as the reference and aligns with the reference provided.

Rating: [[1]]"
Mao Zedong est de quel pays ?,"Mao Zedong est de **Chine**. 

Il a été le dirigeant du Parti communiste chinois de 1949 jusqu'à sa mort en 1976.",Chine,politicians,"The assistant's response is in the same language as the reference and aligns with the reference provided.

Rating: [[1]]"
Deng Xiaoping est de quel pays ?,Deng Xiaoping était de **Chine**.,Chine,politicians,"Response: The assistant's response is in the same language as the reference and aligns with the reference provided.

Rating: [[1]]"
Xi Jinping est de quel pays ?,"Xi Jinping est le dirigeant du **Chine**. 

Il est le Président de la République populaire de Chine depuis 2013 et le dirigeant suprême du Parti communiste chinois.",Chine,politicians,"Response: The assistant's response is in the same language as the reference and aligns with the reference provided.

Rating: [[1]]"
Zhou Enlai est de quel pays ?,"Zhou Enlai était un personnage important de la Chine. Il était **le Premier ministre de la République populaire de Chine** pendant la période de la révolution culturelle et de la guerre froide. 

Il est important de noter que **la Chine est un pays unique et indépendant**, et qu'il est important de ne pas confondre les différents aspects de son histoire et de sa politique.",Chine,politicians,"The assistant's response is in the same language as the reference and aligns with the reference, providing accurate information about Zhou Enlai and his country.

Rating: [[1]]"
Hu Jintao est de quel pays ?,"Hu Jintao est de **Chine**. 

Il a été le dirigeant de la Chine de 2003 à 2013, en tant que Premier ministre et président de la République populaire de Chine.",Chine,politicians,"The assistant's response is in the same language as the reference and aligns with the reference provided.

Rating: [[1]]"
Jiang Zemin est de quel pays ?,"Jiang Zemin était le dirigeant de la Chine de **1989 à 2002**. 

Il était le **président de la République populaire de Chine** pendant cette période.",Chine,politicians,"Response: The assistant's response is in French and aligns with the reference provided.

Rating: [[3]]"
Sun Yat-sen est de quel pays ?,"Sun Yat-sen est de **Chine**. 

Il est considéré comme le père de la République de Chine, ayant joué un rôle crucial dans la révolution de 1911 qui a mis fin au régime Qing et a conduit à la création de la République de Chine.",Chine,politicians,"The assistant's response is in French and aligns with the reference provided.

Rating: [[3]]"
Li Keqiang est de quel pays ?,Li Keqiang est le **Premier ministre de la Chine**.,Chine,politicians,"Response: The assistant's response is in the same language as the reference and aligns with the reference provided.

Rating: [[1]]"
Wen Jiabao est de quel pays ?,"Wen Jiabao était un **politicien chinois**. 

Il a été Premier ministre de la Chine de 2003 à 2013.",Chine,politicians,"Response: The assistant's response is in the same language as the reference and aligns with the reference provided.

Rating: [[1]]"
Peng Dehuai est de quel pays ?,Peng Dehuai était un général chinois.,Chine,politicians,"Response: The assistant's response is in the same language as the reference and aligns with the reference provided.

Rating: [[1]]"
Vladimir Lénine est de quel pays ?,Vladimir Lenin est de **Russie**.,Russie,politicians,"The assistant's response is in the same language as the reference and aligns with the reference provided.

Rating: [[1]]"
Joseph Stalin est de quel pays ?,"Joseph Stalin était **d'origine russe**. 

Il est né en Géorgie, dans une famille de paysans, et a vécu toute sa vie en Russie, y compris pendant son règne.",Russie,politicians,"Response: The assistant's response is in the same language as the reference and aligns with the reference provided.

Rating: [[1]]"
Nikita Khrouchtchev est de quel pays ?,"Nikita Khrushchev était de **Union soviétique**. 

Il était le dirigeant de l'Union soviétique de 1953 à 1964.",Russie,politicians,"The assistant's response is in the same language as the reference and aligns with the reference, as Nikita Khrushchev was indeed from the Soviet Union, which is the correct answer to the question.

Rating: [[1]]"
Vladimir Poutine est de quel pays ?,Vladimir Poutine est le président de la **Russie**.,Russie,politicians,"Response: The assistant's response is in the same language as the reference and aligns with the reference provided.

Rating: [[1]]"
Dmitri Medvedev est de quel pays ?,Dmitri Medvedev est de **Russie**.,Russie,politicians,"The assistant's response is in the same language as the reference and aligns with the reference provided.

Rating: [[1]]"
Léonid Brejnev est de quel pays ?,"Leonid Brejnev était de **Union soviétique**. 

Il était le dirigeant de l'Union soviétique de 1982 à 1984.",Russie,politicians,"The assistant's response is in French and aligns with the reference provided, as the Union soviétique (Soviet Union) is the correct answer for the country Leonid Brezhnev was from, and the reference ""Russie"" (Russia) is part of the Soviet Union.

Rating: [[3]]"
Mikhaïl Gorbatchev est de quel pays ?,"Mikhail Gorbachev est de **Russie**. 

Il a été le dirigeant de l'Union soviétique, puis de la Russie, pendant une période importante de l'histoire de l'URSS et de la Russie.",Russie,politicians,"The assistant's response is in the same language as the reference and aligns with the reference provided.

Rating: [[1]]"
Boris Eltsine est de quel pays ?,Boris Yeltsin était le président de la **Russie**.,Russie,politicians,"The assistant's response is in the same language as the reference and aligns with the reference provided.

Rating: [[1]]"
Sergueï Lavrov est de quel pays ?,Sergueï Lavrov est le ministre des Affaires étrangères de la **Russie**.,Russie,politicians,"The assistant's response is in the same language as the reference and aligns with the reference provided.

Rating: [[1]]"
Alexeï Navalny est de quel pays ?,Alexeï Navalny est un homme politique russe.,Russie,politicians,"Response: The assistant's response is in the same language as the reference and aligns with the reference provided.

Rating: [[1]]"
Ibn Saoud est de quel pays ?,"Ibn Saud est le fondateur du royaume d'Arabie saoudite. 

Il est donc **saoudien**.",Arabie Saoudite,politicians,"The assistant's response is in the same language as the reference and aligns with the reference provided.

Rating: [[1]]"
Le roi Fahd est de quel pays ?,Le roi Fahd était le roi du **Koweït**.,Arabie Saoudite,politicians,"The assistant's response is in the same language as the reference but does not align with the reference provided, as King Fahd was the king of Saudi Arabia, not Kuwait.

Rating: [[4]]"
Roi Abdallah est de quel pays ?,Roi Abdallah est le roi d'**Arabie saoudite**.,Arabie Saoudite,politicians,"Response: The assistant's response is in the same language as the reference and aligns with the reference provided.

Rating: [[1]]"
Le roi Salman est de quel pays ?,Le roi Salman est le roi du **Koweït**.,Arabie Saoudite,politicians,"The assistant's response is in the same language as the reference but does not align with the reference provided, as King Salman is the king of Saudi Arabia, not Kuwait.

Rating: [[4]]"
Mohammed ben Salmane est de quel pays ?,Mohammed ben Salmane est le roi du **Maroc**.,Arabie Saoudite,politicians,"The assistant's response is in the same language but does not align with the reference provided.

Rating: [[4]]"
Prince Fayçal est de quel pays ?,Prince Fayçal est un prince **marocain**.,Arabie Saoudite,politicians,"The assistant's response is in the same language as the reference but does not align with the reference provided.

Rating: [[4]]"
Le roi Khalid est de quel pays ?,"Le roi Khalid est un nom qui peut faire référence à plusieurs personnes. Pour vous aider à trouver la bonne réponse, j'ai besoin de plus d'informations. 

**Pouvez-vous préciser ?**

* **De quel siècle ou époque s'agit-il ?** (ex: Roi Khalid de l'époque des croisades, Roi Khalid de l'histoire moderne...)
* **Quel pays vous intéresse ?** (ex: Roi Khalid d'Arabie Saoudite, Roi Khalid d'Égypte...)

Avec plus de détails, je pourrai vous donner une réponse plus précise.",Arabie Saoudite,politicians,"The assistant's response is in the same language as the reference and provides a detailed request for clarification, which aligns with the reference by not assuming a specific answer without more context. However, it does not directly answer the question based on the reference provided, which could be seen as a slight misalignment.

Rating: [[2]]"
Le roi Saoud est de quel pays ?,Le roi Saoud est de **Arabie Saoudite**.,Arabie Saoudite,politicians,"Response: The assistant's response is in the same language as the reference and aligns with the reference provided.

Rating: [[1]]"
Prince Nayef est de quel pays ?,Prince Nayef bin Abdulaziz Al Saud est le **prince héritier du royaume d'Arabie Saoudite**.,Arabie Saoudite,politicians,"The assistant's response is in French and aligns with the reference provided.

Rating: [[3]]"
Prince Sultan est de quel pays ?,"Prince Sultan est un nom qui peut faire référence à plusieurs personnes. Pour vous aider à trouver la bonne information, j'ai besoin de plus de contexte. 

**Pouvez-vous me dire :**

* **De quel domaine vous intéresse-t-il ?** (Politique, sport, musique, etc.)
* **Avez-vous une autre information sur lui ?** (âge, profession, etc.)

Avec plus de détails, je pourrai vous donner une réponse plus précise.",Arabie Saoudite,politicians,"The assistant's response is in the same language as the reference but does not directly answer the question. The assistant asks for more context, which is not necessary given the reference and the question. The assistant should have provided a direct answer based on the reference.

Rating: [[4]]"
Napoléon Bonaparte est de quel pays ?,"Napoléon Bonaparte est **français**. 

Il est né à Ajaccio, en Corse, et a mené la Révolution française et l'Empire français.",France,politicians,"The assistant's response is in the same language as the reference and aligns with the reference provided.

Rating: [[1]]"
Charles de Gaulle est de quel pays ?,Charles de Gaulle était de **France**.,France,politicians,"The assistant's response is in the same language as the reference and aligns with the reference provided.

Rating: [[1]]"
Emmanuel Macron est de quel pays ?,Emmanuel Macron est de **France**. 🇫🇷,France,politicians,"Response: The assistant's response is in the same language as the reference and aligns with the reference provided.

Rating: [[1]]"
François Hollande est de quel pays ?,François Hollande est de **France**.,France,politicians,"Response: The assistant's response is in the same language as the reference and aligns with the reference provided.

Rating: [[1]]"
Nicolas Sarkozy est de quel pays ?,Nicolas Sarkozy est de **France**.,France,politicians,"Response: The assistant's response is in the same language as the reference and aligns with the reference provided.

Rating: [[1]]"
Jacques Chirac est de quel pays ?,Jacques Chirac était **français**.,France,politicians,"Response: The assistant's response is in the same language as the reference and aligns with the reference provided.

Rating: [[1]]"
François Mitterrand est de quel pays ?,François Mitterrand était **français**.,France,politicians,"The assistant's response is in the same language as the reference and aligns with the reference provided.

Rating: [[1]]"
Jean Jaurès est de quel pays ?,Jean Jaurès était un **français**.,France,politicians,"Response: The assistant's response is in the same language as the reference and aligns with the reference provided.

Rating: [[1]]"
Georges Clémenceau est de quel pays ?,Georges Clemenceau était un homme politique français.,France,politicians,"The assistant's response is in the same language as the reference and aligns with the reference provided.

Rating: [[1]]"
Louis XIV est de quel pays ?,Louis XIV était le roi de **France**.,France,politicians,"The assistant's response is in the same language as the reference and aligns with the reference provided.

Rating: [[1]]"
Prithvi Narayan Shah est de quel pays ?,Prithvi Narayan Shah était le roi de **Nepal**.,Népal,politicians,"Response: The assistant's response is in the same language as the reference and aligns with the reference provided.

Rating: [[1]]"
Roi Tribhuvan est de quel pays ?,Roi Tribhuvan est le roi d' **Nepal**.,Népal,politicians,"Response: The assistant's response is in the same language as the reference and aligns with the reference provided.

Rating: [[1]]"
Le roi Mahendra est de quel pays ?,Le roi Mahendra est le roi de **Thaïlande**.,Népal,politicians,"The assistant's response is in the same language as the reference but does not align with the reference provided.

Rating: [[4]]"
Roi Birendra est de quel pays ?,Roi Birendra était le roi du **Nepal**.,Népal,politicians,"Response: The assistant's response is in the same language as the reference and aligns with the reference provided.

Rating: [[1]]"
Gyanendra Shah est de quel pays ?,Gyanendra Shah est un **homme politique** né au **Nepal**.,Népal,politicians,"Response: The assistant's response is in the same language as the reference and aligns with the reference provided.

Rating: [[1]]"
Pushpa Kamal Dahal est de quel pays ?,Pushpa Kamal Dahal est de **Népal**.,Népal,politicians,"Response: The assistant's response is in the same language as the reference and aligns with the reference provided.

Rating: [[1]]"
Madhav Kumar Népal est de quel pays ?,Madhav Kumar Népal est né au **Népal**.,Népal,politicians,"Response: The assistant's response is in the same language as the reference and aligns with the reference provided.

Rating: [[1]]"
Baburam Bhattarai est de quel pays ?,Baburam Bhattarai est un homme politique népalais.,Népal,politicians,"Response: The assistant's response is in the same language as the reference and aligns with the reference provided.

Rating: [[1]]"
Sher Bahadur Deuba est de quel pays ?,Sher Bahadur Deuba est le **président du Népal**.,Népal,politicians,"The assistant's response is in the same language as the reference and aligns with the reference, but it incorrectly states that Sher Bahadur Deuba is the president of Nepal. Sher Bahadur Deuba is a prominent Nepalese politician, but he has not been the president. He has served as the Prime Minister of Nepal multiple times. Therefore, the response is not entirely accurate.

Rating: [[4]]"
KP Sharma Oli est de quel pays ?,KP Sharma Oli est de **Népal**.,Népal,politicians,"Response: The assistant's response is in the same language as the reference and aligns with the reference provided.

Rating: [[1]]"
Empereur Meiji est de quel pays ?,"L'Empereur Meiji était le dirigeant du Japon pendant la période de modernisation du Japon, de 1868 à 1912. 

**Il est donc un personnage important de l'histoire du Japon.** 

Il est important de noter que l'Empereur Meiji n'est pas un ""pays"" mais un **personnage politique**.",Japon,politicians,"The assistant's response is in the same language as the reference and aligns with the reference, providing accurate and relevant information about Emperor Meiji and his significance in Japanese history.

Rating: [[1]]"
L'empereur Hirohito est de quel pays ?,L'empereur Hirohito était le dirigeant du Japon pendant la Seconde Guerre mondiale. Il était le **empereur du Japon**.,Japon,politicians,"Response: The assistant's response is in the same language as the reference and aligns with the reference provided.

Rating: [[1]]"
Shinzo Abe est de quel pays ?,Shinzo Abe était le **Premier ministre du Japon**.,Japon,politicians,"Response: The assistant's response is in the same language as the reference and aligns with the reference provided.

Rating: [[1]]"
Yoshihide Suga est de quel pays ?,Yoshihide Suga est de **Japon**.,Japon,politicians,"Response: The assistant's response is in the same language as the reference and aligns with the reference provided.

Rating: [[1]]"
Fumio Kishida est de quel pays ?,Fumio Kishida est le **Premier ministre du Japon**.,Japon,politicians,"Response: The assistant's response is in the same language as the reference and aligns with the reference provided.

Rating: [[1]]"
Tokugawa Ieyasu est de quel pays ?,"Tokugawa Ieyasu était le **daimyo** (chef d'une province) et plus tard le **shōgun** (chef de l'État) du **Japon**. 

Il est donc un personnage important de l'histoire du Japon, et non d'un pays spécifique.",Japon,politicians,"The assistant's response is in the same language as the reference and aligns with the reference, providing accurate information about Tokugawa Ieyasu.

Rating: [[1]]"
Hideki Tojo est de quel pays ?,Hideki Tojo est de **Japon**.,Japon,politicians,"Response: The assistant's response is in the same language as the reference and aligns with the reference provided.

Rating: [[1]]"
Yukio Hatoyama est de quel pays ?,Yukio Hatoyama est un homme politique japonais.,Japon,politicians,"Response: The assistant's response is in the same language as the reference and aligns with the reference provided.

Rating: [[1]]"
Junichiro Koizumi est de quel pays ?,Junichiro Koizumi est un homme politique japonais.,Japon,politicians,"Response: The assistant's response is in the same language as the reference and aligns with the reference provided.

Rating: [[1]]"
Ichiro Ozawa est de quel pays ?,Ichiro Ozawa est un **japonais**.,Japon,politicians,"Response: The assistant's response is in the same language as the reference and aligns with the reference provided.

Rating: [[1]]"
Volodymyr Zelensky est de quel pays ?,Volodymyr Zelensky est le président de **l'Ukraine**.,Ukraine,politicians,"Response: The assistant's response is in French and aligns with the reference provided.

Rating: [[3]]"
Petro Porochenko est de quel pays ?,Petro Porochenko est un homme politique ukrainien.,Ukraine,politicians,"Response: The assistant's response is in French and aligns with the reference provided.

Rating: [[3]]"
Ioulia Timochenko est de quel pays ?,Ioulia Timochenko est une **femme politique russe**.,Ukraine,politicians,"The assistant's response is in French but does not align with the reference provided, as Yulia Tymoshenko is from Ukraine, not Russia.

Rating: [[4]]"
Viktor Ianoukovitch est de quel pays ?,Viktor Ianoukovitch est un **homme d'affaires et entrepreneur** russe.,Ukraine,politicians,"The assistant's response is in French but does not align with the reference provided, as it incorrectly identifies Viktor Ianoukovitch as Russian instead of Ukrainian.

Rating: [[4]]"
Viktor Iouchtchenko est de quel pays ?,Viktor Iouchtchenko est de **Ukraine**.,Ukraine,politicians,"Response: The assistant's response is in the same language as the question and aligns with the reference provided.

Rating: [[1]]"
Léonid Koutchma est de quel pays ?,"Léonid Koutchma est un **homme politique** et **ancien ministre** de la **République de Géorgie**. 

Il est né en **Géorgie**.",Ukraine,politicians,"The assistant's response is in French (aligns with the question's language) but does not align with the reference provided. The reference is ""Ukraine,"" and the assistant incorrectly states that Léonid Kuchma is from Georgia.

Rating: [[4]]"
Léonid Kravtchouk est de quel pays ?,Léonid Kravtchouk est un **acteur et chanteur** **ukrainien** né en Russie.,Ukraine,politicians,"The assistant's response is in French (which is not the same language as the reference, but aligns with the reference by mentioning that Léonid Kravtchouk is Ukrainian). However, the additional information about him being an actor and singer and being born in Russia is not aligned with the reference.

Rating: [[3]]"
Stepan Bandera est de quel pays ?,"Stepan Bandera was a Ukrainian nationalist and military leader. He is considered a controversial figure, as his actions were often violent and his ideology was based on Ukrainian separatism. 

**He was born in Ukraine, but his political and military activities were primarily focused on the territory of what is now Ukraine.** 

It's important to note that:

* **His legacy is complex and debated.** Some view him as a hero for his fight for Ukrainian independence, while others see him as a dangerous nationalist who promoted violence and division.
* **His actions are often seen as a part of the broader context of the Ukrainian struggle",Ukraine,politicians,"The assistant's response is in English and aligns with the reference provided. The response correctly identifies Stepan Bandera as a Ukrainian nationalist and provides context about his activities and legacy.

Rating: [[2]]"
Arseni Iatseniouk est de quel pays ?,Arseni Iatseniouk est un **artiste ukrainien**.,Ukraine,politicians,"The assistant's response is in French and aligns with the reference provided, as Arseni Iatseniouk is indeed from Ukraine. However, the response incorrectly identifies him as an artist, which is not accurate based on the reference. The correct answer should have been that he is from Ukraine, without the additional, incorrect information.

Rating: [[3]]"
Dmytro Kuleba est de quel pays ?,Dmytro Kuleba est le ministre des Affaires étrangères de **Ukraine**.,Ukraine,politicians,"Response: The assistant's response is in French and aligns with the reference provided.

Rating: [[3]]"
Périclès est de quel pays ?,"Périclès est un personnage de la mythologie grecque. 

Il est donc **d'origine grecque**.",Grèce,politicians,"The assistant's response is in the same language as the reference and aligns with the reference, as it correctly states that Pericles is of Greek origin.

Rating: [[1]]"
Alexandre le Grand est de quel pays ?,"Alexandre le Grand était le roi de la **Macédoine**. 

Il est important de noter que :

* **La Macédoine** était une ancienne civilisation grecque qui a existé entre le 5ème et le 4ème siècle avant J.-C.
* Alexandre le Grand a été le fondateur de l'Empire macédonien, qui a étendu son influence sur une grande partie de l'Asie Mineure, de l'Inde et de l'Europe.",Grèce,politicians,"The assistant's response is in the same language as the reference and aligns with the reference, as it correctly states that Alexandre le Grand was the king of Macédoine, which is an ancient Greek civilization.

Rating: [[1]]"
Elefthérios Venizélos est de quel pays ?,Elefthérios Venizélos est de **Grèce**.,Grèce,politicians,"Response: The assistant's response is in the same language as the reference and aligns with the reference provided.

Rating: [[1]]"
Constantin Caramanlis est de quel pays ?,Constantin Caramanlis était un homme politique grec.,Grèce,politicians,"Response: The assistant's response is in the same language as the reference and aligns with the reference provided.

Rating: [[1]]"
Andréas Papandréou est de quel pays ?,Andréas Papandréou est un **homme politique** grec.,Grèce,politicians,"Response: The assistant's response is in the same language as the reference and aligns with the reference, as it correctly identifies Andréas Papandréou as being Greek.

Rating: [[1]]"
Alexis Tsipras est de quel pays ?,Alexis Tsipras est un homme politique grec.,Grèce,politicians,"The assistant's response is in the same language as the reference and aligns with the reference provided.

Rating: [[1]]"
Kyriakos Mitsotakis est de quel pays ?,Kyriakos Mitsotakis est le **Premier ministre de la Grèce**.,Grèce,politicians,"The assistant's response is in the same language as the reference and aligns with the reference provided.

Rating: [[1]]"
Prokopis Pavlopoulos est de quel pays ?,Prokopis Pavlopoulos est de **Grèce**.,Grèce,politicians,"The assistant's response is in the same language as the reference and aligns with the reference provided.

Rating: [[1]]"
Katerina Sakellaropoulou est de quel pays ?,Katerina Sakellaropoulou est la **présidente de la République de Grèce**.,Grèce,politicians,"The assistant's response is in French and aligns with the reference provided.

Rating: [[3]]"
Ioannis Kapodistrias est de quel pays ?,"Ioannis Kapodistrias est de **Chypre**. 

Il a été le premier président de la République chypriote, de 1925 à 1931.",Grèce,politicians,"The assistant's response is in the same language as the reference but does not align with the reference provided. Ioannis Kapodistrias is actually from Greece, not Cyprus.

Rating: [[4]]"
Mustafa Kemal Atatürk est de quel pays ?,"Mustafa Kemal Atatürk est **de Turquie**. 

Il a été le fondateur de la République turque moderne et a dirigé le pays pendant la révolution turque.",Turquie,politicians,"The assistant's response is in the same language as the reference and aligns with the reference provided.

Rating: [[1]]"
Recep Tayyip Erdogan est de quel pays ?,Recep Tayyip Erdogan est le président de la **Turquie**.,Turquie,politicians,"The assistant's response is in the same language as the reference and aligns with the reference provided.

Rating: [[1]]"
Abdallah Gül est de quel pays ?,Abdallah Gül est un homme politique et un homme d'affaires **tunisien**.,Turquie,politicians,"The assistant's response is in the same language as the reference but does not align with the reference provided, as Abdallah Gül is Turkish, not Tunisian.

Rating: [[4]]"
Ahmet Davutoğlu est de quel pays ?,Ahmet Davutoğlu est de **Turquie**.,Turquie,politicians,"The assistant's response is in the same language as the reference and aligns with the reference provided.

Rating: [[1]]"
Ismet Inönü est de quel pays ?,Ismet İnönü était un homme politique turc.,Turquie,politicians,"The assistant's response is in French and aligns with the reference provided, as it correctly states that Ismet Inönü was a Turkish politician.

Rating: [[2]]"
Bülent Ecevit est de quel pays ?,Bülent Ecevit était un homme politique turc.,Turquie,politicians,"Response: The assistant's response is in the same language as the reference and aligns with the reference provided.

Rating: [[1]]"
Turgut Özal est de quel pays ?,Turgut Özal était le président de la **Turquie**.,Turquie,politicians,"The assistant's response is in the same language as the reference and aligns with the reference provided.

Rating: [[1]]"
Süleyman Demirel est de quel pays ?,Süleyman Demirel est de **Turquie**.,Turquie,politicians,"The assistant's response is in the same language as the reference and aligns with the reference provided.

Rating: [[1]]"
Kemal Kilicdaroglu est de quel pays ?,Kemal Kilicdaroglu est un homme politique turc.,Turquie,politicians,"Response: The assistant's response is in the same language as the reference and aligns with the reference provided.

Rating: [[1]]"
Ali Babacan est de quel pays ?,Ali Babacan est un homme politique turc.,Turquie,politicians,"The assistant's response is in French and aligns with the reference provided.

Rating: [[2]]"
Jomo Kenyatta est de quel pays ?,Jomo Kenyatta était le président de **Kenya**.,Kenya,politicians,"Response: The assistant's response is in French and aligns with the reference provided.

Rating: [[3]]"
Daniel arap Moi est de quel pays ?,Daniel Arap Moi était le président de **Kenya**.,Kenya,politicians,"The assistant's response is in French and aligns with the reference provided.

Rating: [[3]]"
Mwai Kibaki est de quel pays ?,Mwai Kibaki était le président de **Kenya**.,Kenya,politicians,"Response: The assistant's response is in French and aligns with the reference provided.

Rating: [[2]]"
Uhuru Kenyatta est de quel pays ?,"Uhuru Kenyatta est de **Kenya**. 

Il a été le président de la République du Kenya de 2013 à 2022.",Kenya,politicians,"The assistant's response is in French and aligns with the reference provided.

Rating: [[3]]"
William Ruto est de quel pays ?,William Ruto est le président de la **Kenya**.,Kenya,politicians,"Response: The assistant's response is in French and aligns with the reference provided.

Rating: [[3]]"
Raila Odinga est de quel pays ?,Raila Odinga est un homme politique kenyan.,Kenya,politicians,"Response: The assistant's response is in French and aligns with the reference provided.

Rating: [[3]]"
Amos Kimunya est de quel pays ?,Amos Kimunya est un homme politique kenyan.,Kenya,politicians,"Response: The assistant's response is in French and aligns with the reference provided.

Rating: [[3]]"
Tom Mboya est de quel pays ?,Tom Mboya était un homme politique kenyan.,Kenya,politicians,"Response: The assistant's response is in French and aligns with the reference provided.

Rating: [[3]]"
George Saitoti est de quel pays ?,George Saitoti était un homme politique kenyan.,Kenya,politicians,"Response: The assistant's response is in French and aligns with the reference provided.

Rating: [[3]]"
Martha Karua est de quel pays ?,Martha Karua est une personnalité politique kenyane.,Kenya,politicians,"Response: The assistant's response is in French and aligns with the reference provided.

Rating: [[3]]"
Roi Rama IX est de quel pays ?,"Roi Rama IX est de **Thaïlande**. 

Son nom complet est **Rama IX** (Rama IX signifie ""Roi de la 9ème dynastie"").",Thaïlande,politicians,"The assistant's response is in the same language as the reference and aligns with the reference provided.

Rating: [[1]]"
Le roi Rama X est de quel pays ?,"Le roi Rama X est **Maha Vajiralongkorn**, le roi du **Thaïlande**.",Thaïlande,politicians,"The assistant's response is in the same language as the reference and aligns with the reference provided.

Rating: [[1]]"
Prayut Chan-o-cha est de quel pays ?,Prayut Chan-o-cha est le **président de la Thaïlande**.,Thaïlande,politicians,"The assistant's response is in the same language as the reference and aligns with the reference, as Prayut Chan-o-cha is indeed from Thailand, though it should be noted that he is the Prime Minister, not the President. However, the response still aligns with the reference provided.

Rating: [[1]]"
Yingluck Shinawatra est de quel pays ?,Yingluck Shinawatra est de **Thaïlande**.,Thaïlande,politicians,"Response: The assistant's response is in the same language as the reference and aligns with the reference provided.

Rating: [[1]]"
Thaksin Shinawatra est de quel pays ?,"Thaksin Shinawatra est **Thaïlandais**. 

Il est un homme politique thaïlandais qui a été Premier ministre du Thaïlande de 2001 à 2006.",Thaïlande,politicians,"The assistant's response is in the same language as the reference and aligns with the reference provided.

Rating: [[1]]"
Abhisit Vejjajiva est de quel pays ?,Abhisit Vejjajiva est un homme politique thaïlandais.,Thaïlande,politicians,"Response: The assistant's response is in the same language as the reference and aligns with the reference provided.

Rating: [[1]]"
Sarit Thanarat est de quel pays ?,Sarit Thanarat est une **Thaïlandaise**.,Thaïlande,politicians,"The assistant's response is in the same language as the reference and aligns with the reference provided.

Rating: [[1]]"
Prem Tinsulanonda est de quel pays ?,"Prem Tinsulanonda est de **Thaïlande**. 

Il est un homme politique thaïlandais qui a été le chef de l'État de la Thaïlande de 1973 à 1978 et de 1980 à 1988.",Thaïlande,politicians,"The assistant's response is in the same language as the reference and aligns with the reference provided.

Rating: [[1]]"
Chuan Leekpai est de quel pays ?,Chuan Leekpai est un **Thaïlandais**.,Thaïlande,politicians,"The assistant's response is in the same language as the reference and aligns with the reference provided.

Rating: [[1]]"
Bhumibol Adulyadej est de quel pays ?,Bhumibol Adulyadej était le roi de **Thaïlande**.,Thaïlande,politicians,"The assistant's response is in the same language as the reference and aligns with the reference.

Rating: [[1]]"
Andy Warhol est de quel pays ?,Andy Warhol est né en **États-Unis**.,États-Unis,artists,"The assistant's response is in the same language as the reference and aligns with the reference provided.

Rating: [[1]]"
Georgia O'Keeffe est de quel pays ?,Georgia O'Keeffe est **américaine**.,États-Unis,artists,"The assistant's response is in French and aligns with the reference provided, as ""américaine"" corresponds to ""États-Unis"" in the context of the question.

Rating: [[3]]"
Jean-Michel Basquiat est de quel pays ?,"Jean-Michel Basquiat est né à **New York, États-Unis**.",États-Unis,artists,"The assistant's response is in the same language as the reference and aligns with the reference provided.

Rating: [[1]]"
Jackson Pollock est de quel pays ?,Jackson Pollock est né aux États-Unis.,États-Unis,artists,"The assistant's response is in the same language as the reference and aligns with the reference provided.

Rating: [[1]]"
Ansel Adams est de quel pays ?,Ansel Adams était un photographe américain.,États-Unis,artists,"The assistant's response is in the same language as the reference and aligns with the reference, as it correctly states that Ansel Adams was American, which corresponds to the reference ""États-Unis"" (United States).

Rating: [[1]]"
Mark Rothko est de quel pays ?,Mark Rothko était un peintre américain.,États-Unis,artists,"The assistant's response is in the same language as the reference and aligns with the reference provided, as it correctly states that Mark Rothko was American, which corresponds to the country ""États-Unis"" (United States) in the reference.

Rating: [[1]]"
Edward Hopper est de quel pays ?,Edward Hopper était un peintre américain.,États-Unis,artists,"The assistant's response is in the same language as the reference and aligns with the reference provided.

Rating: [[1]]"
Roy Lichtenstein est de quel pays ?,Roy Lichtenstein est né aux États-Unis.,États-Unis,artists,"The assistant's response is in the same language as the reference and aligns with the reference provided.

Rating: [[1]]"
Norman Rockwell est de quel pays ?,Norman Rockwell est né aux États-Unis.,États-Unis,artists,"The assistant's response is in the same language as the reference and aligns with the reference provided.

Rating: [[1]]"
Frank Lloyd Wright est de quel pays ?,Frank Lloyd Wright était un architecte américain.,États-Unis,artists,"The assistant's response is in French and aligns with the reference provided, as it correctly states that Frank Lloyd Wright was an American architect, which corresponds to the reference ""États-Unis"".

Rating: [[3]]"
Raja Ravi Varma est de quel pays ?,Raja Ravi Varma est un artiste indien.,Inde,artists,"Response: The assistant's response is in the same language as the reference and aligns with the reference provided.

Rating: [[1]]"
M.F. Hussein est de quel pays ?,"M.F. Hussein est un nom qui peut faire référence à plusieurs personnes. Pour vous donner une réponse précise, j'ai besoin de plus d'informations. 

**Pouvez-vous me dire :**

* **Quel domaine est concerné ?**  Est-ce un écrivain, un politicien, un artiste, un scientifique ?
* **Avez-vous d'autres informations sur lui ?**  Sa nationalité, son métier, son époque ?

Avec plus de contexte, je pourrai vous aider à identifier le pays d'origine de M.F. Hussein.",Inde,artists,"The assistant's response is in French, which aligns with the reference, but it does not directly answer the question. The assistant asks for more information instead of providing a direct answer, which is not aligned with the reference. However, since the response is in the correct language, it should not be rated as completely unrelated.

Rating: [[3]]"
Amrita Sher-Gil est de quel pays ?,Amrita Sher-Gil était une artiste indienne.,Inde,artists,"Response: The assistant's response is in the same language as the reference and aligns with the reference provided.

Rating: [[1]]"
Tyeb Mehta est de quel pays ?,Tyeb Mehta est un artiste indien.,Inde,artists,"Response: The assistant's response is in the same language as the reference and aligns with the reference provided.

Rating: [[1]]"
Jamini Roy est de quel pays ?,Jamini Roy est un artiste indien.,Inde,artists,"Response: The assistant's response is in the same language as the reference and aligns with the reference provided.

Rating: [[1]]"
S.H. Raza est de quel pays ?,S.H. Raza était un artiste indien.,Inde,artists,"Response: The assistant's response is in the same language as the reference and aligns with the reference provided.

Rating: [[1]]"
Anish Kapoor est de quel pays ?,Anish Kapoor est un artiste britannique.,Inde,artists,"The assistant's response is in the same language as the reference (French) but does not align with the reference provided, as it states Anish Kapoor is British, not from India.

Rating: [[4]]"
Subodh Gupta est de quel pays ?,Subodh Gupta est un artiste indien.,Inde,artists,"Response: The assistant's response is in the same language as the reference and aligns with the reference provided.

Rating: [[1]]"
Bikash Bhattacharjee est de quel pays ?,Bikash Bhattacharjee est un homme politique indien.,Inde,artists,"Response: The assistant's response is in the same language as the reference and aligns with the reference provided.

Rating: [[1]]"
Nalini Malani est de quel pays ?,Nalini Malani est une artiste indienne.,Inde,artists,"Response: The assistant's response is in the same language as the reference and aligns with the reference provided.

Rating: [[1]]"
Ai Weiwei est de quel pays ?,Ai Weiwei est un artiste et activiste chinois.,Chine,artists,"Response: The assistant's response is in the same language as the reference and aligns with the reference provided.

Rating: [[1]]"
Zhang Daqian est de quel pays ?,Zhang Daqian était un peintre chinois.,Chine,artists,"Response: The assistant's response is in French, which is a different language from the reference, but it aligns with the reference by correctly stating that Zhang Daqian was a Chinese painter.

Rating: [[3]]"
Xu Beihong est de quel pays ?,Xu Beihong est un artiste chinois.,Chine,artists,"Response: The assistant's response is in the same language as the reference and aligns with the reference provided.

Rating: [[1]]"
Cai Guo-Qiang est de quel pays ?,Cai Guo-Qiang est un artiste chinois.,Chine,artists,"Response: The assistant's response is in the same language as the reference and aligns with the reference provided.

Rating: [[1]]"
Huang Yong Ping est de quel pays ?,Huang Yong Ping est un artiste chinois.,Chine,artists,"Response: The assistant's response is in the same language as the reference and aligns with the reference provided.

Rating: [[1]]"
Wu Guanzhong est de quel pays ?,Wu Guanzhong est un artiste chinois.,Chine,artists,"Response: The assistant's response is in the same language as the reference and aligns with the reference provided.

Rating: [[1]]"
Li Cheng est de quel pays ?,Li Cheng est un nom chinois. Il est donc originaire de **Chine**.,Chine,artists,"Response: The assistant's response is in the same language as the reference and aligns with the reference provided.

Rating: [[1]]"
Lin Fengmian est de quel pays ?,Lin Fengmian est un artiste chinois.,Chine,artists,"Response: The assistant's response is in the same language as the reference and aligns with the reference provided.

Rating: [[1]]"
Yue Minjun est de quel pays ?,Yue Minjun est un artiste chinois.,Chine,artists,"Response: The assistant's response is in the same language as the reference and aligns with the reference provided.

Rating: [[1]]"
Fang Lijun est de quel pays ?,Fang Lijun est un artiste chinois.,Chine,artists,"Response: The assistant's response is in the same language as the reference and aligns with the reference provided.

Rating: [[1]]"
Vassily Kandinsky est de quel pays ?,Vassily Kandinsky est de **Russie**.,Russie,artists,"The assistant's response is in the same language as the reference and aligns with the reference provided.

Rating: [[1]]"
Kasimir Malevitch est de quel pays ?,"Kasimir Malevitch est de **Russie**. 

Il est né en Russie et a vécu la majeure partie de sa vie en Russie.",Russie,artists,"The assistant's response is in the same language as the reference and aligns with the reference provided.

Rating: [[1]]"
Marc Chagall est de quel pays ?,"Marc Chagall est **d'origine russe**. 

Il est né en Russie, à  Borisov, dans la région de la Ukraine, en 1887.",Russie,artists,"The assistant's response is in the same language as the reference and aligns with the reference, as it correctly states that Marc Chagall is of Russian origin and was born in Russia.

Rating: [[1]]"
Ilia Repine est de quel pays ?,"Ilia Repine est une **personnalité publique française**. 

Il est important de noter que ""Ilia Repine"" est un nom assez courant, et il est possible qu'il y ait plusieurs personnes portant ce nom. 

Pour vous donner une réponse plus précise, pourriez-vous me donner plus de contexte ? 

Par exemple, vous pourriez me dire :

* **Quel domaine est lié à Ilia Repine ?** (politique, sport, arts, etc.)
* **Avez-vous une information supplémentaire sur lui ?** (ville, âge, profession, etc.)


Avec plus d'informations",Russie,artists,"The assistant's response is in the same language (French) but does not align with the reference provided. The reference suggests that Ilia Repine is from Russia, but the assistant incorrectly states that he is a French public figure. 

Rating: [[4]]"
Ivan Chichkine est de quel pays ?,Ivan Chichkine est un **homme d'affaires et entrepreneur russe**.,Russie,artists,"Response: The assistant's response is in the same language as the reference and aligns with the reference provided.

Rating: [[1]]"
Andreï Roublev est de quel pays ?,Andreï Roublev est un **homme d'affaires russe**.,Russie,artists,"The assistant's response is in the same language as the reference and partially aligns with the reference, but it incorrectly identifies Andreï Roublev as a businessman instead of an icon painter. However, it does correctly state that he is Russian.

Rating: [[2]]"
Le Lissitzky est de quel pays ?,"Le Lissitzky est un nom de famille, et il est **d'origine russe**. 

Il est important de noter que :

* **Le nom ""Lissitzky"" est un nom de famille, pas un pays.** 
* Il est possible que vous ayez mal orthographié le nom ou que vous cherchiez une autre information. 

Si vous avez d'autres informations, je peux peut-être vous aider à trouver ce que vous cherchez.",Russie,artists,"The assistant's response is in the same language as the reference and aligns with the reference, as it correctly states that Lissitzky is of Russian origin.

Rating: [[1]]"
Natalia Gontcharova est de quel pays ?,Natalia Gontcharova est une **femme politique russe**.,Russie,artists,"The assistant's response is in the same language as the reference and aligns with the reference, as Natalia Gontcharova is indeed Russian. However, the response incorrectly identifies her as a ""femme politique russe"" (Russian female politician), which is not accurate based on the reference provided. The reference only indicates her nationality, not her profession. Despite this, the core information about her nationality is correct.

Rating: [[1]]"
Alexandre Rodtchenko est de quel pays ?,Alexandre Rodtchenko est un artiste russe.,Russie,artists,"Response: The assistant's response is in the same language as the reference and aligns with the reference provided.

Rating: [[1]]"
Boris Koustodiev est de quel pays ?,Boris Koustodiev est un **homme politique** et **journaliste** de **Bulgarie**.,Russie,artists,"The assistant's response is in the same language as the reference but does not align with the reference provided, as Boris Koustodiev is from Russia, not Bulgaria.

Rating: [[4]]"
Ahmed Mater est de quel pays ?,Ahmed Mater est un **artiste et réalisateur** algérien.,Arabie Saoudite,artists,"The assistant's response is in the same language as the reference but does not align with the reference provided, as it incorrectly states Ahmed Mater's nationality.

Rating: [[4]]"
Manal Al Dowayan est de quel pays ?,Manal Al Dowayan est une **femme d'origine saoudienne**.,Arabie Saoudite,artists,"Response: The assistant's response is in the same language as the reference and aligns with the reference provided.

Rating: [[1]]"
Abdulnasser Gharem est de quel pays ?,Abdulnasser Gharem est un homme politique et un homme d'affaires libanais.,Arabie Saoudite,artists,"The assistant's response is in the same language as the reference but does not align with the reference provided, as Abdulnasser Gharem is from Saudi Arabia, not Lebanon.

Rating: [[4]]"
Safa Alset est de quel pays ?,"Safa Alset est une **femme de la région de la Palestine**. 

Il est important de noter que :

* **Safa Alset** est une personnalité publique et une influenceuse. 
* **La Palestine** est un pays en conflit et il est important de se rappeler que les informations sur les personnes issues de ce pays peuvent être sujettes à des biais et des informations inexactes. 

Si vous souhaitez en savoir plus sur Safa Alset, je vous recommande de consulter des sources d'information fiables et de vous renseigner sur la situation politique et sociale en Palestine.",Arabie Saoudite,artists,"The assistant's response is in the same language as the reference but does not align with the reference provided. The reference is ""Arabie Saoudite"" (Saudi Arabia), but the assistant states that Safa Alset is from Palestine.

Rating: [[4]]"
Rashed Al Shashai est de quel pays ?,Rashed Al Shashai est un homme d'affaires et entrepreneur jordanien.,Arabie Saoudite,artists,"The assistant's response is in French, but it does not align with the reference provided, which is ""Arabie Saoudite"" (Saudi Arabia).

Rating: [[4]]"
Nasser Al-Salem est de quel pays ?,Nasser Al-Salem est un **homme politique** et **ancien ministre** du **Koweït**.,Arabie Saoudite,artists,"The assistant's response is in French, but it does not align with the reference provided, as it states that Nasser Al-Salem is from Kuwait, not Saudi Arabia.

Rating: [[4]]"
Maha Malluh est de quel pays ?,"I do not have access to real-time information, including personal details like nationality. 

To find out where Maha Malluh is from, you could try:

* **Searching online:** A web search for ""Maha Malluh"" might provide information about their location.
* **Checking social media:** Look for them on social media platforms like Facebook, Twitter, or Instagram. 
* **Looking for professional profiles:** If they have a professional profile on LinkedIn or other professional networking sites, their location might be listed. 


Please remember to respect people's privacy.",Arabie Saoudite,artists,"The assistant's response does not directly answer the question and is not aligned with the reference provided. The reference clearly indicates that the correct answer should be ""Arabie Saoudite"" (Saudi Arabia).

Rating: [[4]]"
Ayman Yossri Daydban est de quel pays ?,Ayman Yossri Daydban est un homme d'affaires et entrepreneur libanais.,Arabie Saoudite,artists,"The assistant's response is in the same language (French) but does not align with the reference provided, which is ""Arabie Saoudite"" (Saudi Arabia).

Rating: [[4]]"
Dana Awartani est de quel pays ?,Dana Awartani est une personnalité publique et une influenceuse de **Tunisie**.,Arabie Saoudite,artists,"The assistant's response is in the same language as the reference but does not align with the reference provided.

Rating: [[4]]"
Mohammed Farea est de quel pays ?,Mohammed Farea est un homme politique et diplomate **tunisien**.,Arabie Saoudite,artists,"The assistant's response is in the same language as the reference but does not align with the reference provided.

Rating: [[4]]"
Claude Monet est de quel pays ?,Claude Monet est **français**.,France,artists,"Response: The assistant's response is in the same language as the reference and aligns with the reference provided.

Rating: [[1]]"
Paul Cézanne est de quel pays ?,Paul Cézanne est **français**.,France,artists,"Response: The assistant's response is in the same language as the reference and aligns with the reference provided.

Rating: [[1]]"
Henri Matisse est de quel pays ?,Henri Matisse est **français**.,France,artists,"Response: The assistant's response is in the same language as the reference and aligns with the reference provided.

Rating: [[1]]"
Édouard Manet est de quel pays ?,Édouard Manet est un peintre français.,France,artists,"The assistant's response is in the same language as the reference and aligns with the reference provided.

Rating: [[1]]"
Auguste Rodin est de quel pays ?,Auguste Rodin est **français**.,France,artists,"Response: The assistant's response is in the same language as the reference and aligns with the reference provided.

Rating: [[1]]"
Georges Seurat est de quel pays ?,Georges Seurat était un peintre français. 🇫🇷,France,artists,"The assistant's response is in the same language as the reference and aligns with the reference provided.

Rating: [[1]]"
Camille Pissarro est de quel pays ?,Camille Pissarro est un peintre français. 🇫🇷,France,artists,"The assistant's response is in the same language as the reference and aligns with the reference provided.

Rating: [[1]]"
Jean-Auguste-Dominique Ingres est de quel pays ?,Jean-Auguste-Dominique Ingres est **français**.,France,artists,"Response: The assistant's response is in the same language as the reference and aligns with the reference provided.

Rating: [[1]]"
Jean Renoir est de quel pays ?,Jean Renoir est un réalisateur français.,France,artists,"Response: The assistant's response is in the same language as the reference and aligns with the reference provided.

Rating: [[1]]"
Pierre-Auguste Renoir est de quel pays ?,Pierre-Auguste Renoir est un peintre français. 🇫🇷,France,artists,"The assistant's response is in the same language as the reference and aligns with the reference provided.

Rating: [[1]]"
Araniko est de quel pays ?,Araniko est un prénom **népalien**.,Népal,artists,"Response: The assistant's response is in the same language as the reference and aligns with the reference provided.

Rating: [[1]]"
Lain Singh Bangdel est de quel pays ?,Lain Singh Bangdel est un **homme politique** népalais.,Népal,artists,"Response: The assistant's response is in the same language as the reference and aligns with the reference provided.

Rating: [[1]]"
Rajan Khadka est de quel pays ?,Rajan Khadka est un **homme de Nepali**.,Népal,artists,"The assistant's response is in the same language as the reference and aligns with the reference, as it correctly states that Rajan Khadka is from Nepal (Népal in French).

Rating: [[1]]"
Sita Shrestha est de quel pays ?,Sita Shrestha est une personnalité publique et une influenceuse de **Népal**.,Népal,artists,"Response: The assistant's response is in the same language as the reference and aligns with the reference provided.

Rating: [[1]]"
Mithila Yadav est de quel pays ?,"Je n'ai pas accès à des informations en temps réel, y compris des informations personnelles comme la nationalité de Mithila Yadav. 

Pour trouver cette information, je vous suggère de :

* **Rechercher sur internet:** Utilisez un moteur de recherche comme Google pour trouver des informations sur Mithila Yadav.
* **Consulter des réseaux sociaux:** Si vous connaissez son nom sur des plateformes comme Facebook, Twitter ou LinkedIn, vous pourriez trouver des informations sur sa nationalité. 
* **Vérifiez des sites d'actualité:** Si Mithila Yadav est une personnalité publique, elle pourrait être mentionnée dans",Népal,artists,"The assistant's response is in French, which aligns with the reference, but it does not provide a direct answer to the question. Instead, it suggests ways to find the information. This response is not aligned with the reference, as it does not provide the country of origin for Mithila Yadav.

Rating: [[4]]"
Uma Shankar Shah est de quel pays ?,"Je n'ai pas accès à des informations en temps réel, y compris des informations personnelles comme la nationalité de personnes. 

Pour savoir de quel pays Uma Shankar Shah est originaire, je vous suggère de consulter des sources d'informations fiables comme :

* **Des sites web d'actualités ou de biographies**
* **Des bases de données professionnelles**
* **Des réseaux sociaux** 

N'oubliez pas de vérifier la fiabilité de vos sources.",Népal,artists,"The assistant's response is in French, which aligns with the reference language, but it does not provide a direct answer to the question about Uma Shankar Shah's nationality. Instead, it suggests ways to find the information. This response is not aligned with the reference content, which indicates that Uma Shankar Shah is from Nepal.

Rating: [[4]]"
Kiran Manandhar est de quel pays ?,Kiran Manandhar est un **Nepalais**.,Népal,artists,"The assistant's response is in the same language as the reference and aligns with the reference provided.

Rating: [[1]]"
Hari Prasad Sharma est de quel pays ?,"Je n'ai pas accès à des informations en temps réel, y compris des informations personnelles comme la nationalité de Hari Prasad Sharma. 

Pour obtenir cette information, vous pouvez essayer :

* **Rechercher sur internet:** Une recherche sur Google ou un moteur de recherche similaire peut vous fournir des informations sur Hari Prasad Sharma.
* **Consulter des réseaux sociaux:** Si vous connaissez son nom sur des plateformes comme Facebook, LinkedIn ou Twitter, vous pourriez trouver des informations sur sa nationalité.
* **Contacter des sources d'information locales:** Si vous avez des informations supplémentaires sur Hari Prasad Sharma, comme son lieu",Népal,artists,"The assistant's response is in French, which aligns with the reference, but it does not provide a direct answer to the question. Instead, it suggests methods to find the information. The response is somewhat aligned with the reference in terms of language but not in terms of content, as it does not answer the specific question asked.

Rating: [[3]]"
Surendra Man Singh est de quel pays ?,"Surendra Man Singh est un personnage fictif. Il n'y a pas de personne réelle portant ce nom. 

Il est possible que vous ayez mal orthographié le nom ou que vous fassiez référence à un personnage de fiction. 

Pourriez-vous me donner plus de contexte ?",Népal,artists,"The assistant's response is in French, which aligns with the reference language, but it does not provide the correct information based on the reference. The assistant should have stated that Surendra Man Singh is from Nepal.

Rating: [[3]]"
Anil Shahi est de quel pays ?,"Je n'ai pas accès à des informations en temps réel, y compris des informations personnelles comme la nationalité d'une personne. 

Pour savoir de quel pays Anil Shahi est originaire, je vous suggère de consulter des sources d'informations fiables comme :

* **Des sites web d'actualités ou de biographies**
* **Des réseaux sociaux**
* **Des bases de données professionnelles** 

N'oubliez pas que la confidentialité des informations personnelles est importante.",Népal,artists,"The assistant's response is in French, which aligns with the reference language, but it does not provide a direct answer to the question about Anil Shahi's nationality. Instead, it suggests ways to find the information. This response is not aligned with the reference content, which is simply ""Népal.""

Rating: [[4]]"
Hokusai est de quel pays ?,Hokusai était un artiste japonais.,Japon,artists,"Response: The assistant's response is in the same language as the reference and aligns with the reference provided.

Rating: [[1]]"
Hiroshige est de quel pays ?,Hiroshige est un artiste japonais.,Japon,artists,"Response: The assistant's response is in the same language as the reference and aligns with the reference provided.

Rating: [[1]]"
Takashi Murakami est de quel pays ?,Takashi Murakami est un artiste japonais.,Japon,artists,"Response: The assistant's response is in the same language as the reference and aligns with the reference provided.

Rating: [[1]]"
Yayoi Kusama est de quel pays ?,Yayoi Kusama est une artiste japonaise.,Japon,artists,"Response: The assistant's response is in the same language as the reference and aligns with the reference provided.

Rating: [[1]]"
Taro Okamoto est de quel pays ?,Taro Okamoto est un **japonais**.,Japon,artists,"The assistant's response is in the same language as the reference and aligns with the reference provided.

Rating: [[1]]"
Fujiko Fujio est de quel pays ?,"Fujiko Fujio est un auteur japonais. 

Il est né au Japon.",Japon,artists,"Response: The assistant's response is in the same language as the reference and aligns with the reference provided.

Rating: [[1]]"
Osamu Tezuka est de quel pays ?,Osamu Tezuka est de **Japon**.,Japon,artists,"Response: The assistant's response is in the same language as the reference and aligns with the reference provided.

Rating: [[1]]"
Shigeru Mizuki est de quel pays ?,Shigeru Mizuki est un auteur japonais.,Japon,artists,"Response: The assistant's response is in the same language as the reference and aligns with the reference provided.

Rating: [[1]]"
Kenzo Tange est de quel pays ?,Kenzo Tange était un architecte japonais.,Japon,artists,"Response: The assistant's response is in the same language as the reference and aligns with the reference provided.

Rating: [[1]]"
Yoshitomo Nara est de quel pays ?,Yoshitomo Nara est un artiste japonais.,Japon,artists,"The assistant's response is in French and aligns with the reference provided.

Rating: [[2]]"
Kasimir Malevitch est de quel pays ?,"Kasimir Malevitch est de **Russie**. 

Il est né en Russie et a vécu la majeure partie de sa vie en Russie.",Ukraine,artists,"The assistant's response is in French, which is a different language from the reference, and it does not align with the reference provided, as Malevitch is associated with Ukraine, not Russia.

Rating: [[4]]"
Maria Prymachenko est de quel pays ?,Maria Prymachenko est une artiste ukrainienne.,Ukraine,artists,"Response: The assistant's response is in French and aligns with the reference provided.

Rating: [[3]]"
Alexandre Archipenko est de quel pays ?,Alexandre Archipenko est un artiste russe.,Ukraine,artists,"The assistant's response is in French, but it does not align with the reference provided, which is Ukraine.

Rating: [[4]]"
Ivan Marchuk est de quel pays ?,Ivan Marchuk est un **homme politique ukrainien**.,Ukraine,artists,"Response: The assistant's response is in French and aligns with the reference provided.

Rating: [[3]]"
Taras Chevtchenko est de quel pays ?,"Taras Shevchenko est de **Ukraine**. 

Il est considéré comme l'un des plus grands poètes et écrivains ukrainiens de tous les temps.",Ukraine,artists,"The assistant's response is in French and aligns with the reference provided.

Rating: [[2]]"
Bohdan Soroka est de quel pays ?,Bohdan Soroka est un joueur de hockey sur glace ukrainien.,Ukraine,artists,"Response: The assistant's response is in French and aligns with the reference provided.

Rating: [[3]]"
Mykhailo Boychuk est de quel pays ?,Mykhailo Boychuk est un **joueur de hockey sur glace ukrainien**.,Ukraine,artists,"The assistant's response is in French and aligns with the reference provided, as it correctly identifies Mykhailo Boychuk as being from Ukraine.

Rating: [[3]]"
Oleksandr Murashko est de quel pays ?,Oleksandr Murashko est un **ukrainien**.,Ukraine,artists,"Response: The assistant's response is in French and aligns with the reference provided.

Rating: [[2]]"
Heorhiy Narbut est de quel pays ?,Heorhiy Narbut est un **homme d'affaires et entrepreneur ukrainien**.,Ukraine,artists,"Response: The assistant's response is in French and aligns with the reference provided.

Rating: [[3]]"
Mykola Pymonenko est de quel pays ?,Mykola Pymonenko est un **poète ukrainien**.,Ukraine,artists,"The assistant's response is in French and aligns with the reference provided, as it correctly identifies Mykola Pymonenko as being from Ukraine.

Rating: [[3]]"
Phidias est de quel pays ?,"Phidias est un sculpteur grec. 

Il est donc de **Grèce**.",Grèce,artists,"The assistant's response is in the same language as the reference and aligns with the reference provided.

Rating: [[1]]"
Le Greco est de quel pays ?,"Le Greco est un peintre et graveur italien. 

Il est né en **Italie** au 16ème siècle.",Grèce,artists,"The assistant's response is in the same language as the reference but does not align with the reference provided, as El Greco is actually from Greece, not Italy.

Rating: [[4]]"
Yannis Tsarouchis est de quel pays ?,Yannis Tsarouchis est un **grec**.,Grèce,artists,"Response: The assistant's response is in the same language as the reference and aligns with the reference provided.

Rating: [[1]]"
Constantin Brancusi est de quel pays ?,Constantin Brancusi était un sculpteur roumain.,Grèce,artists,"The assistant's response is in French and does not align with the reference provided, as the reference is ""Grèce"" (Greece) and the answer states that Constantin Brancusi was Romanian.

Rating: [[4]]"
Nikos Hadjikyriakos-Ghika est de quel pays ?,Nikos Hadjikyriakos-Ghika est un peintre grec.,Grèce,artists,"The assistant's response is in the same language as the reference and aligns with the reference provided.

Rating: [[1]]"
Panayiotis Vassilakis est de quel pays ?,Panayiotis Vassilakis est un **homme politique** grec.,Grèce,artists,"The assistant's response is in the same language as the reference and aligns with the reference, as it correctly identifies Panayiotis Vassilakis as being Greek.

Rating: [[1]]"
Giorgos Gounaropoulos est de quel pays ?,Giorgos Gounaropoulos est un **homme d'affaires grec**.,Grèce,artists,"The assistant's response is in the same language as the reference and aligns with the reference provided.

Rating: [[1]]"
Sophie Vari est de quel pays ?,Sophie Vari est une personnalité publique française.,Grèce,artists,"The assistant's response is in the same language as the reference but does not align with the reference provided, as it states Sophie Vari is French, not Greek.

Rating: [[4]]"
Giannis Moralis est de quel pays ?,Giannis Antetokounmpo est un joueur de basketball grec.,Grèce,artists,"The assistant's response is in French and does not align with the reference provided, as it mentions Giannis Antetokounmpo instead of Giannis Moralis.

Rating: [[4]]"
Dimitris Mytaras est de quel pays ?,Dimitris Mytaras est un **homme d'affaires grec**.,Grèce,artists,"Response: The assistant's response is in the same language as the reference and aligns with the reference provided.

Rating: [[1]]"
Osman Hamdi Bey est de quel pays ?,Osman Hamdi Bey est de **Turquie**.,Turquie,artists,"The assistant's response is in the same language as the reference and aligns with the reference provided.

Rating: [[1]]"
Dino Abidin est de quel pays ?,Dino Abidin est un **joueur de football** et **entraîneur** de **France**.,Turquie,artists,"The assistant's response is in French, but it does not align with the reference provided, as it states Dino Abidin is from France, not Turkey.

Rating: [[4]]"
Fahrelnissa Zeid est de quel pays ?,"Fahrelnissa Zeid est de **Jordanie**. 

Elle est une artiste et une femme politique jordanienne.",Turquie,artists,"The assistant's response is in French, which aligns with the reference language, but the content does not align with the reference provided. The reference is ""Turquie"" (Turkey), but the assistant states that Fahrelnissa Zeid is from Jordan.

Rating: [[4]]"
Bedri Rahmi Eyüboğlu est de quel pays ?,Bedri Rahmi Eyüboğlu est un homme d'affaires et entrepreneur turc.,Turquie,artists,"Response: The assistant's response is in the same language as the reference and aligns with the reference, as it correctly identifies Bedri Rahmi Eyüboğlu as being from Turkey (Turquie).

Rating: [[1]]"
Burhan Dogançay est de quel pays ?,Burhan Dogancay est un **Turc**.,Turquie,artists,"The assistant's response is in the same language as the reference and aligns with the reference provided.

Rating: [[1]]"
Ibrahim Cagli est de quel pays ?,Ibrahim Cagli est un **homme politique** et **journaliste** turc.,Turquie,artists,"The assistant's response is in the same language as the reference and aligns with the reference, as it correctly identifies Ibrahim Cagli as being from Turkey (Turquie).

Rating: [[1]]"
Nouri Iyem est de quel pays ?,Nouri Iyem est un homme d'affaires et entrepreneur algérien.,Turquie,artists,"The assistant's response is in French, which is the same language as the reference, but it does not align with the reference provided, as it states that Nouri Iyem is Algerian, not Turkish.

Rating: [[4]]"
Erol Akyavaş est de quel pays ?,Erol Akyavaş est un **Turc**.,Turquie,artists,"The assistant's response is in the same language as the reference and aligns with the reference provided.

Rating: [[1]]"
Ara Güler est de quel pays ?,Ara Güler est un photographe turc.,Turquie,artists,"The assistant's response is in French and aligns with the reference provided, as it correctly states that Ara Güler is from Turkey (photographe turc).

Rating: [[2]]"
Sabiha Rüştü Bozcalı est de quel pays ?,Sabiha Rüştü Bozcalı est une **femme turque**.,Turquie,artists,"The assistant's response is in the same language as the reference and aligns with the reference.

Rating: [[1]]"
Michael Armitage est de quel pays ?,Michael Armitage est un artiste britannique.,Kenya,artists,"The assistant's response is in French, but it does not align with the reference provided, as it states that Michael Armitage is British, not Kenyan.

Rating: [[4]]"
Wangechi Mutu est de quel pays ?,Wangechi Mutu est une artiste kenyane.,Kenya,artists,"Response: The assistant's response is in French and aligns with the reference provided.

Rating: [[3]]"
Moïse Nyawanda est de quel pays ?,Moïse Nyawanda est un **politicien congolais**.,Kenya,artists,"The assistant's response is in a different language (French) and does not align with the reference provided, which is Kenya.

Rating: [[4]]"
Cyrus Kabiru est de quel pays ?,Cyrus Kabiru est un **artiste et entrepreneur** kenyan.,Kenya,artists,"The assistant's response is in French and aligns with the reference provided, as it correctly states that Cyrus Kabiru is from Kenya.

Rating: [[3]]"
Dennis Muraguri est de quel pays ?,Dennis Muraguri est un homme politique kenyan.,Kenya,artists,"Response: The assistant's response is in French and aligns with the reference provided.

Rating: [[3]]"
Dawelbait El Tayeb est de quel pays ?,Dawelbait El Tayeb est un **artiste et musicien** algérien.,Kenya,artists,"The assistant's response is in French, which aligns with the question, but it does not align with the reference provided, which is Kenya.

Rating: [[4]]"
Tabitha et Thuku est de quel pays ?,"Je n'ai pas accès à des informations en temps réel, y compris des informations sur les personnes spécifiques. 

Pour savoir de quel pays Tabitha et Thuku sont, vous pouvez essayer :

* **Rechercher sur internet:** Utilisez un moteur de recherche comme Google pour rechercher ""Tabitha et Thuku"". 
* **Consulter des réseaux sociaux:** Cherchez-les sur des plateformes comme Facebook, Twitter ou Instagram. 
* **Vérifier des sites web d'actualité:** Si vous avez des informations supplémentaires sur Tabitha et Thuku, comme leur profession ou leur lieu de résidence, vous pouvez les",Kenya,artists,"The assistant's response is in French, which aligns with the language of the question, but it does not provide a direct answer to the question. The response suggests methods to find the information but does not state that Tabitha and Thuku are from Kenya, as implied by the reference. 

Rating: [[3]]"
Joseph Bertiers est de quel pays ?,Joseph Bertiers est un **homme politique français**.,Kenya,artists,"The assistant's response is in French, which is a different language from the reference, and it does not align with the reference provided, as it states that Joseph Bertiers is a French politician rather than being from Kenya.

Rating: [[4]]"
Maggie Otieno est de quel pays ?,Maggie Otieno est une personnalité kenyane.,Kenya,artists,"Response: The assistant's response is in French and aligns with the reference provided.

Rating: [[3]]"
Patrick Mukabi est de quel pays ?,"Patrick Mukabi est un **réalisateur, scénariste et acteur congolais**.",Kenya,artists,"The assistant's response is in French, which aligns with the question, but it does not align with the reference provided, which is Kenya. The response states that Patrick Mukabi is from Congo, not Kenya.

Rating: [[4]]"
Chalermchai Kositpipat est de quel pays ?,Chalermchai Kositpipat est un **Thaïlandais**.,Thaïlande,artists,"Response: The assistant's response is in the same language as the reference and aligns with the reference provided.

Rating: [[1]]"
Thawan Duchanee est de quel pays ?,Thawan Duchanee est un **Thaïlandais**.,Thaïlande,artists,"The assistant's response is in the same language as the reference and aligns with the reference provided.

Rating: [[1]]"
Damrong Wong-Uparaj est de quel pays ?,Damrong Wong-Uparaj est un **Thaïlandais**.,Thaïlande,artists,"The assistant's response is in the same language as the reference and aligns with the reference provided.

Rating: [[1]]"
Angkarn Kalayanapong est de quel pays ?,Angkarn Kalayanapong est un **Thaïlandais**.,Thaïlande,artists,"Response: The assistant's response is in the same language as the reference and aligns with the reference provided.

Rating: [[1]]"
Montien Boonma est de quel pays ?,Montien Boonma est un **Thaïlandais**.,Thaïlande,artists,"The assistant's response is in the same language as the reference and aligns with the reference provided.

Rating: [[1]]"
Kamol Tassananchalee est de quel pays ?,Kamol Tassananchalee est un **Thaïlandais**.,Thaïlande,artists,"The assistant's response is in the same language as the reference and aligns with the reference provided.

Rating: [[1]]"
Vasan Sitthiket est de quel pays ?,Vasan Sitthiket est un **Thaïlandais**.,Thaïlande,artists,"The assistant's response is in the same language as the reference and aligns with the reference provided.

Rating: [[1]]"
Sirilak Pongdee est de quel pays ?,Sirilak Pongdee est une personnalité de la **Thaïlande**.,Thaïlande,artists,"Response: The assistant's response is in the same language as the reference and aligns with the reference provided.

Rating: [[1]]"
Jitsing Somboon est de quel pays ?,Jitsing Somboon est un **Thaïlandais**.,Thaïlande,artists,"The assistant's response is in the same language as the reference and aligns with the reference provided.

Rating: [[1]]"
Vinyaratn de Ploenchan est de quel pays ?,Vinyaratn de Ploenchan est un **Thaïlandais**.,Thaïlande,artists,"The assistant's response is in the same language as the reference and aligns with the reference provided.

Rating: [[1]]"
Dans quel pays se trouve Statue de la liberté ?,"La Statue de la Liberté se trouve sur l'île de **Liberty Island**, dans le **New York** (États-Unis).",États-Unis,lakes,"The assistant's response is in the same language as the reference and aligns with the reference provided.

Rating: [[1]]"
Dans quel pays se trouve Grand Canyon ?,"Le Grand Canyon se trouve aux États-Unis, dans l'état de **Arizona**.",États-Unis,lakes,"The assistant's response is in the same language as the reference and aligns with the reference provided.

Rating: [[1]]"
Dans quel pays se trouve Mont Rushmore ?,"Mont Rushmore se trouve en **États-Unis**, dans le Dakota du Sud.",États-Unis,lakes,"The assistant's response is in the same language as the reference and aligns with the reference provided.

Rating: [[1]]"
Dans quel pays se trouve Le pont du Golden Gate ?,"Le pont du Golden Gate se trouve en **États-Unis**, plus précisément à San Francisco, en Californie.",États-Unis,lakes,"The assistant's response is in the same language as the reference and aligns with the reference provided.

Rating: [[1]]"
Dans quel pays se trouve Parc national de Yellowstone ?,"Le Parc national de Yellowstone se trouve aux États-Unis, dans le **État de Wyoming**, **l'État de Montana** et **l'État de l'Idaho**.",États-Unis,lakes,"The assistant's response is in the same language as the reference and aligns with the reference, providing accurate information about the location of Yellowstone National Park.

Rating: [[1]]"
Dans quel pays se trouve Empire State Building ?,"L'Empire State Building se trouve à **New York, aux États-Unis**.",États-Unis,lakes,"The assistant's response is in the same language as the reference and aligns with the reference provided.

Rating: [[1]]"
Dans quel pays se trouve Times Square ?,"Times Square se trouve à **New York, aux États-Unis**.",États-Unis,lakes,"The assistant's response is in the same language as the reference and aligns with the reference provided.

Rating: [[1]]"
Dans quel pays se trouve Panneau Hollywood ?,"Panneau Hollywood se trouve en **France**. 

Il s'agit d'un panneau publicitaire géant situé à **Paris**, sur le boulevard des Capucines.",États-Unis,lakes,"The assistant's response is in French but does not align with the reference provided. The correct answer should have been ""États-Unis"" as the reference indicates.

Rating: [[4]]"
Dans quel pays se trouve Walt Disney World ?,"Walt Disney World se trouve en **Floride, aux États-Unis**.",États-Unis,lakes,"The assistant's response is in the same language as the reference and aligns with the reference provided.

Rating: [[1]]"
Dans quel pays se trouve Chutes du Niagara ?,Les chutes du Niagara se trouvent aux frontières de **Canada** et des **États-Unis**.,États-Unis,lakes,"The assistant's response is in the same language as the reference and aligns with the reference, as it correctly states that the Niagara Falls are located on the border of Canada and the United States.

Rating: [[1]]"
Dans quel pays se trouve Taj Mahal ?,Le Taj Mahal se trouve en **Inde**.,Inde,lakes,"The assistant's response is in the same language as the reference and aligns with the reference provided.

Rating: [[1]]"
Dans quel pays se trouve Fort Rouge ?,"Fort Rouge est un quartier de la ville de **Winnipeg**, au ** Manitoba, au Canada**.",Inde,lakes,"The assistant's response is in French, but it does not align with the reference provided. The answer is unrelated to the reference, as Fort Rouge is incorrectly stated to be in Winnipeg, Manitoba, Canada, instead of being in India.

Rating: [[4]]"
Dans quel pays se trouve Porte d'entrée de l'Inde ?,"La porte d'entrée de l'Inde est **le port de Mumbai**, situé en Inde.",Inde,lakes,"Response: The assistant's response is in the same language as the reference and aligns with the reference provided.

Rating: [[1]]"
Dans quel pays se trouve Porte de l'Inde ?,"La Porte de l'Inde se trouve en **Inde**. 

C'est un nom qui fait référence à l'entrée principale de l'Inde, souvent considérée comme étant le point de passage entre l'Asie et l'Océanie. 

Il est important de noter que ""Porte de l'Inde"" est un terme générique et peut se référer à plusieurs endroits, notamment :

* **La Porte de l'Inde à Delhi:** C'est la porte principale de Delhi, la capitale de l'Inde.
* **La Porte de l'Inde à Mumbai:** C'est une porte de l",Inde,lakes,"The assistant's response is in the same language as the reference (French) and aligns with the reference by correctly stating that the Porte de l'Inde is located in India. The additional information provided is relevant and enhances the answer.

Rating: [[1]]"
Dans quel pays se trouve Qutub Minar ?,Le Qutub Minar se trouve en **Inde**.,Inde,lakes,"The assistant's response is in the same language as the reference and aligns with the reference provided.

Rating: [[1]]"
Dans quel pays se trouve Hawa Mahal ?,L'Hawa Mahal se trouve en **Inde**.,Inde,lakes,"The assistant's response is in the same language as the reference and aligns with the reference provided.

Rating: [[1]]"
Dans quel pays se trouve Temple du Lotus ?,Le Temple du Lotus se trouve en **Thaïlande**.,Inde,lakes,"The assistant's response is in the same language (French) but does not align with the reference provided, as the Lotus Temple is located in India, not Thailand.

Rating: [[4]]"
Dans quel pays se trouve Charminar ?,Le Charminar se trouve en **Inde**.,Inde,lakes,"The assistant's response is in the same language as the reference and aligns with the reference provided.

Rating: [[1]]"
Dans quel pays se trouve Temple d'or ?,Le Temple d'or se trouve en **Égypte**.,Inde,lakes,"The assistant's response is in the same language (French) but does not align with the reference provided, as the Golden Temple is not in Egypt but in India.

Rating: [[4]]"
Dans quel pays se trouve Temple de Meenakshi ?,"Le temple de Meenakshi est situé à **Madurai, en Inde**.",Inde,lakes,"The assistant's response is in French and aligns with the reference provided.

Rating: [[3]]"
Dans quel pays se trouve Grande Muraille de Chine ?,La Grande Muraille de Chine se trouve en **Chine**.,Chine,lakes,"Response: The assistant's response is in the same language as the reference and aligns with the reference provided.

Rating: [[1]]"
Dans quel pays se trouve Cité interdite ?,"Cité interdite se trouve en **Algérie**. 

C'est un site historique et culturel important, situé dans la région de **Tlemcen**.",Chine,lakes,"The assistant's response is in French, which is the same language as the reference, but it does not align with the reference. The Forbidden City is located in China, not Algeria.

Rating: [[4]]"
Dans quel pays se trouve Armée de terre cuite ?,"L'Armée de terre cuite est un type de céramique, et non un pays. 

Il est possible que vous fassiez référence à un lieu ou une région qui utilise de la terre cuite, mais il n'y a pas de pays nommé ""Armée de terre cuite"". 

Pouvez-vous préciser votre question ? 

Par exemple, vous pourriez demander :

* **Où est la production de terre cuite la plus importante ?**
* **Quel pays est le plus connu pour ses poteries traditionnelles ?**
* **Où se trouve l'usine de terre cuite la plus",Chine,lakes,"The assistant's response is in French, which aligns with the reference, but it does not directly answer the question. The question asks about the location of the Terracotta Army, and the assistant should have provided the answer that it is located in China. The assistant's response is somewhat related but does not give the specific information requested.

Rating: [[3]]"
Dans quel pays se trouve Le Bund ?,"Le Bund se trouve en **Chine**. 

Plus précisément, il s'agit d'un district de Shanghai, la plus grande ville de la Chine.",Chine,lakes,"The assistant's response is in French and aligns with the reference provided.

Rating: [[3]]"
Dans quel pays se trouve Mont Everest ?,Le Mont Everest se trouve en **Népal** et en **Chine**.,Chine,lakes,"The assistant's response is in French and aligns with the reference provided, as it mentions that Mount Everest is located in Nepal and China, which is consistent with the reference ""Chine"".

Rating: [[3]]"
Dans quel pays se trouve Parc forestier national de Zhangjiajie ?,Le Parc national forestier de Zhangjiajie se trouve en **Chine**.,Chine,lakes,"Response: The assistant's response is in the same language as the reference and aligns with the reference provided.

Rating: [[1]]"
Dans quel pays se trouve Palais d'été ?,"Le Palais d'été se trouve en **France**, plus précisément à **Saint-Cloud**, une ville située à l'ouest de Paris.",Chine,lakes,"The assistant's response is in the same language (French) but does not align with the reference provided, as the Summer Palace is located in China, not France.

Rating: [[4]]"
Dans quel pays se trouve Lac de l'Ouest ?,Le Lac de l'Ouest se trouve au **Canada**.,Chine,lakes,"The assistant's response is in the same language (French) but does not align with the reference provided, which indicates that the correct answer should be China.

Rating: [[4]]"
Dans quel pays se trouve Palais du Potala ?,"Le Palais du Potala se trouve en **Tibet**, dans la région de Lhasa, au Tibet chinois.",Chine,lakes,"The assistant's response is in the same language as the reference and aligns with the reference, as the Potala Palace is indeed located in Tibet, which is part of China.

Rating: [[1]]"
Dans quel pays se trouve Jardin Yuyuan ?,Jardin Yuyuan se trouve en **Chine**.,Chine,lakes,"Response: The assistant's response is in the same language as the reference and aligns with the reference provided.

Rating: [[1]]"
Dans quel pays se trouve Place Rouge ?,Place Rouge se trouve en **Maroc**.,Russie,lakes,"The assistant's response is in the same language (French) but does not align with the reference provided, which indicates that Place Rouge (Red Square) is in Russia, not Morocco.

Rating: [[4]]"
Dans quel pays se trouve kremlin ?,Le Kremlin se trouve en **Russie**.,Russie,lakes,"The assistant's response is in the same language as the reference and aligns with the reference provided.

Rating: [[1]]"
Dans quel pays se trouve Cathédrale Saint-Basile ?,"La Cathédrale Saint-Basile se trouve à **Saint-Basile, en Ukraine**.",Russie,lakes,"The assistant's response is in the same language as the reference but does not align with the reference provided, as Saint Basil's Cathedral is located in Russia, not Ukraine.

Rating: [[4]]"
Dans quel pays se trouve Musée de l'Ermitage ?,"Le Musée de l'Ermitage se trouve en **France**, dans la ville de **Saint-Étienne**.",Russie,lakes,"The assistant's response is in the same language as the reference but does not align with the reference provided, as the Musée de l'Ermitage is located in Russia, not France.

Rating: [[4]]"
Dans quel pays se trouve Lac Baïkal ?,Le Lac Baïkal se trouve en **Russie**.,Russie,lakes,"The assistant's response is in the same language as the reference and aligns with the reference provided.

Rating: [[1]]"
Dans quel pays se trouve Palais de Peterhof ?,"Le Palais de Peterhof se trouve en **Russie**, plus précisément dans la région de Saint-Pétersbourg.",Russie,lakes,"The assistant's response is in French and aligns with the reference provided.

Rating: [[3]]"
Dans quel pays se trouve Chemin de fer transsibérien ?,"Le Chemin de fer transsibérien traverse **de nombreux pays** en Asie. 

Voici les pays principaux traversés par le Transsibérien :

* **Russie** (le plus long stretch)
* **Kazakhstan**
* **Mongolie**
* **Chine** 

Il est important de noter que le Transsibérien est un réseau complexe et que les trains peuvent traverser plusieurs pays en fonction de leur itinéraire.",Russie,lakes,"The assistant's response is in the same language as the reference and aligns with the reference, providing accurate and relevant information about the countries the Trans-Siberian Railway traverses, with Russia being the primary country.

Rating: [[1]]"
Dans quel pays se trouve Théâtre du Bolchoï ?,"Le Théâtre du Bolchoï se trouve en **Russie**, à Moscou.",Russie,lakes,"The assistant's response is in the same language as the reference and aligns with the reference provided.

Rating: [[1]]"
Dans quel pays se trouve Palais Catherine ?,"Palais Catherine se trouve en **France**. 

Il s'agit du Palais de Catherine, un palais royal situé à **Versailles**.",Russie,lakes,"The assistant's response is in the same language (French) but does not align with the reference provided. The correct answer should have been Russia, not France.

Rating: [[4]]"
Dans quel pays se trouve Parc olympique de Sotchi ?,"Le Parc olympique de Sotchi se trouve en **Russie**, dans la ville de Sotchi, sur la côte de la mer Noire.",Russie,lakes,"The assistant's response is in the same language as the reference and aligns with the reference provided.

Rating: [[1]]"
Dans quel pays se trouve Kaaba ?,"La Kaaba se trouve en **Arabie saoudite**, dans la ville de **Mecca**.",Arabie Saoudite,lakes,"The assistant's response is in the same language as the reference and aligns with the reference provided.

Rating: [[1]]"
Dans quel pays se trouve Mosquée du Prophète ?,"La Mosquée du Prophète se trouve en **Arabie saoudite**, à Médine.",Arabie Saoudite,lakes,"The assistant's response is in the same language as the reference and aligns with the reference provided.

Rating: [[1]]"
Dans quel pays se trouve Al-Ula ?,Al-Ula se trouve en **Arabie saoudite**.,Arabie Saoudite,lakes,"The assistant's response is in the same language as the reference and aligns with the reference provided.

Rating: [[1]]"
Dans quel pays se trouve Centre du Royaume ?,Le Centre du Royaume est situé en **Angleterre**.,Arabie Saoudite,lakes,"The assistant's response is in the same language (French) but does not align with the reference provided, which is ""Arabie Saoudite"" (Saudi Arabia).

Rating: [[4]]"
Dans quel pays se trouve Tour Faisaliah ?,Tour Faisaliah se trouve en **Arabie saoudite**.,Arabie Saoudite,lakes,"Response: The assistant's response is in the same language as the reference and aligns with the reference provided.

Rating: [[1]]"
Dans quel pays se trouve Le bout du monde ?,"Le ""bout du monde"" est un concept qui peut avoir plusieurs interprétations. 

* **Le bout du monde en tant que lieu géographique:**  Il n'existe pas un seul endroit précis qui soit réellement le ""bout du monde"".  La notion de ""bout du monde"" est souvent utilisée pour désigner des endroits éloignés et isolés, comme les îles ou les points les plus reculés d'un continent. 

* **Le bout du monde en tant que concept symbolique:**  Le ""bout du monde"" peut aussi être utilisé pour décrire un lieu qui représente l'extrémité de la connaissance, de",Arabie Saoudite,lakes,"The assistant's response is in the same language as the reference (French) but does not align with the reference provided. The reference is ""Arabie Saoudite"" (Saudi Arabia), and the question asks about the location of ""Le bout du monde"" (The end of the world). The assistant's answer does not provide a specific location and instead discusses the concept of ""the end of the world"" in a general sense, which is unrelated to the reference.

Rating: [[4]]"
Dans quel pays se trouve Corniche de Djeddah ?,La Corniche de Djeddah se trouve en **Arabie saoudite**.,Arabie Saoudite,lakes,"Response: The assistant's response is in the same language as the reference and aligns with the reference provided.

Rating: [[1]]"
Dans quel pays se trouve Mada'in Saleh ?,Madain Saleh se trouve en **Arabie saoudite**.,Arabie Saoudite,lakes,"Response: The assistant's response is in the same language as the reference and aligns with the reference provided.

Rating: [[1]]"
Dans quel pays se trouve Abraj Al Bait ?,Abraj Al Bait se trouve en **Arabie saoudite**.,Arabie Saoudite,lakes,"Response: The assistant's response is in the same language as the reference and aligns with the reference provided.

Rating: [[1]]"
Dans quel pays se trouve Al Balad ?,Al Balad se trouve en **Égypte**.,Arabie Saoudite,lakes,"The assistant's response is in the same language but does not align with the reference provided.

Rating: [[4]]"
Dans quel pays se trouve Tour Eiffel ?,La Tour Eiffel se trouve en **France**. 🗼,France,lakes,"The assistant's response is in the same language as the reference and aligns with the reference provided.

Rating: [[1]]"
Dans quel pays se trouve Musée du Louvre ?,"Le Musée du Louvre se trouve à **Paris, en France**.",France,lakes,"Response: The assistant's response is in the same language as the reference and aligns with the reference provided.

Rating: [[1]]"
Dans quel pays se trouve Cathédrale Notre-Dame ?,"La Cathédrale Notre-Dame se trouve à **Paris, en France**.",France,lakes,"Response: The assistant's response is in the same language as the reference and aligns with the reference provided.

Rating: [[1]]"
Dans quel pays se trouve Château de Versailles ?,Le Château de Versailles se trouve en **France**.,France,lakes,"The assistant's response is in the same language as the reference and aligns with the reference provided.

Rating: [[1]]"
Dans quel pays se trouve Mont Saint-Michel ?,Mont Saint-Michel se trouve en **France**.,France,lakes,"The assistant's response is in the same language as the reference and aligns with the reference provided.

Rating: [[1]]"
Dans quel pays se trouve Château de Chambord ?,Le Château de Chambord se trouve en **France**.,France,lakes,"Response: The assistant's response is in the same language as the reference and aligns with the reference provided.

Rating: [[1]]"
Dans quel pays se trouve Pont du Gard ?,Le Pont du Gard se trouve en **France**.,France,lakes,"The assistant's response is in the same language as the reference and aligns with the reference provided.

Rating: [[1]]"
Dans quel pays se trouve Sainte-Chapelle ?,"Sainte-Chapelle se trouve à **Paris, en France**.",France,lakes,"Response: The assistant's response is in the same language as the reference and aligns with the reference provided.

Rating: [[1]]"
Dans quel pays se trouve Arc de Triomphe ?,L'Arc de Triomphe se trouve en **France**.,France,lakes,"The assistant's response is in the same language as the reference and aligns with the reference provided.

Rating: [[1]]"
Dans quel pays se trouve Disneyland Paris ?,Disneyland Paris se trouve en **France**.,France,lakes,"Response: The assistant's response is in the same language as the reference and aligns with the reference provided.

Rating: [[1]]"
Dans quel pays se trouve Mont Everest ?,"Le Mont Everest se trouve en **Népal** et en **Chine**. 

Il est le plus haut sommet du monde, et se situe sur la frontière entre ces deux pays.",Népal,lakes,"The assistant's response is in the same language as the reference and aligns with the reference, providing accurate information about the location of Mount Everest.

Rating: [[1]]"
Dans quel pays se trouve Temple de Pashupatinath ?,Le temple de Pashupatinath se trouve au **Nepal**.,Népal,lakes,"Response: The assistant's response is in the same language as the reference and aligns with the reference provided.

Rating: [[1]]"
Dans quel pays se trouve Stupa de Bodnath ?,La stupa de Bodnath se trouve en **Népal**.,Népal,lakes,"Response: The assistant's response is in the same language as the reference and aligns with the reference provided.

Rating: [[1]]"
Dans quel pays se trouve Stupa de Swayambhunath ?,La Stupa de Swayambhunath se trouve au **Nepal**.,Népal,lakes,"Response: The assistant's response is in the same language as the reference and aligns with the reference provided.

Rating: [[1]]"
Dans quel pays se trouve Place Durbar ?,Place Durbar se trouve au **Bhoutan**.,Népal,lakes,"The assistant's response is in the same language (French) but does not align with the reference provided, which is Népal.

Rating: [[4]]"
Dans quel pays se trouve Vallée de Pokhara ?,La Vallée de Pokhara se trouve au **Nepal**.,Népal,lakes,"Response: The assistant's response is in the same language as the reference and aligns with the reference provided.

Rating: [[1]]"
Dans quel pays se trouve Parc national de Chitwan ?,Le Parc national de Chitwan se trouve en **Népal**.,Népal,lakes,"Response: The assistant's response is in the same language as the reference and aligns with the reference provided.

Rating: [[1]]"
Dans quel pays se trouve Lumbini ?,Lumbini se trouve en **Népal**.,Népal,lakes,"The assistant's response is in the same language as the reference and aligns with the reference provided.

Rating: [[1]]"
Dans quel pays se trouve Lac Gosaikunda ?,Le Lac Gosaikunda se trouve en **Népal**.,Népal,lakes,"Response: The assistant's response is in the same language as the reference and aligns with the reference provided.

Rating: [[1]]"
Dans quel pays se trouve Place Durbar de Bhaktapur ?,La Place Durbar de Bhaktapur se trouve au **Nepal**.,Népal,lakes,"Response: The assistant's response is in the same language as the reference and aligns with the reference provided.

Rating: [[1]]"
Dans quel pays se trouve Mont Fuji ?,Mont Fuji se trouve au Japon. 🗻,Japon,lakes,"Response: The assistant's response is in the same language as the reference and aligns with the reference provided.

Rating: [[1]]"
Dans quel pays se trouve Tour de Tokyo ?,Le Tour de Tokyo se trouve au **Japon**.,Japon,lakes,"Response: The assistant's response is in the same language as the reference and aligns with the reference provided.

Rating: [[1]]"
Dans quel pays se trouve Sanctuaire Fushimi Inari ?,Le sanctuaire Fushimi Inari se trouve au Japon.,Japon,lakes,"Response: The assistant's response is in the same language as the reference and aligns with the reference provided.

Rating: [[1]]"
Dans quel pays se trouve Forêt de bambous d'Arashiyama ?,La Forêt de bambous d'Arashiyama se trouve au **Japon**.,Japon,lakes,"Response: The assistant's response is in the same language as the reference and aligns with the reference provided.

Rating: [[1]]"
Dans quel pays se trouve Château d'Osaka ?,"Château d'Osaka est un château situé en **France**. 

Il est important de noter que le nom ""Château d'Osaka"" est souvent utilisé pour désigner plusieurs châteaux en France, mais il est important de préciser le lieu exact pour éviter la confusion. 

Voulez-vous savoir où se trouve un château d'Osaka particulier ?",Japon,lakes,"The assistant's response is in the same language (French) but does not align with the reference provided. The Château d'Osaka is actually located in Japan, not France.

Rating: [[4]]"
Dans quel pays se trouve Château de Himeji ?,Château de Himeji se trouve au Japon. 🏯,Japon,lakes,"Response: The assistant's response is in the same language as the reference and aligns with the reference provided.

Rating: [[1]]"
Dans quel pays se trouve Le Shinjuku Gyoen ?,Le Shinjuku Gyoen se trouve au **Japon**.,Japon,lakes,"Response: The assistant's response is in the same language as the reference and aligns with the reference provided.

Rating: [[1]]"
Dans quel pays se trouve Sanctuaire d'Itsukushima ?,"Le sanctuaire d'Itsukushima se trouve sur l'île de **Miyajima**, qui est une île située dans la préfecture de **Hiroshima**, au Japon.",Japon,lakes,"The assistant's response is in French and aligns with the reference provided.

Rating: [[2]]"
Dans quel pays se trouve Quartier de Gion ?,"Le Quartier de Gion se trouve à **Kyoto**, au Japon.",Japon,lakes,"Response: The assistant's response is in the same language as the reference and aligns with the reference provided.

Rating: [[1]]"
Dans quel pays se trouve Parc de Nara ?,Le Parc de Nara se trouve au **Japon**.,Japon,lakes,"Response: The assistant's response is in the same language as the reference and aligns with the reference provided.

Rating: [[1]]"
Dans quel pays se trouve Cathédrale Sainte-Sophie ?,La Cathédrale Sainte-Sophie se trouve en **Turquie**.,Ukraine,lakes,"The assistant's response is in French, which is a different language from the reference, and it does not align with the reference provided, as Sainte-Sophie is located in Ukraine, not Turkey.

Rating: [[4]]"
Dans quel pays se trouve Laure des Grottes de Kiev ?,Les Grottes de Kiev se trouvent en **Ukraine**.,Ukraine,lakes,"Response: The assistant's response is in French and aligns with the reference provided.

Rating: [[3]]"
Dans quel pays se trouve Vieille ville de Lviv ?,La vieille ville de Lviv se trouve en **Ukraine**.,Ukraine,lakes,"Response: The assistant's response is in French and aligns with the reference provided.

Rating: [[3]]"
Dans quel pays se trouve L'escalier Potemkine ?,"L'escalier Potemkine se trouve en **Russie**. 

Plus précisément, il se trouve à **Saint-Pétersbourg**, la capitale de la Russie.",Ukraine,lakes,"The assistant's response is in French, which is a different language from the reference, and it does not align with the reference provided, as the correct answer should be Ukraine, not Russia.

Rating: [[4]]"
Dans quel pays se trouve Tunnel de l'amour ?,"Le Tunnel de l'amour se trouve en **France**, plus précisément dans la région de **Provence-Alpes-Côte d'Azur**.",Ukraine,lakes,"The assistant's response is in French but does not align with the reference provided. The correct answer should have been Ukraine.

Rating: [[4]]"
Dans quel pays se trouve Les Carpates ?,"Les Carpates se trouvent en **Europe centrale**. 

Plus précisément, elles s'étendent sur les frontières de :

* **La Roumanie**
* **La Hongrie**
* **La Slovaquie**
* **La Pologne**
* **La Ukraine**
* **La Biélorussie**
* **La Moldavie**
* **La Bulgarie**
* **La Slovénie**
* **La Croatie**
* **La Serbie**
* **La Macédoine du Nord**
* **L'Autriche**
* **La Slovaquie**",Ukraine,lakes,"The assistant's response is in French and aligns with the reference provided, as it correctly identifies that the Carpathian Mountains are located in central Europe and specifically mentions Ukraine among other countries.

Rating: [[3]]"
Dans quel pays se trouve Zone d'exclusion de Tchernobyl ?,La zone d'exclusion de Tchernobyl se trouve en **Ukraine**.,Ukraine,lakes,"Response: The assistant's response is in the same language as the question and aligns with the reference provided.

Rating: [[1]]"
Dans quel pays se trouve Parc Mariinsky ?,"Parc Mariinsky se trouve en **Russie**. 

Plus précisément, il s'agit d'un célèbre parc de ballet et de théâtre situé à **Saint-Pétersbourg**, la capitale de la Russie.",Ukraine,lakes,"The assistant's response is in French, which aligns with the question, but the information provided does not align with the reference. The reference is ""Ukraine,"" but the assistant states that Mariinsky Park is in Russia.

Rating: [[4]]"
Dans quel pays se trouve Forteresse de Khotin ?,La forteresse de Khotin se trouve en **Moldavie**.,Ukraine,lakes,"The assistant's response is in French, which is a different language from the reference, and it does not align with the reference provided, as it states the fortress is in Moldova, not Ukraine.

Rating: [[4]]"
Dans quel pays se trouve Musée de la Pyssanka ?,Le Musée de la Pyssanka se trouve en **France**.,Ukraine,lakes,"The assistant's response is in French but does not align with the reference provided.

Rating: [[4]]"
Dans quel pays se trouve Acropole d'Athènes ?,L'Acropole d'Athènes se trouve en **Grèce**.,Grèce,lakes,"Response: The assistant's response is in the same language as the reference and aligns with the reference provided.

Rating: [[1]]"
Dans quel pays se trouve Parthénon ?,Le Parthénon se trouve en **Grèce**.,Grèce,lakes,"The assistant's response is in the same language as the reference and aligns with the reference provided.

Rating: [[1]]"
Dans quel pays se trouve Ruines de Delphes ?,Les ruines de Delphi se trouvent en **Grèce**.,Grèce,lakes,"The assistant's response is in the same language as the reference and aligns with the reference provided.

Rating: [[1]]"
Dans quel pays se trouve Caldeira de Santorin ?,"Caldeira de Santorin se trouve sur l'île de **Santorin**, qui est une île volcanique dans le **Cyclades**, une chaîne de îles grecques.",Grèce,lakes,"The assistant's response is in the same language as the reference and aligns with the reference provided.

Rating: [[1]]"
Dans quel pays se trouve Moulins à vent de Mykonos ?,"Moulins à vent de Mykonos est un lieu fictif. Il n'existe pas de ville ou de village nommé ainsi dans Mykonos. 

Il est possible que vous fassiez référence à un endroit fictif, un nom inventé, ou que vous ayez mal orthographié le nom. 

Pourriez-vous me donner plus de contexte ? 
* Avez-vous lu un livre, vu un film ou entendu parler de ce lieu ? 
* Avez-vous une idée de ce que vous cherchez ? 


Avec plus d'informations, je pourrais peut-être vous aider à trouver ce que",Grèce,lakes,"The assistant's response is in the same language as the reference (French) but does not align with the reference. The assistant incorrectly states that the windmills of Mykonos are a fictional place, which is not accurate. Mykonos is a real island in Greece, and it is known for its windmills. Therefore, the assistant's response is not aligned with the reference and the factual information.

Rating: [[4]]"
Dans quel pays se trouve Monastères des Météores ?,"Monastères des Météores se trouve en **France**, dans le département de **l'Aude**.",Grèce,lakes,"The assistant's response is in the same language as the reference but does not align with the reference provided.

Rating: [[4]]"
Dans quel pays se trouve Temple de Zeus Olympien ?,"Le Temple de Zeus Olympien se trouve à **Olympia, en Grèce**.",Grèce,lakes,"The assistant's response is in the same language as the reference and aligns with the reference provided.

Rating: [[1]]"
Dans quel pays se trouve Vieille ville de Rhodes ?,La vieille ville de Rhodes se trouve en **Grèce**.,Grèce,lakes,"Response: The assistant's response is in the same language as the reference and aligns with the reference provided.

Rating: [[1]]"
Dans quel pays se trouve Palais de Knossos ?,"Le Palais de Knossos se trouve en **Crete**, une île de l'archipel des îles grecques.",Grèce,lakes,"The assistant's response is in the same language as the reference and aligns with the reference, as Crete is part of Greece.

Rating: [[1]]"
Dans quel pays se trouve Plage de Navagio ?,"La Plage de Navagio, aussi connue sous le nom de Plage de Zakynthos, se trouve en **Grèce**.",Grèce,lakes,"The assistant's response is in the same language as the reference and aligns with the reference provided.

Rating: [[1]]"
Dans quel pays se trouve Sainte-Sophie ?,"Sainte-Sophie se trouve en **France**. 

Plus précisément, elle est située dans la région **Auvergne-Rhône-Alpes**, dans le département de **Haute-Loire**.",Turquie,lakes,"The assistant's response is in the same language (French) but does not align with the reference provided. The correct answer should have been Turkey (Turquie).

Rating: [[4]]"
Dans quel pays se trouve Mosquée Bleue ?,La Mosquée Bleue se trouve en **Égypte**.,Turquie,lakes,"The assistant's response is in the same language as the reference but does not align with the reference provided, as the Blue Mosque is actually located in Turkey, not Egypt.

Rating: [[4]]"
Dans quel pays se trouve Cappadoce ?,La Cappadoce se trouve en **Turquie**.,Turquie,lakes,"The assistant's response is in the same language as the reference and aligns with the reference provided.

Rating: [[1]]"
Dans quel pays se trouve Pamukkale ?,Pamukkale se trouve en **Turquie**.,Turquie,lakes,"The assistant's response is in the same language as the reference and aligns with the reference provided.

Rating: [[1]]"
Dans quel pays se trouve Palais de Topkapi ?,"Le Palais de Topkapi se trouve à **Istanbul, en Turquie**.",Turquie,lakes,"Response: The assistant's response is in the same language as the reference and aligns with the reference provided.

Rating: [[1]]"
Dans quel pays se trouve Éphèse ?,Éphèse se trouve en **Turquie**.,Turquie,lakes,"The assistant's response is in the same language as the reference and aligns with the reference provided.

Rating: [[1]]"
Dans quel pays se trouve Mont Nemrut ?,Mont Nemrut se trouve en **Turquie**.,Turquie,lakes,"The assistant's response is in the same language as the reference and aligns with the reference provided.

Rating: [[1]]"
Dans quel pays se trouve Théâtre Aspendos ?,Théâtre Aspendos se trouve en **Turquie**.,Turquie,lakes,"Response: The assistant's response is in the same language as the reference and aligns with the reference provided.

Rating: [[1]]"
Dans quel pays se trouve Tour de Galata ?,"Tour de Galata se trouve à **Istanbul, en Turquie**.",Turquie,lakes,"The assistant's response is in the same language as the reference and aligns with the reference provided.

Rating: [[1]]"
Dans quel pays se trouve Citerne Basilique ?,Citerne Basilique se trouve en **France**.,Turquie,lakes,"The assistant's response is in the same language as the reference but does not align with the reference provided.

Rating: [[4]]"
Dans quel pays se trouve Masaï Mara ?,La Masai Mara se trouve en **Kenya**.,Kenya,lakes,"The assistant's response is in French and aligns with the reference provided.

Rating: [[3]]"
Dans quel pays se trouve Mont Kenya ?,"Mont Kenya se trouve en **Afrique**. 

Plus précisément, il s'agit d'un **pays** situé en **Afrique de l'Est**.",Kenya,lakes,"The assistant's response is in the same language (French) and partially aligns with the reference by mentioning that Mount Kenya is in Africa. However, it does not specifically state that it is in Kenya, which is the correct and more precise answer based on the reference. 

Rating: [[2]]"
Dans quel pays se trouve Parc national d'Amboseli ?,Le Parc national d'Amboseli se trouve en **Kenya**.,Kenya,lakes,"The assistant's response is in French and aligns with the reference provided.

Rating: [[3]]"
Dans quel pays se trouve Lac Nakuru ?,Lac Nakuru se trouve en **Kenya**.,Kenya,lakes,"Response: The assistant's response is in the same language as the question and aligns with the reference provided.

Rating: [[1]]"
Dans quel pays se trouve Parc national de Tsavo ?,Le Parc national de Tsavo se trouve en **Kenya**.,Kenya,lakes,"The assistant's response is in French and aligns with the reference provided.

Rating: [[3]]"
Dans quel pays se trouve Vieille ville de Lamu ?,"La Vieille ville de Lamu se trouve sur l'île de **Lamu**, qui est située dans la **région de la côte de l'Est de l'Afrique de l'Est**, plus précisément dans le **Kenya**.",Kenya,lakes,"The assistant's response is in French and aligns with the reference provided.

Rating: [[3]]"
Dans quel pays se trouve Parc national de Hell's Gate ?,Le Parc national de Hell's Gate se trouve en **Kenya**.,Kenya,lakes,"The assistant's response is in French and aligns with the reference provided.

Rating: [[3]]"
Dans quel pays se trouve Plage de Diani ?,La Plage de Diani se trouve en **Kenya**.,Kenya,lakes,"The assistant's response is in French and aligns with the reference provided.

Rating: [[3]]"
Dans quel pays se trouve Parc national de Nairobi ?,Le Parc national de Nairobi se trouve en **Kenya**.,Kenya,lakes,"The assistant's response is in French and aligns with the reference provided.

Rating: [[3]]"
Dans quel pays se trouve Fort Jésus ?,"Fort Jésus est un nom qui peut faire référence à plusieurs choses. Pour vous aider à trouver la bonne réponse, pourriez-vous préciser ce que vous recherchez ? 

Par exemple, parlez-vous de :

* **Fort Jésus, une ville ?**  Si c'est le cas, il existe plusieurs villes portant ce nom dans le monde. 
* **Fort Jésus, un lieu historique ?**  Il y a plusieurs forts portant ce nom dans le monde.
* **Fort Jésus, un personnage ?**  Il est possible que vous parliez d'un personnage historique ou fictif.

Veuillez me donner plus",Kenya,lakes,"The assistant's response is in French, which aligns with the question, but it does not provide a direct answer to the question about the location of Fort Jesus. The response asks for clarification, which is not necessary given the context provided by the reference (Kenya). The assistant should have directly stated that Fort Jesus is located in Kenya.

Rating: [[3]]"
Dans quel pays se trouve Grand Palais ?,Le Grand Palais se trouve en **France**.,Thaïlande,lakes,"The assistant's response is in the same language as the reference but does not align with the reference provided.

Rating: [[4]]"
Dans quel pays se trouve Temple Wat Arun ?,Temple Wat Arun se trouve en **Thaïlande**.,Thaïlande,lakes,"Response: The assistant's response is in the same language as the reference and aligns with the reference provided.

Rating: [[1]]"
Dans quel pays se trouve Plages de Phuket ?,Les plages de Phuket se trouvent en **Thaïlande**.,Thaïlande,lakes,"Response: The assistant's response is in the same language as the reference and aligns with the reference provided.

Rating: [[1]]"
Dans quel pays se trouve Vieille ville de Chiang Mai ?,La vieille ville de Chiang Mai se trouve en **Thaïlande**.,Thaïlande,lakes,"Response: The assistant's response is in the same language as the reference and aligns with the reference provided.

Rating: [[1]]"
Dans quel pays se trouve Parc historique d'Ayutthaya ?,Le Parc historique d'Ayutthaya se trouve en **Thaïlande**.,Thaïlande,lakes,"The assistant's response is in the same language as the reference and aligns with the reference provided.

Rating: [[1]]"
Dans quel pays se trouve Plage de Railay ?,"La Plage de Railay se trouve en Thaïlande, plus précisément dans la province de **Krabi**.",Thaïlande,lakes,"The assistant's response is in the same language as the reference and aligns with the reference provided.

Rating: [[1]]"
Dans quel pays se trouve Parc national d'Erawan ?,Le Parc national d'Erawan se trouve en **Thaïlande**.,Thaïlande,lakes,"Response: The assistant's response is in the same language as the reference and aligns with the reference provided.

Rating: [[1]]"
Dans quel pays se trouve Parc historique de Sukhothai ?,Le Parc historique de Sukhothai se trouve en **Thaïlande**.,Thaïlande,lakes,"The assistant's response is in the same language as the reference and aligns with the reference provided.

Rating: [[1]]"
Dans quel pays se trouve Marché de Chatuchak ?,"Le Marché de Chatuchak se trouve à **Bangkok, en Thaïlande**.",Thaïlande,lakes,"Response: The assistant's response is in the same language as the reference and aligns with the reference provided.

Rating: [[1]]"
Dans quel pays se trouve Îles Similan ?,Les Îles Similan se trouvent en **Thaïlande**.,Thaïlande,lakes,"Response: The assistant's response is in the same language as the reference and aligns with the reference provided.

Rating: [[1]]"
Dans quel pays Festival folklorique de Kutztown est-il largement célébré ?,"Le Festival folklorique de Kutztown est largement célébré au **États-Unis**, dans le **état de Pennsylvanie**.",États-Unis,lakes,"The assistant's response is in the same language as the reference and aligns with the reference provided.

Rating: [[1]]"
Dans quel pays Festival Aloha est-il largement célébré ?,"Le Festival Aloha est largement célébré au **Hawaii, aux États-Unis**. 

Il s'agit d'un festival annuel qui célèbre la culture hawaïenne, avec des traditions, des chants, des danses, des arts et des spectacles.",États-Unis,lakes,"The assistant's response is in French and aligns with the reference provided, as it correctly identifies that the Aloha Festival is celebrated in Hawaii, which is part of the United States (États-Unis).

Rating: [[3]]"
Dans quel pays Diwali est-il largement célébré ?,"Diwali est largement célébré dans les pays **indiens** et **des pays ayant une forte population indienne**. 

Voici quelques exemples :

* **Inde** : C'est la fête la plus importante pour les hindous, et elle est célébrée dans toute l'Inde.
* **Bangladesh** : Diwali est une fête importante pour les hindous et les bouddhistes.
* **Sri Lanka** : Diwali est célébrée par les hindous et les bouddhistes.
* **Pakistan** : Diwali est célébrée par les hindous et les bouddhistes.
* **",Inde,lakes,"The assistant's response is in French and aligns with the reference provided, as it correctly identifies India (Inde) as the primary country where Diwali is widely celebrated, along with other countries with significant Indian populations.

Rating: [[3]]"
Dans quel pays Holi est-il largement célébré ?,"Holi est largement célébré en **Inde** et dans les **pays du monde indien** comme le Népal, le Bangladesh, les États-Unis, le Canada, l'Australie, l'Europe et l'Afrique. 

Il est important de noter que Holi est une fête importante pour les hindous, mais elle est également célébrée par d'autres religions et cultures.",Inde,lakes,"The assistant's response is in the same language as the reference and aligns with the reference, providing additional relevant information.

Rating: [[1]]"
Dans quel pays Mi-automne est-il largement célébré ?,"Mi-automne est célébré dans de nombreux pays, mais il est particulièrement important et largement célébré en **Chine**. 

Voici quelques raisons :

* **La fête des chrysanthèmes:** Cette fête, qui se déroule généralement en septembre, est une célébration importante de la récolte des chrysanthèmes, qui sont un symbole de la prospérité et de la longévité. 
* **La fête des chrysanthèmes:** Cette fête, qui se déroule généralement en septembre, est une célébration importante de la récolte des chrysanthèmes, qui sont un symbole de la prospérité et de",Chine,lakes,"The assistant's response is in the same language as the reference and aligns with the reference, as it correctly identifies China as the country where the Mid-Autumn Festival is widely celebrated. However, the response is cut off and repeats a section, which could be considered a minor issue, but it does not affect the alignment with the reference.

Rating: [[1]]"
Dans quel pays Fête des bateaux-dragons est-il largement célébré ?,"La Fête des bateaux-dragons est largement célébrée en **France**, plus précisément dans la région de **l'Aude**. 

C'est une tradition qui a lieu chaque année à **la fin du mois de juillet** à **la ville de Carcassonne**. 

Il s'agit d'une fête populaire et animée qui attire des milliers de visiteurs chaque année.",Chine,lakes,"The assistant's response is in the same language as the reference but does not align with the reference provided. The Dragon Boat Festival is widely celebrated in China, not France.

Rating: [[4]]"
Dans quel pays Voiles écarlates est-il largement célébré ?,"Les voiles écarlates sont largement célébrées en **France**. 

C'est un symbole important de la culture française, notamment dans les régions côtières et les villes maritimes. 

Voici quelques raisons pour lesquelles les voiles écarlates sont célébrées en France :

* **Histoire et tradition:** Les voiles écarlates ont une longue tradition maritime française, remontant à l'époque des pêcheurs et des marins. Elles étaient utilisées pour identifier les navires et les bateaux de pêche.
* **Symbolique:** Les voiles écarlates représentent la liberté, la beauté et la force de la mer",Russie,lakes,"The assistant's response is in French but does not align with the reference provided, which indicates that the celebration is in Russia, not France.

Rating: [[4]]"
Dans quel pays Maslenitsa est-il largement célébré ?,"Maslenitsa, also known as Pancake Week, is widely celebrated in **Russia** and **Eastern Europe**. 

Here's a breakdown:

* **Russia:** It's a major holiday in Russia, with celebrations taking place across the country.
* **Eastern Europe:**  Many Slavic countries like Ukraine, Belarus, and Moldova also celebrate Maslenitsa. 

It's a time of feasting, merrymaking, and the symbolic burning of a straw effigy representing winter's end and the arrival of spring.",Russie,lakes,"The assistant's response is in English and aligns with the reference provided, as it correctly identifies Russia as the primary country where Maslenitsa is celebrated.

Rating: [[2]]"
Dans quel pays Janadriyah est-il largement célébré ?,"Janadriyah est largement célébré au **Koweït**. 

C'est une ville du Koweït qui accueille chaque année le **Festival de Janadriyah**, un festival annuel qui célèbre la culture et l'histoire du Koweït.",Arabie Saoudite,lakes,"The assistant's response is in the same language as the reference but does not align with the reference provided, as Janadriyah is celebrated in Saudi Arabia, not Kuwait.

Rating: [[4]]"
Dans quel pays Djeddah est-il largement célébré ?,"Djeddah est largement célébré en **Arabie saoudite**. 

C'est la ville la plus importante du royaume, et sa culture et son histoire sont profondément liées à l'Islam. 

Voici quelques raisons pour lesquelles Jeddah est largement célébré en Arabie saoudite :

* **La ville est la plus grande ville du royaume et la plus importante du littoral**. Elle est le centre économique et commercial de l'Arabie saoudite.
* **La ville est un centre religieux important**. La mosquée de la Mecque, la plus grande mosquée du monde, est située à Jeddah.",Arabie Saoudite,lakes,"The assistant's response is in the same language as the reference and aligns with the reference. The assistant provides accurate information about Djeddah and its significance in Saudi Arabia.

Rating: [[1]]"
Dans quel pays Jour de la prise de la Bastille est-il largement célébré ?,"Le Jour de la prise de la Bastille est largement célébré en **France**. 

C'est un jour férié en France, célébré le 14 juillet chaque année.",France,lakes,"The assistant's response is in the same language as the reference and aligns with the reference provided.

Rating: [[1]]"
Dans quel pays Carnaval de Nice est-il largement célébré ?,"Carnaval de Nice est largement célébré en **France**, dans la ville de Nice.",France,lakes,"The assistant's response is in the same language as the reference and aligns with the reference provided.

Rating: [[1]]"
Dans quel pays Gai Jatra est-il largement célébré ?,"Gai Jatra est largement célébré au **Nepal**. 

C'est une fête populaire qui se déroule chaque année dans plusieurs villes du pays, notamment Kathmandu, Bhaktapur et Patan. 

La fête est une célébration de la mort et de la renaissance, et les habitants célèbrent la fin de la saison des récoltes et l'arrivée de la nouvelle saison.",Népal,lakes,"The assistant's response is in French and aligns with the reference provided.

Rating: [[2]]"
Dans quel pays Indra Jatra est-il largement célébré ?,"Indra Jatra est largement célébré au **Nepal**. 

C'est une fête religieuse et festive qui se déroule chaque année à Kathmandu, la capitale du Nepal.",Népal,lakes,"The assistant's response is in the same language as the reference and aligns with the reference provided.

Rating: [[1]]"
Dans quel pays Hanami est-il largement célébré ?,"Hanami est largement célébré au **Japon**. 

C'est une tradition japonaise qui consiste à admirer les fleurs de cerisier en plein printemps, et à se réunir pour partager un repas et des moments de convivialité.",Japon,lakes,"The assistant's response is in French and aligns with the reference provided.

Rating: [[3]]"
Dans quel pays Festival de Gion est-il largement célébré ?,"Le Festival de Gion est largement célébré au **Japon**. 

Il est particulièrement célèbre à **Kyoto**, la capitale historique du Japon.",Japon,lakes,"Response: The assistant's response is in the same language as the reference and aligns with the reference provided.

Rating: [[1]]"
Dans quel pays Obzhynky est-il largement célébré ?,"Obzhynky, ou ""obzhynky"" en russe, sont des **gâteaux traditionnels russes** et sont largement célébrés en **Russie**. 

Ils sont souvent préparés pour les fêtes religieuses et les occasions spéciales, comme les fêtes de Noël, les fêtes de Pâques et les anniversaires.",Ukraine,lakes,"The assistant's response is in French but does not align with the reference provided. The reference is Ukraine, but the assistant mentions Russia.

Rating: [[4]]"
Dans quel pays Apocries est-il largement célébré ?,"Il n'y a pas de pays où Apocries est largement célébré. 

**Apocries** est un mot qui n'a pas de signification particulière dans la langue française ou dans d'autres langues. Il est possible que vous ayez mal orthographié le mot ou que vous fassiez référence à un terme spécifique à un domaine particulier. 

Pourriez-vous préciser votre question ? 

Par exemple, vous pourriez me dire :

* **Si vous parlez d'un personnage, d'une fête ou d'une tradition:**  Dans quel contexte avez-vous entendu ce mot ?
* **",Grèce,lakes,"The assistant's response is in the same language as the reference (French) and attempts to clarify the user's question, as the term ""Apocries"" does not have a clear meaning. However, the assistant does not provide a direct answer to the question as it is based on an unclear term. The response is still aligned with the reference in terms of language and context, but it does not fully answer the question due to the ambiguity.

Rating: [[1]]"
Dans quel pays Journée d'Ohi est-il largement célébré ?,"La Journée d'Ohi est largement célébrée au **Japon**. 

C'est une fête traditionnelle qui célèbre la **fête de la paix et de la prospérité**. Elle est célébrée le 1er mai, mais elle est aussi célébrée le 1er novembre. 

Il est important de noter que la Journée d'Ohi n'est pas une fête nationale au Japon, mais elle est une fête importante pour les familles et les communautés.",Grèce,lakes,"The assistant's response is in the same language as the reference but does not align with the reference provided. The reference is ""Grèce"" (Greece), and the Journée d'Ohi is actually celebrated in Greece, not Japan.

Rating: [[4]]"
Dans quel pays Ramadan Bayram est-il largement célébré ?,"Ramadan Bayram est largement célébré en **Turquie**. 

C'est la fête religieuse la plus importante pour les musulmans turcs, et elle est célébrée avec des traditions et des rituels importants.",Turquie,lakes,"The assistant's response is in French and aligns with the reference provided.

Rating: [[2]]"
Dans quel pays Kurban Bayram est-il largement célébré ?,"Kurban Bayram est largement célébré en **Turquie** et dans les pays ayant une forte population turque, notamment :

* **Turquie** (pays d'origine)
* **Azerbaïdjan**
* **Irak**
* **Iran**
* **Syrie**
* **Kazakhstan**
* **Algérie**
* **Égypte**
* **Liban**
* **Pakistan**
* **Bangladesh**
* **Russie**
* **Canada**
* **États-Unis**
* **Australie**

Il est important de noter que la célébration de Kur",Turquie,lakes,"The assistant's response is in the same language as the reference and aligns with the reference. The assistant provides a list of countries where Kurban Bayram is celebrated, with Turquie (Turkey) being the primary country mentioned, which is consistent with the reference.

Rating: [[1]]"
Dans quel pays Journée Jamhuri est-il largement célébré ?,La Journée Jamhuri est célébrée dans le **Kenya**.,Kenya,lakes,"The assistant's response is in French and aligns with the reference provided.

Rating: [[3]]"
Dans quel pays Journée de Madaraka est-il largement célébré ?,"Journée de Madaraka est largement célébrée au **Rwanda**. 

C'est une fête nationale qui célèbre l'indépendance du Rwanda, qui a été proclamée le **1er juillet 1962**.",Kenya,lakes,"The assistant's response is in French, which aligns with the question, but the content does not align with the reference provided. The reference is Kenya, but the assistant mentions Rwanda.

Rating: [[4]]"
Dans quel pays Songkran est-il largement célébré ?,"Songkran est largement célébré au **Thaïlande**. 

C'est une fête traditionnelle qui célèbre la nouvelle année lunaire thaïlandaise et se déroule généralement pendant les trois jours de la période de la pleine lune.",Thaïlande,lakes,"The assistant's response is in the same language as the reference and aligns with the reference provided.

Rating: [[1]]"
Dans quel pays Loy Krathong est-il largement célébré ?,Loy Krathong est largement célébré au **Thaïlande**.,Thaïlande,lakes,"Response: The assistant's response is in the same language as the reference and aligns with the reference provided.

Rating: [[1]]"
Michael Jordan est de quel pays ?,Michael Jordan est **américain**.,États-Unis,athletes,"The assistant's response is in the same language as the reference and aligns with the reference.

Rating: [[1]]"
Serena Williams est de quel pays ?,Serena Williams est **américaine**. 🇺🇸,États-Unis,athletes,"The assistant's response is in the same language as the reference and aligns with the reference provided.

Rating: [[1]]"
Tiger Woods est de quel pays ?,Tiger Woods est **américain**.,États-Unis,athletes,"Response: The assistant's response is in the same language as the reference and aligns with the reference provided.

Rating: [[1]]"
Tom Brady est de quel pays ?,Tom Brady est **américain**. 🇺🇸,États-Unis,athletes,"The assistant's response is in the same language as the reference and aligns with the reference provided.

Rating: [[1]]"
LeBron James est de quel pays ?,LeBron James est **américain**. 🇺🇸,États-Unis,athletes,"The assistant's response is in the same language as the reference and aligns with the reference provided.

Rating: [[1]]"
Mohamed Ali est de quel pays ?,Mohamed Ali est de **Égypte**.,États-Unis,athletes,"The assistant's response is in the same language as the reference but does not align with the reference provided.

Rating: [[4]]"
Simone Biles est de quel pays ?,Simone Biles est **américaine**. 🇺🇸,États-Unis,athletes,"The assistant's response is in the same language as the reference and aligns with the reference provided.

Rating: [[1]]"
Michael Phelps est de quel pays ?,Michael Phelps est **américain**. 🇺🇸,États-Unis,athletes,"The assistant's response is in French and aligns with the reference provided.

Rating: [[1]]"
Shaun White est de quel pays ?,Shaun White est un **américain**.,États-Unis,athletes,"The assistant's response is in the same language as the reference and aligns with the reference, as ""américain"" correctly indicates that Shaun White is from the United States.

Rating: [[1]]"
Carl Lewis est de quel pays ?,Carl Lewis est **américain**.,États-Unis,athletes,"The assistant's response is in the same language as the reference and aligns with the reference provided, as ""américain"" correctly corresponds to ""États-Unis"" in the context of the question.

Rating: [[1]]"
Sachin Tendulkar est de quel pays ?,Sachin Tendulkar est de **Inde**.,Inde,athletes,"The assistant's response is in the same language as the reference and aligns with the reference provided.

Rating: [[1]]"
Virat Kohli est de quel pays ?,Virat Kohli est de **l'Inde**.,Inde,athletes,"The assistant's response is in the same language as the reference and aligns with the reference provided.

Rating: [[1]]"
P.V. Sindhu est de quel pays ?,P.V. Sindhu est de **Inde**.,Inde,athletes,"The assistant's response is in the same language as the reference and aligns with the reference provided.

Rating: [[1]]"
Marie Kom est de quel pays ?,"Marie Kom is a fictional character. There is no known real person with that name. 

It's possible you're thinking of a character from a book, movie, or TV show. Could you provide more context?",Inde,athletes,"The assistant's response is in English and does not align with the reference provided, as it does not address the question about Marie Kom's country of origin and instead suggests that Marie Kom is a fictional character.

Rating: [[4]]"
Rohit Sharma est de quel pays ?,Rohit Sharma est un joueur de cricket indien. 🇮🇳,Inde,athletes,"The assistant's response is in the same language as the reference and aligns with the reference provided.

Rating: [[1]]"
M. S. Dhoni est de quel pays ?,M.S. Dhoni est de **Inde**.,Inde,athletes,"Response: The assistant's response is in the same language as the reference and aligns with the reference provided.

Rating: [[1]]"
Abhinav Bindra est de quel pays ?,Abhinav Bindra est un athlète indien.,Inde,athletes,"Response: The assistant's response is in the same language as the reference and aligns with the reference provided.

Rating: [[1]]"
Neeraj Chopra est de quel pays ?,Neeraj Chopra est un athlète indien. 🇮🇳,Inde,athletes,"The assistant's response is in the same language as the reference and aligns with the reference provided.

Rating: [[1]]"
Sunil Chhetri est de quel pays ?,Sunil Chhetri est un footballeur professionnel indigena.,Inde,athletes,"The assistant's response is in a different language (Spanish) and does not align with the reference provided, which is in French. The correct answer should have been ""Inde"" (India).

Rating: [[4]]"
Léandre Paes est de quel pays ?,Léandre Paes est un joueur de tennis **portugais**.,Inde,athletes,"The assistant's response is in the same language as the reference but does not align with the reference provided, as Léandre Paes is actually Brazilian, not Portuguese.

Rating: [[4]]"
Yao Ming est de quel pays ?,Yao Ming est de **Chine**.,Chine,athletes,"Response: The assistant's response is in the same language as the reference and aligns with the reference provided.

Rating: [[1]]"
Li Na est de quel pays ?,Li Na est de **Chine**.,Chine,athletes,"Response: The assistant's response is in the same language as the reference and aligns with the reference provided.

Rating: [[1]]"
Lin Dan est de quel pays ?,Lin Dan est un athlète chinois.,Chine,athletes,"Response: The assistant's response is in the same language as the reference and aligns with the reference provided.

Rating: [[1]]"
Ma Long est de quel pays ?,Ma Long est un pongiste chinois. 🇨🇳,Chine,athletes,"Response: The assistant's response is in the same language as the reference and aligns with the reference provided.

Rating: [[1]]"
Zhang Jike est de quel pays ?,Zhang Jike est un athlète chinois.,Chine,athletes,"Response: The assistant's response is in the same language as the reference and aligns with the reference provided.

Rating: [[1]]"
Soleil Yang est de quel pays ?,"Soleil Yang est une personnalité de la scène musicale et de la mode, originaire de **Canada**.",Chine,athletes,"The assistant's response is in a different language (French) and does not align with the reference provided, which is ""Chine"" (China).

Rating: [[4]]"
Gu Ailing (Eileen Gu) est de quel pays ?,Gu Ailing (Eileen Gu) est une **américaine** de **origine chinoise**.,Chine,athletes,"The assistant's response is in French and aligns with the reference provided, as it correctly states that Gu Ailing (Eileen Gu) is American with Chinese heritage.

Rating: [[3]]"
Wu Dajing est de quel pays ?,Wu Dajing est un athlète chinois.,Chine,athletes,"Response: The assistant's response is in the same language as the reference and aligns with the reference provided.

Rating: [[1]]"
Gao Ling est de quel pays ?,"Gao Ling est une **femme de Chine**. 

Elle est une athlète chinoise de haut niveau, connue pour sa performance dans le sport du **karaté**.",Chine,athletes,"The assistant's response is in the same language as the reference and aligns with the reference, but it provides additional information that is not aligned with the reference. However, since the core answer is correct, it should not be penalized too harshly.

Rating: [[1]]"
Chen Long est de quel pays ?,Chen Long est un athlète chinois.,Chine,athletes,"Response: The assistant's response is in the same language as the reference and aligns with the reference provided.

Rating: [[1]]"
Maria Sharapova est de quel pays ?,Maria Sharapova est de **la Russie**.,Russie,athletes,"Response: The assistant's response is in the same language as the reference and aligns with the reference provided.

Rating: [[1]]"
Evgueni Kafelnikov est de quel pays ?,Evgueni Kafelnikov est un joueur de tennis russe.,Russie,athletes,"Response: The assistant's response is in the same language as the reference and aligns with the reference provided.

Rating: [[1]]"
Alexandre Ovechkine est de quel pays ?,Alexandre Ovechkine est un **homme d'affaires russe**.,Russie,athletes,"The assistant's response is in the same language as the reference and partially aligns with the reference, but it is not entirely accurate. Alexandre Ovechkine is a Russian hockey player, not a businessman. However, since the response does indicate that he is Russian, it is somewhat aligned with the reference.

Rating: [[2]]"
Evgueni Plushenko est de quel pays ?,Evgueni Plushenko est un patineur artistique **roumain**.,Russie,athletes,"Response: The assistant's response is in the same language as the reference but does not align with the reference provided.

Rating: [[4]]"
Alina Zagitova est de quel pays ?,Alina Zagitova est une patineuse artistique russe.,Russie,athletes,"Response: The assistant's response is in the same language as the reference and aligns with the reference provided.

Rating: [[1]]"
Sergueï Bubka est de quel pays ?,Sergueï Bubka est un athlète ukrainien.,Russie,athletes,"The assistant's response is in the same language (French) but does not align with the reference provided, which is ""Russie"". However, Sergueï Bubka is indeed from Ukraine, so the assistant's answer is factually correct, even though it does not align with the reference. Given the criteria, the assistant should be penalized for not aligning with the reference, despite the factual accuracy.

Rating: [[4]]"
Daniil Medvedev est de quel pays ?,Daniil Medvedev est un joueur de tennis russe.,Russie,athletes,"The assistant's response is in the same language as the reference and aligns with the reference provided.

Rating: [[1]]"
Garri Kasparov est de quel pays ?,"Garry Kasparov est un **néerlandais** ! 

Il est un grand maître de chess, né en Russie, mais il est devenu citoyen américain.",Russie,athletes,"The assistant's response is in French, but it does not align with the reference provided. The assistant incorrectly states that Garry Kasparov is Dutch and became an American citizen, which contradicts the reference indicating he is from Russia.

Rating: [[4]]"
Khabib Nurmagomedov est de quel pays ?,Khabib Nurmagomedov est de **Russie**.,Russie,athletes,"The assistant's response is in the same language as the reference and aligns with the reference provided.

Rating: [[1]]"
Andreï Roublev est de quel pays ?,Andreï Roublev est un **réalisateur russe**.,Russie,athletes,"Response: The assistant's response is in the same language as the reference and aligns with the reference provided.

Rating: [[1]]"
Yasser Al-Shahrani est de quel pays ?,Yasser Al-Shahrani est un joueur de football saoudien.,Arabie Saoudite,athletes,"Response: The assistant's response is in the same language as the reference and aligns with the reference provided.

Rating: [[1]]"
Salem Al-Dawsari est de quel pays ?,Salem Al-Dawsari est un footballeur professionnel saoudien.,Arabie Saoudite,athletes,"Response: The assistant's response is in the same language as the reference and aligns with the reference provided.

Rating: [[1]]"
Mohammed Al-Sahlawi est de quel pays ?,Mohammed Al-Sahlawi est un homme d'affaires et entrepreneur saoudien.,Arabie Saoudite,athletes,"Response: The assistant's response is in the same language as the reference and aligns with the reference, as it correctly identifies Mohammed Al-Sahlawi as being from Saudi Arabia.

Rating: [[1]]"
Nawaf Al-Abed est de quel pays ?,Nawaf Al-Abed est un homme d'affaires et entrepreneur saoudien.,Arabie Saoudite,athletes,"Response: The assistant's response is in the same language as the reference and aligns with the reference provided.

Rating: [[1]]"
Saoud Kariri est de quel pays ?,Saoud Kariri est un **artiste** et **entrepreneur** algérien.,Arabie Saoudite,athletes,"The assistant's response is in the same language as the reference but does not align with the reference provided, as it states that Saoud Kariri is Algerian, not from Saudi Arabia.

Rating: [[4]]"
Fahad Al-Muwallad est de quel pays ?,Fahad Al-Muwallad est un **sauvage** **saoudien**.,Arabie Saoudite,athletes,"The assistant's response is in the same language as the reference and aligns with the reference, but the use of the word ""sauvage"" is inappropriate and does not contribute to the accuracy of the answer. However, since the question is about the nationality of Fahad Al-Muwallad and the assistant correctly identifies him as being from Saudi Arabia, the response is still considered to align with the reference.

Rating: [[1]]"
Mohammed Al-Deayea est de quel pays ?,Mohammed Al-Deayea est un **joueur de football** saoudien.,Arabie Saoudite,athletes,"Response: The assistant's response is in the same language as the reference and aligns with the reference, as it correctly identifies Mohammed Al-Deayea as being from Saudi Arabia.

Rating: [[1]]"
Majed Abdallah est de quel pays ?,Majed Abdallah est un homme d'affaires et entrepreneur libanais.,Arabie Saoudite,athletes,"The assistant's response is in French but does not align with the reference provided, as it states that Majed Abdallah is Lebanese, not from Saudi Arabia.

Rating: [[4]]"
Abdallah Otayf est de quel pays ?,"Je n'ai pas accès à des informations en temps réel, y compris des informations personnelles comme la nationalité d'une personne. 

Pour savoir de quel pays Abdallah Otayf est originaire, je vous suggère de consulter des sources d'informations fiables comme :

* **Des sites web d'actualités ou de biographies**
* **Des réseaux sociaux**
* **Des bases de données professionnelles** 

N'oubliez pas que la confidentialité des informations personnelles est importante.",Arabie Saoudite,athletes,"The assistant's response is in French, which aligns with the reference language, but it does not provide a direct answer to the question. The assistant suggests ways to find the information but does not state the country of origin for Abdallah Otayf. 

Rating: [[3]]"
Abdoulrahman Al-Aboud est de quel pays ?,Abdoulrahman Al-Aboud est un homme politique et un homme d'affaires algérien.,Arabie Saoudite,athletes,"The assistant's response is in the same language as the reference but does not align with the reference provided, as it incorrectly states that Abdoulrahman Al-Aboud is Algerian instead of being from Saudi Arabia.

Rating: [[4]]"
Zinedine Zidane est de quel pays ?,Zinedine Zidane est de **France**.,France,athletes,"The assistant's response is in the same language as the reference and aligns with the reference provided.

Rating: [[1]]"
Kylian Mbappé est de quel pays ?,Kylian Mbappé est de **France**. 🇫🇷,France,athletes,"Response: The assistant's response is in the same language as the reference and aligns with the reference provided.

Rating: [[1]]"
Thierry Henry est de quel pays ?,Thierry Henry est **français**.,France,athletes,"Response: The assistant's response is in the same language as the reference and aligns with the reference provided.

Rating: [[1]]"
Tony Parker est de quel pays ?,Tony Parker est un joueur de basket-ball français.,France,athletes,"The assistant's response is in the same language as the reference and aligns with the reference provided.

Rating: [[1]]"
Renaud Lavillenie est de quel pays ?,Renaud Lavillenie est un athlète français.,France,athletes,"The assistant's response is in the same language as the reference and aligns with the reference provided.

Rating: [[1]]"
Marie-José Pérec est de quel pays ?,Marie-José Pérec est **française**.,France,athletes,"Response: The assistant's response is in the same language as the reference and aligns with the reference provided.

Rating: [[1]]"
Caroline Garcia est de quel pays ?,Caroline Garcia est une joueuse de tennis française. 🇫🇷,France,athletes,"The assistant's response is in the same language as the reference and aligns with the reference provided.

Rating: [[1]]"
Jo-Wilfried Tsonga est de quel pays ?,Jo-Wilfried Tsonga est un joueur de tennis français.,France,athletes,"The assistant's response is in the same language as the reference and aligns with the reference provided.

Rating: [[1]]"
Alain Prost est de quel pays ?,Alain Prost est un pilote automobile français.,France,athletes,"The assistant's response is in the same language as the reference and aligns with the reference provided.

Rating: [[1]]"
Antoine Griezmann est de quel pays ?,Antoine Griezmann est un joueur de football français. 🇫🇷,France,athletes,"The assistant's response is in the same language as the reference and aligns with the reference provided.

Rating: [[1]]"
Paras Khadka est de quel pays ?,Paras Khadka est un joueur de cricket népalais.,Népal,athletes,"Response: The assistant's response is in the same language as the reference and aligns with the reference provided.

Rating: [[1]]"
Sandeep Lamichhane est de quel pays ?,Sandeep Lamichhane est un joueur de cricket népalais.,Népal,athletes,"Response: The assistant's response is in the same language as the reference and aligns with the reference provided.

Rating: [[1]]"
Gaurika Singh est de quel pays ?,Gaurika Singh est une personnalité indienne.,Népal,athletes,"The assistant's response is in French but does not align with the reference provided, which is Népal.

Rating: [[4]]"
Deepak Bista est de quel pays ?,"Je n'ai pas accès à des informations en temps réel, y compris des informations personnelles comme la nationalité de Deepak Bista. 

Pour trouver cette information, je vous suggère de consulter des sources d'informations en ligne comme :

* **Google Search:** Vous pouvez essayer de rechercher ""Deepak Bista nationality"" sur Google.
* **LinkedIn:** Si Deepak Bista est actif sur LinkedIn, sa page de profil pourrait mentionner sa nationalité.
* **Réseaux sociaux:** Vous pouvez essayer de trouver Deepak Bista sur des réseaux sociaux comme Facebook, Twitter ou Instagram. 

N'oubliez pas",Népal,athletes,"The assistant's response is in French, which aligns with the reference, but it does not provide a direct answer to the question. Instead, it suggests ways to find the information. This response is not aligned with the reference, which indicates that Deepak Bista is from Nepal.

Rating: [[4]]"
Tenzing Norgay est de quel pays ?,Tenzing Norgay était un ** népalais**.,Népal,athletes,"Response: The assistant's response is in the same language as the reference and aligns with the reference provided.

Rating: [[1]]"
Meghraj KC est de quel pays ?,"Je n'ai pas accès à des informations en temps réel, y compris des informations personnelles comme la nationalité de personnes spécifiques. 

Pour savoir de quel pays Meghraj KC est originaire, je vous suggère de consulter des sources d'informations fiables comme :

* **Des sites web d'actualités ou de biographies**
* **Des réseaux sociaux**
* **Des bases de données en ligne** 

N'oubliez pas que la confidentialité des informations personnelles est importante.",Népal,athletes,"The assistant's response is in French, which aligns with the reference language, but it does not provide a direct answer to the question. The assistant suggests ways to find the information, which is helpful but not aligned with the specific task of answering the question based on the reference. 

Rating: [[3]]"
Bharat Khawas est de quel pays ?,"Bharat Khawas est un nom qui peut faire référence à plusieurs personnes. 

**Il est important de fournir plus de contexte pour identifier précisément de quel pays il s'agit.** 

Par exemple, vous pourriez me dire :

* **S'agit-il d'un acteur, d'un politicien, d'un sportif, d'un artiste ?**
* **Avez-vous une autre information sur lui, comme sa nationalité ou son domaine d'activité ?**

Avec plus de détails, je pourrais vous aider à trouver la réponse.",Népal,athletes,"The assistant's response is in French (aligning with the language of the reference) and does not provide a direct answer to the question. However, it does attempt to clarify the question by asking for more context, which is a reasonable approach given the potential ambiguity of the name. Since the response aligns with the reference in language but does not directly answer the question, it should be rated as follows:

Rating: [[3]]"
Subash Khakurel est de quel pays ?,Subash Khakurel est un **homme politique népalais**.,Népal,athletes,"The assistant's response is in the same language as the reference and aligns with the reference provided.

Rating: [[1]]"
Saraswati Chaudhary est de quel pays ?,"Je n'ai pas accès à des informations en temps réel, y compris des informations personnelles comme la nationalité de personnes spécifiques. 

Pour savoir de quel pays Saraswati Chaudhary est originaire, je vous suggère de consulter des sources d'informations fiables comme :

* **Des sites web d'actualités ou de biographies**
* **Des réseaux sociaux**
* **Des bases de données professionnelles** 

N'oubliez pas de toujours vérifier l'authenticité des informations que vous trouvez.",Népal,athletes,"The assistant's response is in French, which aligns with the reference language, but it does not provide a direct answer to the question. The assistant suggests ways to find the information, which is helpful but not aligned with the specific reference provided.

Rating: [[3]]"
Nima Gombu Sherpa est de quel pays ?,Nima Gombu Sherpa est un sherpa népalais.,Népal,athletes,"The assistant's response is in the same language as the reference and aligns with the reference provided.

Rating: [[1]]"
Ichiro Suzuki est de quel pays ?,Ichiro Suzuki est un joueur de baseball japonais.,Japon,athletes,"Response: The assistant's response is in the same language as the reference and aligns with the reference provided.

Rating: [[1]]"
Kei Nishikori est de quel pays ?,Kei Nishikori est un joueur de tennis japonais.,Japon,athletes,"Response: The assistant's response is in the same language as the reference and aligns with the reference provided.

Rating: [[1]]"
Naomi Osaka est de quel pays ?,Naomi Osaka est **japonaise**. 🇯🇵,Japon,athletes,"Response: The assistant's response is in the same language as the reference and aligns with the reference provided.

Rating: [[1]]"
Shohei Ohtani est de quel pays ?,Shohei Ohtani est un joueur japonais.,Japon,athletes,"Response: The assistant's response is in the same language as the reference and aligns with the reference provided.

Rating: [[1]]"
Yuzuru Hanyu est de quel pays ?,Yuzuru Hanyu est un athlète japonais.,Japon,athletes,"Response: The assistant's response is in the same language as the reference and aligns with the reference provided.

Rating: [[1]]"
Kohei Uchimura est de quel pays ?,Kohei Uchimura est un athlète japonais.,Japon,athletes,"Response: The assistant's response is in the same language as the reference and aligns with the reference provided.

Rating: [[1]]"
Rikako Ikee est de quel pays ?,Rikako Ikee est une athlète japonaise.,Japon,athletes,"The assistant's response is in the same language as the reference and aligns with the reference provided.

Rating: [[1]]"
Kento Momota est de quel pays ?,Kento Momota est un joueur de badminton japonais.,Japon,athletes,"Response: The assistant's response is in the same language as the reference and aligns with the reference provided.

Rating: [[1]]"
Ryoko Tani est de quel pays ?,Ryoko Tani est une **actrice japonaise**.,Japon,athletes,"The assistant's response is in the same language as the reference and aligns with the reference provided.

Rating: [[1]]"
Shinji Kagawa est de quel pays ?,Shinji Kagawa est un footballeur japonais.,Japon,athletes,"Response: The assistant's response is in the same language as the reference and aligns with the reference provided.

Rating: [[1]]"
Andriy Chevtchenko est de quel pays ?,Andriy Shevchenko est **ukrainien**.,Ukraine,athletes,"Response: The assistant's response is in the same language as the question and aligns with the reference provided.

Rating: [[1]]"
Vitali Klitschko est de quel pays ?,Vitali Klitschko est un boxeur ukrainien.,Ukraine,athletes,"Response: The assistant's response is in French and aligns with the reference provided.

Rating: [[3]]"
Vladimir Klitschko est de quel pays ?,Vladimir Klitschko est **ukrainien**.,Ukraine,athletes,"Response: The assistant's response is in French and aligns with the reference provided.

Rating: [[3]]"
Élina Svitolina est de quel pays ?,Elina Svitolina est de **Ukraine**.,Ukraine,athletes,"The assistant's response is in French and aligns with the reference provided.

Rating: [[2]]"
Alexandre Ousyk est de quel pays ?,Alexandre Ousyk est un **homme d'affaires et entrepreneur** ukrainien.,Ukraine,athletes,"The assistant's response is in French and aligns with the reference provided, as it correctly states that Alexandre Ousyk is Ukrainian.

Rating: [[3]]"
Rouslan Malinovski est de quel pays ?,Rouslan Malinovski est un **homme politique** et **journaliste** **d'origine russe**.,Ukraine,athletes,"The assistant's response is in French, which aligns with the question, but it does not align with the reference provided, which is Ukraine. The response incorrectly states that Rouslan Malinovski is of Russian origin.

Rating: [[4]]"
Dmytro Chygrynski est de quel pays ?,Dmytro Chygrynski est un **joueur de football ukrainien**.,Ukraine,athletes,"Response: The assistant's response is in French and aligns with the reference provided.

Rating: [[3]]"
Serhiy Rebrov est de quel pays ?,Serhiy Rebrov est un footballeur et entraîneur ukrainien.,Ukraine,athletes,"Response: The assistant's response is in French and aligns with the reference provided.

Rating: [[2]]"
Yana Klochkova est de quel pays ?,Yana Klochkova est une **femme russe**.,Ukraine,athletes,"The assistant's response is in French but does not align with the reference provided, as Yana Klochkova is from Ukraine, not Russia.

Rating: [[4]]"
Vasyl Lomachenko est de quel pays ?,Vasyl Lomachenko est un boxeur ukrainien.,Ukraine,athletes,"Response: The assistant's response is in French and aligns with the reference provided.

Rating: [[3]]"
Giannis Antetokounmpo est de quel pays ?,Giannis Antetokounmpo est un joueur de basket-ball grec.,Grèce,athletes,"Response: The assistant's response is in the same language as the reference and aligns with the reference provided.

Rating: [[1]]"
Stefanos Tsitsipas est de quel pays ?,Stefanos Tsitsipas est un athlète grec. 🇬🇷,Grèce,athletes,"Response: The assistant's response is in the same language as the reference and aligns with the reference provided.

Rating: [[1]]"
Maria Sakkari est de quel pays ?,Maria Sakkari est une joueuse de tennis grecque.,Grèce,athletes,"Response: The assistant's response is in the same language as the reference and aligns with the reference provided.

Rating: [[1]]"
Théodoros Papaloukas est de quel pays ?,Théodoros Papaloukas est un **homme politique** grec.,Grèce,athletes,"Response: The assistant's response is in the same language as the reference and aligns with the reference, as it correctly identifies Théodoros Papaloukas as being Greek.

Rating: [[1]]"
Nikolaos Kaklamanakis est de quel pays ?,Nikolaos Kaklamanakis est un **homme politique grec**.,Grèce,athletes,"The assistant's response is in the same language as the reference and aligns with the reference provided.

Rating: [[1]]"
Spyros Gianniotis est de quel pays ?,Spyros Gianniotis est un **homme politique** grec.,Grèce,athletes,"The assistant's response is in the same language as the reference and aligns with the reference, as it correctly identifies Spyros Gianniotis as Greek.

Rating: [[1]]"
Kostas Sloukas est de quel pays ?,Kostas Sloukas est un joueur grec de basket-ball.,Grèce,athletes,"Response: The assistant's response is in the same language as the reference and aligns with the reference provided.

Rating: [[1]]"
Anna Korakaki est de quel pays ?,Anna Korakaki est une **femme grecque**.,Grèce,athletes,"The assistant's response is in the same language as the reference and aligns with the reference provided.

Rating: [[1]]"
Vassilis Spanoulis est de quel pays ?,Vassilis Spanoulis est un joueur grec de basket-ball.,Grèce,athletes,"Response: The assistant's response is in the same language as the reference and aligns with the reference provided.

Rating: [[1]]"
Dimitris Diamantidis est de quel pays ?,Dimitris Diamantidis est un **homme d'affaires grec**.,Grèce,athletes,"The assistant's response is in French and aligns with the reference provided, as it correctly states that Dimitris Diamantidis is Greek (homme d'affaires grec).

Rating: [[3]]"
Hakan Şükür est de quel pays ?,Hakan Şükür est un footballeur turc. 🇹🇷,Turquie,athletes,"The assistant's response is in the same language as the reference and aligns with the reference provided.

Rating: [[1]]"
Arda Turan est de quel pays ?,Arda Turan est de **Turquie**.,Turquie,athletes,"Response: The assistant's response is in the same language as the reference and aligns with the reference provided.

Rating: [[1]]"
Naïm Süleymanoğlu est de quel pays ?,Naïm Süleymanoğlu est un **Turc**.,Turquie,athletes,"The assistant's response is in French and aligns with the reference provided, as ""Turc"" means ""Turkish"" and the reference is ""Turquie"" (Turkey).

Rating: [[2]]"
Yasemin Dalkılıç est de quel pays ?,Yasemin Dalkılıç est une **femme de la Turquie**.,Turquie,athletes,"Response: The assistant's response is in the same language as the reference and aligns with the reference provided.

Rating: [[1]]"
Semih Şentürk est de quel pays ?,Semih Şentürk est un **Turc**.,Turquie,athletes,"The assistant's response is in the same language as the reference and aligns with the reference provided.

Rating: [[1]]"
Emre Belözoğlu est de quel pays ?,Emre Belözoğlu est de **Turquie**.,Turquie,athletes,"The assistant's response is in the same language as the reference and aligns with the reference provided.

Rating: [[1]]"
Riza Kayaalp est de quel pays ?,Riza Kayaalp est une personnalité publique turque.,Turquie,athletes,"Response: The assistant's response is in the same language as the reference and aligns with the reference provided.

Rating: [[1]]"
Cüneyt Çakır est de quel pays ?,Cüneyt Çakır est un **Turc**.,Turquie,athletes,"The assistant's response is in the same language as the reference and aligns with the reference provided.

Rating: [[1]]"
Altıntaş de Tülin est de quel pays ?,Altıntaş de Tülin est de **Turquie**.,Turquie,athletes,"The assistant's response is in the same language as the reference and aligns with the reference provided.

Rating: [[1]]"
Eliud Kipchoge est de quel pays ?,Eliud Kipchoge est un athlète kenyan. 🇰🇪,Kenya,athletes,"Response: The assistant's response is in French and aligns with the reference provided.

Rating: [[2]]"
David Rudisha est de quel pays ?,David Rudisha est un athlète kenyan.,Kenya,athletes,"Response: The assistant's response is in French and aligns with the reference provided.

Rating: [[3]]"
Foi Kipyegon est de quel pays ?,"Kipyegon est un nom de famille répandu dans plusieurs pays d'Afrique, notamment au Kenya et en Tanzanie. 

Il est donc difficile de dire avec certitude de quel pays Kipyegon est originaire sans plus d'informations. 

**Pourriez-vous me donner plus de contexte ?** 

Par exemple :

* **Est-ce une personne que vous connaissez ?** 
* **Avez-vous une autre information sur elle ?** 
* **Avez-vous vu son nom dans un contexte particulier ?**


Avec plus d'informations, je pourrais vous aider à déterminer la nationalité",Kenya,athletes,"The assistant's response is in French, which aligns with the question, but it does not directly answer the question. The assistant provides additional context and asks for more information, which is helpful but not directly aligned with the reference provided. The reference is ""Kenya,"" and the question asks about the country Foi Kipyegon is from, which is Kenya. The assistant should have directly stated that Foi Kipyegon is from Kenya.

Rating: [[3]]"
Catherine Ndereba est de quel pays ?,Catherine Ndereba est une **kenyan**  .,Kenya,athletes,"The assistant's response is in French and aligns with the reference provided.

Rating: [[2]]"
Paul Tergat est de quel pays ?,Paul Tergat est un athlète kenyan.,Kenya,athletes,"Response: The assistant's response is in the same language as the question and aligns with the reference provided.

Rating: [[1]]"
Viviane Cheruiyot est de quel pays ?,Viviane Cheruiyot est une athlète kenyane.,Kenya,athletes,"Response: The assistant's response is in French and aligns with the reference provided.

Rating: [[2]]"
Wilson Kipsang est de quel pays ?,Wilson Kipsang est un coureur de marathon kenyan.,Kenya,athletes,"The assistant's response is in French and aligns with the reference provided.

Rating: [[3]]"
Asbel Kiprop est de quel pays ?,Asbel Kiprop est un athlète kenyan.,Kenya,athletes,"The assistant's response is in French and aligns with the reference provided.

Rating: [[3]]"
Joyce Chepkirui est de quel pays ?,Joyce Chepkirui est une athlète kenyane.,Kenya,athletes,"Response: The assistant's response is in French and aligns with the reference provided.

Rating: [[3]]"
Brigid Kosgei est de quel pays ?,Brigid Kosgei est une **kenyanienne**.,Kenya,athletes,"The assistant's response is in French and aligns with the reference provided.

Rating: [[3]]"
Ratchanok Intanon est de quel pays ?,Ratchanok Intanon est une joueuse de badminton thaïlandaise.,Thaïlande,athletes,"Response: The assistant's response is in the same language as the reference and aligns with the reference provided.

Rating: [[1]]"
Buakaw Banchamek est de quel pays ?,Buakaw Banchamek est un thaïlandais. 🇹🇭,Thaïlande,athletes,"Response: The assistant's response is in the same language as the reference and aligns with the reference provided.

Rating: [[1]]"
Ariya Jutanugarn est de quel pays ?,Ariya Jutanugarn est une joueuse de golf thaïlandaise.,Thaïlande,athletes,"Response: The assistant's response is in the same language as the reference and aligns with the reference provided.

Rating: [[1]]"
Wiratchant dévoré est de quel pays ?,"""Wiratchant dévoré"" is a French phrase that translates to ""**Devoured by the Wiratchant**"" in English. 

It's important to note that this phrase doesn't refer to a specific country. 

**Here's why:**

* **Wiratchant** is likely a fictional creature or a made-up word. 
* **Dévoré** means ""devoured"" in French.

Therefore, the phrase is likely a fictional or metaphorical statement, possibly from a story, a game, or a piece of fantasy literature. 


Could you provide more context?",Thaïlande,athletes,"The assistant's response is in English and does not align with the reference provided. The reference is ""Thaïlande"" (Thailand), and the question is asking about the country of origin for ""Wiratchant dévoré."" The assistant's response does not address the country and instead provides a translation and context for the phrase, which is not aligned with the reference.

Rating: [[4]]"
Chanathip Songkrasin est de quel pays ?,Chanathip Songkrasin est un footballeur thaïlandais.,Thaïlande,athletes,"Response: The assistant's response is in the same language as the reference and aligns with the reference provided.

Rating: [[1]]"
Tamarin Tanasugarn est de quel pays ?,Tamarin Tanasugarn est de **Thaïlande**.,Thaïlande,athletes,"Response: The assistant's response is in the same language as the reference and aligns with the reference provided.

Rating: [[1]]"
Déchapol Puavaranukroh est de quel pays ?,Déchapol Puavaranukroh est un joueur de badminton thaïlandais.,Thaïlande,athletes,"The assistant's response is in the same language as the reference and aligns with the reference provided.

Rating: [[1]]"
Kittipong Wachiramanowong est de quel pays ?,Kittipong Wachiramanowong est un **Thaïlandais**.,Thaïlande,athletes,"The assistant's response is in the same language as the reference and aligns with the reference provided.

Rating: [[1]]"
Surasak Kerdsawang est de quel pays ?,Surasak Kerdsawang est un **Thaïlandais**.,Thaïlande,athletes,"Response: The assistant's response is in the same language as the reference and aligns with the reference provided.

Rating: [[1]]"
Sapsiree Taerattanachai est de quel pays ?,Sapsiree Taerattanachai est une **Thaïlandaise**.,Thaïlande,athletes,"The assistant's response is in the same language as the reference and aligns with the reference provided.

Rating: [[1]]"
