Question,Predicted,answers,label,llm_output
न्यूयॉर्क किस देश में स्थित है?,न्यूयॉर्क शहर **अमेरिका** में स्थित है।,संयुक्त राज्य अमेरिका,cities,"The assistant's response is in the same language as the reference and aligns with the reference provided.

Rating: [[1]]"
लॉस एंजिल्स किस देश में स्थित है?,Los Angeles is located in **the United States**.,संयुक्त राज्य अमेरिका,cities,"The assistant's response is in English and aligns with the reference provided.

Rating: [[2]]"
शिकागो किस देश में स्थित है?,शिकागो **अमेरिका** में स्थित है।,संयुक्त राज्य अमेरिका,cities,"The assistant's response is in the same language as the reference and aligns with the reference provided.

Rating: [[1]]"
ह्यूस्टन किस देश में स्थित है?,ह्यूस्टन **अमेरिका** में स्थित है।,संयुक्त राज्य अमेरिका,cities,"The assistant's response is in the same language as the reference and aligns with the reference.

Rating: [[1]]"
अचंभा किस देश में स्थित है?,अचंभा **भारत** में स्थित है।,संयुक्त राज्य अमेरिका,cities,"The assistant's response is in the same language as the reference but does not align with the reference provided.

Rating: [[4]]"
सैन डिएगो किस देश में स्थित है?,सैन डिएगो **अमेरिका** में स्थित है।,संयुक्त राज्य अमेरिका,cities,"The assistant's response is in the same language as the reference and aligns with the reference provided.

Rating: [[1]]"
सैन फ्रांसिस्को किस देश में स्थित है?,सैन फ्रांसिस्को **अमेरिका** में स्थित है।,संयुक्त राज्य अमेरिका,cities,"The assistant's response is in the same language as the reference and aligns with the reference.

Rating: [[1]]"
सिएटल किस देश में स्थित है?,सिएटल **अमेरिका** में स्थित है।,संयुक्त राज्य अमेरिका,cities,"The assistant's response is in the same language as the reference and aligns with the reference provided.

Rating: [[1]]"
डेनवर किस देश में स्थित है?,डेनवर **अमेरिका** में स्थित है।,संयुक्त राज्य अमेरिका,cities,"The assistant's response is in the same language as the reference and aligns with the reference.

Rating: [[1]]"
मियामी किस देश में स्थित है?,मियामी **अमेरिका** में स्थित है।,संयुक्त राज्य अमेरिका,cities,"The assistant's response is in the same language as the reference and aligns with the reference provided.

Rating: [[1]]"
ऑस्टिन किस देश में स्थित है?,ऑस्टिन एक शहर है जो **अमेरिका** में स्थित है।,संयुक्त राज्य अमेरिका,cities,"The assistant's response is in the same language as the reference and aligns with the reference provided.

Rating: [[1]]"
बोस्टान किस देश में स्थित है?,बोस्टन **अमेरिका** में स्थित है।,संयुक्त राज्य अमेरिका,cities,"The assistant's response is in the same language as the reference and aligns with the reference provided.

Rating: [[1]]"
लास वेगास किस देश में स्थित है?,लास वेगास **अमेरिका** में स्थित है।,संयुक्त राज्य अमेरिका,cities,"The assistant's response is in the same language as the reference and aligns with the reference provided.

Rating: [[1]]"
ऑरलैंडो किस देश में स्थित है?,ऑरलैंडो **अमेरिका** में स्थित है।,संयुक्त राज्य अमेरिका,cities,"The assistant's response is in the same language as the reference and aligns with the reference provided.

Rating: [[1]]"
सैक्रामेंटो किस देश में स्थित है?,सैक्रामेंटो **अमेरिका** में स्थित है।,संयुक्त राज्य अमेरिका,cities,"The assistant's response is in the same language as the reference and aligns with the reference.

Rating: [[1]]"
पोर्टलैंड किस देश में स्थित है?,पोर्टलैंड **अमेरिका** में स्थित है।,संयुक्त राज्य अमेरिका,cities,"The assistant's response is in the same language as the reference and aligns with the reference provided.

Rating: [[1]]"
टैम्पा किस देश में स्थित है?,टैम्पा **अमेरिका** में स्थित है।,संयुक्त राज्य अमेरिका,cities,"The assistant's response is in the same language as the reference and aligns with the reference provided.

Rating: [[1]]"
क्लीवलैंड किस देश में स्थित है?,क्लीवलैंड **अमेरिका** में स्थित है।,संयुक्त राज्य अमेरिका,cities,"The assistant's response is in the same language as the reference and aligns with the reference provided.

Rating: [[1]]"
मिनीपोलिस किस देश में स्थित है?,मिनिपोलिस **अमेरिका** में स्थित है।,संयुक्त राज्य अमेरिका,cities,"The assistant's response is in the same language as the reference and aligns with the reference.

Rating: [[1]]"
सेन एंटोनियो किस देश में स्थित है?,सेन एंटोनियो **अमेरिका** में स्थित है।,संयुक्त राज्य अमेरिका,cities,"The assistant's response is in the same language as the reference and aligns with the reference.

Rating: [[1]]"
मुंबई किस देश में स्थित है?,मुंबई **भारत** में स्थित है।,भारत,cities,"Response: The assistant's response is in the same language as the reference and aligns with the reference provided.

Rating: [[1]]"
दिल्ली किस देश में स्थित है?,दिल्ली भारत में स्थित है।,भारत,cities,"Response: The assistant's response is in the same language as the reference and aligns with the reference provided.

Rating: [[1]]"
बेंगलुरु किस देश में स्थित है?,बेंगलुरु **भारत** में स्थित है।,भारत,cities,"The assistant's response is in the same language as the reference and aligns with the reference provided.

Rating: [[1]]"
चेन्नई किस देश में स्थित है?,चेन्नई **भारत** में स्थित है।,भारत,cities,"The assistant's response is in the same language as the reference and aligns with the reference provided.

Rating: [[1]]"
हैदराबाद किस देश में स्थित है?,हैदराबाद **भारत** में स्थित है।,भारत,cities,"Response: The assistant's response is in the same language as the reference and aligns with the reference provided.

Rating: [[1]]"
अहमदाबाद किस देश में स्थित है?,अहमदाबाद **भारत** में स्थित है।,भारत,cities,"Response: The assistant's response is in the same language as the reference and aligns with the reference provided.

Rating: [[1]]"
पुणे किस देश में स्थित है?,पुणे भारत में स्थित है।,भारत,cities,"Response: The assistant's response is in the same language as the reference and aligns with the reference provided.

Rating: [[1]]"
कोलकाता किस देश में स्थित है?,कोलकाता **भारत** में स्थित है।,भारत,cities,"Response: The assistant's response is in the same language as the reference and aligns with the reference provided.

Rating: [[1]]"
जयपुर किस देश में स्थित है?,जयपुर **भारत** में स्थित है।,भारत,cities,"Response: The assistant's response is in the same language as the reference and aligns with the reference provided.

Rating: [[1]]"
लखनऊ किस देश में स्थित है?,लखनऊ भारत में स्थित है।,भारत,cities,"Response: The assistant's response is in the same language as the reference and aligns with the reference provided.

Rating: [[1]]"
कानपुर किस देश में स्थित है?,कानपुर **भारत** में स्थित है।,भारत,cities,"The assistant's response is in the same language as the reference and aligns with the reference provided.

Rating: [[1]]"
नागपुर किस देश में स्थित है?,नागपुर भारत में स्थित है।,भारत,cities,"Response: The assistant's response is in the same language as the reference and aligns with the reference provided.

Rating: [[1]]"
इंदौर किस देश में स्थित है?,इंदौर **भारत** में स्थित है।,भारत,cities,"Response: The assistant's response is in the same language as the reference and aligns with the reference provided.

Rating: [[1]]"
पटना किस देश में स्थित है?,पटना **भारत** में स्थित है।,भारत,cities,"Response: The assistant's response is in the same language as the reference and aligns with the reference provided.

Rating: [[1]]"
भोपाल किस देश में स्थित है?,भोपाल **भारत** में स्थित है।,भारत,cities,"Response: The assistant's response is in the same language as the reference and aligns with the reference provided.

Rating: [[1]]"
वडोदरा किस देश में स्थित है?,वडोदरा **भारत** में स्थित है।,भारत,cities,"The assistant's response is in the same language as the reference and aligns with the reference provided.

Rating: [[1]]"
विशाखापत्तनम किस देश में स्थित है?,विशाखापत्तनम **भारत** में स्थित है।,भारत,cities,"The assistant's response is in the same language as the reference and aligns with the reference provided.

Rating: [[1]]"
सूरत किस देश में स्थित है?,सूरत **भारत** में स्थित है।,भारत,cities,"The assistant's response is in the same language as the reference and aligns with the reference provided.

Rating: [[1]]"
अमृतसर किस देश में स्थित है?,अमृतसर **भारत** में स्थित है।,भारत,cities,"The assistant's response is in the same language as the reference and aligns with the reference provided.

Rating: [[1]]"
राजकोट किस देश में स्थित है?,राजकोट **भारत** में स्थित है।,भारत,cities,"The assistant's response is in the same language as the reference and aligns with the reference provided.

Rating: [[1]]"
शंघाई किस देश में स्थित है?,शंघाई **चीन** में स्थित है।,चीन,cities,"Response: The assistant's response is in the same language as the reference and aligns with the reference provided.

Rating: [[1]]"
बीजिंग किस देश में स्थित है?,बीजिंग **चीन** में स्थित है।,चीन,cities,"Response: The assistant's response is in the same language as the reference and aligns with the reference provided.

Rating: [[1]]"
गुआंगज़ौ किस देश में स्थित है?,गुआंगज़ौ **चीन** में स्थित है।,चीन,cities,"Response: The assistant's response is in the same language as the reference and aligns with the reference provided.

Rating: [[1]]"
शेन्ज़ेन किस देश में स्थित है?,शेन्ज़ेन **चीन** में स्थित है।,चीन,cities,"The assistant's response is in the same language as the reference and aligns with the reference provided.

Rating: [[1]]"
चेंगदू किस देश में स्थित है?,चेंगदू **चीन** में स्थित है।,चीन,cities,"The assistant's response is in the same language as the reference and aligns with the reference provided.

Rating: [[1]]"
वुहान किस देश में स्थित है?,वुहान **चीन** में स्थित है।,चीन,cities,"Response: The assistant's response is in the same language as the reference and aligns with the reference provided.

Rating: [[1]]"
चूंगचींग किस देश में स्थित है?,चूंगचींग **चीन** में स्थित है।,चीन,cities,"The assistant's response is in the same language as the reference and aligns with the reference provided.

Rating: [[1]]"
शीआन किस देश में स्थित है?,शीआन **चीन** में स्थित है।,चीन,cities,"The assistant's response is in the same language as the reference and aligns with the reference provided.

Rating: [[1]]"
परमवीर किस देश में स्थित है?,परमवीर **भारत** में स्थित है।,चीन,cities,"The assistant's response is in the same language as the reference but does not align with the reference provided.

Rating: [[4]]"
सूज़ौ किस देश में स्थित है?,सूज़ौ **चीन** में स्थित है।,चीन,cities,"The assistant's response is in the same language as the reference and aligns with the reference provided.

Rating: [[1]]"
तियानजिन किस देश में स्थित है?,तियानजिन **चीन** में स्थित है।,चीन,cities,"The assistant's response is in the same language as the reference and aligns with the reference provided.

Rating: [[1]]"
नानजिंग किस देश में स्थित है?,नानजिंग **चीन** में स्थित है।,चीन,cities,"The assistant's response is in the same language as the reference and aligns with the reference provided.

Rating: [[1]]"
हार्बिन किस देश में स्थित है?,हार्बिन **भारत** में स्थित है।,चीन,cities,"The assistant's response is in the same language as the reference but does not align with the reference provided.

Rating: [[4]]"
क़िंगदाओ किस देश में स्थित है?,क़िंगदाओ **चीन** में स्थित है।,चीन,cities,"The assistant's response is in the same language as the reference and aligns with the reference provided.

Rating: [[1]]"
डेलियन किस देश में स्थित है?,डेलियन **अमेरिका** में स्थित है।,चीन,cities,"The assistant's response is in the same language but does not align with the reference provided.

Rating: [[4]]"
शीज़ीयाज़ूआंग किस देश में स्थित है?,शीज़ीयाज़ूआंग **चीन** में स्थित है।,चीन,cities,"The assistant's response is in the same language as the reference and aligns with the reference provided.

Rating: [[1]]"
फ़ूज़ौ किस देश में स्थित है?,फ़ूज़ौ **भारत** में स्थित है।,चीन,cities,"The assistant's response is in the same language as the reference but does not align with the reference provided.

Rating: [[4]]"
समझौते के निजी ऋण किस देश में स्थित है?,"समझौते के निजी ऋण **अमेरिका** में स्थित है। 

यह एक सामान्य गलतफहमी है कि समझौते के निजी ऋण केवल एक देश में ही होते हैं। 

**समझौते के निजी ऋण** एक व्यापक विषय है जो विभिन्न देशों में स्थित हो सकते हैं। 

यहाँ कुछ महत्वपूर्ण बिंदु हैं:

* **स्थान:** समझौते के निजी ऋण का स्थान ऋणदाता और ऋणी दोनों के बीच समझौते के अनुसार होता है।",चीन,cities,"The assistant's response is in the same language as the reference but does not align with the reference provided. The reference is ""चीन"" (China), but the assistant mentions ""अमेरिका"" (United States) and provides additional information that is not relevant to the reference.

Rating: [[4]]"
कुनमिंग किस देश में स्थित है?,कुनमिंग **चीन** में स्थित है।,चीन,cities,"The assistant's response is in the same language as the reference and aligns with the reference provided.

Rating: [[1]]"
चांग्शा किस देश में स्थित है?,चंग्शा **चीन** में स्थित है।,चीन,cities,"The assistant's response is in the same language as the reference and aligns with the reference provided.

Rating: [[1]]"
मास्को किस देश में स्थित है?,मास्को **रूस** में स्थित है।,रूस,cities,"The assistant's response is in the same language as the reference and aligns with the reference provided.

Rating: [[1]]"
सेंट पीटर्सबर्ग किस देश में स्थित है?,सेंट पीटर्सबर्ग **रूस** में स्थित है।,रूस,cities,"The assistant's response is in the same language as the reference and aligns with the reference provided.

Rating: [[1]]"
नोवोसिबिर्स्क किस देश में स्थित है?,नोवोसिबिर्स्क शहर **रूस** में स्थित है।,रूस,cities,"The assistant's response is in the same language as the reference and aligns with the reference provided.

Rating: [[1]]"
येकातेरिनबर्ग किस देश में स्थित है?,येकातेरिनबर्ग **जर्मनी** में स्थित है।,रूस,cities,"The assistant's response is in the same language as the reference but does not align with the reference provided.

Rating: [[4]]"
कज़ान किस देश में स्थित है?,कज़ान **रूस** में स्थित है।,रूस,cities,"The assistant's response is in the same language as the reference and aligns with the reference provided.

Rating: [[1]]"
निज़नी नोवगोरोड किस देश में स्थित है?,निज़नी नोवगोरोड **रूस** में स्थित है।,रूस,cities,"The assistant's response is in the same language as the reference and aligns with the reference provided.

Rating: [[1]]"
चेल्याबिंस्क किस देश में स्थित है?,चेल्याबिंस्क **रूस** में स्थित है।,रूस,cities,"The assistant's response is in the same language as the reference and aligns with the reference provided.

Rating: [[1]]"
समेरा किस देश में स्थित है?,समेरा **भारत** में स्थित है।,रूस,cities,"The assistant's response is in the same language as the reference but does not align with the reference provided.

Rating: [[4]]"
ओम्स्क किस देश में स्थित है?,ओम्स्क **रूस** में स्थित है।,रूस,cities,"The assistant's response is in the same language as the reference and aligns with the reference provided.

Rating: [[1]]"
रोस्तोव-ऑन-डॉन किस देश में स्थित है?,रोस्तोव-ऑन-डॉन **फ्रांस** में स्थित है।,रूस,cities,"The assistant's response is in the same language as the reference but does not align with the reference provided.

Rating: [[4]]"
ऊफ़ा किस देश में स्थित है?,ऊफ़ा **भारत** में स्थित है।,रूस,cities,"The assistant's response is in the same language as the reference but does not align with the reference provided.

Rating: [[4]]"
क्रास्नायार्स्क किस देश में स्थित है?,क्रास्नायार्स्क **नेपाल** में स्थित है।,रूस,cities,"The assistant's response is in the same language as the reference but does not align with the reference provided.

Rating: [[4]]"
पेर्म किस देश में स्थित है?,पेरम **भारत** में स्थित है।,रूस,cities,"The assistant's response is in the same language as the reference but does not align with the reference provided.

Rating: [[4]]"
वोरोनिश किस देश में स्थित है?,वोरोनिश **कनाडा** में स्थित है।,रूस,cities,"The assistant's response is in the same language as the reference but does not align with the reference provided.

Rating: [[4]]"
वोल्गोग्राद किस देश में स्थित है?,वोल्गोग्राद **रूस** में स्थित है।,रूस,cities,"Response: The assistant's response is in the same language as the reference and aligns with the reference provided.

Rating: [[1]]"
सेराटोव किस देश में स्थित है?,सेराटोव **कनाडा** में स्थित है।,रूस,cities,"The assistant's response is in the same language as the reference but does not align with the reference provided.

Rating: [[4]]"
क्रास्नोडार किस देश में स्थित है?,क्रास्नोडार **कनाडा** में स्थित है।,रूस,cities,"The assistant's response is in the same language as the reference but does not align with the reference provided.

Rating: [[4]]"
टॉलियाटी किस देश में स्थित है?,टॉलियाटी **भारत** में स्थित है।,रूस,cities,"The assistant's response is in the same language as the reference but does not align with the reference provided.

Rating: [[4]]"
इज़ास्क किस देश में स्थित है?,इज़ास्क **अफगानिस्तान** में स्थित है।,रूस,cities,"The assistant's response is in the same language as the reference but does not align with the reference provided.

Rating: [[4]]"
उल्यानोस्क किस देश में स्थित है?,उल्यानोस्क **नेपाल** में स्थित है।,रूस,cities,"The assistant's response is in the same language but does not align with the reference provided.

Rating: [[4]]"
रियाद किस देश में स्थित है?,रियाद **अरब** में स्थित है।,सऊदी अरब,cities,"The assistant's response is in the same language as the reference and aligns with the reference.

Rating: [[1]]"
जेद्दा किस देश में स्थित है?,जेद्दा **भारत** में स्थित है।,सऊदी अरब,cities,"The assistant's response is in the same language as the reference but does not align with the reference provided.

Rating: [[4]]"
मक्का किस देश में स्थित है?,"मक्का **भारत** में स्थित है। 

यह एक गलत जानकारी है। मक्का **भारत** में नहीं है। 

मक्का **भारत** में स्थित नहीं है। मक्का **इंडोनेशिया** में स्थित है।",सऊदी अरब,cities,"The assistant's response is in the same language as the reference but does not align with the reference provided. The assistant incorrectly states that Mecca is in India and then corrects itself to say Mecca is in Indonesia, which is also incorrect. The correct answer should be Saudi Arabia.

Rating: [[4]]"
मेडिना किस देश में स्थित है?,मेडिना **स्पेन** में स्थित है।,सऊदी अरब,cities,"The assistant's response is in the same language as the reference but does not align with the reference provided.

Rating: [[4]]"
DAMMAM किस देश में स्थित है?,Dammam is located in **Saudi Arabia**.,सऊदी अरब,cities,"The assistant's response is in English and aligns with the reference provided.

Rating: [[2]]"
खोबर किस देश में स्थित है?,खोबर **भारत** में स्थित है।,सऊदी अरब,cities,"Response: The assistant's response is in the same language but does not align with the reference provided.

Rating: [[4]]"
टाबुक किस देश में स्थित है?,टॅबुक **भारत** में स्थित है।,सऊदी अरब,cities,"The assistant's response is in the same language as the reference but does not align with the reference provided.

Rating: [[4]]"
आभा किस देश में स्थित है?,आभा एक **भारतीय** शहर है।,सऊदी अरब,cities,"The assistant's response is in the same language but does not align with the reference provided.

Rating: [[4]]"
तैफ किस देश में स्थित है?,तैफ **भारत** में स्थित है।,सऊदी अरब,cities,"The assistant's response is in the same language as the reference but does not align with the reference provided.

Rating: [[4]]"
होफुफ़ किस देश में स्थित है?,होफुफ़ **स्विट्ज़रलैंड** में स्थित है।,सऊदी अरब,cities,"The assistant's response is in the same language as the reference but does not align with the reference provided.

Rating: [[4]]"
बुरायदा किस देश में स्थित है?,बुरायदा **भारत** में स्थित है।,सऊदी अरब,cities,"The assistant's response is in the same language as the reference but does not align with the reference provided.

Rating: [[4]]"
नजरान किस देश में स्थित है?,नजरान **भारत** में स्थित है।,सऊदी अरब,cities,"The assistant's response is in the same language as the reference but does not align with the reference provided.

Rating: [[4]]"
ओलों किस देश में स्थित है?,ओलों का स्थान **भारत** में है।,सऊदी अरब,cities,"The assistant's response is in the same language as the reference but does not align with the reference provided.

Rating: [[4]]"
जज़ान किस देश में स्थित है?,जज़ान **अफगानिस्तान** में स्थित है।,सऊदी अरब,cities,"The assistant's response is in the same language as the reference but does not align with the reference provided.

Rating: [[4]]"
अल जुबैल किस देश में स्थित है?,अल जुबैल **अमेरिका** में स्थित है।,सऊदी अरब,cities,"The assistant's response is in the same language but does not align with the reference provided.

Rating: [[4]]"
क़ातिफ किस देश में स्थित है?,क़ातिफ **भारत** में स्थित है।,सऊदी अरब,cities,"The assistant's response is in the same language as the reference but does not align with the reference provided.

Rating: [[4]]"
अल ख़ार्ज किस देश में स्थित है?,अल ख़ार्ज **अफगानिस्तान** में स्थित है।,सऊदी अरब,cities,"The assistant's response is in the same language as the reference but does not align with the reference provided.

Rating: [[4]]"
यानबु किस देश में स्थित है?,यानबु **भारत** में स्थित है।,सऊदी अरब,cities,"The assistant's response is in the same language as the reference but does not align with the reference provided.

Rating: [[4]]"
ख़ामिस मुशैत किस देश में स्थित है?,खामिस मुशैत **भारत** में स्थित है।,सऊदी अरब,cities,"The assistant's response is in the same language as the reference but does not align with the reference provided.

Rating: [[4]]"
अल बहाह किस देश में स्थित है?,अल बहाह **अफगानिस्तान** में स्थित है।,सऊदी अरब,cities,"The assistant's response is in the same language as the reference but does not align with the reference provided.

Rating: [[4]]"
पेरिस किस देश में स्थित है?,पेरिस **फ्रांस** में स्थित है।,फ्रांस,cities,"The assistant's response is in the same language as the reference and aligns with the reference provided.

Rating: [[1]]"
मारसैल किस देश में स्थित है?,मारसैल **फ्रांस** में स्थित है।,फ्रांस,cities,"The assistant's response is in the same language as the reference and aligns with the reference provided.

Rating: [[1]]"
ल्यों किस देश में स्थित है?,ल्यों **चीन** में स्थित है।,फ्रांस,cities,"The assistant's response is in the same language as the reference but does not align with the reference provided.

Rating: [[4]]"
टूलूस किस देश में स्थित है?,टूलूस **अमेरिका** में स्थित है।,फ्रांस,cities,"The assistant's response is in the same language but does not align with the reference provided.

Rating: [[4]]"
अच्छा किस देश में स्थित है?,"Please provide me with the name of the place or thing you're asking about! 😊 

For example, you could ask:

* ""अच्छा **किस देश में स्थित है** **दिल्ली**?"" (What country is Delhi located in?)
* ""अच्छा **किस देश में स्थित है** **पहाड़ी**?"" (What country is the mountain located in?) 

Once you tell me what you're looking for, I can help you! 🗺️",फ्रांस,cities,"The assistant's response is in the same language as the reference but does not align with the reference provided. The assistant did not answer the question about the country but instead asked for more information, which is unrelated to the reference.

Rating: [[4]]"
नांत किस देश में स्थित है?,नांत **भारत** में स्थित है।,फ्रांस,cities,"The assistant's response is in the same language as the reference but does not align with the reference provided.

Rating: [[4]]"
स्ट्रासबर्ग किस देश में स्थित है?,स्ट्रासबर्ग **अमेरिका** में स्थित है।,फ्रांस,cities,"The assistant's response is in the same language but does not align with the reference provided.

Rating: [[4]]"
मॉंटपेलीयर किस देश में स्थित है?,मॉंटपेलीयर **नेपाल** में स्थित है।,फ्रांस,cities,"The assistant's response is in the same language but does not align with the reference provided.

Rating: [[4]]"
BORDEAUX किस देश में स्थित है?,बोर्डोक्स **फ्रांस** में स्थित है।,फ्रांस,cities,"The assistant's response is in the same language as the reference and aligns with the reference provided.

Rating: [[1]]"
लिली किस देश में स्थित है?,"Lili is a common name, so to answer your question, I need more information. 

**Do you mean:**

* **Lili, the name?**  Lili is a common name in many countries, so it's hard to say which one it's most associated with. 
* **A specific person named Lili?**  If you know anything else about this person, like their profession or nationality, it would help me find the country they are from.
* **A place called Lili?**  There might be a place named Lili somewhere in the world.  If you can tell me more about it",फ्रांस,cities,"The assistant's response is in English and does not align with the reference provided. The reference is in Hindi and mentions France, but the assistant's response does not address this at all.

Rating: [[4]]"
रेन किस देश में स्थित है?,रेन एक शहर है जो **भारत** में स्थित है।,फ्रांस,cities,"The assistant's response is in the same language as the reference but does not align with the reference provided.

Rating: [[4]]"
रैम्स किस देश में स्थित है?,रैम्स **भारत** में स्थित है।,फ्रांस,cities,"The assistant's response is in the same language as the reference but does not align with the reference provided.

Rating: [[4]]"
ले हावरे किस देश में स्थित है?,ले हावरे **भारत** में स्थित है।,फ्रांस,cities,"The assistant's response is in the same language as the reference but does not align with the reference provided.

Rating: [[4]]"
सेंट इटियेन किस देश में स्थित है?,सेंट इटियेन **इटली** में स्थित है।,फ्रांस,cities,"The assistant's response is in the same language as the reference but does not align with the reference provided.

Rating: [[4]]"
टूलॉन किस देश में स्थित है?,टूलॉन **भारत** में स्थित है।,फ्रांस,cities,"The assistant's response is in the same language as the reference but does not align with the reference provided.

Rating: [[4]]"
एन्जर्स किस देश में स्थित है?,एन्जर्स **भारत** में स्थित है।,फ्रांस,cities,"The assistant's response is in the same language as the reference but does not align with the reference provided.

Rating: [[4]]"
ग्रेनोबल किस देश में स्थित है?,ग्रेनोबल **फ्रांस** में स्थित है।,फ्रांस,cities,"The assistant's response is in the same language as the reference and aligns with the reference provided.

Rating: [[1]]"
डी जाँ किस देश में स्थित है?,डी जाँ **भारत** में स्थित है।,फ्रांस,cities,"The assistant's response is in the same language as the reference but does not align with the reference provided.

Rating: [[4]]"
नाइमेस किस देश में स्थित है?,नाइमेस **भारत** में स्थित है।,फ्रांस,cities,"The assistant's response is in the same language as the reference but does not align with the reference provided.

Rating: [[4]]"
ऐक्स एन प्रोवेंस किस देश में स्थित है?,ऐक्स एन प्रोवेंस **फ्रांस** में स्थित है।,फ्रांस,cities,"The assistant's response is in the same language as the reference and aligns with the reference provided.

Rating: [[1]]"
काठमांडू किस देश में स्थित है?,काठमांडू **नेपाल** में स्थित है।,नेपाल,cities,"The assistant's response is in the same language as the reference and aligns with the reference provided.

Rating: [[1]]"
पोखरा किस देश में स्थित है?,पोखरा **नेपाल** में स्थित है।,नेपाल,cities,"The assistant's response is in the same language as the reference and aligns with the reference provided.

Rating: [[1]]"
Lalitpur किस देश में स्थित है?,Lalitpur is located in **Nepal**.,नेपाल,cities,"The assistant's response is in English and aligns with the reference provided.

Rating: [[2]]"
विराटनगर किस देश में स्थित है?,विराटनगर **नेपाल** में स्थित है।,नेपाल,cities,"The assistant's response is in the same language as the reference and aligns with the reference provided.

Rating: [[1]]"
जनकपुर किस देश में स्थित है?,जनकपुर **नेपाल** में स्थित है।,नेपाल,cities,"The assistant's response is in the same language as the reference and aligns with the reference provided.

Rating: [[1]]"
धरान किस देश में स्थित है?,धरान **नेपाल** में स्थित है।,नेपाल,cities,"Response: The assistant's response is in the same language as the reference and aligns with the reference provided.

Rating: [[1]]"
बुटवल किस देश में स्थित है?,बुटवल **नेपाल** में स्थित है।,नेपाल,cities,"The assistant's response is in the same language as the reference and aligns with the reference provided.

Rating: [[1]]"
बीरगंज किस देश में स्थित है?,बीरगंज **भारत** में स्थित है।,नेपाल,cities,"The assistant's response is in the same language as the reference but does not align with the reference provided.

Rating: [[4]]"
हेटौडा किस देश में स्थित है?,हेटौडा **भारत** में स्थित है।,नेपाल,cities,"The assistant's response is in the same language but does not align with the reference provided.

Rating: [[4]]"
नेपालगंज किस देश में स्थित है?,नेपालगंज **भारत** में स्थित है।,नेपाल,cities,"The assistant's response is in the same language but does not align with the reference provided.

Rating: [[4]]"
इटहरी किस देश में स्थित है?,इटहरी **नेपाल** में स्थित है।,नेपाल,cities,"The assistant's response is in the same language as the reference and aligns with the reference provided.

Rating: [[1]]"
धनगढ़ी किस देश में स्थित है?,धनगढ़ी **भारत** में स्थित है।,नेपाल,cities,"The assistant's response is in the same language (Hindi) but does not align with the reference provided, which is Nepal.

Rating: [[4]]"
भक्तापुर किस देश में स्थित है?,भक्तापुर **भारत** में स्थित है।,नेपाल,cities,"The assistant's response is in the same language but does not align with the reference provided.

Rating: [[4]]"
तुलसीपुर किस देश में स्थित है?,Tulsipur is located in **Nepal**.,नेपाल,cities,"The assistant's response is in English and aligns with the reference provided.

Rating: [[2]]"
कलैया किस देश में स्थित है?,कलैया **भारत** में स्थित है।,नेपाल,cities,"The assistant's response is in the same language but does not align with the reference provided.

Rating: [[4]]"
घोराही किस देश में स्थित है?,घोराही **भारत** में स्थित है।,नेपाल,cities,"The assistant's response is in the same language but does not align with the reference provided.

Rating: [[4]]"
दमक किस देश में स्थित है?,दमक **भारत** में स्थित है।,नेपाल,cities,"The assistant's response is in the same language as the reference but does not align with the reference provided.

Rating: [[4]]"
लाहन किस देश में स्थित है?,"Lahaul is a district in the state of **Himachal Pradesh, India**.",नेपाल,cities,"The assistant's response is in a different language (English) and does not align with the reference provided, which is in Hindi and refers to Nepal.

Rating: [[4]]"
कीर्तिपुर किस देश में स्थित है?,कीर्तिपुर **भारत** में स्थित है।,नेपाल,cities,"The assistant's response is in the same language but does not align with the reference provided.

Rating: [[4]]"
टोक्यो किस देश में स्थित है?,टोक्यो **जापान** में स्थित है।,जापान,cities,"The assistant's response is in the same language as the reference and aligns with the reference provided.

Rating: [[1]]"
ओसाका किस देश में स्थित है?,ओसाका शहर **जापान** में स्थित है।,जापान,cities,"Response: The assistant's response is in the same language as the reference and aligns with the reference provided.

Rating: [[1]]"
योकोहामा किस देश में स्थित है?,योकोहामा **जापान** में स्थित है।,जापान,cities,"Response: The assistant's response is in the same language as the reference and aligns with the reference provided.

Rating: [[1]]"
नागोया किस देश में स्थित है?,Nagoya is located in **Japan**.,जापान,cities,"The assistant's response is in English and aligns with the reference provided.

Rating: [[2]]"
सपोरो किस देश में स्थित है?,सपोरो **नेपाल** में स्थित है।,जापान,cities,"The assistant's response is in the same language as the reference but does not align with the reference provided.

Rating: [[4]]"
फुकुओका किस देश में स्थित है?,फुकुओका **जापान** में स्थित है।,जापान,cities,"Response: The assistant's response is in the same language as the reference and aligns with the reference provided.

Rating: [[1]]"
कोबे किस देश में स्थित है?,कोबे **भारत** में स्थित है।,जापान,cities,"The assistant's response is in the same language as the reference but does not align with the reference provided.

Rating: [[4]]"
क्योटो किस देश में स्थित है?,क्योटो **नेपाल** में स्थित है।,जापान,cities,"The assistant's response is in the same language as the reference but does not align with the reference provided.

Rating: [[4]]"
हिरोशिमा किस देश में स्थित है?,Hiroshima is located in **Japan**.,जापान,cities,"The assistant's response is in English and aligns with the reference provided.

Rating: [[2]]"
सेंडाइ किस देश में स्थित है?,सेंडाइ **भारत** में स्थित है।,जापान,cities,"The assistant's response is in the same language as the reference but does not align with the reference provided.

Rating: [[4]]"
किटाकियुशु किस देश में स्थित है?,किटाकियुशु **चीन** में स्थित है।,जापान,cities,"The assistant's response is in the same language as the reference but does not align with the reference provided.

Rating: [[4]]"
चिबा किस देश में स्थित है?,चिबा **भारत** में स्थित है।,जापान,cities,"The assistant's response is in the same language as the reference but does not align with the reference provided.

Rating: [[4]]"
सकाई किस देश में स्थित है?,सकाई **भारत** में स्थित है।,जापान,cities,"The assistant's response is in the same language as the reference but does not align with the reference provided.

Rating: [[4]]"
शिज़ुओका किस देश में स्थित है?,शिज़ुओका एक **जापान** का शहर है।,जापान,cities,"The assistant's response is in the same language as the reference and aligns with the reference provided.

Rating: [[1]]"
ओकायामा किस देश में स्थित है?,ओकायामा **नेपाल** में स्थित है।,जापान,cities,"The assistant's response is in the same language as the reference but does not align with the reference provided.

Rating: [[4]]"
हमामात्सू किस देश में स्थित है?,हमामात्सू **नेपाल** में स्थित है।,जापान,cities,"The assistant's response is in the same language as the reference but does not align with the reference provided.

Rating: [[4]]"
कागोशिमा किस देश में स्थित है?,कागोशिमा **जापान** में स्थित है।,जापान,cities,"The assistant's response is in the same language as the reference and aligns with the reference provided.

Rating: [[1]]"
निगाटा किस देश में स्थित है?,निगाटा **नेपाल** में स्थित है।,जापान,cities,"The assistant's response is in the same language as the reference but does not align with the reference provided.

Rating: [[4]]"
मात्सुयामा किस देश में स्थित है?,मात्सुयामा **जापान** में स्थित है।,जापान,cities,"The assistant's response is in the same language as the reference and aligns with the reference provided.

Rating: [[1]]"
नाहा किस देश में स्थित है?,नाहा **भारत** में स्थित है।,जापान,cities,"The assistant's response is in the same language as the reference but does not align with the reference provided.

Rating: [[4]]"
कीव किस देश में स्थित है?,कीव **यूक्रेन** में स्थित है।,यूक्रेन,cities,"The assistant's response is in the same language as the reference and aligns with the reference provided.

Rating: [[1]]"
खार्किव किस देश में स्थित है?,खार्किव **यूक्रेन** में स्थित है।,यूक्रेन,cities,"The assistant's response is in the same language as the reference and aligns with the reference provided.

Rating: [[1]]"
ओडेसा किस देश में स्थित है?,ओडेसा **भारत** में स्थित है।,यूक्रेन,cities,"The assistant's response is in the same language as the reference but does not align with the reference provided.

Rating: [[4]]"
Dnipro किस देश में स्थित है?,Dnipro (Dnieper) is located in **Ukraine**.,यूक्रेन,cities,"The assistant's response is in English and aligns with the reference provided.

Rating: [[2]]"
दोनेत्स्क किस देश में स्थित है?,दोनेत्स्क **रूस** में स्थित है।,यूक्रेन,cities,"The assistant's response is in the same language as the reference but does not align with the reference provided. Donetsk is located in Ukraine, not Russia.

Rating: [[4]]"
ज़ैपसोरिज़िया किस देश में स्थित है?,ज़ैपसोरिज़िया **अमेरिका** में स्थित है।,यूक्रेन,cities,"The assistant's response is in the same language but does not align with the reference provided.

Rating: [[4]]"
ल्वीव किस देश में स्थित है?,Lviv (वो भी लव्ही) **यूक्रेन** में स्थित है।,यूक्रेन,cities,"The assistant's response is in the same language as the reference and aligns with the reference provided.

Rating: [[1]]"
क्रीवी रीह किस देश में स्थित है?,"क्रीवी रीह **अमेरिका** में स्थित है। 

यह एक छोटा सा शहर है जो **अमेरिका के दक्षिणी भाग में** स्थित है।",यूक्रेन,cities,"The assistant's response is in the same language as the reference but does not align with the reference provided. The correct answer should have been Ukraine, not America.

Rating: [[4]]"
माइकोलाइव किस देश में स्थित है?,माइकोलाइव **रूस** में स्थित है।,यूक्रेन,cities,"The assistant's response is in the same language as the reference but does not align with the reference provided, as Mykolaiv is located in Ukraine, not Russia.

Rating: [[4]]"
मारियुपोल किस देश में स्थित है?,मारियुपोल **इंडोनेशिया** में स्थित है।,यूक्रेन,cities,"The assistant's response is in the same language but does not align with the reference provided.

Rating: [[4]]"
विनितसिया किस देश में स्थित है?,Vinita is a city in **India**.,यूक्रेन,cities,"The assistant's response is in a different language (English) and does not align with the reference provided, which is in Hindi. The answer also does not correctly address the question based on the reference.

Rating: [[4]]"
खेरसॉन किस देश में स्थित है?,खेरसॉन **भारत** में स्थित है।,यूक्रेन,cities,"The assistant's response is in the same language as the reference but does not align with the reference provided.

Rating: [[4]]"
पोल्टावा किस देश में स्थित है?,पोल्टावा **भारत** में स्थित है।,यूक्रेन,cities,"The assistant's response is in the same language as the reference but does not align with the reference provided.

Rating: [[4]]"
चेर्निहाइव किस देश में स्थित है?,चेर्निहाइव **तुर्की** में स्थित है।,यूक्रेन,cities,"The assistant's response is in the same language as the reference but does not align with the reference provided.

Rating: [[4]]"
सूमी किस देश में स्थित है?,सूमी **चीन** में स्थित है।,यूक्रेन,cities,"The assistant's response is in the same language as the reference but does not align with the reference provided.

Rating: [[4]]"
चेर्नित्सि किस देश में स्थित है?,चेर्नित्सि **यूक्रेन** में स्थित है।,यूक्रेन,cities,"Response: The assistant's response is in the same language as the reference and aligns with the reference provided.

Rating: [[1]]"
ज़ाइटॉमिर किस देश में स्थित है?,ज़ाइटॉमिर **कनाडा** में स्थित है।,यूक्रेन,cities,"The assistant's response is in the same language as the reference but does not align with the reference provided.

Rating: [[4]]"
क्रेमेनचुक किस देश में स्थित है?,क्रेमेनचुक **चीन** में स्थित है।,यूक्रेन,cities,"The assistant's response is in the same language as the reference but does not align with the reference provided.

Rating: [[4]]"
Ivano-Frankivsk किस देश में स्थित है?,Ivano-Frankivsk शहर **यूक्रेन** में स्थित है।,यूक्रेन,cities,"The assistant's response is in the same language as the reference and aligns with the reference provided.

Rating: [[1]]"
टेरनोपिल किस देश में स्थित है?,टेरनोपिल **इटली** में स्थित है।,यूक्रेन,cities,"The assistant's response is in the same language as the reference but does not align with the reference provided.

Rating: [[4]]"
एथेंस किस देश में स्थित है?,एथेंस **ग्रीस** में स्थित है।,ग्रीस,cities,"Response: The assistant's response is in the same language as the reference and aligns with the reference provided.

Rating: [[1]]"
THESSALONIKI किस देश में स्थित है?,Thessaloniki is located in **Greece**.,ग्रीस,cities,"The assistant's response is in English and aligns with the reference provided.

Rating: [[2]]"
पैट्रास किस देश में स्थित है?,पैट्रास **भारत** में स्थित है।,ग्रीस,cities,"The assistant's response is in the same language as the reference but does not align with the reference provided.

Rating: [[4]]"
हेराक्लिओन किस देश में स्थित है?,हेराक्लिओन **ग्रीस** में स्थित है।,ग्रीस,cities,"The assistant's response is in the same language as the reference and aligns with the reference provided.

Rating: [[1]]"
लारिसा किस देश में स्थित है?,लारिसा **भारत** में स्थित है।,ग्रीस,cities,"The assistant's response is in the same language as the reference but does not align with the reference provided.

Rating: [[4]]"
वोलोस किस देश में स्थित है?,वोलोस **भारत** में स्थित है।,ग्रीस,cities,"The assistant's response is in the same language as the reference but does not align with the reference provided.

Rating: [[4]]"
रोड्स किस देश में स्थित है?,रोड्स **भारत** में स्थित है।,ग्रीस,cities,"The assistant's response is in the same language as the reference but does not align with the reference provided.

Rating: [[4]]"
Ioannina किस देश में स्थित है?,Ioannina है **ग्रीस** में स्थित है।,ग्रीस,cities,"Response: The assistant's response is in the same language as the reference and aligns with the reference provided.

Rating: [[1]]"
चानिया किस देश में स्थित है?,"चानिया **भारत** में स्थित है। 

यह एक छोटा सा राज्य है जो **उत्तर प्रदेश** में स्थित है।",ग्रीस,cities,"The assistant's response is in the same language as the reference but does not align with the reference provided. The correct answer should have been Greece (ग्रीस).

Rating: [[4]]"
कालामाटा किस देश में स्थित है?,कालामाटा **भारत** में स्थित है।,ग्रीस,cities,"The assistant's response is in the same language as the reference but does not align with the reference provided.

Rating: [[4]]"
सेरेस किस देश में स्थित है?,सेरेस **अमेरिका** में स्थित है।,ग्रीस,cities,"The assistant's response is in the same language as the reference but does not align with the reference provided.

Rating: [[4]]"
एलेक्ज़ेंड्रोपोली किस देश में स्थित है?,एलेक्ज़ेंड्रोपोली **ग्रीस** में स्थित है।,ग्रीस,cities,"The assistant's response is in the same language as the reference and aligns with the reference provided.

Rating: [[1]]"
कवला किस देश में स्थित है?,कवला **भारत** में स्थित है।,ग्रीस,cities,"The assistant's response is in the same language as the reference but does not align with the reference provided.

Rating: [[4]]"
एग्रीनियो किस देश में स्थित है?,एग्रीनियो **इटली** में स्थित है।,ग्रीस,cities,"The assistant's response is in the same language as the reference but does not align with the reference provided.

Rating: [[4]]"
कतेरिनी किस देश में स्थित है?,कतेरिनी **अमेरिका** में स्थित है।,ग्रीस,cities,"The assistant's response is in the same language but does not align with the reference provided.

Rating: [[4]]"
त्रिकाल किस देश में स्थित है?,त्रिकाल **भारत** में स्थित है।,ग्रीस,cities,"The assistant's response is in the same language as the reference but does not align with the reference provided.

Rating: [[4]]"
वेरिया किस देश में स्थित है?,वेरिया **भारत** में स्थित है।,ग्रीस,cities,"The assistant's response is in the same language as the reference but does not align with the reference provided.

Rating: [[4]]"
किल्किस किस देश में स्थित है?,किल्किस **चीन** में स्थित है।,ग्रीस,cities,"The assistant's response is in the same language as the reference but does not align with the reference provided.

Rating: [[4]]"
नाफ़्प्लिओ किस देश में स्थित है?,नाफ़्प्लिओ **अमेरिका** में स्थित है।,ग्रीस,cities,"The assistant's response is in the same language but does not align with the reference provided.

Rating: [[4]]"
इस्तांबुल किस देश में स्थित है?,इस्तांबुल **तुर्की** में स्थित है।,टर्की,cities,"The assistant's response is in the same language as the reference and aligns with the reference provided.

Rating: [[1]]"
अंकारा किस देश में स्थित है?,अंकारा **भारत** में स्थित है।,टर्की,cities,"The assistant's response is in the same language as the reference but does not align with the reference provided.

Rating: [[4]]"
इजमिर किस देश में स्थित है?,इजमिर **अफगानिस्तान** में स्थित है।,टर्की,cities,"The assistant's response is in the same language as the reference but does not align with the reference provided.

Rating: [[4]]"
बर्सा किस देश में स्थित है?,बर्सा **भारत** में स्थित है।,टर्की,cities,"The assistant's response is in the same language as the reference but does not align with the reference provided.

Rating: [[4]]"
अदाना किस देश में स्थित है?,अदाना **भारत** में स्थित है।,टर्की,cities,"The assistant's response is in the same language as the reference but does not align with the reference provided.

Rating: [[4]]"
गाजियांटेप किस देश में स्थित है?,गाजियांटेप **भारत** में स्थित है।,टर्की,cities,"The assistant's response is in the same language as the reference but does not align with the reference provided.

Rating: [[4]]"
कोन्या किस देश में स्थित है?,"कोन्या **अफ्रीका** में स्थित है। 

यह एक छोटा देश है जो **अफ्रीका के दक्षिण-पूर्वी भाग** में स्थित है।",टर्की,cities,"The assistant's response is in the same language as the reference but does not align with the reference provided. The correct answer should have been Turkey (टर्की).

Rating: [[4]]"
एंटाल्या किस देश में स्थित है?,एंटाल्या **अमेरिका** में स्थित है।,टर्की,cities,"The assistant's response is in the same language as the reference but does not align with the reference provided.

Rating: [[4]]"
कायसेरी किस देश में स्थित है?,कायसेरी **भारत** में स्थित है।,टर्की,cities,"The assistant's response is in the same language as the reference but does not align with the reference provided.

Rating: [[4]]"
मेर्सीन किस देश में स्थित है?,मेर्सीन **अमेरिका** में स्थित है।,टर्की,cities,"The assistant's response is in the same language as the reference but does not align with the reference provided.

Rating: [[4]]"
Diyarbakir किस देश में स्थित है?,Diyarbakır एक शहर है जो **तुर्की** में स्थित है।,टर्की,cities,"The assistant's response is in the same language as the reference and aligns with the reference provided.

Rating: [[1]]"
एडिर्न किस देश में स्थित है?,एडिर्न **नेपाल** में स्थित है।,टर्की,cities,"The assistant's response is in the same language as the reference but does not align with the reference provided.

Rating: [[4]]"
Malatya किस देश में स्थित है?,Malatya एक शहर है जो **Turkey** में स्थित है।,टर्की,cities,"The assistant's response is in the same language as the reference and aligns with the reference provided.

Rating: [[1]]"
मनीसा किस देश में स्थित है?,मनीसा **भारत** में स्थित है।,टर्की,cities,"The assistant's response is in the same language as the reference but does not align with the reference provided.

Rating: [[4]]"
ट्राब्ज़न किस देश में स्थित है?,ट्राब्ज़न **अमेरिका** में स्थित है।,टर्की,cities,"The assistant's response is in the same language but does not align with the reference provided.

Rating: [[4]]"
सैमसन किस देश में स्थित है?,SAMSUNG is a South Korean multinational conglomerate.,टर्की,cities,"The assistant's response is in English but does not align with the reference provided, and it does not answer the question about the location of Samson.

Rating: [[4]]"
डेनिज़ली किस देश में स्थित है?,डेनिज़ली **डेनिशो** में स्थित है।,टर्की,cities,"The assistant's response is in the same language as the reference but does not align with the reference provided. The correct answer should be Turkey (टर्की).

Rating: [[4]]"
Eskisehir किस देश में स्थित है?,Eskisehir **Turkey** में स्थित है।,टर्की,cities,"Response: The assistant's response is in the same language as the reference and aligns with the reference provided.

Rating: [[1]]"
हताय किस देश में स्थित है?,हताय **भारत** में स्थित है।,टर्की,cities,"Response: The assistant's response is in the same language but does not align with the reference provided.

Rating: [[4]]"
Kocaeli किस देश में स्थित है?,Kocaeli एक शहर है **तुर्की** में।,टर्की,cities,"Response: The assistant's response is in the same language as the reference and aligns with the reference provided.

Rating: [[1]]"
नैरोबी किस देश में स्थित है?,नैरोबी **केन्या** में स्थित है।,केन्या,cities,"The assistant's response is in the same language as the reference and aligns with the reference provided.

Rating: [[1]]"
मोम्बासा किस देश में स्थित है?,मोम्बासा **मलाइका** में स्थित है।,केन्या,cities,"The assistant's response is in the same language as the reference but does not align with the reference provided.

Rating: [[4]]"
किसुमु किस देश में स्थित है?,किसुमु **नेपाल** में स्थित है।,केन्या,cities,"The assistant's response is in the same language but does not align with the reference provided.

Rating: [[4]]"
नाकुरु किस देश में स्थित है?,नाकुरु **नेपाल** में स्थित है।,केन्या,cities,"The assistant's response is in the same language but does not align with the reference provided.

Rating: [[4]]"
एल्डोरेट किस देश में स्थित है?,एल्डोरेट **अमेरिका** में स्थित है।,केन्या,cities,"The assistant's response is in the same language but does not align with the reference provided.

Rating: [[4]]"
थिका किस देश में स्थित है?,थिका **भारत** में स्थित है।,केन्या,cities,"The assistant's response is in the same language as the reference but does not align with the reference provided.

Rating: [[4]]"
किताले किस देश में स्थित है?,किताले **भारत** में स्थित है।,केन्या,cities,"The assistant's response is in the same language as the reference but does not align with the reference provided.

Rating: [[4]]"
मालिंदी किस देश में स्थित है?,मालिंदी **भारत** में स्थित है।,केन्या,cities,"The assistant's response is in the same language as the reference but does not align with the reference provided.

Rating: [[4]]"
गरिसा किस देश में स्थित है?,गिरिसा **भारत** में स्थित है।,केन्या,cities,"The assistant's response is in the same language as the reference but does not align with the reference provided.

Rating: [[4]]"
न्येरी किस देश में स्थित है?,न्येरी **नेपाल** में स्थित है।,केन्या,cities,"The assistant's response is in the same language as the reference but does not align with the reference provided.

Rating: [[4]]"
मेरु किस देश में स्थित है?,मेरु **भारत** में स्थित है।,केन्या,cities,"The assistant's response is in the same language as the reference but does not align with the reference provided.

Rating: [[4]]"
मचकोस किस देश में स्थित है?,मचकोस **चीन** में स्थित है।,केन्या,cities,"The assistant's response is in the same language as the reference but does not align with the reference provided.

Rating: [[4]]"
एम्बु किस देश में स्थित है?,एम्बु **नेपाल** में स्थित है।,केन्या,cities,"The assistant's response is in the same language as the reference but does not align with the reference provided.

Rating: [[4]]"
काकामेगा किस देश में स्थित है?,काकामेगा **नेपाल** में स्थित है।,केन्या,cities,"The assistant's response is in the same language but does not align with the reference provided.

Rating: [[4]]"
केरिचो किस देश में स्थित है?,केरिचो **अमेरिका** में स्थित है।,केन्या,cities,"The assistant's response is in the same language but does not align with the reference provided.

Rating: [[4]]"
नान्यूकी किस देश में स्थित है?,नान्यूकी **नेपाल** में स्थित है।,केन्या,cities,"The assistant's response is in the same language as the reference but does not align with the reference provided.

Rating: [[4]]"
वोई किस देश में स्थित है?,वोई **नेपाल** में स्थित है।,केन्या,cities,"The assistant's response is in the same language as the reference but does not align with the reference provided.

Rating: [[4]]"
लामू किस देश में स्थित है?,"Lamu is located in **Kenya**. 

It's a small island off the coast of Kenya, in the Indian Ocean.",केन्या,cities,"The assistant's response is in English and aligns with the reference provided.

Rating: [[2]]"
नैवाशा किस देश में स्थित है?,नैवाशा **भारत** में स्थित है।,केन्या,cities,"The assistant's response is in the same language as the reference but does not align with the reference provided.

Rating: [[4]]"
इसियोलो किस देश में स्थित है?,इसियोलो **नेपाल** में स्थित है।,केन्या,cities,"The assistant's response is in the same language but does not align with the reference provided.

Rating: [[4]]"
बैंकाक किस देश में स्थित है?,बैंकाक **चीन** में स्थित है।,थाईलैंड,cities,"The assistant's response is in the same language as the reference but does not align with the reference provided.

Rating: [[4]]"
चियांग माई किस देश में स्थित है?,चियांग माई **चीन** में स्थित है।,थाईलैंड,cities,"The assistant's response is in the same language as the reference but does not align with the reference provided.

Rating: [[4]]"
पटाया किस देश में स्थित है?,पटाया **भारत** में स्थित है।,थाईलैंड,cities,"The assistant's response is in the same language as the reference but does not align with the reference provided.

Rating: [[4]]"
फुकेत किस देश में स्थित है?,फुकेत **नेपाल** में स्थित है।,थाईलैंड,cities,"The assistant's response is in the same language but does not align with the reference provided.

Rating: [[4]]"
नाखोन रत्चासिमा किस देश में स्थित है?,नाखोन रत्चासिमा **थाईलैंड** में स्थित है।,थाईलैंड,cities,"The assistant's response is in the same language as the reference and aligns with the reference provided.

Rating: [[1]]"
हाट याई किस देश में स्थित है?,हाट याई **नेपाल** में स्थित है।,थाईलैंड,cities,"The assistant's response is in the same language as the reference but does not align with the reference provided.

Rating: [[4]]"
उदोन थानी किस देश में स्थित है?,उदोन थानी **भारत** में स्थित है।,थाईलैंड,cities,"The assistant's response is in the same language as the reference but does not align with the reference provided.

Rating: [[4]]"
खोन काएन किस देश में स्थित है?,खोन काएन **चीन** में स्थित है।,थाईलैंड,cities,"The assistant's response is in the same language as the reference but does not align with the reference provided.

Rating: [[4]]"
सूरत थानी किस देश में स्थित है?,सूर्य थानी **भारत** में स्थित है।,थाईलैंड,cities,"The assistant's response is in the same language as the reference but does not align with the reference provided.

Rating: [[4]]"
चियांग राय किस देश में स्थित है?,चियांग राय **चीन** में स्थित है।,थाईलैंड,cities,"The assistant's response is in the same language as the reference but does not align with the reference provided.

Rating: [[4]]"
Phitsanulok किस देश में स्थित है?,Phitsanulok है **थाईलैंड** में स्थित है।,थाईलैंड,cities,"The assistant's response is in the same language as the reference and aligns with the reference provided.

Rating: [[1]]"
Sukhothai किस देश में स्थित है?,Sukhothai  **थाईलैंड** में स्थित है।,थाईलैंड,cities,"The assistant's response is in the same language as the reference and aligns with the reference provided.

Rating: [[1]]"
नाखोन सी थम्मारत किस देश में स्थित है?,नाखोन सी थम्मारत **भारत** में स्थित है।,थाईलैंड,cities,"The assistant's response is in the same language as the reference but does not align with the reference provided.

Rating: [[4]]"
हुआ हिन किस देश में स्थित है?,हुआ हिन **चीन** में स्थित है।,थाईलैंड,cities,"The assistant's response is in the same language as the reference but does not align with the reference provided.

Rating: [[4]]"
माई सोत किस देश में स्थित है?,माई सोत **भारत** में स्थित है।,थाईलैंड,cities,"The assistant's response is in the same language as the reference but does not align with the reference provided.

Rating: [[4]]"
रत्चबुरी किस देश में स्थित है?,रत्चबुरी **भारत** में स्थित है।,थाईलैंड,cities,"The assistant's response is in the same language as the reference but does not align with the reference provided.

Rating: [[4]]"
कंचनाब्यूरी किस देश में स्थित है?,कंचनाब्यूरी **भारत** में स्थित है।,थाईलैंड,cities,"The assistant's response is in the same language as the reference but does not align with the reference provided.

Rating: [[4]]"
उबोन रत्चथानी किस देश में स्थित है?,उबोन रत्चथानी **थाईलैंड** में स्थित है।,थाईलैंड,cities,"The assistant's response is in the same language as the reference and aligns with the reference provided.

Rating: [[1]]"
समुत प्रकाण किस देश में स्थित है?,समुत प्रकाण **भारत** में स्थित है।,थाईलैंड,cities,"The assistant's response is in the same language as the reference but does not align with the reference provided.

Rating: [[4]]"
प्राचुआप खीरी खान किस देश में स्थित है?,प्राचुआप खीरी खान **भारत** में स्थित है।,थाईलैंड,cities,"The assistant's response is in the same language as the reference but does not align with the reference provided.

Rating: [[4]]"
जॉर्ज वॉशिंगटन किस देश से है?,जॉर्ज वॉशिंगटन **अमेरिका** से है।,संयुक्त राज्य अमेरिका,politicians,"The assistant's response is in the same language as the reference and aligns with the reference provided.

Rating: [[1]]"
अब्राहम लिंकन किस देश से है?,अब्राहम लिंकन **अमेरिका** से है।,संयुक्त राज्य अमेरिका,politicians,"The assistant's response is in the same language as the reference and aligns with the reference provided.

Rating: [[1]]"
फ्रैंकलिन डी. रूजवेल्ट किस देश से है?,फ्रैंकलिन डी. रूजवेल्ट **अमेरिका** से है।,संयुक्त राज्य अमेरिका,politicians,"The assistant's response is in the same language as the reference and aligns with the reference.

Rating: [[1]]"
बराक ओबामा किस देश से है?,बराक ओबामा **अमेरिका** से है।,संयुक्त राज्य अमेरिका,politicians,"The assistant's response is in the same language as the reference and aligns with the reference provided.

Rating: [[1]]"
डोनाल्ड ट्रम्प किस देश से है?,डोनाल्ड ट्रम्प अमेरिका से है। 🇺🇸,संयुक्त राज्य अमेरिका,politicians,"The assistant's response is in the same language as the reference and aligns with the reference provided.

Rating: [[1]]"
जो बिडेन किस देश से है?,Joe Biden is from **the United States**. 🇺🇸,संयुक्त राज्य अमेरिका,politicians,"The assistant's response is in English and aligns with the reference provided.

Rating: [[2]]"
थॉमस जेफरसन किस देश से है?,थॉमस जेफरसन **अमेरिका** से है।,संयुक्त राज्य अमेरिका,politicians,"The assistant's response is in the same language as the reference and aligns with the reference provided.

Rating: [[1]]"
थियोडोर रूजवेल्ट किस देश से है?,थियोडोर रूजवेल्ट **अमेरिका** से है।,संयुक्त राज्य अमेरिका,politicians,"The assistant's response is in the same language as the reference and aligns with the reference.

Rating: [[1]]"
जॉन एफ. कैनेडी किस देश से है?,जॉन एफ. कैनेडी **अमेरिका** से है।,संयुक्त राज्य अमेरिका,politicians,"The assistant's response is in the same language as the reference and aligns with the reference provided.

Rating: [[1]]"
वुडरो विल्सन किस देश से है?,वुडरो विल्सन **अमेरिका** से है।,संयुक्त राज्य अमेरिका,politicians,"The assistant's response is in the same language as the reference and aligns with the reference provided.

Rating: [[1]]"
महात्मा गांधी किस देश से है?,महात्मा गांधी **भारत** से थे।,भारत,politicians,"Response: The assistant's response is in the same language as the reference and aligns with the reference provided.

Rating: [[1]]"
जवाहरलाल नेहरू किस देश से है?,जवाहरलाल नेहरू **भारत** से थे।,भारत,politicians,"The assistant's response is in the same language as the reference and aligns with the reference provided.

Rating: [[1]]"
इंदिरा गांधी किस देश से है?,इंदिरा गांधी **भारत** से थी।,भारत,politicians,"The assistant's response is in the same language as the reference and aligns with the reference provided.

Rating: [[1]]"
नरेंद्र मोदी किस देश से है?,नरेंद्र मोदी **भारत** से हैं।,भारत,politicians,"Response: The assistant's response is in the same language as the reference and aligns with the reference provided.

Rating: [[1]]"
राजीव गांधी किस देश से है?,राजीव गांधी **भारत** से थे।,भारत,politicians,"Response: The assistant's response is in the same language as the reference and aligns with the reference provided.

Rating: [[1]]"
सरदार वल्लभभाई पटेल किस देश से है?,सरदार वल्लभभाई पटेल **भारत** से थे।,भारत,politicians,"The assistant's response is in the same language as the reference and aligns with the reference provided.

Rating: [[1]]"
डॉ. बी.आर. अम्बेडकर किस देश से है?,डॉ. बी.आर. अम्बेडकर **भारत** से थे।,भारत,politicians,"The assistant's response is in the same language as the reference and aligns with the reference provided.

Rating: [[1]]"
अटल बिहारी वाजपेयी किस देश से है?,अटल बिहारी वाजपेयी **भारत** से है।,भारत,politicians,"The assistant's response is in the same language as the reference and aligns with the reference provided.

Rating: [[1]]"
मनमोहन सिंह किस देश से है?,मनमोहन सिंह **भारत** से है।,भारत,politicians,"Response: The assistant's response is in the same language as the reference and aligns with the reference provided.

Rating: [[1]]"
लाल बहादुर शास्त्री किस देश से है?,लाल बहादुर शास्त्री **भारत** से हैं।,भारत,politicians,"The assistant's response is in the same language as the reference and aligns with the reference provided.

Rating: [[1]]"
माओ ज़ेडोंग किस देश से है?,माओ ज़ेडोंग **चीन** से है।,चीन,politicians,"Response: The assistant's response is in the same language as the reference and aligns with the reference provided.

Rating: [[1]]"
डेंग जियाओपिंग किस देश से है?,डेंग जियाओपिंग **चीन** से है।,चीन,politicians,"The assistant's response is in the same language as the reference and aligns with the reference provided.

Rating: [[1]]"
झी जिनपिंग किस देश से है?,झी जिनपिंग **चीन** से है।,चीन,politicians,"Response: The assistant's response is in the same language as the reference and aligns with the reference provided.

Rating: [[1]]"
झोउ एनलाई किस देश से है?,झोउ एनलाई **भारत** से है।,चीन,politicians,"The assistant's response is in the same language as the question but does not align with the reference provided.

Rating: [[4]]"
हू जिन्ताओ किस देश से है?,हू जिन्ताओ **चीन** से है।,चीन,politicians,"Response: The assistant's response is in the same language as the reference and aligns with the reference provided.

Rating: [[1]]"
जियांग जेमिन किस देश से है?,जियांग जेमिन **चीन** से है।,चीन,politicians,"Response: The assistant's response is in the same language as the reference and aligns with the reference provided.

Rating: [[1]]"
सन यात-सेन किस देश से है?,सन यात-सेन **भारत** से है।,चीन,politicians,"Response: The assistant's response is in the same language but does not align with the reference provided.

Rating: [[4]]"
ली केकियांग किस देश से है?,ली केकियांग **चीन** से है।,चीन,politicians,"Response: The assistant's response is in the same language as the reference and aligns with the reference provided.

Rating: [[1]]"
वेन जियाबाओ किस देश से है?,वेन जियाबाओ **चीन** से है।,चीन,politicians,"Response: The assistant's response is in the same language as the reference and aligns with the reference provided.

Rating: [[1]]"
पेंग देहुआई किस देश से है?,पेंग देहुआई **भारत** से है।,चीन,politicians,"The assistant's response is in the same language as the reference but does not align with the reference provided.

Rating: [[4]]"
व्लादमीर लेनिन किस देश से है?,व्लादिमीर लेनिन **रूस** से है।,रूस,politicians,"Response: The assistant's response is in the same language as the reference and aligns with the reference provided.

Rating: [[1]]"
जोसेफ स्टालिन किस देश से है?,जोसेफ स्टालिन **रूस** से है।,रूस,politicians,"Response: The assistant's response is in the same language as the reference and aligns with the reference provided.

Rating: [[1]]"
निकिता ख्रुश्चेव किस देश से है?,निकिता ख्रुश्चेव **रूस** से है।,रूस,politicians,"The assistant's response is in the same language as the reference and aligns with the reference provided.

Rating: [[1]]"
व्लादिमीर पुतिन किस देश से है?,व्लादिमीर पुतिन **रूस** से है।,रूस,politicians,"Response: The assistant's response is in the same language as the reference and aligns with the reference provided.

Rating: [[1]]"
दिमित्री मेदवेदेव किस देश से है?,दिमित्री मेदवेदेव **भारत** से है।,रूस,politicians,"The assistant's response is in the same language as the reference but does not align with the reference provided.

Rating: [[4]]"
लियोनिद ब्रेझनेव किस देश से है?,लियोनिद ब्रेझनेव **रूस** से है।,रूस,politicians,"The assistant's response is in the same language as the reference and aligns with the reference provided.

Rating: [[1]]"
मिखाइल गोर्बाचेव किस देश से है?,मिखाइल गोर्बाचेव **रूस** से है।,रूस,politicians,"The assistant's response is in the same language as the reference and aligns with the reference provided.

Rating: [[1]]"
बोरिस येल्तसिन किस देश से है?,बोरिस येल्तसिन **रूस** से है।,रूस,politicians,"Response: The assistant's response is in the same language as the reference and aligns with the reference provided.

Rating: [[1]]"
सर्गेई लावरोव किस देश से है?,सर्गेई लावरोव **रूस** से है।,रूस,politicians,"The assistant's response is in the same language as the reference and aligns with the reference provided.

Rating: [[1]]"
एलेक्सी नवलनी किस देश से है?,एलेक्सी नवलनी **भारत** से है।,रूस,politicians,"The assistant's response is in the same language as the reference but does not align with the reference provided.

Rating: [[4]]"
इब्न सऊद किस देश से है?,इब्न सऊद **सऊदी अरब** से है।,सऊदी अरब,politicians,"Response: The assistant's response is in the same language as the reference and aligns with the reference provided.

Rating: [[1]]"
राजा फहद किस देश से है?,राजा फहद **पाकिस्तान** से है।,सऊदी अरब,politicians,"The assistant's response is in the same language as the reference but does not align with the reference provided.

Rating: [[4]]"
राजा अब्दुल्ला किस देश से है?,"राजा अब्दुल्ला **भारत** से है। 

यह जानना महत्वपूर्ण है कि ""राजा अब्दुल्ला"" एक सामान्य नाम है और कई लोगों के नाम इस नाम से जुड़े हैं। 

आपको किस राजा अब्दुल्ला के बारे में जानना है?",सऊदी अरब,politicians,"The assistant's response is in the same language as the reference but does not align with the reference provided. The correct answer should have been Saudi Arabia, not India.

Rating: [[4]]"
राजा सलमान किस देश से है?,राजा सलमान **भारत** से है।,सऊदी अरब,politicians,"Response: The assistant's response is in the same language but does not align with the reference provided.

Rating: [[4]]"
मोहम्मद बिन सलमान किस देश से है?,मोहम्मद बिन सलमान **अफगानिस्तान** से है।,सऊदी अरब,politicians,"The assistant's response is in the same language but does not align with the reference provided.

Rating: [[4]]"
प्रिंस फैसल किस देश से है?,प्रिंस फैसल **ब्रिटिश** राजकुमार हैं।,सऊदी अरब,politicians,"The assistant's response is in the same language as the reference but does not align with the reference provided.

Rating: [[4]]"
राजा खालिद किस देश से है?,"राजा खालिद **भारत** से है। 

यह एक महत्वपूर्ण व्यक्ति है, जिसे भारत के इतिहास में एक महत्वपूर्ण राजा माना जाता है।",सऊदी अरब,politicians,"The assistant's response is in the same language as the reference but does not align with the reference provided. The correct answer should have been Saudi Arabia (सऊदी अरब).

Rating: [[4]]"
राजा सऊद किस देश से है?,राजा सऊद **सऊदी अरब** से है।,सऊदी अरब,politicians,"Response: The assistant's response is in the same language as the reference and aligns with the reference provided.

Rating: [[1]]"
राजकुमार नायेफ़ किस देश से है?,राजकुमार नायेफ़ **भारत** से है।,सऊदी अरब,politicians,"The assistant's response is in the same language as the reference but does not align with the reference provided.

Rating: [[4]]"
राजकुमार सुल्तान किस देश से है?,राजकुमार सुल्तान **भारत** से है।,सऊदी अरब,politicians,"The assistant's response is in the same language as the reference but does not align with the reference provided.

Rating: [[4]]"
नेपोलियन बोनापार्ट किस देश से है?,नेपोलियन बोनापार्ट **फ्रांस** से था।,फ्रांस,politicians,"Response: The assistant's response is in the same language as the reference and aligns with the reference provided.

Rating: [[1]]"
चार्ल्स डी गॉल किस देश से है?,चार्ल्स डी गॉल **फ्रांस** से है।,फ्रांस,politicians,"The assistant's response is in the same language as the reference and aligns with the reference provided.

Rating: [[1]]"
इमैनुएल मैक्रॉन किस देश से है?,इमैनुएल मैक्रॉन **इटली** से है।,फ्रांस,politicians,"The assistant's response is in the same language but does not align with the reference provided.

Rating: [[4]]"
फ़्राँस्वा ओलांद किस देश से है?,फ्राँस्वा ओलांद **न्यूजीलैंड** से है।,फ्रांस,politicians,"The assistant's response is in the same language but does not align with the reference provided.

Rating: [[4]]"
निकोलस सरकोजी किस देश से है?,निकोलस सरकोजी **भारत** से है।,फ्रांस,politicians,"The assistant's response is in the same language as the reference but does not align with the reference provided.

Rating: [[4]]"
जैक्स शिराक किस देश से है?,जैक्स शिराक **भारत** से है।,फ्रांस,politicians,"The assistant's response is in the same language as the reference but does not align with the reference provided.

Rating: [[4]]"
फ़्राँस्वा मित्तेर्रंद किस देश से है?,फ्राँस्वा मित्तेर्रंद **स्विट्ज़रलैंड** से है।,फ्रांस,politicians,"The assistant's response is in the same language but does not align with the reference provided.

Rating: [[4]]"
जीन जौरेस किस देश से है?,जीन जौरेस **फ्रांस** से है।,फ्रांस,politicians,"Response: The assistant's response is in the same language as the reference and aligns with the reference provided.

Rating: [[1]]"
जॉर्जेस क्लेमेंसो किस देश से है?,जॉर्जेस क्लेमेंसो **अमेरिका** से है।,फ्रांस,politicians,"The assistant's response is in the same language but does not align with the reference provided.

Rating: [[4]]"
लुई XIV किस देश से है?,लुई XIV **फ्रांस** से है।,फ्रांस,politicians,"The assistant's response is in the same language as the reference and aligns with the reference provided.

Rating: [[1]]"
पृथ्वी नारायण शाह किस देश से है?,पृथ्वी नारायण शाह **भारत** से है।,नेपाल,politicians,"The assistant's response is in the same language but does not align with the reference provided.

Rating: [[4]]"
राजा त्रिभुवन किस देश से है?,राजा त्रिभुवन **नेपाल** से है।,नेपाल,politicians,"The assistant's response is in the same language as the reference and aligns with the reference provided.

Rating: [[1]]"
राजा महेंद्र किस देश से है?,राजा महेंद्र **भारत** से है।,नेपाल,politicians,"The assistant's response is in the same language as the reference but does not align with the reference provided.

Rating: [[4]]"
राजा बीरेन्द्र किस देश से है?,राजा बीरेन्द्र **भारत** से है।,नेपाल,politicians,"The assistant's response is in the same language but does not align with the reference provided.

Rating: [[4]]"
ज्ञानेन्द्र शाह किस देश से है?,ज्ञानेन्द्र शाह **भारत** से है।,नेपाल,politicians,"The assistant's response is in the same language but does not align with the reference provided.

Rating: [[4]]"
पुष्प कमल दहल किस देश से है?,पुष्प कमल दहल **भारत** से है।,नेपाल,politicians,"The assistant's response is in the same language as the reference but does not align with the reference provided.

Rating: [[4]]"
माधव कुमार नेपाल किस देश से है?,माधव कुमार नेपाल से है।,नेपाल,politicians,"Response: The assistant's response is in the same language and aligns with the reference provided.

Rating: [[1]]"
बाबूराम भट्टाराई किस देश से है?,बाबूराम भट्टाराई **भारत** से है।,नेपाल,politicians,"The assistant's response is in the same language but does not align with the reference provided.

Rating: [[4]]"
शेर बहादुर देउबा किस देश से है?,शेर बहादुर देउबा **भारत** से है।,नेपाल,politicians,"The assistant's response is in the same language but does not align with the reference provided.

Rating: [[4]]"
केपी शर्मा ओली किस देश से है?,केपी शर्मा ओली **भारत** से है।,नेपाल,politicians,"The assistant's response is in the same language but does not align with the reference provided.

Rating: [[4]]"
सम्राट मीजी किस देश से है?,सम्राट मीजी **भारत** से है।,जापान,politicians,"The assistant's response is in the same language as the reference but does not align with the reference provided.

Rating: [[4]]"
सम्राट हिरोहितो किस देश से है?,सम्राट हिरोहितो **जापान** से है।,जापान,politicians,"Response: The assistant's response is in the same language and aligns with the reference provided.

Rating: [[1]]"
शिंजो आबे किस देश से है?,शिंजो आबे **भारत** से है।,जापान,politicians,"Response: The assistant's response is in the same language but does not align with the reference provided.

Rating: [[4]]"
योशीहिदे सुगा किस देश से है?,योशीहिदे सुगा **जापान** से है।,जापान,politicians,"The assistant's response is in the same language as the reference and aligns with the reference provided.

Rating: [[1]]"
फूमिओ किशिदा किस देश से है?,फूमिओ किशिदा **जापान** से है।,जापान,politicians,"Response: The assistant's response is in the same language as the reference and aligns with the reference provided.

Rating: [[1]]"
तोकुगावा इयासु किस देश से है?,Tokugawa Ieyasu was from **Japan**.,जापान,politicians,"The assistant's response is in English and aligns with the reference provided.

Rating: [[2]]"
हिदेकी तोजो किस देश से है?,हिदेकी तोजो **भारत** से है।,जापान,politicians,"The assistant's response is in the same language as the reference but does not align with the reference provided.

Rating: [[4]]"
युकिओ हातोयामा किस देश से है?,युकिओ हातोयामा **जापान** से है।,जापान,politicians,"The assistant's response is in the same language as the reference and aligns with the reference provided.

Rating: [[1]]"
जुनिचिरो कोइज़ुमी किस देश से है?,जुनिचिरो कोइज़ुमी **जापान** से है।,जापान,politicians,"The assistant's response is in the same language as the reference and aligns with the reference provided.

Rating: [[1]]"
इचिरो ओज़ावा किस देश से है?,इचिरो ओज़ावा **जापान** से है।,जापान,politicians,"The assistant's response is in the same language as the reference and aligns with the reference provided.

Rating: [[1]]"
वोलोडिमिर ज़ेलेंस्की किस देश से है?,वोलोडिमिर ज़ेलेंस्की **रूस** से है।,यूक्रेन,politicians,"The assistant's response is in the same language as the reference but does not align with the reference provided, as Volodymyr Zelenskyy is from Ukraine, not Russia.

Rating: [[4]]"
पेट्रो पोरोशेंको किस देश से है?,पेट्रो पोरोशेंको **रूस** से है।,यूक्रेन,politicians,"The assistant's response is in the same language as the reference but does not align with the reference provided.

Rating: [[4]]"
यूलिया तिमोशेंको किस देश से है?,यूलिया तिमोशेंको **रूस** से है।,यूक्रेन,politicians,"The assistant's response is in the same language as the reference but does not align with the reference provided, as Yulia Tymoshenko is from Ukraine, not Russia.

Rating: [[4]]"
विक्टर यानुकोविच किस देश से है?,विक्टर यानुकोविच **रूस** से है।,यूक्रेन,politicians,"The assistant's response is in the same language as the reference but does not align with the reference provided, as Viktor Yanukovych is from Ukraine, not Russia.

Rating: [[4]]"
विक्टर युशचेंको किस देश से है?,विक्टर युशचेंको **रूस** से है।,यूक्रेन,politicians,"The assistant's response is in the same language as the reference but does not align with the reference provided, as Viktor Yushchenko is from Ukraine, not Russia.

Rating: [[4]]"
लियोनिद कुचमा किस देश से है?,लियोनिद कुचमा **रूस** से है।,यूक्रेन,politicians,"The assistant's response is in the same language as the reference but does not align with the reference provided, as Leonid Kuchma is from Ukraine, not Russia.

Rating: [[4]]"
लियोनिद क्रावचुक किस देश से है?,लियोनिद क्रावचुक **रूस** से है।,यूक्रेन,politicians,"The assistant's response is in the same language as the reference but does not align with the reference provided, as Leonid Kravchuk is from Ukraine, not Russia.

Rating: [[4]]"
स्टीफन बांडेरा किस देश से है?,स्टीफन बांडेरा **भारत** से है।,यूक्रेन,politicians,"The assistant's response is in the same language as the reference but does not align with the reference provided.

Rating: [[4]]"
आर्सेनी यात्सेन्युक किस देश से है?,आर्सेनी यात्सेन्युक **रूस** से है।,यूक्रेन,politicians,"The assistant's response is in the same language as the reference but does not align with the reference provided.

Rating: [[4]]"
दिमित्रो कुलेबा किस देश से है?,दिमित्रो कुलेबा **रूस** से है।,यूक्रेन,politicians,"The assistant's response is in the same language as the reference but does not align with the reference provided.

Rating: [[4]]"
पेरिक्लेस किस देश से है?,पेरिक्लेस **भारत** से है।,ग्रीस,politicians,"Response: The assistant's response is in the same language but does not align with the reference provided.

Rating: [[4]]"
सिकंदर महान किस देश से है?,सिकंदर महान **ग्रीक** से है।,ग्रीस,politicians,"Response: The assistant's response is in the same language as the reference and aligns with the reference provided.

Rating: [[1]]"
एलेफथेरियोस वेनिज़ेलोस किस देश से है?,एलेफथेरियोस वेनिज़ेलोस **ग्रीस** से है।,ग्रीस,politicians,"The assistant's response is in the same language as the reference and aligns with the reference provided.

Rating: [[1]]"
कॉन्स्टेंटाइन करमानलिस किस देश से है?,कॉन्स्टेंटाइन करमानलिस **भारत** से है।,ग्रीस,politicians,"The assistant's response is in the same language as the reference but does not align with the reference provided.

Rating: [[4]]"
एंड्रियास पापांड्रेउ किस देश से है?,एंड्रियास पापांड्रेउ **भारत** से है।,ग्रीस,politicians,"The assistant's response is in the same language as the reference but does not align with the reference provided.

Rating: [[4]]"
एलेक्सिस त्सिप्राज़ किस देश से है?,एलेक्सिस त्सिप्राज़ **अमेरिका** से है।,ग्रीस,politicians,"The assistant's response is in the same language but does not align with the reference provided.

Rating: [[4]]"
किरियाकोस मित्सोताकिस किस देश से है?,किरियाकोस मित्सोताकिस **नेपाल** से है।,ग्रीस,politicians,"The assistant's response is in the same language as the reference but does not align with the reference provided.

Rating: [[4]]"
प्रोकोपिस पावलोपोलोस किस देश से है?,प्रोकोपिस पावलोपोलोस **ग्रीस** से है।,ग्रीस,politicians,"The assistant's response is in the same language as the reference and aligns with the reference provided.

Rating: [[1]]"
कतेरीना सकेलारोपोलू किस देश से है?,कतेरीना सकेलारोपोलू **ग्रीस** से है।,ग्रीस,politicians,"The assistant's response is in the same language as the reference and aligns with the reference provided.

Rating: [[1]]"
इयोनिस कपोडिस्ट्रियास किस देश से है?,इयोनिस कपोडिस्ट्रियास **ग्रीस** से है।,ग्रीस,politicians,"The assistant's response is in the same language as the reference and aligns with the reference provided.

Rating: [[1]]"
मुस्तफा केमल अतातुर्क किस देश से है?,मुस्तफा केमल अतातुर्क **तुर्की** से है।,टर्की,politicians,"The assistant's response is in the same language as the reference and aligns with the reference provided.

Rating: [[1]]"
रेसेप तय्यिप एर्दोगान किस देश से है?,रेसेप तय्यिप एर्दोगान **तुर्की** से है।,टर्की,politicians,"The assistant's response is in the same language as the reference and aligns with the reference provided.

Rating: [[1]]"
अब्दुल्ला गुल किस देश से है?,अब्दुल्ला गुल **पाकिस्तान** से है।,टर्की,politicians,"The assistant's response is in the same language as the reference but does not align with the reference provided.

Rating: [[4]]"
अहमत दावुतोग्लू किस देश से है?,अहमत दावुतोग्लू **भारत** से है।,टर्की,politicians,"The assistant's response is in the same language as the reference but does not align with the reference provided.

Rating: [[4]]"
इस्मत इनोनू किस देश से है?,इस्मत इनोनू **भारत** से है।,टर्की,politicians,"The assistant's response is in the same language as the reference but does not align with the reference provided.

Rating: [[4]]"
बुलेन्ट एसेविट किस देश से है?,बुलेन्ट एसेविट **नेपाल** से है।,टर्की,politicians,"The assistant's response is in the same language as the reference but does not align with the reference provided.

Rating: [[4]]"
तुर्गुत ओज़ाल किस देश से है?,तुर्गुत ओज़ाल **तुर्की** से है।,टर्की,politicians,"The assistant's response is in the same language as the reference and aligns with the reference provided.

Rating: [[1]]"
सुलेमान डेमिरेल किस देश से है?,सुलेमान डेमिरेल **अमेरिका** से है।,टर्की,politicians,"The assistant's response is in the same language but does not align with the reference provided.

Rating: [[4]]"
केमल किलिचदारोग्लू किस देश से है?,केमल किलिचदारोग्लू **भारत** से है।,टर्की,politicians,"The assistant's response is in the same language as the reference but does not align with the reference provided.

Rating: [[4]]"
अली बाबाकन किस देश से है?,अली बाबाकन **भारत** से है।,टर्की,politicians,"The assistant's response is in the same language as the reference but does not align with the reference provided.

Rating: [[4]]"
जोमो केन्याटा किस देश से है?,JoMo Kenya is from **Kenya**.,केन्या,politicians,"The assistant's response is in English and aligns with the reference provided.

Rating: [[2]]"
डैनियल अराप मोई किस देश से है?,डैनियल अराप मोई **भारत** से है।,केन्या,politicians,"The assistant's response is in the same language as the reference but does not align with the reference provided.

Rating: [[4]]"
मवाई किबाकी किस देश से है?,मवाई किबाकी **भारत** से है।,केन्या,politicians,"The assistant's response is in the same language as the reference but does not align with the reference provided.

Rating: [[4]]"
उहुरू केन्याटा किस देश से है?,उहुरू केन्याटा **केन्या** से है।,केन्या,politicians,"The assistant's response is in the same language as the reference and aligns with the reference provided.

Rating: [[1]]"
विलियम रुटो किस देश से है?,विलियम रुटो **न्यूजीलैंड** से है।,केन्या,politicians,"The assistant's response is in the same language but does not align with the reference provided.

Rating: [[4]]"
रैला ओडिंगा किस देश से है?,रैला ओडिंगा **भारत** से है।,केन्या,politicians,"The assistant's response is in the same language as the reference but does not align with the reference provided.

Rating: [[4]]"
अमोस किमुन्या किस देश से है?,अमोस किमुन्या **नेपाल** से है।,केन्या,politicians,"The assistant's response is in the same language as the reference but does not align with the reference provided.

Rating: [[4]]"
टॉम मोबोया किस देश से है?,टॉम मोबोया **नेपाल** से है।,केन्या,politicians,"The assistant's response is in the same language as the reference but does not align with the reference provided.

Rating: [[4]]"
जॉर्ज सैटोटी किस देश से है?,जॉर्ज सैटोटी **फ्रांस** से है।,केन्या,politicians,"The assistant's response is in the same language as the reference but does not align with the reference provided.

Rating: [[4]]"
मार्था करुआ किस देश से है?,मार्था करुआ **भारत** से है।,केन्या,politicians,"The assistant's response is in the same language as the reference but does not align with the reference provided.

Rating: [[4]]"
राजा राम IX किस देश से है?,राजा राम IX **भारत** से है।,थाईलैंड,politicians,"The assistant's response is in the same language as the reference but does not align with the reference provided.

Rating: [[4]]"
राजा राम X किस देश से है?,"राजा राम X **भारत** से है। 

यह एक लोकप्रिय और प्रसिद्ध राजा का नाम है, जो भारतीय संस्कृति और इतिहास में महत्वपूर्ण स्थान रखता है।",थाईलैंड,politicians,"The assistant's response is in the same language as the reference but does not align with the reference provided. The correct answer should be Thailand, not India.

Rating: [[4]]"
प्रयुत चान-ओ-चा किस देश से है?,प्रयुत चान-ओ-चा **भारत** से है।,थाईलैंड,politicians,"The assistant's response is in the same language as the reference but does not align with the reference provided.

Rating: [[4]]"
यिंगलुक शिनावात्रा किस देश से है?,यिंगलुक शिनावात्रा **भारत** से है।,थाईलैंड,politicians,"The assistant's response is in the same language as the reference but does not align with the reference provided.

Rating: [[4]]"
थाकसिन शिनावात्रा किस देश से है?,थाकसिन शिनावात्रा **भारत** से है।,थाईलैंड,politicians,"The assistant's response is in the same language as the reference but does not align with the reference provided.

Rating: [[4]]"
अभिसित वेज्जाजीवा किस देश से है?,अभिसित वेज्जाजीवा **भारत** से है।,थाईलैंड,politicians,"The assistant's response is in the same language as the reference but does not align with the reference provided.

Rating: [[4]]"
सरित थानारत किस देश से है?,सरित थानारत **भारत** से है।,थाईलैंड,politicians,"The assistant's response is in the same language as the reference but does not align with the reference provided.

Rating: [[4]]"
प्रेम तिन्सुलानोंदा किस देश से है?,प्रेम तिन्सुलानोंदा **भारत** से है।,थाईलैंड,politicians,"The assistant's response is in the same language as the reference but does not align with the reference provided.

Rating: [[4]]"
चुआन लीकपाई किस देश से है?,चुआन लीकपाई **चीन** से है।,थाईलैंड,politicians,"The assistant's response is in the same language as the reference but does not align with the reference provided.

Rating: [[4]]"
भूमिबोल अदुल्यादेज किस देश से है?,भूमिबोल अदुल्यादेज **भारत** से है।,थाईलैंड,politicians,"The assistant's response is in the same language as the reference but does not align with the reference provided.

Rating: [[4]]"
एंडी वारहोल किस देश से है?,एंडी वारहोल **अमेरिका** से है।,संयुक्त राज्य अमेरिका,artists,"The assistant's response is in the same language as the reference and aligns with the reference provided.

Rating: [[1]]"
जॉर्जिया ओ'कीफ़े किस देश से है?,जॉर्जिया ओ'कीफ़े **अमेरिका** से है।,संयुक्त राज्य अमेरिका,artists,"The assistant's response is in the same language as the reference and aligns with the reference.

Rating: [[1]]"
जीन-मिशेल बास्कियाट किस देश से है?,जीन-मिशेल बास्कियाट **फ्रांस** से है।,संयुक्त राज्य अमेरिका,artists,"The assistant's response is in the same language as the reference but does not align with the reference provided.

Rating: [[4]]"
जैक्सन पोलक किस देश से है?,जैक्सन पोलक **अमेरिका** से है।,संयुक्त राज्य अमेरिका,artists,"The assistant's response is in the same language as the reference and aligns with the reference provided.

Rating: [[1]]"
एंसल एडम्स किस देश से है?,एंसल एडम्स **अमेरिका** से है।,संयुक्त राज्य अमेरिका,artists,"The assistant's response is in the same language as the reference and aligns with the reference provided.

Rating: [[1]]"
मार्क रोथको किस देश से है?,मार्क रोथको **अमेरिका** से है।,संयुक्त राज्य अमेरिका,artists,"The assistant's response is in the same language as the reference and aligns with the reference provided.

Rating: [[1]]"
एडवर्ड हूपर किस देश से है?,एडवर्ड हूपर **अमेरिका** से है।,संयुक्त राज्य अमेरिका,artists,"The assistant's response is in the same language as the reference and aligns with the reference provided.

Rating: [[1]]"
रो लिचटेंस्टीन किस देश से है?,रोलिचटेंस्टीन **अमेरिका** से है।,संयुक्त राज्य अमेरिका,artists,"The assistant's response is in the same language as the reference but does not align with the reference provided.

Rating: [[4]]"
नॉर्मन रॉकवेल किस देश से है?,नॉर्मन रॉकवेल **अमेरिका** से है।,संयुक्त राज्य अमेरिका,artists,"The assistant's response is in the same language as the reference and aligns with the reference provided.

Rating: [[1]]"
फ्रैंक लॉयड राइट किस देश से है?,फ्रैंक लॉयड राइट **अमेरिका** से है।,संयुक्त राज्य अमेरिका,artists,"The assistant's response is in the same language as the reference and aligns with the reference provided.

Rating: [[1]]"
राजा रवि वर्मा किस देश से है?,राजा रवि वर्मा **भारत** से है।,भारत,artists,"The assistant's response is in the same language as the reference and aligns with the reference provided.

Rating: [[1]]"
एम.एफ. हुसैन किस देश से है?,एम.एफ. हुसैन **भारत** से है।,भारत,artists,"The assistant's response is in the same language as the reference and aligns with the reference provided.

Rating: [[1]]"
अमृता शेरगिल किस देश से है?,अमृता शेरगिल **भारत** से है।,भारत,artists,"The assistant's response is in the same language as the reference and aligns with the reference provided.

Rating: [[1]]"
तैयब मेहता किस देश से है?,तैयब मेहता **भारत** से है।,भारत,artists,"Response: The assistant's response is in the same language as the reference and aligns with the reference provided.

Rating: [[1]]"
जामिनी रॉय किस देश से है?,जामिनी रॉय **भारत** से है।,भारत,artists,"Response: The assistant's response is in the same language as the reference and aligns with the reference provided.

Rating: [[1]]"
एस.एच. रजा किस देश से है?,एस.एच. रजा **भारत** से है।,भारत,artists,"The assistant's response is in the same language as the reference and aligns with the reference provided.

Rating: [[1]]"
अनीश कपूर किस देश से है?,अनीश कपूर **भारत** से है।,भारत,artists,"The assistant's response is in the same language as the reference and aligns with the reference provided.

Rating: [[1]]"
सुबोध गुप्ता किस देश से है?,सुबोध गुप्ता **भारत** से है।,भारत,artists,"The assistant's response is in the same language as the reference and aligns with the reference provided.

Rating: [[1]]"
बिकाश भट्टाचार्य किस देश से है?,बिकाश भट्टाचार्य **भारत** से है।,भारत,artists,"The assistant's response is in the same language as the reference and aligns with the reference provided.

Rating: [[1]]"
नलिनी मालानी किस देश से है?,नलिनी मालानी **भारत** से है।,भारत,artists,"The assistant's response is in the same language as the reference and aligns with the reference provided.

Rating: [[1]]"
ऐ वेईवेई किस देश से है?,वेईवेई **नेपाल** से है।,चीन,artists,"The assistant's response is in the same language as the reference but does not align with the reference provided.

Rating: [[4]]"
झांग दाक़ियान किस देश से है?,झांग दाक़ियान **चीन** से है।,चीन,artists,"The assistant's response is in the same language as the reference and aligns with the reference provided.

Rating: [[1]]"
जू बेइहोंग किस देश से है?,जू बेइहोंग **चीन** से है।,चीन,artists,"Response: The assistant's response is in the same language as the reference and aligns with the reference provided.

Rating: [[1]]"
कै गुओ-कियांग किस देश से है?,कै गुओ-कियांग **चीन** से है।,चीन,artists,"The assistant's response is in the same language as the reference and aligns with the reference provided.

Rating: [[1]]"
हुआंग योंग पिंग किस देश से है?,हुआंग योंग पिंग **चीन** से है।,चीन,artists,"The assistant's response is in the same language as the reference and aligns with the reference provided.

Rating: [[1]]"
वू गुआनझोंग किस देश से है?,वू गुआनझोंग **चीन** से है।,चीन,artists,"Response: The assistant's response is in the same language as the reference and aligns with the reference provided.

Rating: [[1]]"
ली चेंग किस देश से है?,ली चेंग **चीन** से है।,चीन,artists,"Response: The assistant's response is in the same language as the reference and aligns with the reference provided.

Rating: [[1]]"
लिन फेंगमियान किस देश से है?,Lin Fengmian was a Chinese artist.,चीन,artists,"The assistant's response is in English and aligns with the reference provided, as it correctly identifies that Lin Fengmian is from China.

Rating: [[2]]"
यू मिनजुन किस देश से है?,यू मिनजुन **चीन** से है।,चीन,artists,"Response: The assistant's response is in the same language and aligns with the reference provided.

Rating: [[1]]"
फेंग लिजुन किस देश से है?,फेंग लिजुन **चीन** से है।,चीन,artists,"Response: The assistant's response is in the same language as the reference and aligns with the reference provided.

Rating: [[1]]"
वासिली कैंडिंस्की किस देश से है?,वासिली कैंडिंस्की **रूस** से है।,रूस,artists,"The assistant's response is in the same language as the reference and aligns with the reference provided.

Rating: [[1]]"
काज़िमिर मालेविच किस देश से है?,काज़िमिर मालेविच **रूस** से है।,रूस,artists,"The assistant's response is in the same language as the reference and aligns with the reference provided.

Rating: [[1]]"
मार्क चागाल किस देश से है?,मार्क चागाल **भारत** से है।,रूस,artists,"Response: The assistant's response is in the same language but does not align with the reference provided.

Rating: [[4]]"
इल्या रेपिन किस देश से है?,इल्या रेपिन **रूस** से है।,रूस,artists,"Response: The assistant's response is in the same language as the reference and aligns with the reference provided.

Rating: [[1]]"
इवान शिश्किन किस देश से है?,इवान शिश्किन **रूस** से है।,रूस,artists,"Response: The assistant's response is in the same language as the reference and aligns with the reference provided.

Rating: [[1]]"
आंद्रेई रूबलेव किस देश से है?,आंद्रेई रूबलेव **रूस** से है।,रूस,artists,"The assistant's response is in the same language as the reference and aligns with the reference provided.

Rating: [[1]]"
एल लिस्सित्स्की किस देश से है?,एल लिस्सित्स्की **रूस** से है।,रूस,artists,"The assistant's response is in the same language as the reference and aligns with the reference provided.

Rating: [[1]]"
नतालिया गोंचारोवा किस देश से है?,नतालिया गोंचारोवा **रूस** से है।,रूस,artists,"The assistant's response is in the same language as the reference and aligns with the reference provided.

Rating: [[1]]"
अलेक्जेंडर रोडचेंको किस देश से है?,अलेक्जेंडर रोडचेंको **रूस** से है।,रूस,artists,"The assistant's response is in the same language as the reference and aligns with the reference provided.

Rating: [[1]]"
बोरिस कुस्तोडीव किस देश से है?,बोरिस कुस्तोडीव **रूस** से है।,रूस,artists,"The assistant's response is in the same language as the reference and aligns with the reference provided.

Rating: [[1]]"
अहमद माटर किस देश से है?,अहमद माटर **भारत** से है।,सऊदी अरब,artists,"The assistant's response is in the same language as the reference but does not align with the reference provided.

Rating: [[4]]"
मनल अलदोवायन किस देश से है?,मनल अलदोवायन **अमेरिका** से है।,सऊदी अरब,artists,"The assistant's response is in the same language but does not align with the reference provided.

Rating: [[4]]"
अब्दुलनासर घारेम किस देश से है?,अब्दुलनासर घारेम **भारत** से है।,सऊदी अरब,artists,"The assistant's response is in the same language as the reference but does not align with the reference provided.

Rating: [[4]]"
सफा अलसेट किस देश से है?,सफा अलसेट **भारत** से है।,सऊदी अरब,artists,"The assistant's response is in the same language as the reference but does not align with the reference provided.

Rating: [[4]]"
रशीद अल शाशाई किस देश से है?,रशीद अल शाशाई **अफगानिस्तान** से है।,सऊदी अरब,artists,"The assistant's response is in the same language as the reference but does not align with the reference provided.

Rating: [[4]]"
नासिर अलसलेम किस देश से है?,नासिर अलसलेम **अफगानिस्तान** से है।,सऊदी अरब,artists,"The assistant's response is in the same language as the reference but does not align with the reference provided.

Rating: [[4]]"
महा मल्लू किस देश से है?,महा मल्लू **भारत** से है।,सऊदी अरब,artists,"The assistant's response is in the same language as the reference but does not align with the reference provided.

Rating: [[4]]"
अयमान योसरी दयदबन किस देश से है?,अयमान योसरी दयदबन **भारत** से है।,सऊदी अरब,artists,"The assistant's response is in the same language as the reference but does not align with the reference provided.

Rating: [[4]]"
दाना अवर्तानी किस देश से है?,दाना अवर्तानी **भारत** से है।,सऊदी अरब,artists,"The assistant's response is in the same language as the reference but does not align with the reference provided.

Rating: [[4]]"
मोहम्मद फ़रिया किस देश से है?,मोहम्मद फ़रिया **भारत** से है।,सऊदी अरब,artists,"The assistant's response is in the same language as the reference but does not align with the reference provided.

Rating: [[4]]"
क्लाउड मोनेट किस देश से है?,क्लाउड मोनेट **भारत** से है।,फ्रांस,artists,"The assistant's response is in the same language as the reference but does not align with the reference provided.

Rating: [[4]]"
पॉल सेज़ेन किस देश से है?,पॉल सेज़ेन **अमेरिका** से है।,फ्रांस,artists,"The assistant's response is in the same language but does not align with the reference provided.

Rating: [[4]]"
हेनरी मैटिस किस देश से है?,हेनरी मैटिस **अमेरिका** से है।,फ्रांस,artists,"The assistant's response is in the same language but does not align with the reference provided.

Rating: [[4]]"
एडुअर्ड मानेट किस देश से है?,एडुअर्ड मानेट **फ्रांस** से है।,फ्रांस,artists,"The assistant's response is in the same language as the reference and aligns with the reference provided.

Rating: [[1]]"
ऑगस्टे रोडिन किस देश से है?,ऑगस्टे रोडिन **न्यूजीलैंड** से है।,फ्रांस,artists,"The assistant's response is in the same language but does not align with the reference provided.

Rating: [[4]]"
जॉर्जेस सेरात किस देश से है?,जॉर्जेस सेरात **भारत** से है।,फ्रांस,artists,"The assistant's response is in the same language as the reference but does not align with the reference provided.

Rating: [[4]]"
केमिली पिसारो किस देश से है?,केमिली पिसारो **भारत** से है।,फ्रांस,artists,"The assistant's response is in the same language as the reference but does not align with the reference provided.

Rating: [[4]]"
जीन-ऑगस्टे-डोमिनिक इंग्रेस किस देश से है?,जीन-ऑगस्टे-डोमिनिक इंग्रेस **फ्रांस** से है।,फ्रांस,artists,"The assistant's response is in the same language as the reference and aligns with the reference provided.

Rating: [[1]]"
जीन रेनॉयर किस देश से है?,जीन रेनॉयर **फ्रांस** से है।,फ्रांस,artists,"Response: The assistant's response is in the same language as the reference and aligns with the reference provided.

Rating: [[1]]"
पियरे-अगस्टे रेनॉयर किस देश से है?,पियरे-अगस्टे रेनॉयर **फ्रांस** से है।,फ्रांस,artists,"The assistant's response is in the same language as the reference and aligns with the reference provided.

Rating: [[1]]"
अरानिको किस देश से है?,अरानिको **अरब** देश से है।,नेपाल,artists,"The assistant's response is in the same language as the reference but does not align with the reference provided.

Rating: [[4]]"
लेन सिंह बंगडेल किस देश से है?,लेन सिंह बंगडेल **भारत** से है।,नेपाल,artists,"The assistant's response is in the same language but does not align with the reference provided.

Rating: [[4]]"
राजन खड़का किस देश से है?,राज्य खड़का **भारत** से है।,नेपाल,artists,"The assistant's response is in the same language as the reference but does not align with the reference provided.

Rating: [[4]]"
सीता श्रेष्ठ किस देश से है?,सीता श्रेष्ठ **भारत** से है।,नेपाल,artists,"The assistant's response is in the same language as the reference but does not align with the reference provided.

Rating: [[4]]"
मिथिला यादव किस देश से है?,मिथिला यादव **भारत** से है।,नेपाल,artists,"The assistant's response is in the same language but does not align with the reference provided.

Rating: [[4]]"
उमा शंकर शाह किस देश से है?,उमा शंकर शाह **भारत** से है।,नेपाल,artists,"The assistant's response is in the same language but does not align with the reference provided.

Rating: [[4]]"
किरण मनंधर किस देश से है?,Kiran Manchand is from **India**.,नेपाल,artists,"The assistant's response is in English and does not align with the reference provided.

Rating: [[4]]"
हरि प्रसाद शर्मा किस देश से है?,हरि प्रसाद शर्मा **भारत** से है।,नेपाल,artists,"The assistant's response is in the same language but does not align with the reference provided.

Rating: [[4]]"
सुरेन्द्र मान सिंह किस देश से है?,सुरेंद्र मान सिंह **भारत** से है।,नेपाल,artists,"The assistant's response is in the same language but does not align with the reference provided.

Rating: [[4]]"
अनिल शाही किस देश से है?,अनिल शाही **भारत** से है।,नेपाल,artists,"The assistant's response is in the same language as the reference but does not align with the reference provided.

Rating: [[4]]"
होकुसाई किस देश से है?,"होकुसाई **नेपाल** से है। 

होकुसाई एक हिमालय के पहाड़ी क्षेत्र में स्थित एक छोटा सा गाँव है, जो नेपाल के **कर्णाली प्रदेश** में स्थित है।",जापान,artists,"The assistant's response is in the same language as the reference but does not align with the reference provided. Hokusai is a Japanese artist, not from Nepal.

Rating: [[4]]"
हिरोशिगे किस देश से है?,हिरोशिगे एक **जापानी** व्यक्तित्व है।,जापान,artists,"Response: The assistant's response is in the same language as the reference and aligns with the reference provided.

Rating: [[1]]"
ताकाशी मुराकामी किस देश से है?,ताकाशी मुराकामी **जापान** से है।,जापान,artists,"The assistant's response is in the same language as the reference and aligns with the reference provided.

Rating: [[1]]"
यायोई कुसमा किस देश से है?,यायोई कुसमा **भारत** से है।,जापान,artists,"The assistant's response is in the same language as the reference but does not align with the reference provided.

Rating: [[4]]"
तारो ओकामोटो किस देश से है?,Tara Okamamoto is from **Japan**.,जापान,artists,"The assistant's response is in English and aligns with the reference provided.

Rating: [[2]]"
फ़ुजिको फ़ुजिओ किस देश से है?,फुजिको फुजियो **जापान** से है।,जापान,artists,"Response: The assistant's response is in the same language as the reference and aligns with the reference provided.

Rating: [[1]]"
ओसामु तेज़ुका किस देश से है?,ओसामु तेज़ुका **जापान** से है।,जापान,artists,"The assistant's response is in the same language as the reference and aligns with the reference provided.

Rating: [[1]]"
शिगेरु मिज़ुकी किस देश से है?,शिगेरु मिज़ुकी **जापान** से है।,जापान,artists,"The assistant's response is in the same language as the reference and aligns with the reference provided.

Rating: [[1]]"
केन्ज़ो तांगे किस देश से है?,केन्ज़ो तांगे **नेपाल** से हैं।,जापान,artists,"The assistant's response is in the same language as the reference but does not align with the reference provided.

Rating: [[4]]"
योशितोमो नारा किस देश से है?,योशितोमो नारा **जापान** से है।,जापान,artists,"The assistant's response is in the same language as the reference and aligns with the reference provided.

Rating: [[1]]"
काज़िमिर मालेविच किस देश से है?,काज़िमिर मालेविच **रूस** से है।,यूक्रेन,artists,"The assistant's response is in the same language as the reference but does not align with the reference provided, as the reference is ""यूक्रेन"" (Ukraine), and the assistant states that Kazimir Malevich is from Russia.

Rating: [[4]]"
मारिया प्रिमाचेन्को किस देश से है?,मारिया प्रिमाचेन्को **रूस** से है।,यूक्रेन,artists,"The assistant's response is in the same language as the reference but does not align with the reference provided, as Maria Primachenko is from Ukraine, not Russia.

Rating: [[4]]"
अलेक्जेंडर आर्किपेंको किस देश से है?,अलेक्जेंडर आर्किपेंको **रूस** से है।,यूक्रेन,artists,"The assistant's response is in the same language as the reference but does not align with the reference provided, as the reference indicates Ukraine, not Russia.

Rating: [[4]]"
इवान मार्चुक किस देश से है?,इवान मार्चुक **रूस** से है।,यूक्रेन,artists,"The assistant's response is in the same language as the reference but does not align with the reference provided.

Rating: [[4]]"
तरास शेवचेंको किस देश से है?,तरास शेवचेंको **रूस** से है।,यूक्रेन,artists,"The assistant's response is in the same language as the reference but does not align with the reference provided, as Taras Shevchenko is from Ukraine, not Russia.

Rating: [[4]]"
बोहदान सोरोका किस देश से है?,बोहदान सोरोका **भारत** से है।,यूक्रेन,artists,"The assistant's response is in the same language as the reference but does not align with the reference provided.

Rating: [[4]]"
मिखाइलो बोयचुक किस देश से है?,मिखाइलो बोयचुक **यूक्रेन** से है।,यूक्रेन,artists,"The assistant's response is in the same language as the reference and aligns with the reference provided.

Rating: [[1]]"
ओलेक्सांद्र मुराश्को किस देश से है?,ओलेक्सांद्र मुराश्को **रूस** से है।,यूक्रेन,artists,"The assistant's response is in the same language as the reference but does not align with the reference provided, as the correct answer should be Ukraine, not Russia.

Rating: [[4]]"
हेओरही नरबुत किस देश से है?,हेओरही नरबुत **भारत** से है।,यूक्रेन,artists,"The assistant's response is in the same language as the reference but does not align with the reference provided.

Rating: [[4]]"
मायकोला पिमोनेंको किस देश से है?,मायकोला पिमोनेंको **रूस** से है।,यूक्रेन,artists,"The assistant's response is in the same language as the reference but does not align with the reference provided.

Rating: [[4]]"
फ़िदियास किस देश से है?,फ़िदियास **भारत** से है।,ग्रीस,artists,"The assistant's response is in the same language as the reference but does not align with the reference provided.

Rating: [[4]]"
एल ग्रीको किस देश से है?,ग्रीक लोग **ग्रीस** से हैं।,ग्रीस,artists,"The assistant's response is in the same language as the reference and aligns with the reference provided.

Rating: [[1]]"
यानिस त्सारोचिस किस देश से है?,यानिस त्सारोचिस **रूस** से है।,ग्रीस,artists,"The assistant's response is in the same language as the reference but does not align with the reference provided.

Rating: [[4]]"
कॉन्स्टेंटिन ब्रैंकुसी किस देश से है?,कॉन्स्टेंटिन ब्रैंकुसी **इटली** से है।,ग्रीस,artists,"The assistant's response is in the same language as the reference but does not align with the reference provided.

Rating: [[4]]"
निकोस हदजीकिरियाकोस-घिका किस देश से है?,निकोस हदजीकिरियाकोस-घिका **नेपाल** से है।,ग्रीस,artists,"The assistant's response is in the same language but does not align with the reference provided.

Rating: [[4]]"
पानायोटिस वासिलाकिस किस देश से है?,पानायोटिस वासिलाकिस **रूस** से है।,ग्रीस,artists,"The assistant's response is in the same language as the reference but does not align with the reference provided.

Rating: [[4]]"
जियोर्गोस गौनारोपोलोस किस देश से है?,जियोर्गोस गौनारोपोलोस **ग्रीस** से है।,ग्रीस,artists,"The assistant's response is in the same language as the reference and aligns with the reference provided.

Rating: [[1]]"
सोफिया वारी किस देश से है?,सोफिया वारी **ब्राजील** से हैं। 🇧🇷,ग्रीस,artists,"The assistant's response is in the same language as the reference but does not align with the reference provided.

Rating: [[4]]"
जियानिस मोरालिस किस देश से है?,जियानिस मोरालिस **इटली** से है।,ग्रीस,artists,"The assistant's response is in the same language as the reference but does not align with the reference provided.

Rating: [[4]]"
दिमित्रिस मायटारस किस देश से है?,दिमित्रिस मायटारस **ग्रीस** से है।,ग्रीस,artists,"The assistant's response is in the same language as the reference and aligns with the reference provided.

Rating: [[1]]"
उस्मान हम्दी बे किस देश से है?,उस्मान हम्दी बे **भारत** से है।,टर्की,artists,"The assistant's response is in the same language as the reference but does not align with the reference provided.

Rating: [[4]]"
अबिदीन डिनो किस देश से है?,अबिदीन डिनो **पाकिस्तान** से है।,टर्की,artists,"The assistant's response is in the same language as the reference but does not align with the reference provided.

Rating: [[4]]"
फ़हरेलनिस्सा ज़ीद किस देश से है?,फ़हरेलनिस्सा ज़ीद **पाकिस्तान** से है।,टर्की,artists,"The assistant's response is in the same language as the reference but does not align with the reference provided.

Rating: [[4]]"
बेद्री रहमी एयुबोग्लू किस देश से है?,बेद्री रहमी एयुबोग्लू **भारत** से है।,टर्की,artists,"The assistant's response is in the same language as the reference but does not align with the reference provided.

Rating: [[4]]"
बुरहान दोगानके किस देश से है?,बुरहान दोगान **भारत** से है।,टर्की,artists,"The assistant's response is in the same language as the reference but does not align with the reference provided.

Rating: [[4]]"
इब्राहिम चाली किस देश से है?,"इब्राहिम चाली **भारत** से है। 

यह एक महत्वपूर्ण और प्रसिद्ध व्यक्ति है, जिसे **इब्राहिम चाली** के नाम से जाना जाता है।",टर्की,artists,"The assistant's response is in the same language as the reference but does not align with the reference provided. The reference is ""टर्की"" (Turkey), but the assistant states that Ibrahim Chali is from ""भारत"" (India).

Rating: [[4]]"
नूरी इयेम किस देश से है?,नूरी इयेम **भारत** से है।,टर्की,artists,"The assistant's response is in the same language as the reference but does not align with the reference provided.

Rating: [[4]]"
एरोल अक्यावास किस देश से है?,एरोल अक्यावास **भारत** से है।,टर्की,artists,"The assistant's response is in the same language as the reference but does not align with the reference provided.

Rating: [[4]]"
आरा गुलेर किस देश से है?,आरा गुलेर **भारत** से है।,टर्की,artists,"The assistant's response is in the same language as the reference but does not align with the reference provided.

Rating: [[4]]"
सबिहा रुस्तु बोज़्कली किस देश से है?,सबिहा रुस्तु बोज़्कली **भारत** से है।,टर्की,artists,"The assistant's response is in the same language as the reference but does not align with the reference provided.

Rating: [[4]]"
माइकल आर्मिटेज किस देश से है?,माइकल आर्मिटेज **अमेरिका** से है।,केन्या,artists,"The assistant's response is in the same language as the reference but does not align with the reference provided.

Rating: [[4]]"
वांगेची मुटू किस देश से है?,वांगेची मुटू **भारत** से है।,केन्या,artists,"The assistant's response is in the same language as the reference but does not align with the reference provided.

Rating: [[4]]"
मोसेस न्यावांडा किस देश से है?,मोसेस न्यावांडा **भारत** से है।,केन्या,artists,"The assistant's response is in the same language as the reference but does not align with the reference provided.

Rating: [[4]]"
साइरस कबीरू किस देश से है?,साइरस कबीरू **भारत** से है।,केन्या,artists,"The assistant's response is in the same language as the reference but does not align with the reference provided.

Rating: [[4]]"
डेनिस मुरागुरी किस देश से है?,डेनिस मुरागुरी **भारत** से है।,केन्या,artists,"The assistant's response is in the same language as the reference but does not align with the reference provided.

Rating: [[4]]"
एल तैयब दावेलबैत किस देश से है?,एल तैयब दावेबैत **भारत** से है।,केन्या,artists,"The assistant's response is in the same language as the reference but does not align with the reference provided.

Rating: [[4]]"
तबीथा वा थुकु किस देश से है?,"तबीथा वा थुकु **भारत** से है। 

यह एक लोकप्रिय भारतीय उपन्यास है, जिसे **""तबीथा वा थुकु""** के नाम से जाना जाता है।",केन्या,artists,"The assistant's response is in the same language as the reference but does not align with the reference provided. The reference is Kenya, but the assistant mentions India.

Rating: [[4]]"
जोसेफ़ बर्टियर्स किस देश से है?,जोसेफ बर्टियर्स **न्यूजीलैंड** से है।,केन्या,artists,"The assistant's response is in the same language as the reference but does not align with the reference provided.

Rating: [[4]]"
मैगी ओटिएनो किस देश से है?,Maggie O'Toole का जन्म **अमेरिका** में हुआ था।,केन्या,artists,"The assistant's response is in the same language (Hindi) but does not align with the reference provided, which is Kenya.

Rating: [[4]]"
पैट्रिक मुकाबी किस देश से है?,Patrik Mukabi is from **Nepal**.,केन्या,artists,"The assistant's response is in English but does not align with the reference provided.

Rating: [[4]]"
चालेरमचाई कोसिटपिपट किस देश से है?,चालेरमचाई कोसिटपिपट **भारत** से है।,थाईलैंड,artists,"The assistant's response is in the same language as the reference but does not align with the reference provided.

Rating: [[4]]"
थावन दुचानी किस देश से है?,थावन दुचानी **भारत** से है।,थाईलैंड,artists,"The assistant's response is in the same language as the reference but does not align with the reference provided.

Rating: [[4]]"
डैमरोंग वोंग-उपराज किस देश से है?,डैमरोंग वोंग-उपराज **चीन** से है।,थाईलैंड,artists,"The assistant's response is in the same language as the reference but does not align with the reference provided.

Rating: [[4]]"
अंगकर्ण कल्याणपोंग किस देश से है?,अंगकर्ण कल्याणपोंग **भारत** से है।,थाईलैंड,artists,"The assistant's response is in the same language as the reference but does not align with the reference provided.

Rating: [[4]]"
मोंटियन बूनमा किस देश से है?,मोंटियन बूनमा **नेपाल** से है।,थाईलैंड,artists,"The assistant's response is in the same language as the reference but does not align with the reference provided.

Rating: [[4]]"
कामोल तस्सनंचली किस देश से है?,कामोल तस्सनंचली **भारत** से है।,थाईलैंड,artists,"The assistant's response is in the same language as the reference but does not align with the reference provided.

Rating: [[4]]"
वासन सिट्ठिकेत किस देश से है?,वासन सिट्ठिकेत **भारत** से है।,थाईलैंड,artists,"The assistant's response is in the same language as the reference but does not align with the reference provided.

Rating: [[4]]"
सिरिलक पोंगडी किस देश से है?,सिरिलक पोंगडी **भारत** से है।,थाईलैंड,artists,"The assistant's response is in the same language as the reference but does not align with the reference provided.

Rating: [[4]]"
जितसिंग सोमबून किस देश से है?,जितसिंग सोमबून **भारत** से है।,थाईलैंड,artists,"The assistant's response is in the same language as the reference but does not align with the reference provided.

Rating: [[4]]"
प्लोन्चन विन्यारत्न किस देश से है?,प्लोन्चन विन्यारत्न **भारत** से है।,थाईलैंड,artists,"The assistant's response is in the same language as the reference but does not align with the reference provided.

Rating: [[4]]"
स्टेचू ऑफ़ लिबर्टी किस देश में स्थित है?,"स्टेचू ऑफ़ लिबर्टी **अमेरिका** में स्थित है। 

यह एक प्रसिद्ध स्मारक है जो **न्यूयॉर्क शहर** में स्थित है।",संयुक्त राज्य अमेरिका,lakes,"The assistant's response is in the same language as the reference and aligns with the reference provided. The assistant correctly states that the Statue of Liberty is located in America and provides additional context about its location in New York City.

Rating: [[1]]"
ग्रैंड कैनियन किस देश में स्थित है?,"ग्रैंड कैनियन **नेपाल** में स्थित है। 

यह एक गलत जानकारी है। ग्रैंड कैनियन **नेपाल** में स्थित नहीं है। 

ग्रैंड कैनियन **नेपाल** के **पश्चिमी** हिस्से में स्थित है।",संयुक्त राज्य अमेरिका,lakes,"The assistant's response is in the same language as the reference but does not align with the reference. The assistant incorrectly states that the Grand Canyon is located in Nepal, which is not true. The correct answer should be the United States, as indicated by the reference.

Rating: [[4]]"
माउंट रशमोर किस देश में स्थित है?,माउंट रशमोर **नेपाल** में स्थित है।,संयुक्त राज्य अमेरिका,lakes,"The assistant's response is in the same language but does not align with the reference provided.

Rating: [[4]]"
गोल्डन गेट ब्रिज किस देश में स्थित है?,गोल्डन गेट ब्रिज **इंग्लैंड** में स्थित है।,संयुक्त राज्य अमेरिका,lakes,"The assistant's response is in the same language as the reference but does not align with the reference provided.

Rating: [[4]]"
येलोस्टोन राष्ट्रीय उद्यान किस देश में स्थित है?,Yellowstone National Park is located in **United States**.,संयुक्त राज्य अमेरिका,lakes,"The assistant's response is in English and aligns with the reference provided, as the reference ""संयुक्त राज्य अमेरिका"" translates to ""United States"" in English.

Rating: [[2]]"
एम्पायर स्टेट बिल्डिंग किस देश में स्थित है?,एम्पायर स्टेट बिल्डिंग **अमेरिका** में स्थित है।,संयुक्त राज्य अमेरिका,lakes,"The assistant's response is in the same language as the reference and aligns with the reference provided.

Rating: [[1]]"
टाइम्स स्क्वायर किस देश में स्थित है?,टाइम्स स्क्वायर **अमेरिका** में स्थित है।,संयुक्त राज्य अमेरिका,lakes,"The assistant's response is in the same language as the reference and aligns with the reference provided.

Rating: [[1]]"
हॉलीवुड साइन किस देश में स्थित है?,"हॉलीवुड एक शहर है जो **अमेरिका** में स्थित है। 

यह एक ऐतिहासिक रूप से महत्वपूर्ण फिल्म निर्माता केंद्र है, और दुनिया भर के फिल्म निर्माताओं और कलाकारों के लिए एक प्रमुख केंद्र है।",संयुक्त राज्य अमेरिका,lakes,"The assistant's response is in the same language as the reference and aligns with the reference provided. The assistant correctly states that Hollywood is located in America, which is consistent with the reference ""संयुक्त राज्य अमेरिका"" (United States of America).

Rating: [[1]]"
वॉल्ट डिज़्नी वर्ल्ड किस देश में स्थित है?,"वॉल्ट डिज़्नी वर्ल्ड अमेरिका में स्थित है। 

यह वर्ल्ड के नाम के साथ-साथ, यह **अमेरिका के ** **केन्या** में स्थित है।",संयुक्त राज्य अमेरिका,lakes,"The assistant's response is in the same language as the reference and partially aligns with the reference. However, it incorrectly states that Walt Disney World is located in Kenya, which is unrelated to the reference. 

Rating: [[4]]"
नायग्रा फॉल्स किस देश में स्थित है?,नायग्रा फॉल्स **भारत** में स्थित है।,संयुक्त राज्य अमेरिका,lakes,"The assistant's response is in the same language as the reference but does not align with the reference provided.

Rating: [[4]]"
ताज महल किस देश में स्थित है?,"ताज महल **भारत** में मुंबई शहर, महाराष्ट्र राज्य में स्थित है।",भारत,lakes,"The assistant's response is in the same language as the reference and aligns with the reference, but it contains an inaccuracy by stating that the Taj Mahal is located in Mumbai, which is incorrect. However, since the primary criteria are language and alignment with the reference, and the response does mention India, the score should reflect that the answer is mostly correct but with a factual error.

Rating: [[1]]"
लाल किला किस देश में स्थित है?,लाल किला **भारत** में स्थित है।,भारत,lakes,"The assistant's response is in the same language as the reference and aligns with the reference provided.

Rating: [[1]]"
गेटवे ऑफ इंडिया किस देश में स्थित है?,गेटवे ऑफ इंडिया **भारत** में स्थित है।,भारत,lakes,"The assistant's response is in the same language as the reference and aligns with the reference provided.

Rating: [[1]]"
इंडिया गेट किस देश में स्थित है?,इंडिया गेट **भारत** में स्थित है।,भारत,lakes,"The assistant's response is in the same language as the reference and aligns with the reference provided.

Rating: [[1]]"
कुतुब मीनार किस देश में स्थित है?,कुतुब मीनार **पाकिस्तान** में स्थित है।,भारत,lakes,"The assistant's response is in the same language as the reference but does not align with the reference provided.

Rating: [[4]]"
हवा महल किस देश में स्थित है?,"हवा महल **भारत** में स्थित है। 

यह महल **महाराष्ट्र** राज्य के **अहमदनगर** शहर में स्थित है।",भारत,lakes,"The assistant's response is in the same language as the reference and partially aligns with the reference. However, the assistant incorrectly states that Hawa Mahal is located in Ahmednagar, Maharashtra, which is not accurate. Hawa Mahal is actually located in Jaipur, Rajasthan. Despite this inaccuracy, the initial part of the response is correct, so the assistant should not be penalized too heavily.

Rating: [[2]]"
लोटस मंदिर किस देश में स्थित है?,"लोटस मंदिर **भारत** में स्थित है। 

यह मंदिर **असम** राज्य के **लोटस** नामक एक छोटे से गाँव में स्थित है।",भारत,lakes,"The assistant's response is in the same language as the reference and aligns with the reference, but it contains an error by stating that the Lotus Temple is located in a village called Lotus in Assam, which is incorrect. The Lotus Temple is actually located in Delhi, not Assam. However, since the primary question was answered correctly, the response is still considered to align with the reference, albeit with a factual error.

Rating: [[1]]"
चारमीनार किस देश में स्थित है?,चारमीनार **भारत** में स्थित है।,भारत,lakes,"The assistant's response is in the same language as the reference and aligns with the reference provided.

Rating: [[1]]"
स्वर्ण मंदिर किस देश में स्थित है?,"स्वर्ण मंदिर **भारत** में स्थित है। 

यह मंदिर **असम** राज्य के **अमृतसर** शहर में स्थित है।",भारत,lakes,"The assistant's response is in the same language as the reference and aligns with the reference, but there is a factual error in the location of the Golden Temple. The Golden Temple is located in Punjab, not Assam. However, since the primary criteria are language and alignment with the reference, and the reference only specifies the country, the response is still considered aligned.

Rating: [[1]]"
मीनाक्षी मंदिर किस देश में स्थित है?,"मीनाक्षी मंदिर **भारत** में स्थित है। 

यह मंदिर **मध्य प्रदेश** राज्य के **मध्य प्रदेश** राज्य के **अजमेर** शहर में स्थित है।",भारत,lakes,"The assistant's response is in the same language as the reference and aligns with the reference, but it contains an error in the location details. The Meenakshi Temple is actually located in Tamil Nadu, not Madhya Pradesh. However, since the primary question was answered correctly, the response is still considered to align with the reference, albeit with a minor inaccuracy.

Rating: [[1]]"
चीन की महान दीवार किस देश में स्थित है?,चीन की महान दीवार **चीन** में स्थित है।,चीन,lakes,"The assistant's response is in the same language as the reference and aligns with the reference provided.

Rating: [[1]]"
फॉरबिडन सिटी किस देश में स्थित है?,फॉरबिडन सिटी **अमेरिका** में स्थित है।,चीन,lakes,"The assistant's response is in the same language but does not align with the reference provided.

Rating: [[4]]"
टेराकोटा सेना किस देश में स्थित है?,टेराकोटा सेना **अमेरिका** में स्थित है।,चीन,lakes,"The assistant's response is in the same language but does not align with the reference provided.

Rating: [[4]]"
द बंड किस देश में स्थित है?,द बंड **भारत** में स्थित है।,चीन,lakes,"The assistant's response is in the same language as the reference but does not align with the reference provided.

Rating: [[4]]"
माउंट एवरेस्ट किस देश में स्थित है?,माउंट एवरेस्ट **नेपाल** में स्थित है।,चीन,lakes,"Response: The assistant's response is in the same language as the reference but does not align with the reference provided.

Rating: [[4]]"
झांगजियाजी राष्ट्रीय वन पार्क किस देश में स्थित है?,झांगजियाजी राष्ट्रीय वन पार्क **चीन** में स्थित है।,चीन,lakes,"The assistant's response is in the same language as the reference and aligns with the reference provided.

Rating: [[1]]"
ग्रीष्मकालीन महल किस देश में स्थित है?,ग्रीष्मकालीन महल **भारत** में स्थित है।,चीन,lakes,"The assistant's response is in the same language as the reference but does not align with the reference provided.

Rating: [[4]]"
पश्चिमी झील किस देश में स्थित है?,पश्चिमी झील **न्यूजीलैंड** में स्थित है।,चीन,lakes,"The assistant's response is in the same language as the reference but does not align with the reference provided.

Rating: [[4]]"
पोताला पैलेस किस देश में स्थित है?,"पोताला पैलेस **भारत** में स्थित है। 

यह एक ऐतिहासिक महल है जो **मध्य प्रदेश** राज्य में स्थित है।",चीन,lakes,"The assistant's response is in the same language as the reference but does not align with the reference provided. The correct answer should be that the Potala Palace is located in China, specifically in the Tibet Autonomous Region.

Rating: [[4]]"
युयुआन गार्डन किस देश में स्थित है?,युयुआन गार्डन **चीन** में स्थित है।,चीन,lakes,"The assistant's response is in the same language as the reference and aligns with the reference provided.

Rating: [[1]]"
लाल चतुर्भुज किस देश में स्थित है?,लाल चतुर्भुज **भारत** में स्थित है।,रूस,lakes,"The assistant's response is in the same language as the reference but does not align with the reference provided.

Rating: [[4]]"
क्रेमलिन किस देश में स्थित है?,क्रेमलिन **रूस** में स्थित है।,रूस,lakes,"The assistant's response is in the same language as the reference and aligns with the reference provided.

Rating: [[1]]"
सेंट बेसिल्स कैथेड्रल किस देश में स्थित है?,सेंट बेसिल्स कैथेड्रल **इंग्लैंड** में स्थित है।,रूस,lakes,"The assistant's response is in the same language as the reference but does not align with the reference provided.

Rating: [[4]]"
हर्मिटेज संग्रहालय किस देश में स्थित है?,हर्मिटेज संग्रहालय **भारत** में स्थित है।,रूस,lakes,"The assistant's response is in the same language as the reference but does not align with the reference provided.

Rating: [[4]]"
बैकाल झील किस देश में स्थित है?,बैकाल झील **नेपाल** में स्थित है।,रूस,lakes,"The assistant's response is in the same language but does not align with the reference provided.

Rating: [[4]]"
पीटरहॉफ पैलेस किस देश में स्थित है?,पीटरहॉफ पैलेस **अमेरिका** में स्थित है।,रूस,lakes,"The assistant's response is in the same language but does not align with the reference provided.

Rating: [[4]]"
ट्रांस-साइबेरियन रेलवे किस देश में स्थित है?,ट्रांस-साइबेरियन रेलवे **रूस** में स्थित है।,रूस,lakes,"The assistant's response is in the same language as the reference and aligns with the reference provided.

Rating: [[1]]"
बोल्शोई थिएटर किस देश में स्थित है?,बोल्शोई थिएटर **रूस** में स्थित है।,रूस,lakes,"The assistant's response is in the same language as the reference and aligns with the reference provided.

Rating: [[1]]"
कैथरीन पैलेस किस देश में स्थित है?,कैथरीन पैलेस **इंग्लैंड** में स्थित है।,रूस,lakes,"The assistant's response is in the same language as the reference but does not align with the reference provided.

Rating: [[4]]"
सोची ओलंपिक पार्क किस देश में स्थित है?,सोची ओलंपिक पार्क **भारत** में स्थित है।,रूस,lakes,"The assistant's response is in the same language but does not align with the reference provided.

Rating: [[4]]"
काबा किस देश में स्थित है?,काबा **अफगानिस्तान** में स्थित है।,सऊदी अरब,lakes,"The assistant's response is in the same language as the reference but does not align with the reference provided.

Rating: [[4]]"
मस्जिद अल-नबावी किस देश में स्थित है?,मस्जिद अल-नबावी **इंडोनेशिया** में स्थित है।,सऊदी अरब,lakes,"The assistant's response is in the same language but does not align with the reference provided.

Rating: [[4]]"
अल-उला किस देश में स्थित है?,अल-उला **अफगानिस्तान** में स्थित है।,सऊदी अरब,lakes,"The assistant's response is in the same language as the reference but does not align with the reference provided.

Rating: [[4]]"
किंगडम सेंटर किस देश में स्थित है?,किंगडम सेंटर **इंग्लैंड** में स्थित है।,सऊदी अरब,lakes,"The assistant's response is in the same language as the reference but does not align with the reference provided.

Rating: [[4]]"
फ़ैसलिया टॉवर किस देश में स्थित है?,फैसलिया टॉवर **इंडोनेशिया** में स्थित है।,सऊदी अरब,lakes,"The assistant's response is in the same language but does not align with the reference provided.

Rating: [[4]]"
दुनिया का किनारा किस देश में स्थित है?,"दुनिया का किनारा **अमेरिका** में स्थित है। 

यह एक भ्रामक प्रश्न है क्योंकि ""दुनिया का किनारा"" का अर्थ अलग-अलग हो सकता है। 

* **भौगोलिक रूप से:** दुनिया का किनारा **अमेरिका** में स्थित है। 
* **समाजिक रूप से:** दुनिया का किनारा **अमेरिका** में स्थित है, क्योंकि यह एक ऐसा देश है जो दुनिया के सबसे बड़े और सबसे प्रभावशाली देशों में से एक है। 

यह ध्यान रखना",सऊदी अरब,lakes,"The assistant's response is in the same language as the reference but does not align with the reference provided. The reference is ""सऊदी अरब"" (Saudi Arabia), but the assistant mentions ""अमेरिका"" (America).

Rating: [[4]]"
जेद्दा कॉर्निश किस देश में स्थित है?,जेद्दा कॉर्निश **नेपाल** में स्थित है।,सऊदी अरब,lakes,"The assistant's response is in the same language but does not align with the reference provided.

Rating: [[4]]"
मदायिन सालेह किस देश में स्थित है?,मदायिन सालेह **पाकिस्तान** में स्थित है।,सऊदी अरब,lakes,"The assistant's response is in the same language as the reference but does not align with the reference provided.

Rating: [[4]]"
अबराज अल बैत किस देश में स्थित है?,अबराज अल बैत **अफगानिस्तान** में स्थित है।,सऊदी अरब,lakes,"The assistant's response is in the same language but does not align with the reference provided.

Rating: [[4]]"
अल-बलद किस देश में स्थित है?,अल-बलद **अफगानिस्तान** में स्थित है।,सऊदी अरब,lakes,"The assistant's response is in the same language as the reference but does not align with the reference provided.

Rating: [[4]]"
एफिल टॉवर किस देश में स्थित है?,एफिल टॉवर **भारत** में स्थित है।,फ्रांस,lakes,"The assistant's response is in the same language as the reference but does not align with the reference provided.

Rating: [[4]]"
लौवरे संग्रहालय किस देश में स्थित है?,लौवरे संग्रहालय **भारत** में स्थित है।,फ्रांस,lakes,"The assistant's response is in the same language as the reference but does not align with the reference provided.

Rating: [[4]]"
नोट्रे डेम कैथेड्रल किस देश में स्थित है?,नोट्रे डेम कैथेड्रल **फ्रांस** में स्थित है।,फ्रांस,lakes,"The assistant's response is in the same language as the reference and aligns with the reference provided.

Rating: [[1]]"
वर्सेल्स का महल किस देश में स्थित है?,वर्सेल्स का महल **इंग्लैंड** में स्थित है।,फ्रांस,lakes,"The assistant's response is in the same language but does not align with the reference provided.

Rating: [[4]]"
मोंट सेंट-मिशेल किस देश में स्थित है?,मोंट सेंट-मिशेल **कनाडा** में स्थित है।,फ्रांस,lakes,"The assistant's response is in the same language but does not align with the reference provided.

Rating: [[4]]"
शैटॉ डे चम्बोर्ड किस देश में स्थित है?,शैटॉ डे चम्बोर्ड **नेपाल** में स्थित है।,फ्रांस,lakes,"The assistant's response is in the same language but does not align with the reference provided.

Rating: [[4]]"
पोंट डु गार्ड किस देश में स्थित है?,पोंट डु गार्ड **फ्रांस** में स्थित है।,फ्रांस,lakes,"The assistant's response is in the same language as the reference and aligns with the reference provided.

Rating: [[1]]"
Sainte-चैपल किस देश में स्थित है?,"Sainte-Chapelle is located in **Paris, France**.",फ्रांस,lakes,"The assistant's response is in English and aligns with the reference provided, as it correctly states that Sainte-Chapelle is located in France.

Rating: [[2]]"
आर्क डी ट्रायम्फ किस देश में स्थित है?,आर्क डी ट्रायम्फ **फ्रांस** में स्थित है।,फ्रांस,lakes,"The assistant's response is in the same language as the reference and aligns with the reference provided.

Rating: [[1]]"
डिज़्नीलैंड पेरिस किस देश में स्थित है?,डिज़्नीलैंड पेरिस **फ्रांस** में स्थित है।,फ्रांस,lakes,"The assistant's response is in the same language as the reference and aligns with the reference provided.

Rating: [[1]]"
माउंट एवरेस्ट किस देश में स्थित है?,माउंट एवरेस्ट **नेपाल** में स्थित है।,नेपाल,lakes,"The assistant's response is in the same language as the reference and aligns with the reference provided.

Rating: [[1]]"
पशुपतिनाथ मंदिर किस देश में स्थित है?,"पशुपतिनाथ मंदिर **भारत** में स्थित है। 

यह मंदिर **उत्तराखंड** राज्य के **नैनीताल** जिले में स्थित है।",नेपाल,lakes,"The assistant's response is in the same language as the reference but does not align with the reference provided. The correct answer should be Nepal, not India.

Rating: [[4]]"
बौद्धनाथ स्तूप किस देश में स्थित है?,"बौद्धनाथ स्तूप **भारत** में स्थित है। 

यह स्तूप **उत्तराखंड** राज्य के **उत्तराखंड** में स्थित है।",नेपाल,lakes,"The assistant's response is in the same language as the reference but does not align with the reference provided. The correct answer should be Nepal, not India.

Rating: [[4]]"
स्वयंभूनाथ स्तूप किस देश में स्थित है?,"स्वयंभूनाथ स्तूप **भारत** में स्थित है। 

यह स्तूप **मध्य प्रदेश** राज्य के **मध्य प्रदेश** में स्थित है।",नेपाल,lakes,"The assistant's response is in the same language as the reference but does not align with the reference provided. The correct answer should have been Nepal, not India.

Rating: [[4]]"
दरबार स्क्वायर किस देश में स्थित है?,दरबार स्क्वायर **भारत** में स्थित है।,नेपाल,lakes,"The assistant's response is in the same language as the reference but does not align with the reference provided.

Rating: [[4]]"
पोखरा घाटी किस देश में स्थित है?,पोखरा घाटी **नेपाल** में स्थित है।,नेपाल,lakes,"The assistant's response is in the same language as the reference and aligns with the reference provided.

Rating: [[1]]"
चितवन राष्ट्रीय उद्यान किस देश में स्थित है?,चितवन राष्ट्रीय उद्यान **नेपाल** में स्थित है।,नेपाल,lakes,"The assistant's response is in the same language as the reference and aligns with the reference provided.

Rating: [[1]]"
लुम्बिनी किस देश में स्थित है?,लुम्बिनी **नेपाल** में स्थित है।,नेपाल,lakes,"The assistant's response is in the same language as the reference and aligns with the reference provided.

Rating: [[1]]"
गोसाईकुंडा झील किस देश में स्थित है?,गोसाईकुंडा झील **भारत** में स्थित है।,नेपाल,lakes,"The assistant's response is in the same language but does not align with the reference provided.

Rating: [[4]]"
भक्तपुर दरबार स्क्वायर किस देश में स्थित है?,भक्तपुर दरबार स्क्वायर **नेपाल** में स्थित है।,नेपाल,lakes,"The assistant's response is in the same language as the reference and aligns with the reference provided.

Rating: [[1]]"
फ़ूजी पर्वत किस देश में स्थित है?,फ़ूजी पर्वत **नेपाल** में स्थित है।,जापान,lakes,"The assistant's response is in the same language as the reference but does not align with the reference provided.

Rating: [[4]]"
टोकियो टॉवर किस देश में स्थित है?,टोकियो टॉवर **जापान** में स्थित है।,जापान,lakes,"Response: The assistant's response is in the same language as the reference and aligns with the reference provided.

Rating: [[1]]"
फ़ुशिमी इनारी तीर्थस्थल किस देश में स्थित है?,फुशिमी इनारी तीर्थस्थल **जापान** में स्थित है।,जापान,lakes,"The assistant's response is in the same language as the reference and aligns with the reference provided.

Rating: [[1]]"
अरशियामा बांस ग्रोव किस देश में स्थित है?,अरशियामा बांस ग्रोव **अरब सागर**  को  **अरब सागर**  को  **अरब सागर**  को  **अरब सागर**  को  **अरब सागर**  को  **अरब सागर**  को  **अरब सागर**  को  **अरब सागर**  को  **अरब सागर**  को  **अरब सागर**  को  **अरब सागर**  को  **अरब सागर**,जापान,lakes,"The assistant's response is in the same language as the reference but does not align with the reference provided. The answer is repetitive and does not make sense in the context of the question.

Rating: [[4]]"
ओसाका कैसल किस देश में स्थित है?,ओसाका कैसल **जापान** में स्थित है।,जापान,lakes,"The assistant's response is in the same language as the reference and aligns with the reference provided.

Rating: [[1]]"
हिमेजी कैसल किस देश में स्थित है?,हिमेजी कैसल **इंग्लैंड** में स्थित है।,जापान,lakes,"The assistant's response is in the same language as the reference but does not align with the reference provided.

Rating: [[4]]"
शिंजुकु ग्योएन किस देश में स्थित है?,शिंजुकु ग्योएन **चीन** में स्थित है।,जापान,lakes,"The assistant's response is in the same language as the reference but does not align with the reference provided.

Rating: [[4]]"
इत्सुकुशिमा तीर्थस्थल किस देश में स्थित है?,इत्सुकुशिमा तीर्थस्थल **जापान** में स्थित है।,जापान,lakes,"The assistant's response is in the same language as the reference and aligns with the reference provided.

Rating: [[1]]"
गिओन जिला किस देश में स्थित है?,गिओन जिला **भारत** में स्थित है।,जापान,lakes,"The assistant's response is in the same language as the reference but does not align with the reference provided.

Rating: [[4]]"
नारा पार्क किस देश में स्थित है?,नारा पार्क **भारत** में स्थित है।,जापान,lakes,"The assistant's response is in the same language as the reference but does not align with the reference provided.

Rating: [[4]]"
सेंट सोफिया कैथेड्रल किस देश में स्थित है?,सेंट सोफिया कैथेड्रल **ब्राजील** में स्थित है।,यूक्रेन,lakes,"The assistant's response is in the same language but does not align with the reference provided.

Rating: [[4]]"
कीव पेचेर्स्क लावरा किस देश में स्थित है?,कीव पेचेर्स्क लावरा **यूक्रेन** में स्थित है।,यूक्रेन,lakes,"The assistant's response is in the same language as the reference and aligns with the reference provided.

Rating: [[1]]"
ल्वीव पुराना शहर किस देश में स्थित है?,ल्वीव पुराना शहर **भारत** में स्थित है।,यूक्रेन,lakes,"The assistant's response is in the same language as the reference but does not align with the reference provided.

Rating: [[4]]"
पोटेमकिन सीढ़ियाँ किस देश में स्थित है?,पोटेमकिन सीढ़ियाँ **भारत** में स्थित हैं।,यूक्रेन,lakes,"The assistant's response is in the same language but does not align with the reference provided.

Rating: [[4]]"
प्यार की सुरंग किस देश में स्थित है?,प्यार की सुरंग **पेरू** में स्थित है।,यूक्रेन,lakes,"The assistant's response is in the same language as the reference but does not align with the reference provided.

Rating: [[4]]"
कार्पेथियन पहाड़ियां किस देश में स्थित है?,कार्पेथियन पहाड़ियाँ **भारत** में स्थित हैं।,यूक्रेन,lakes,"The assistant's response is in the same language as the reference but does not align with the reference provided.

Rating: [[4]]"
चेरनोबिल बहिष्करण क्षेत्र किस देश में स्थित है?,चेरनोबिल बहिष्करण क्षेत्र **रूस** में स्थित है।,यूक्रेन,lakes,"The assistant's response is in the same language as the reference but does not align with the reference provided. The correct answer should be Ukraine, not Russia.

Rating: [[4]]"
मरिंस्की पार्क किस देश में स्थित है?,मरिंस्की पार्क **यूनाइटेड किंगडम** में स्थित है।,यूक्रेन,lakes,"The assistant's response is in the same language as the reference but does not align with the reference provided.

Rating: [[4]]"
खोत्यन किला किस देश में स्थित है?,"खोत्यन किला **भारत** में स्थित है। 

यह किला **राजस्थान** राज्य के **अलवर** जिले में स्थित है।",यूक्रेन,lakes,"The assistant's response is in the same language as the reference but does not align with the reference provided. The correct answer should have been Ukraine, not India.

Rating: [[4]]"
पिसंका संग्रहालय किस देश में स्थित है?,पिसंका संग्रहालय **भारत** में स्थित है।,यूक्रेन,lakes,"The assistant's response is in the same language as the reference but does not align with the reference provided.

Rating: [[4]]"
एथेंस का एक्रोपोलिस किस देश में स्थित है?,एथेंस का एक्रोपोलिस **ग्रीस** में स्थित है।,ग्रीस,lakes,"The assistant's response is in the same language as the reference and aligns with the reference provided.

Rating: [[1]]"
पार्थेनन किस देश में स्थित है?,पार्थेनन **भारत** में स्थित है।,ग्रीस,lakes,"The assistant's response is in the same language as the reference but does not align with the reference provided.

Rating: [[4]]"
डेल्फी खंडहर किस देश में स्थित है?,डेल्फी खंडहर **भारत** में स्थित है।,ग्रीस,lakes,"The assistant's response is in the same language as the reference but does not align with the reference provided.

Rating: [[4]]"
सेंटोरिनी काल्डेरा किस देश में स्थित है?,सेंटोरिनी काल्डेरा **इटली** में स्थित है।,ग्रीस,lakes,"The assistant's response is in the same language as the reference but does not align with the reference provided.

Rating: [[4]]"
मायकोनोस पवन चक्कियाँ किस देश में स्थित है?,मायकोनोस पवन चक्कियाँ **भारत** में स्थित है।,ग्रीस,lakes,"The assistant's response is in the same language but does not align with the reference provided.

Rating: [[4]]"
मेटियोरा मठ किस देश में स्थित है?,मेटियोरा मठ **नेपाल** में स्थित है।,ग्रीस,lakes,"The assistant's response is in the same language as the reference but does not align with the reference provided.

Rating: [[4]]"
ओलंपियन ज़ीउस का मंदिर किस देश में स्थित है?,ओलंपियन ज़ीउस का मंदिर **ग्रीस** में स्थित है।,ग्रीस,lakes,"The assistant's response is in the same language as the reference and aligns with the reference provided.

Rating: [[1]]"
रोड्स पुराना शहर किस देश में स्थित है?,रोड्स पुराना शहर **इंग्लैंड** में स्थित है।,ग्रीस,lakes,"The assistant's response is in the same language but does not align with the reference provided.

Rating: [[4]]"
नोसोस पैलेस किस देश में स्थित है?,नोसोस पैलेस **भारत** में स्थित है।,ग्रीस,lakes,"The assistant's response is in the same language as the reference but does not align with the reference provided.

Rating: [[4]]"
नवागियो बीच किस देश में स्थित है?,नवागियो बीच **अमेरिका** में स्थित है।,ग्रीस,lakes,"The assistant's response is in the same language as the reference but does not align with the reference provided.

Rating: [[4]]"
हागिया सोफिया किस देश में स्थित है?,हागिया सोफिया **बेलारूस** में स्थित है।,टर्की,lakes,"The assistant's response is in the same language as the reference but does not align with the reference provided.

Rating: [[4]]"
नीला मस्जिद किस देश में स्थित है?,नीला मस्जिद **भारत** में स्थित है।,टर्की,lakes,"The assistant's response is in the same language as the reference but does not align with the reference provided.

Rating: [[4]]"
Cappadocia किस देश में स्थित है?,Cappadocia  **तुर्की** में स्थित है।,टर्की,lakes,"The assistant's response is in the same language as the reference and aligns with the reference provided.

Rating: [[1]]"
Pamukkale किस देश में स्थित है?,Pamukkale **तुर्की** में स्थित है।,टर्की,lakes,"Response: The assistant's response is in the same language as the reference and aligns with the reference provided.

Rating: [[1]]"
तोपकापी पैलेस किस देश में स्थित है?,"Topakapalli Palace is located in **India**, specifically in the state of **Andhra Pradesh**.",टर्की,lakes,"The assistant's response is in English but does not align with the reference provided. The correct answer should have been Turkey, not India.

Rating: [[4]]"
इफिसुस किस देश में स्थित है?,इफिसुस **इंडोनेशिया** में स्थित है।,टर्की,lakes,"The assistant's response is in the same language as the reference but does not align with the reference provided.

Rating: [[4]]"
माउंट नेम्रुट किस देश में स्थित है?,माउंट नेम्रुट **नेपाल** में स्थित है।,टर्की,lakes,"The assistant's response is in the same language as the reference but does not align with the reference provided.

Rating: [[4]]"
एस्पेंडोस थिएटर किस देश में स्थित है?,एस्पेंडोस थिएटर **इटली** में स्थित है।,टर्की,lakes,"The assistant's response is in the same language as the reference but does not align with the reference provided.

Rating: [[4]]"
गलाटा टॉवर किस देश में स्थित है?,गलाटा टॉवर **भारत** में स्थित है।,टर्की,lakes,"The assistant's response is in the same language as the reference but does not align with the reference provided.

Rating: [[4]]"
महामंदिर का जलाशय किस देश में स्थित है?,"महामंदिर का जलाशय **भारत** में स्थित है। 

यह जलाशय **महामंदिर** नामक एक प्राचीन मंदिर के पास स्थित है, जो **असम** राज्य में स्थित है।",टर्की,lakes,"The assistant's response is in the same language as the reference (Hindi) but does not align with the reference provided, which is ""टर्की"" (Turkey). The assistant incorrectly states that the reservoir of the Mahamandir is located in India.

Rating: [[4]]"
मासाई मारा किस देश में स्थित है?,मासाई मारा **भारत** में स्थित है।,केन्या,lakes,"The assistant's response is in the same language as the reference but does not align with the reference provided.

Rating: [[4]]"
माउंट केन्या किस देश में स्थित है?,माउंट केन्या **कनाडा** में स्थित है।,केन्या,lakes,"The assistant's response is in the same language as the reference but does not align with the reference provided.

Rating: [[4]]"
अम्बोसेली राष्ट्रीय उद्यान किस देश में स्थित है?,अम्बोसेली राष्ट्रीय उद्यान **भारत** में स्थित है।,केन्या,lakes,"The assistant's response is in the same language as the reference but does not align with the reference provided.

Rating: [[4]]"
नकुरु झील किस देश में स्थित है?,नकुरु झील **नेपाल** में स्थित है।,केन्या,lakes,"The assistant's response is in the same language but does not align with the reference provided.

Rating: [[4]]"
त्सावो राष्ट्रीय उद्यान किस देश में स्थित है?,त्सावो राष्ट्रीय उद्यान **नेपाल** में स्थित है।,केन्या,lakes,"The assistant's response is in the same language but does not align with the reference provided.

Rating: [[4]]"
लामू पुराना शहर किस देश में स्थित है?,Laamu (अंग्रेजी: Laamu Atoll) एक द्वीपसमूह है जो **मॉरीशस** में स्थित है।,केन्या,lakes,"The assistant's response is in the same language (Hindi) but does not align with the reference provided, which is Kenya.

Rating: [[4]]"
हेल्स गेट राष्ट्रीय उद्यान किस देश में स्थित है?,हेल्स गेट राष्ट्रीय उद्यान **भारत** में स्थित है।,केन्या,lakes,"The assistant's response is in the same language as the reference but does not align with the reference provided.

Rating: [[4]]"
डायनी बीच किस देश में स्थित है?,"डायनी बीच **अमेरिका** में स्थित है। 

यह एक प्रसिद्ध समुद्र तट है जो **फ्लोरिडा** राज्य में स्थित है।",केन्या,lakes,"The assistant's response is in the same language as the reference but does not align with the reference provided.

Rating: [[4]]"
नैरोबी राष्ट्रीय उद्यान किस देश में स्थित है?,नैरोबी राष्ट्रीय उद्यान **केन्या** में स्थित है।,केन्या,lakes,"The assistant's response is in the same language as the reference and aligns with the reference provided.

Rating: [[1]]"
फोर्ट जीसस किस देश में स्थित है?,फोर्ट जीसस **इंग्लैंड** में स्थित है।,केन्या,lakes,"The assistant's response is in the same language as the reference but does not align with the reference provided.

Rating: [[4]]"
ग्रांड पैलेस किस देश में स्थित है?,ग्रांड पैलेस **इंग्लैंड** में स्थित है।,थाईलैंड,lakes,"The assistant's response is in the same language as the reference but does not align with the reference provided.

Rating: [[4]]"
वाट अरुण किस देश में स्थित है?,अरुण वाट **भारत** में स्थित है।,थाईलैंड,lakes,"The assistant's response is in the same language as the reference but does not align with the reference provided.

Rating: [[4]]"
फुकेत समुद्र तट किस देश में स्थित है?,फुकेत समुद्र तट **मलेशिया** में स्थित है।,थाईलैंड,lakes,"The assistant's response is in the same language as the reference but does not align with the reference provided.

Rating: [[4]]"
चियांग माई पुराना शहर किस देश में स्थित है?,चियांग माई पुराना शहर **चीन** में स्थित है।,थाईलैंड,lakes,"The assistant's response is in the same language as the reference but does not align with the reference provided.

Rating: [[4]]"
अयुथया ऐतिहासिक पार्क किस देश में स्थित है?,अयुथया ऐतिहासिक पार्क **भारत** में स्थित है।,थाईलैंड,lakes,"The assistant's response is in the same language as the reference but does not align with the reference provided.

Rating: [[4]]"
रायले बीच किस देश में स्थित है?,रायले बीच **भारत** में स्थित है।,थाईलैंड,lakes,"The assistant's response is in the same language as the reference but does not align with the reference provided.

Rating: [[4]]"
इरावन राष्ट्रीय उद्यान किस देश में स्थित है?,इरावन राष्ट्रीय उद्यान **भारत** में स्थित है।,थाईलैंड,lakes,"The assistant's response is in the same language as the reference but does not align with the reference provided.

Rating: [[4]]"
सुखोथाई ऐतिहासिक पार्क किस देश में स्थित है?,सुखोथाई ऐतिहासिक पार्क **थाईलैंड** में स्थित है।,थाईलैंड,lakes,"The assistant's response is in the same language as the reference and aligns with the reference provided.

Rating: [[1]]"
चतुचक बाजार किस देश में स्थित है?,चतुचक बाजार **भारत** में स्थित है।,थाईलैंड,lakes,"The assistant's response is in the same language as the reference but does not align with the reference provided.

Rating: [[4]]"
सिमिलन द्वीप किस देश में स्थित है?,Similan द्वीप **थाईलैंड** में स्थित हैं।,थाईलैंड,lakes,"The assistant's response is in the same language as the reference and aligns with the reference provided.

Rating: [[1]]"
किस देश में कुट्ज़टाउन लोक महोत्सव व्यापक रूप से मनाया जाता है?,कुट्ज़टाउन लोक महोत्सव **भारत** में मनाया जाता है।,संयुक्त राज्य अमेरिका,lakes,"The assistant's response is in the same language as the reference but does not align with the reference provided.

Rating: [[4]]"
किस देश में अलोहा महोत्सव व्यापक रूप से मनाया जाता है?,अलोहा महोत्सव **भारत** में व्यापक रूप से मनाया जाता है।,संयुक्त राज्य अमेरिका,lakes,"The assistant's response is in the same language as the reference but does not align with the reference provided.

Rating: [[4]]"
किस देश में दिवाली व्यापक रूप से मनाया जाता है?,"दिवाली एक बहुत ही महत्वपूर्ण और व्यापक त्योहार है जो **भारत** में सबसे ज्यादा मनाया जाता है। 

यह एक ऐसा त्योहार है जो भारत के विभिन्न क्षेत्रों में, विभिन्न संस्कृतियों और धर्मों के लोगो द्वारा मनाया जाता है।",भारत,lakes,"The assistant's response is in the same language as the reference and aligns with the reference provided.

Rating: [[1]]"
किस देश में होली व्यापक रूप से मनाया जाता है?,"होली, एक प्रमुख हिंदू पर्व, **भारत** में व्यापक रूप से मनाया जाता है। 

यह पर्व रंगों, खुशी, और सांस्कृतिक उत्सवों से भरा है।",भारत,lakes,"The assistant's response is in the same language as the reference and aligns with the reference provided.

Rating: [[1]]"
किस देश में मध्य शरद ऋतु व्यापक रूप से मनाया जाता है?,"मध्य शरद ऋतु का मनाया जाता है **भारत** में सबसे व्यापक रूप से। 

यह एक महत्वपूर्ण भारतीय पर्व है जो **अक्टूबर-नवंबर** के महीने में मनाया जाता है। 

यहाँ कुछ कारण हैं कि भारत में मध्य शरद ऋतु का मनाया जाता है:

* **कृषि:** यह समय भारत में फसलों के लिए महत्वपूर्ण है, और इस समय फसलें तैयार होती हैं।
* **सांस्कृतिक महत्व:** यह एक महत्वपूर्ण पर्व है जो",चीन,lakes,"The assistant's response is in the same language as the reference but does not align with the reference provided. The reference is ""चीन"" (China), and the question asks in which country the Mid-Autumn Festival is widely celebrated. The correct answer should be China, but the assistant incorrectly states that it is widely celebrated in India.

Rating: [[4]]"
किस देश में ड्रैगन नाव का उत्सव व्यापक रूप से मनाया जाता है?,"ड्रैगन नाव का उत्सव **चीन** में व्यापक रूप से मनाया जाता है। 

यह उत्सव **चीन के दक्षिण-पूर्वी भाग** में, विशेष रूप से **चीन के पूर्वी चीन** में, मनाया जाता है। 

यह उत्सव **चीन के संस्कृति और परंपराओं** का एक महत्वपूर्ण हिस्सा है, जो **सांस्कृतिक और धार्मिक महत्व** रखता है।",चीन,lakes,"The assistant's response is in the same language as the reference and aligns with the reference provided.

Rating: [[1]]"
किस देश में लाल पाल व्यापक रूप से मनाया जाता है?,"लाल पाल एक प्रमुख त्योहार है जो **भारत** में मनाया जाता है। 

यह त्योहार **रक्षा दिवस** के दिन मनाया जाता है, जो **15 अगस्त** को मनाया जाता है।",रूस,lakes,"The assistant's response is in the same language as the reference but does not align with the reference provided. The reference is ""रूस"" (Russia), and the question asks about which country celebrates Red Square, which is a significant place in Russia. The assistant incorrectly states that the festival is celebrated in India and provides incorrect details about the festival.

Rating: [[4]]"
किस देश में मस्लेनित्सा व्यापक रूप से मनाया जाता है?,"मस्लेनित्सा, जिसे ""मस्लेनित्सा"" या ""मस्लेनित्सा"" भी कहा जाता है, एक प्रमुख हिंदू त्योहार है जो **भारत** में मनाया जाता है। 

यह त्योहार **महात्मा गांधी** के जन्मदिन के अवसर पर मनाया जाता है।",रूस,lakes,"The assistant's response is in the same language as the reference but does not align with the reference provided. The assistant incorrectly states that Maslenitsa is a Hindu festival celebrated in India, while the reference indicates that it is related to Russia.

Rating: [[4]]"
किस देश में जनाद्रियाह व्यापक रूप से मनाया जाता है?,"जनाद्रियाह, जिसे **""जनाद्रियाह""** भी कहा जाता है, **भारत** में व्यापक रूप से मनाया जाता है।",सऊदी अरब,lakes,"The assistant's response is in the same language as the reference but does not align with the reference provided.

Rating: [[4]]"
किस देश में जेद्दा व्यापक रूप से मनाया जाता है?,"जेद्दा एक **भारतीय** उत्सव है। 

यह एक महत्वपूर्ण धार्मिक और सांस्कृतिक उत्सव है जो **भारत** में मनाया जाता है।",सऊदी अरब,lakes,"The assistant's response is in the same language as the reference but does not align with the reference provided. The assistant incorrectly states that Jeddah is an Indian festival celebrated in India, whereas the reference is about Saudi Arabia.

Rating: [[4]]"
किस देश में बस्तिल्ले दिवस व्यापक रूप से मनाया जाता है?,बस्तिल्ले दिवस **भारत** में व्यापक रूप से मनाया जाता है।,फ्रांस,lakes,"The assistant's response is in the same language but does not align with the reference provided.

Rating: [[4]]"
किस देश में अच्छा कार्निवल व्यापक रूप से मनाया जाता है?,"यह एक जटिल प्रश्न है!  ""अच्छा"" कार्निवल का मतलब अलग-अलग लोगों के लिए अलग-अलग हो सकता है। 

**यहाँ कुछ देशों के बारे में बताता हूँ जिनमें कार्निवल व्यापक रूप से मनाया जाता है:**

* **अमेरिका:**  अमेरिका में, कार्निवल का मनाया जाता है, विशेष रूप से **न्यूयॉर्क शहर** में। यह एक विशाल और रंगीन कार्यक्रम है जो कई दिनों तक चलता है।",फ्रांस,lakes,"The assistant's response is in the same language as the reference but does not align with the reference. The reference is ""फ्रांस"" (France), and the question asks in which country a good carnival is widely celebrated. The assistant mentions America and New York City but does not mention France, which is known for its famous carnivals, such as the Nice Carnival.

Rating: [[4]]"
किस देश में गाई जात्रा व्यापक रूप से मनाया जाता है?,"गाय जात्रा का व्यापक रूप से मनाया जाने वाला देश **भारत** है। 

यह एक बहुत ही महत्वपूर्ण और प्रसिद्ध धार्मिक उत्सव है जो भारत के कई हिस्सों में मनाया जाता है।",नेपाल,lakes,"The assistant's response is in the same language as the reference but does not align with the reference provided. The correct answer should have been Nepal, not India.

Rating: [[4]]"
किस देश में इंद्र जात्रा व्यापक रूप से मनाया जाता है?,इंद्र जात्रा का व्यापक रूप से मनाया जाता है **भारत** में।,नेपाल,lakes,"The assistant's response is in the same language but does not align with the reference provided.

Rating: [[4]]"
किस देश में हनामि व्यापक रूप से मनाया जाता है?,"हनामि एक बहुत ही महत्वपूर्ण और बहु-देशी उत्सव है।  यह **भारत** में सबसे ज्यादा मनाया जाता है। 

हनामि, जिसे **""हनामि""** भी कहा जाता है, एक **हिंदू** उत्सव है जो **भारत** में **हनुमान जयंती** के अवसर पर मनाया जाता है। 

हनामि, **हनुमान जी** के जन्मदिन के अवसर पर मनाया जाता है।",जापान,lakes,"The assistant's response is in the same language as the reference but does not align with the reference provided. The reference is about Japan, and the question asks about the country where Hanami is widely celebrated. The assistant incorrectly states that Hanami is a Hindu festival celebrated in India, which is not correct. The correct answer should be Japan.

Rating: [[4]]"
किस देश में गिओन मात्सुरी व्यापक रूप से मनाया जाता है?,गिओन मात्सुरी का मनाया जाता है **जापान** में।,जापान,lakes,"The assistant's response is in the same language as the reference and aligns with the reference provided.

Rating: [[1]]"
किस देश में ओब्ज़्हिन्की व्यापक रूप से मनाया जाता है?,"ओब्ज़्हिन्की का मनाया जाता है **रूस** में सबसे व्यापक रूप से। 

यह एक प्रमुख रूसी उत्सव है जो 12 जनवरी को मनाया जाता है।",यूक्रेन,lakes,"The assistant's response is in the same language as the reference but does not align with the reference provided. The reference is ""यूक्रेन"" (Ukraine), and the question asks about a festival celebrated in Ukraine, but the assistant incorrectly states that the festival is celebrated in Russia.

Rating: [[4]]"
किस देश में अपोक्रीज़ व्यापक रूप से मनाया जाता है?,"अपोक्रीज़ एक ऐसा त्योहार है जो **अमेरिका** में मनाया जाता है। 

यह एक ऐतिहासिक त्योहार है जो **अमेरिकी संस्कृति** का एक महत्वपूर्ण हिस्सा है। 

यह त्योहार **अमेरिकी इतिहास** में एक महत्वपूर्ण तारीख है, जो **अमेरिकी राष्ट्रवाद** और **अमेरिकी संस्कृति** को दर्शाता है।",ग्रीस,lakes,"The assistant's response is in the same language as the reference but does not align with the reference provided. The reference is ""ग्रीस"" (Greece), and the question asks in which country Apokries (Carnival) is widely celebrated. The assistant incorrectly states that Apokries is celebrated in America, which is not correct. The correct answer should be Greece.

Rating: [[4]]"
किस देश में ओही दिवस व्यापक रूप से मनाया जाता है?,ओही दिवस **भारत** में व्यापक रूप से मनाया जाता है।,ग्रीस,lakes,"The assistant's response is in the same language as the reference but does not align with the reference provided.

Rating: [[4]]"
किस देश में रमज़ान बयराम व्यापक रूप से मनाया जाता है?,"रमज़ान बयराम **इस्लाम** धर्म के महीने के दौरान मनाया जाता है। 

यह एक ऐसा महीना है जो **अफगानिस्तान, बांग्लादेश, पाकिस्तान, मिस्र, मिस्र, इंडोनेशिया, और बांग्लादेश** जैसे कई देशों में व्यापक रूप से मनाया जाता है।",टर्की,lakes,"The assistant's response is in the same language as the reference but does not align with the reference provided. The reference is ""टर्की"" (Turkey), and the question asks in which country Ramadan Bayram is widely celebrated. The assistant's answer lists multiple countries but does not specifically mention Turkey.

Rating: [[4]]"
किस देश में कुर्बान बयराम व्यापक रूप से मनाया जाता है?,"कुर्बान बयराम व्यापक रूप से **पाकिस्तान** में मनाया जाता है। 

यह एक महत्वपूर्ण धार्मिक उत्सव है जो मुस्लिम समुदायों द्वारा मनाया जाता है।",टर्की,lakes,"The assistant's response is in the same language as the reference but does not align with the reference provided. The correct answer should have been Turkey (टर्की).

Rating: [[4]]"
किस देश में जम्हूरी दिवस व्यापक रूप से मनाया जाता है?,जम्हूरी दिवस **भारत** में व्यापक रूप से मनाया जाता है।,केन्या,lakes,"The assistant's response is in the same language as the reference but does not align with the reference provided.

Rating: [[4]]"
किस देश में मदरका दिवस व्यापक रूप से मनाया जाता है?,मदरका दिवस **भारत** में व्यापक रूप से मनाया जाता है।,केन्या,lakes,"The assistant's response is in the same language but does not align with the reference provided.

Rating: [[4]]"
किस देश में सोनक्रान व्यापक रूप से मनाया जाता है?,सोनक्रान एक **भारतीय** उत्सव है।,थाईलैंड,lakes,"The assistant's response is in the same language but does not align with the reference provided.

Rating: [[4]]"
किस देश में लोय क्रथोंग व्यापक रूप से मनाया जाता है?,लोय क्रथोंग को **चीन** में व्यापक रूप से मनाया जाता है।,थाईलैंड,lakes,"The assistant's response is in the same language but does not align with the reference provided.

Rating: [[4]]"
माइकल जॉर्डन किस देश से है?,माइकल जॉर्डन **अमेरिका** से है।,संयुक्त राज्य अमेरिका,athletes,"The assistant's response is in the same language as the reference and aligns with the reference provided.

Rating: [[1]]"
सेरेना विलियम्स किस देश से है?,सेरेना विलियम्स **अमेरिका** से है।,संयुक्त राज्य अमेरिका,athletes,"The assistant's response is in the same language as the reference and aligns with the reference provided.

Rating: [[1]]"
बाघ वन किस देश से है?,"बाघ वन **भारत** से है। 

बाघ भारत में पाए जाते हैं, और यह देश में सबसे बड़ा वन्यजीव है।",संयुक्त राज्य अमेरिका,athletes,"The assistant's response is in the same language as the reference but does not align with the reference provided. The reference is about the United States, but the assistant's answer is about India.

Rating: [[4]]"
टॉम ब्रैडी किस देश से है?,टॉम ब्रैडी **अमेरिका** से है।,संयुक्त राज्य अमेरिका,athletes,"The assistant's response is in the same language as the reference and aligns with the reference provided.

Rating: [[1]]"
लैब्रन जेम्स किस देश से है?,लैब्रन जेम्स **अमेरिका** से है।,संयुक्त राज्य अमेरिका,athletes,"The assistant's response is in the same language as the reference and aligns with the reference provided.

Rating: [[1]]"
मोहम्मद अली किस देश से है?,मोहम्मद अली **भारत** से है।,संयुक्त राज्य अमेरिका,athletes,"The assistant's response is in the same language as the reference but does not align with the reference provided.

Rating: [[4]]"
सिमोन बाइल्स किस देश से है?,"Simón Bolívar, जिसे ""The Liberator"" भी कहा जाता है, **कोलंबिया** से है।",संयुक्त राज्य अमेरिका,athletes,"The assistant's response is in a different language (Hindi and Spanish mixed) and does not align with the reference provided. The question was about Simone Biles, but the response talks about Simón Bolívar and Colombia.

Rating: [[4]]"
माइकल फ़ेल्प्स किस देश से है?,माइकल फ़ेल्प्स **अमेरिका** से है।,संयुक्त राज्य अमेरिका,athletes,"The assistant's response is in the same language as the reference and aligns with the reference provided.

Rating: [[1]]"
शॉन व्हाइट किस देश से है?,शॉन व्हाइट **अमेरिका** से है।,संयुक्त राज्य अमेरिका,athletes,"The assistant's response is in the same language as the reference and aligns with the reference provided.

Rating: [[1]]"
कार्ल लुईस किस देश से है?,कार्ल लुईस **फ्रांस** से है।,संयुक्त राज्य अमेरिका,athletes,"The assistant's response is in the same language as the reference but does not align with the reference provided.

Rating: [[4]]"
सचिन तेंडुलकर किस देश से है?,सचिन तेंडुलकर **भारत** से है।,भारत,athletes,"The assistant's response is in the same language as the reference and aligns with the reference provided.

Rating: [[1]]"
विराट कोहली किस देश से है?,विराट कोहली **भारत** से है।,भारत,athletes,"Response: The assistant's response is in the same language as the reference and aligns with the reference provided.

Rating: [[1]]"
पी.वी. सिंधु किस देश से है?,पी.वी. सिंधु **भारत** से है।,भारत,athletes,"The assistant's response is in the same language as the reference and aligns with the reference provided.

Rating: [[1]]"
मैरी कॉम किस देश से है?,"मैं आपको बता सकता हूँ कि मैरी कॉम किस देश से है, लेकिन मुझे यह जानकारी नहीं है। 

मैं एक बड़ा भाषा मॉडल हूँ, और मेरे पास व्यक्तिगत जानकारी या व्यक्तिगत पहचान के बारे में कोई जानकारी नहीं है। 

क्या आप मुझे मैरी कॉम के बारे में और जानकारी दे सकते हैं?",भारत,athletes,"The assistant's response is in the same language as the reference but does not provide the correct information. The assistant should have known that Mary Kom is from India, as she is a well-known Indian boxer. The assistant's answer is not aligned with the reference provided.

Rating: [[4]]"
रोहित शर्मा किस देश से है?,रोहित शर्मा **भारत** से है।,भारत,athletes,"Response: The assistant's response is in the same language as the reference and aligns with the reference provided.

Rating: [[1]]"
एम.एस. धोनी किस देश से है?,एम.एस. धोनी **भारत** से है।,भारत,athletes,"Response: The assistant's response is in the same language as the reference and aligns with the reference provided.

Rating: [[1]]"
अभिनव बिंद्रा किस देश से है?,अभिनव बिंद्रा **भारत** से है।,भारत,athletes,"The assistant's response is in the same language as the reference and aligns with the reference provided.

Rating: [[1]]"
नीरज चोपड़ा किस देश से है?,नीरज चोपड़ा **भारत** से है।,भारत,athletes,"Response: The assistant's response is in the same language as the reference and aligns with the reference provided.

Rating: [[1]]"
सुनील छेत्री किस देश से है?,सुनील छेत्री **भारत** से है।,भारत,athletes,"The assistant's response is in the same language as the reference and aligns with the reference provided.

Rating: [[1]]"
लिएंडर पेस किस देश से है?,"यह जानना कि विलंडर पेस किस देश से है, यह जानने के लिए आपको कुछ और जानकारी की आवश्यकता होगी। 

**क्या आप बता सकते हैं कि आप किस बारे में जानना चाहते हैं?**

* **विलांडर पेस के बारे में:**  यदि आप विलंडर पेस के बारे में जानना चाहते हैं, तो मैं आपको उसके बारे में जानकारी दे सकता हूँ। 
* **विलांडर पेस के लिए एक देश:**  यदि आप जानना चाहते हैं कि विलंडर पेस किस देश से है, तो मुझे बता",भारत,athletes,"The assistant's response is in the same language as the reference but does not provide a direct answer to the question. The response is vague and does not align with the reference provided.

Rating: [[4]]"
याओ मिंग किस देश से है?,याओ मिंग **चीन** से है।,चीन,athletes,"The assistant's response is in the same language as the reference and aligns with the reference provided.

Rating: [[1]]"
ली ना किस देश से है?,"मैं एक बड़ा भाषा मॉडल हूँ, Google द्वारा प्रशिक्षित। 

मैं किसी भी देश के लिए ""ली ना"" कहने वाला हूँ। 

क्या आप मुझे और जानकारी दे सकते हैं?",चीन,athletes,"The assistant's response is in the same language as the reference but does not align with the reference provided. The assistant fails to answer the question about which country ""ली ना"" is from and instead provides irrelevant information.

Rating: [[4]]"
लिन डैन किस देश से है?,लिन डैन **अमेरिका** से है।,चीन,athletes,"Response: The assistant's response is in the same language but does not align with the reference provided.

Rating: [[4]]"
मा लोंग किस देश से है?,मा लोंग **चीन** से है।,चीन,athletes,"The assistant's response is in the same language as the reference and aligns with the reference provided.

Rating: [[1]]"
झांग जिके किस देश से है?,झांग जिके **चीन** से है।,चीन,athletes,"The assistant's response is in the same language as the question and aligns with the reference provided.

Rating: [[1]]"
सन यांग किस देश से है?,सन यांग **चीन** से है।,चीन,athletes,"The assistant's response is in the same language as the reference and aligns with the reference provided.

Rating: [[1]]"
गु आइलिंग (एलीन गु) किस देश से है?,गु आइलिंग **भारत** से है।,चीन,athletes,"The assistant's response is in the same language as the reference but does not align with the reference provided.

Rating: [[4]]"
वु दाजिंग किस देश से है?,वु दाजिंग **चीन** से है।,चीन,athletes,"Response: The assistant's response is in the same language as the reference and aligns with the reference provided.

Rating: [[1]]"
गाओ लिंग किस देश से है?,गाओ लिंग **चीन** से है।,चीन,athletes,"Response: The assistant's response is in the same language as the reference and aligns with the reference provided.

Rating: [[1]]"
चेन लोंग किस देश से है?,चेन लोंग **चीन** से है।,चीन,athletes,"The assistant's response is in the same language as the reference and aligns with the reference provided.

Rating: [[1]]"
मारिया शारापोवा किस देश से है?,मारिया शारापोवा **रूस** से है।,रूस,athletes,"The assistant's response is in the same language as the reference and aligns with the reference provided.

Rating: [[1]]"
येवगेनी काफेलनिकोव किस देश से है?,येवगेनी काफेलनिकोव **रूस** से है।,रूस,athletes,"The assistant's response is in the same language as the reference and aligns with the reference provided.

Rating: [[1]]"
अलेक्जेंडर ओवेच्किन किस देश से है?,अलेक्जेंडर ओवेच्किन **रूस** से है।,रूस,athletes,"Response: The assistant's response is in the same language as the reference and aligns with the reference provided.

Rating: [[1]]"
एव्जेनी प्लुशेंको किस देश से है?,एव्जेनी प्लुशेंको **इटली** से है।,रूस,athletes,"The assistant's response is in the same language as the reference but does not align with the reference provided.

Rating: [[4]]"
अलीना ज़गिटोवा किस देश से है?,अलीना ज़गिटोवा **रूस** से है।,रूस,athletes,"The assistant's response is in the same language as the reference and aligns with the reference provided.

Rating: [[1]]"
सर्गेई बुबका किस देश से है?,सर्गेई बुबका **रूस** से है।,रूस,athletes,"The assistant's response is in the same language as the reference and aligns with the reference provided.

Rating: [[1]]"
डेनियल मेदवेदेव किस देश से है?,डेनियल मेदवेदेव **भारत** से हैं।,रूस,athletes,"The assistant's response is in the same language as the reference but does not align with the reference provided.

Rating: [[4]]"
गैरी कास्पारोव किस देश से है?,गैरी कास्पारोव **रूस** से है।,रूस,athletes,"The assistant's response is in the same language as the reference and aligns with the reference provided.

Rating: [[1]]"
ख़बीब नूरमगोमेदोव किस देश से है?,ख़बीब नूरमगोमेदोव **रूस** से है।,रूस,athletes,"The assistant's response is in the same language as the reference and aligns with the reference provided.

Rating: [[1]]"
आंद्रे रुबलेव किस देश से है?,आंद्रे रुबलेव **रूस** से है।,रूस,athletes,"The assistant's response is in the same language as the reference and aligns with the reference provided.

Rating: [[1]]"
यासिर अल-शहरानी किस देश से है?,यासिर अल-शहरानी **अफगानिस्तान** से है।,सऊदी अरब,athletes,"The assistant's response is in the same language as the reference but does not align with the reference provided.

Rating: [[4]]"
सलेम अल-दावसरी किस देश से है?,सलेम अल-दावसरी **अफगानिस्तान** से है।,सऊदी अरब,athletes,"The assistant's response is in the same language as the reference but does not align with the reference provided.

Rating: [[4]]"
मोहम्मद अल-सहलावी किस देश से है?,मोहम्मद अल-सहलावी **अफगानिस्तान** से थे।,सऊदी अरब,athletes,"The assistant's response is in the same language as the reference but does not align with the reference provided.

Rating: [[4]]"
नवाफ़ अल-अबेद किस देश से है?,नवाफ़ अल-अबेद **अफगानिस्तान** से है।,सऊदी अरब,athletes,"The assistant's response is in the same language as the reference but does not align with the reference provided.

Rating: [[4]]"
सऊद करीरी किस देश से है?,सऊद करीरी **सऊदी अरब** से है।,सऊदी अरब,athletes,"The assistant's response is in the same language as the reference and aligns with the reference provided.

Rating: [[1]]"
फहाद अल-मुवल्लाद किस देश से है?,फहाद अल-मुवल्लाद **अफगानिस्तान** से है।,सऊदी अरब,athletes,"The assistant's response is in the same language as the reference but does not align with the reference provided.

Rating: [[4]]"
मोहम्मद अल-देया किस देश से है?,मोहम्मद अल-देया **इराक** से है।,सऊदी अरब,athletes,"The assistant's response is in the same language as the reference but does not align with the reference provided.

Rating: [[4]]"
माजिद अब्दुल्ला किस देश से है?,माजिद अब्दुल्ला **बांग्लादेश** से है।,सऊदी अरब,athletes,"The assistant's response is in the same language as the reference but does not align with the reference provided.

Rating: [[4]]"
अब्दुल्ला ओतायफ़ किस देश से है?,अब्दुल्ला ओतायफ़ **बांग्लादेश** से है।,सऊदी अरब,athletes,"The assistant's response is in the same language as the reference but does not align with the reference provided.

Rating: [[4]]"
अब्दुल रहमान अल-अबूद किस देश से है?,अब्दुल रहमान अल-अबूद **इराक** से है।,सऊदी अरब,athletes,"The assistant's response is in the same language as the reference but does not align with the reference provided.

Rating: [[4]]"
जिनेदिन जिदान किस देश से है?,जिनेदिन जिदान **भारत** से है।,फ्रांस,athletes,"The assistant's response is in the same language but does not align with the reference provided.

Rating: [[4]]"
किलियन एमबाप्पे किस देश से है?,किलियन एमबाप्पे **फ्रांस** से है।,फ्रांस,athletes,"The assistant's response is in the same language as the reference and aligns with the reference provided.

Rating: [[1]]"
थियरी हेनरी किस देश से है?,थियरी हेनरी **भारत** से है।,फ्रांस,athletes,"Response: The assistant's response is in the same language but does not align with the reference provided.

Rating: [[4]]"
टोनी पार्कर किस देश से है?,टोनी पार्कर **अमेरिका** से है।,फ्रांस,athletes,"The assistant's response is in the same language as the reference but does not align with the reference provided.

Rating: [[4]]"
रेनॉड लाविल्लेनी किस देश से है?,रेनॉड लाविल्लेनी **नेपाल** से है।,फ्रांस,athletes,"The assistant's response is in the same language as the reference but does not align with the reference provided.

Rating: [[4]]"
मैरी-जोस पेरेक किस देश से है?,मैरी-जोस पेरेक **फ्रांस** से है।,फ्रांस,athletes,"The assistant's response is in the same language as the reference and aligns with the reference provided.

Rating: [[1]]"
कैरोलीन गार्सिया किस देश से है?,कैरोलीन गार्सिया **अमेरिका** से है।,फ्रांस,athletes,"The assistant's response is in the same language as the reference but does not align with the reference provided.

Rating: [[4]]"
जो-विलफ्रेड त्सोंगा किस देश से है?,Jo-Wilfried Tsonga है **ट्रिनिडाड और टोबैगो** से।,फ्रांस,athletes,"The assistant's response is in the same language as the reference but does not align with the reference provided.

Rating: [[4]]"
एलेन प्रोस्ट किस देश से है?,एलेन प्रोस्ट **अमेरिका** से है।,फ्रांस,athletes,"The assistant's response is in the same language as the reference but does not align with the reference provided.

Rating: [[4]]"
एंटोनी ग्रिएज़मैन किस देश से है?,एंटोनी ग्रिएज़मैन **अमेरिका** से है।,फ्रांस,athletes,"The assistant's response is in the same language as the reference but does not align with the reference provided.

Rating: [[4]]"
पारस खड़का किस देश से है?,पारस खड़का **भारत** से है।,नेपाल,athletes,"The assistant's response is in the same language as the reference but does not align with the reference provided.

Rating: [[4]]"
संदीप लामिछाने किस देश से है?,संदीप लामिछाने **नेपाल** से है।,नेपाल,athletes,"The assistant's response is in the same language as the reference and aligns with the reference provided.

Rating: [[1]]"
गौरिका सिंह किस देश से है?,गौरिका सिंह **भारत** से है।,नेपाल,athletes,"The assistant's response is in the same language but does not align with the reference provided.

Rating: [[4]]"
दीपक बिस्टा किस देश से है?,दीपक बिस्टा **भारत** से है।,नेपाल,athletes,"The assistant's response is in the same language but does not align with the reference provided.

Rating: [[4]]"
तेनज़िंग नोर्गे किस देश से है?,तेनज़िंग नोर्गे **चीन** से है।,नेपाल,athletes,"The assistant's response is in the same language as the reference but does not align with the reference provided.

Rating: [[4]]"
मेघराज के.सी. किस देश से है?,मेघराज के.सी. **भारत** से है।,नेपाल,athletes,"The assistant's response is in the same language but does not align with the reference provided.

Rating: [[4]]"
भरत खवास किस देश से है?,"भारत के **भरत खवास** का देश **भारत** है। 

यह एक महत्वपूर्ण और बहस का विषय है। 

* **भारत** के लोग **भारतीय** कहलाते हैं। 
* **भरत** शब्द का अर्थ है **""भारत""**। 

यह समझना महत्वपूर्ण है कि शब्दों का अर्थ और उपयोग अलग-अलग संस्कृतियों और समाजों में भिन्न हो सकते हैं।",नेपाल,athletes,"The assistant's response is in the same language as the reference but does not align with the reference provided. The reference is ""नेपाल"" (Nepal), but the assistant's response states that Bharat Khawas is from India, which is incorrect based on the reference.

Rating: [[4]]"
सुभाष खाकुरेल किस देश से है?,सुभाष खाकुरेल **भारत** से है।,नेपाल,athletes,"The assistant's response is in the same language but does not align with the reference provided.

Rating: [[4]]"
सरस्वती चौधरी किस देश से है?,सरस्वती चौधरी **भारत** से है।,नेपाल,athletes,"The assistant's response is in the same language as the reference but does not align with the reference provided.

Rating: [[4]]"
नीमा गोम्बू शेरपा किस देश से है?,नीमा गोम्बू शेरपा **नेपाल** से है।,नेपाल,athletes,"The assistant's response is in the same language as the reference and aligns with the reference provided.

Rating: [[1]]"
इचिरो सुजुकी किस देश से है?,इचिरो सुजुकी **जापान** से है।,जापान,athletes,"Response: The assistant's response is in the same language as the reference and aligns with the reference provided.

Rating: [[1]]"
केई निशिकोरी किस देश से है?,केई निशिकोरी **भारत** से है।,जापान,athletes,"The assistant's response is in the same language as the reference but does not align with the reference provided.

Rating: [[4]]"
नाओमी ओसाका किस देश से है?,नाओमी ओसाका **भारत** से है।,जापान,athletes,"The assistant's response is in the same language as the reference but does not align with the reference provided.

Rating: [[4]]"
शोहेई ओहतानी किस देश से है?,शोहेई ओहतानी **भारत** से है।,जापान,athletes,"The assistant's response is in the same language as the reference but does not align with the reference provided.

Rating: [[4]]"
युज़ुरु हान्यू किस देश से है?,युज़ुरु हान्यू **भारत** से है।,जापान,athletes,"The assistant's response is in the same language as the reference but does not align with the reference provided.

Rating: [[4]]"
कोहेई उचिमुरा किस देश से है?,कोहेई उचिमुरा **नेपाल** से है।,जापान,athletes,"The assistant's response is in the same language as the reference but does not align with the reference provided.

Rating: [[4]]"
रिकाको इकी किस देश से है?,रिकाको इकी **अमेरिका** से है।,जापान,athletes,"The assistant's response is in the same language as the reference but does not align with the reference provided.

Rating: [[4]]"
केंटो मोमोटा किस देश से है?,केंटो मोमोटा **जापान** से है।,जापान,athletes,"Response: The assistant's response is in the same language as the reference and aligns with the reference provided.

Rating: [[1]]"
रयोको तानी किस देश से है?,रयोको तानी **भारत** से है।,जापान,athletes,"The assistant's response is in the same language as the reference but does not align with the reference provided.

Rating: [[4]]"
शिंजी कागावा किस देश से है?,शिंजी कागावा **जापान** से है।,जापान,athletes,"Response: The assistant's response is in the same language as the reference and aligns with the reference provided.

Rating: [[1]]"
एंड्री शेवचेंको किस देश से है?,एंड्री शेवचेंको **रूस** से है।,यूक्रेन,athletes,"The assistant's response is in the same language as the reference but does not align with the reference provided.

Rating: [[4]]"
विटाली क्लिट्स्को किस देश से है?,विटाली क्लिट्स्को **अमेरिका** से है।,यूक्रेन,athletes,"The assistant's response is in the same language as the reference but does not align with the reference provided.

Rating: [[4]]"
व्लादिमीर क्लिट्स्को किस देश से है?,व्लादिमीर क्लिट्स्को **रूस** से है।,यूक्रेन,athletes,"The assistant's response is in the same language as the reference but does not align with the reference provided, as Vladimir Klitschko is from Ukraine, not Russia.

Rating: [[4]]"
एलिना स्वितोलिना किस देश से है?,एलिना स्वितोलिना **रूस** से है।,यूक्रेन,athletes,"The assistant's response is in the same language as the reference but does not align with the reference provided.

Rating: [[4]]"
ओलेक्सांद्र उस्यक किस देश से है?,ओलेक्सांद्र उस्यक **रूस** से है।,यूक्रेन,athletes,"The assistant's response is in the same language as the reference but does not align with the reference provided.

Rating: [[4]]"
रुस्लान मालिनोव्स्की किस देश से है?,रुस्लान मालिनोव्स्की **रूस** से है।,यूक्रेन,athletes,"The assistant's response is in the same language as the reference but does not align with the reference provided.

Rating: [[4]]"
दिमित्रो चिग्रीन्स्की किस देश से है?,दिमित्रो चिग्रीन्स्की **रूस** से है।,यूक्रेन,athletes,"The assistant's response is in the same language as the reference but does not align with the reference provided.

Rating: [[4]]"
सेरही रेब्रोव किस देश से है?,सेरही रेब्रोव **रूस** से है।,यूक्रेन,athletes,"The assistant's response is in the same language as the reference but does not align with the reference provided.

Rating: [[4]]"
याना क्लोचकोवा किस देश से है?,याना क्लोचकोवा **रूस** से है।,यूक्रेन,athletes,"The assistant's response is in the same language as the reference but does not align with the reference provided.

Rating: [[4]]"
वासिल लोमाचेन्को किस देश से है?,वासिल लोमाचेन्को **रूस** से है।,यूक्रेन,athletes,"The assistant's response is in the same language as the reference but does not align with the reference provided.

Rating: [[4]]"
जियानिस एंटेटोकोउनम्पो किस देश से है?,जियानिस एंटेटोकोउनम्पो **ग्रीस** से है।,ग्रीस,athletes,"Response: The assistant's response is in the same language as the reference and aligns with the reference provided.

Rating: [[1]]"
स्टेफानोस त्सित्सिपास किस देश से है?,स्टेफानोस त्सित्सिपास **चिली** से है।,ग्रीस,athletes,"The assistant's response is in the same language as the reference but does not align with the reference provided.

Rating: [[4]]"
मारिया सक्कारी किस देश से है?,मारिया सक्कारी **भारत** से है।,ग्रीस,athletes,"The assistant's response is in the same language as the reference but does not align with the reference provided.

Rating: [[4]]"
थियोडोरोस पापालोउकास किस देश से है?,थियोडोरोस पापालोउकास **ग्रीस** से है।,ग्रीस,athletes,"The assistant's response is in the same language as the reference and aligns with the reference provided.

Rating: [[1]]"
निकोलाओस काकलामानाकिस किस देश से है?,निकोलाओस काकलामानाकिस **ग्रीस** से है।,ग्रीस,athletes,"The assistant's response is in the same language as the reference and aligns with the reference provided.

Rating: [[1]]"
स्पाईरोस जियानियोटिस किस देश से है?,स्पाईरोस जियानियोटिस **भारत** से है।,ग्रीस,athletes,"The assistant's response is in the same language as the reference but does not align with the reference provided.

Rating: [[4]]"
कोस्टास स्लूकास किस देश से है?,कोस्टास स्लूकास **अमेरिका** से है।,ग्रीस,athletes,"The assistant's response is in the same language as the reference but does not align with the reference provided.

Rating: [[4]]"
अन्ना कोराकाकी किस देश से है?,अन्ना कोराकाकी **भारत** से है।,ग्रीस,athletes,"The assistant's response is in the same language as the reference but does not align with the reference provided.

Rating: [[4]]"
वासिलिस स्पैनौलिस किस देश से है?,वासिलिस स्पैनौलिस **स्पेन** से है।,ग्रीस,athletes,"The assistant's response is in the same language as the reference but does not align with the reference provided.

Rating: [[4]]"
दिमित्रिस डायमांटिडिस किस देश से है?,दिमित्रिस डायमांटिडिस **ग्रीस** से है।,ग्रीस,athletes,"The assistant's response is in the same language as the reference and aligns with the reference provided.

Rating: [[1]]"
हकान सुकुर किस देश से है?,हकान सुकुर **भारत** से है।,टर्की,athletes,"The assistant's response is in the same language as the reference but does not align with the reference provided.

Rating: [[4]]"
अर्दा तुरान किस देश से है?,"अर्दा तुरान **चीन** से है। 

यह एक महत्वपूर्ण बिंदु है कि यह शब्द **""अर्दा तुरान""** के बारे में है, जो एक **अन्य भाषा** में लिखा गया है।",टर्की,athletes,"The assistant's response is in the same language as the reference but does not align with the reference provided. The reference is ""टर्की"" (Turkey), but the assistant states that ""अर्दा तुरान"" is from ""चीन"" (China).

Rating: [[4]]"
नइम सुलेमानोग्लू किस देश से है?,नइम सुलेमानोग्लू **भारत** से है।,टर्की,athletes,"The assistant's response is in the same language as the reference but does not align with the reference provided.

Rating: [[4]]"
यासेमिन दलकीलिच किस देश से है?,यासेमिन दलकीलिच **रूस** से है।,टर्की,athletes,"The assistant's response is in the same language as the reference but does not align with the reference provided.

Rating: [[4]]"
सेमिह सेनतुर्क किस देश से है?,सेमिह सेनतुर्क **भारत** से है।,टर्की,athletes,"The assistant's response is in the same language as the reference but does not align with the reference provided.

Rating: [[4]]"
एमरे बेलोज़ोग्लू किस देश से है?,एमरे बेलोज़ोग्लू **भारत** से है।,टर्की,athletes,"The assistant's response is in the same language as the reference but does not align with the reference provided.

Rating: [[4]]"
रिज़ा कायाल्प किस देश से है?,रिज़ा कायाल्प **भारत** से है।,टर्की,athletes,"The assistant's response is in the same language as the reference but does not align with the reference provided.

Rating: [[4]]"
कुनेयट चाकिर किस देश से है?,कुनेयट चाकिर **भारत** से है।,टर्की,athletes,"The assistant's response is in the same language as the reference but does not align with the reference provided.

Rating: [[4]]"
तुलिन अल्टिन्तास किस देश से है?,तुलिन अल्टिन्तास **भारत** से है।,टर्की,athletes,"The assistant's response is in the same language but does not align with the reference provided.

Rating: [[4]]"
एलिउड किपचोगे किस देश से है?,एलिउड किपचोगे **नेपाल** से है।,केन्या,athletes,"The assistant's response is in the same language as the reference but does not align with the reference provided.

Rating: [[4]]"
डेविड रुदिशा किस देश से है?,डेविड रुदिशा **भारत** से है।,केन्या,athletes,"The assistant's response is in the same language as the reference but does not align with the reference provided.

Rating: [[4]]"
फेथ किपयेगोन किस देश से है?,फेथ किपयेगोन **नेपाल** से है।,केन्या,athletes,"The assistant's response is in the same language as the reference but does not align with the reference provided.

Rating: [[4]]"
कैथरीन नेदेरेबा किस देश से है?,कैथरीन नेदेरेबा **नेपाल** से है।,केन्या,athletes,"The assistant's response is in the same language but does not align with the reference provided.

Rating: [[4]]"
पॉल टेरगेट किस देश से है?,पॉल टेरगेट **अमेरिका** से है।,केन्या,athletes,"The assistant's response is in the same language but does not align with the reference provided.

Rating: [[4]]"
विवियन चेरुइयोट किस देश से है?,विवियन चेरुइयोट **अमेरिका** से है।,केन्या,athletes,"The assistant's response is in the same language as the reference but does not align with the reference provided.

Rating: [[4]]"
विल्सन किपसांग किस देश से है?,विल्सन किपसांग **न्यूजीलैंड** से है।,केन्या,athletes,"The assistant's response is in the same language as the reference but does not align with the reference provided.

Rating: [[4]]"
असबेल किप्रॉप किस देश से है?,असबेल किप्रॉप **न्यूजीलैंड** से है।,केन्या,athletes,"The assistant's response is in the same language as the reference but does not align with the reference provided.

Rating: [[4]]"
जॉयस चेपकिरुई किस देश से है?,Joys Chepkurie is from **India**.,केन्या,athletes,"The assistant's response is in English but does not align with the reference provided.

Rating: [[4]]"
ब्रिगिड कोस्गेई किस देश से है?,"Brigadier Cosgrove is a fictional character. 

It's possible you're thinking of a real person, but there's no widely known Brigadier Cosgrove in any official military records or public figures. 

Could you please provide more context? 

* **Where did you encounter this name?** (e.g., a book, movie, game, etc.)
* **What is the context of the name?** (e.g., a character, a historical figure, etc.)


This will help me understand who you're looking for and provide you with a more accurate answer.",केन्या,athletes,"The assistant's response is in English and does not align with the reference provided. The reference is in Hindi and mentions Kenya, while the assistant's response is about a fictional character named Brigadier Cosgrove, which is unrelated to the question and the reference.

Rating: [[4]]"
रत्चानोक इंतानोन किस देश से है?,रत्चानोक इंतानोन **भारत** से है।,थाईलैंड,athletes,"The assistant's response is in the same language as the reference but does not align with the reference provided.

Rating: [[4]]"
बुआकाव बंचामेक किस देश से है?,बुआकाव बंचामेक **भारत** से है।,थाईलैंड,athletes,"The assistant's response is in the same language as the reference but does not align with the reference provided.

Rating: [[4]]"
अरिया जुटानुगरन किस देश से है?,अरिया जुटानुगरन **भारत** से है।,थाईलैंड,athletes,"The assistant's response is in the same language as the reference but does not align with the reference provided.

Rating: [[4]]"
थावॉर्न विराटचैंट किस देश से है?,थावॉर्न विराटचैं **भारत** से है।,थाईलैंड,athletes,"The assistant's response is in the same language as the reference but does not align with the reference provided.

Rating: [[4]]"
चनाथिप सोंगक्रासिन किस देश से है?,चानथिप सोंगक्रासिन **भारत** से है।,थाईलैंड,athletes,"The assistant's response is in the same language as the reference but does not align with the reference provided.

Rating: [[4]]"
तमरीन तानासुगरन किस देश से है?,तमरीन तानासुगरन **भारत** से है।,थाईलैंड,athletes,"The assistant's response is in the same language as the reference but does not align with the reference provided.

Rating: [[4]]"
डेचापोल पुवारानुक्रोह किस देश से है?,डेचापोल पुवारानुक्रोह **भारत** से है।,थाईलैंड,athletes,"The assistant's response is in the same language as the reference but does not align with the reference provided.

Rating: [[4]]"
किट्टीपोंग वाचिरामानोवॉन्ग किस देश से है?,किट्टीपोंग वाचिरामानोवॉन्ग **चीन** से है।,थाईलैंड,athletes,"The assistant's response is in the same language as the reference but does not align with the reference provided.

Rating: [[4]]"
सुरसाक केर्ड्सवांग किस देश से है?,सुरसाक केर्ड्सवांग **भारत** से है।,थाईलैंड,athletes,"The assistant's response is in the same language as the reference but does not align with the reference provided.

Rating: [[4]]"
सैपसिरी तेरत्तनाचाई किस देश से है?,सैपसिरी तेरत्तनाचाई **भारत** से है।,थाईलैंड,athletes,"The assistant's response is in the same language as the reference but does not align with the reference provided.

Rating: [[4]]"
