Question,Predicted,answers,label,llm_output
ニューヨーク はどの国にありますか?,ニューヨークは **アメリカ合衆国** にあります。,アメリカ合衆国,cities,"The assistant's response is in the same language as the reference and aligns with the reference provided.

Rating: [[1]]"
ロサンゼルス はどの国にありますか?,ロサンゼルスは **アメリカ合衆国** にあります。,アメリカ合衆国,cities,"Response: The assistant's response is in the same language as the reference and aligns with the reference provided.

Rating: [[1]]"
シカゴ はどの国にありますか?,シカゴは **アメリカ合衆国** にあります。,アメリカ合衆国,cities,"The assistant's response is in the same language as the reference and aligns with the reference provided.

Rating: [[1]]"
ヒューストン はどの国にありますか?,ヒューストンは **アメリカ合衆国** の **テxas州** にあります。,アメリカ合衆国,cities,"The assistant's response is in the same language as the reference and aligns with the reference provided.

Rating: [[1]]"
フェニックス はどの国にありますか?,フェニックスは、**アメリカ合衆国のアリゾナ州**にあります。,アメリカ合衆国,cities,"Response: The assistant's response is in the same language as the reference and aligns with the reference provided.

Rating: [[1]]"
サンディエゴ はどの国にありますか?,"サンディエゴは**アメリカ合衆国**にあります。 
 
 より具体的に言うと、カリフォルニア州のサンディエゴです。",アメリカ合衆国,cities,"The assistant's response is in the same language as the reference and aligns with the reference provided.

Rating: [[1]]"
サンフランシスコ はどの国にありますか?,サンフランシスコは **アメリカ合衆国** にあります。,アメリカ合衆国,cities,"The assistant's response is in the same language as the reference and aligns with the reference provided.

Rating: [[1]]"
シアトル はどの国にありますか?,シアトルは **アメリカ合衆国** にあります。,アメリカ合衆国,cities,"The assistant's response is in the same language as the reference and aligns with the reference provided.

Rating: [[1]]"
デンバー はどの国にありますか?,デンバーは **アメリカ合衆国** の **コロラド州** にあります。,アメリカ合衆国,cities,"The assistant's response is in the same language as the reference and aligns with the reference provided.

Rating: [[1]]"
マイアミ はどの国にありますか?,マイアミは **アメリカ合衆国** にあります。,アメリカ合衆国,cities,"The assistant's response is in the same language as the reference and aligns with the reference provided.

Rating: [[1]]"
オースティン はどの国にありますか?,オースティンは **アメリカ合衆国 テキサス州** にあります。,アメリカ合衆国,cities,"The assistant's response is in the same language as the reference and aligns with the reference provided.

Rating: [[1]]"
ボストン はどの国にありますか?,ボストンは **アメリカ合衆国** にあります。,アメリカ合衆国,cities,"The assistant's response is in the same language as the reference and aligns with the reference provided.

Rating: [[1]]"
ラスベガス はどの国にありますか?,ラスベガスは **アメリカ合衆国** にあります。,アメリカ合衆国,cities,"Response: The assistant's response is in the same language as the reference and aligns with the reference provided.

Rating: [[1]]"
オーランド はどの国にありますか?,オーランドは、**アメリカ合衆国**の**フロリダ州**にあります。,アメリカ合衆国,cities,"The assistant's response is in the same language as the reference and aligns with the reference provided.

Rating: [[1]]"
サクラメント はどの国にありますか?,"サクラメントは **アメリカ合衆国** にあります。 

より具体的に言うと、カリフォルニア州サクラメント市にあります。",アメリカ合衆国,cities,"The assistant's response is in the same language as the reference and aligns with the reference provided. The assistant also provides additional context, which is accurate and relevant.

Rating: [[1]]"
ポートランド はどの国にありますか?,ポートランドは **アメリカ合衆国** の **オレゴン州** にあります。,アメリカ合衆国,cities,"Response: The assistant's response is in the same language as the reference and aligns with the reference provided.

Rating: [[1]]"
タンパ はどの国にありますか?,"タンパは**アメリカ合衆国**にあります。 

より具体的に言うと、**フロリダ州**にあります。",アメリカ合衆国,cities,"The assistant's response is in the same language as the reference and aligns with the reference provided. The assistant also provides additional relevant information, which is a positive aspect.

Rating: [[1]]"
クリーブランド はどの国にありますか?,"クリーブランドは、**アメリカ合衆国**にあります。 

より具体的に言うと、**アメリカ合衆国マサチューセッツ州**にあります。",アメリカ合衆国,cities,"The assistant's response is in the same language as the reference and mostly aligns with it, but there is an error in the specific location provided. Cleveland is in Ohio, not Massachusetts. However, since the primary question was answered correctly, the response is still largely aligned with the reference.

Rating: [[1]]"
ミネアポリス はどの国にありますか?,"ミネアポリスは**アメリカ合衆国**にあります。 

より具体的に言うと、ミネアポリスは**ミネソタ州**にあります。",アメリカ合衆国,cities,"The assistant's response is in the same language as the reference and aligns with the reference provided. The assistant also provides additional relevant information, which is accurate and enhances the response.

Rating: [[1]]"
サンアントニオ はどの国にありますか?,サンアントニオは**アメリカ合衆国**のTexas州にあります。,アメリカ合衆国,cities,"Response: The assistant's response is in the same language as the reference and aligns with the reference provided.

Rating: [[1]]"
ムンバイ はどの国にありますか?,ムンバイはインドにあります。,インド,cities,"Response: The assistant's response is in the same language as the reference and aligns with the reference provided.

Rating: [[1]]"
デリー はどの国にありますか?,デリーは**インド**にあります。,インド,cities,"The assistant's response is in the same language as the reference and aligns with the reference provided.

Rating: [[1]]"
バンガロール はどの国にありますか?,バンガロールは、**インド**にあります。,インド,cities,"The assistant's response is in the same language as the reference and aligns with the reference provided.

Rating: [[1]]"
チェンナイ はどの国にありますか?,チェンナイはインドにあります。,インド,cities,"Response: The assistant's response is in the same language as the reference and aligns with the reference provided.

Rating: [[1]]"
ハイデラバード はどの国にありますか?,ハイデラバードは、**インド**にあります。,インド,cities,"The assistant's response is in the same language as the reference and aligns with the reference provided.

Rating: [[1]]"
アーメダバード はどの国にありますか?,"アーメダバードは、**日本**にあります。 

アーメダバードは、日本の**北海道**に生息する鳥です。",インド,cities,"The assistant's response is in the same language as the reference but does not align with the reference provided. The answer is incorrect and unrelated to the reference.

Rating: [[4]]"
プネ はどの国にありますか?,"プネは、**インドネシア**にあります。 

プネは、インドネシアの**バリ島**に位置する小さな島です。",インド,cities,"The assistant's response is in the same language as the reference but does not align with the reference provided. The correct answer should be that Pune is in India, not Indonesia.

Rating: [[4]]"
コルカタ はどの国にありますか?,コルカタはインドにある都市です。,インド,cities,"Response: The assistant's response is in the same language as the reference and aligns with the reference provided.

Rating: [[1]]"
ジャイプール はどの国にありますか?,"ジャイプールは、**インド**にあります。 

ジャイプールは、インドの**ネパール**に位置する都市です。",インド,cities,"The assistant's response is in the same language as the reference and partially aligns with the reference. However, it incorrectly states that Jaipur is located in Nepal, which is a significant error. Since the response contains a factual error, it cannot be considered fully aligned with the reference.

Rating: [[4]]"
ラクナウ はどの国にありますか?,"ラクナウは**ドイツ**にあります。 

ラクナウは、ドイツの**バイエルン州**に位置する都市です。",インド,cities,"The assistant's response is in the same language as the reference but does not align with the reference provided. The correct answer should be that Lucknow is in India, not Germany.

Rating: [[4]]"
カンプール はどの国にありますか?,"カンプールは、**フランス**にあります。 

フランスの**南西部**に位置する、**フランスの地域**です。",インド,cities,"The assistant's response is in the same language as the reference but does not align with the reference provided. The correct answer should be India, not France.

Rating: [[4]]"
ナグプール はどの国にありますか?,"ナグプールは、**インド**にあります。 

より詳しく説明すると、ナグプールはインドの**ネパール**に位置する都市です。",インド,cities,"The assistant's response is in the same language as the reference and mostly aligns with the reference, but it contains an error by stating that Nagpur is located in Nepal, which is incorrect. However, since the primary question was answered correctly, the response is still considered to align with the reference, albeit with a significant inaccuracy.

Rating: [[1]]"
インドール はどの国にありますか?,"インドールは、**インド**にあります。 

インドールはインドの都市であり、インドの北西部に位置しています。",インド,cities,"The assistant's response is in the same language as the reference and aligns with the reference provided.

Rating: [[1]]"
パトナ はどの国にありますか?,"パトナは、**イタリア**にあります。 

パトナは、イタリアの**ロンバルディア州**に位置する都市です。",インド,cities,"The assistant's response is in the same language (Japanese) but does not align with the reference provided. Patna is not in Italy; it is in India. 

Rating: [[4]]"
ボパール はどの国にありますか?,"ボパールは**インド**にあります。 

正確には、**インドのネパール**にあります。",インド,cities,"The assistant's response is in the same language as the reference and mostly aligns with the reference, but it contains an error by stating that Bhopal is in Nepal, which is incorrect. However, since the primary question is answered correctly, the response is not entirely unrelated to the reference.

Rating: [[2]]"
ヴァドーダラー はどの国にありますか?,"ヴァドーダラーは、**イタリア**にあります。 

より正確には、**イタリアの県**である**ヴァドーダラー県**にあります。",インド,cities,"The assistant's response is in the same language as the reference but does not align with the reference provided, as Vadodara is in India, not Italy.

Rating: [[4]]"
ヴィシャカパトナム はどの国にありますか?,ヴィシャカパトナムは、**インド**にあります。,インド,cities,"The assistant's response is in the same language as the reference and aligns with the reference provided.

Rating: [[1]]"
スーラト はどの国にありますか?,スーラトは、**スウェーデン**にあります。,インド,cities,"The assistant's response is in the same language as the reference but does not align with the reference provided.

Rating: [[4]]"
アムリトサル はどの国にありますか?,"アムリトサルは、**インド**にあります。 

正確には、インドの**インドネシア**に位置する。",インド,cities,"The assistant's response is in the same language as the reference and partially aligns with the reference. However, the assistant incorrectly states that Amritsar is located in ""Indonesia,"" which is a significant error. Despite this, the first part of the response is correct, so it does not completely fail to align with the reference.

Rating: [[3]]"
ラージコート はどの国にありますか?,"ラージコートは、**フランス**にあります。 

より正確には、**フランスの北西部、ノルマンディー地方**に位置しています。",インド,cities,"The assistant's response is in the same language as the reference but does not align with the reference provided, as the reference does not mention anything about the location of ラージコート (Rajkot). Rajkot is actually a city in India, not in France.

Rating: [[4]]"
上海 はどの国にありますか?,上海は **中国** にあります。,中国,cities,"The assistant's response is in the same language as the question and aligns with the reference provided.

Rating: [[1]]"
北京 はどの国にありますか?,北京は **中国** にあります。,中国,cities,"The assistant's response is in the same language as the reference and aligns with the reference provided.

Rating: [[1]]"
広州 はどの国にありますか?,広州は **中国** にあります。,中国,cities,"The assistant's response is in the same language as the reference and aligns with the reference provided.

Rating: [[1]]"
深セン はどの国にありますか?,深センは **中国** にあります。,中国,cities,"The assistant's response is in the same language as the reference and aligns with the reference provided.

Rating: [[1]]"
成都 はどの国にありますか?,成都は **中国** にあります。,中国,cities,"The assistant's response is in the same language as the question and aligns with the reference provided.

Rating: [[1]]"
武漢 はどの国にありますか?,武漢は **中国** にあります。,中国,cities,"Response: The assistant's response is in the same language as the reference and aligns with the reference provided.

Rating: [[1]]"
重慶 はどの国にありますか?,重慶は**中国**にあります。,中国,cities,"Response: The assistant's response is in the same language as the reference and aligns with the reference provided.

Rating: [[1]]"
西安 はどの国にありますか?,西安は **中国** にあります。,中国,cities,"The assistant's response is in the same language as the question and aligns with the reference provided.

Rating: [[1]]"
杭州 はどの国にありますか?,杭州は **中国** にあります。,中国,cities,"The assistant's response is in the same language as the reference and aligns with the reference provided.

Rating: [[1]]"
蘇州 はどの国にありますか?,蘇州は **中国** にあります。,中国,cities,"The assistant's response is in the same language as the reference and aligns with the reference provided.

Rating: [[1]]"
天津 はどの国にありますか?,天津は**中国**にあります。,中国,cities,"Response: The assistant's response is in a different language (Japanese) but aligns with the reference provided.

Rating: [[3]]"
南京 はどの国にありますか?,南京は **中国** にあります。,中国,cities,"The assistant's response is in the same language as the question and aligns with the reference provided.

Rating: [[1]]"
ハルビン はどの国にありますか?,ハルビンは **中国** にあります。,中国,cities,"The assistant's response is in the same language as the question and aligns with the reference provided.

Rating: [[1]]"
青島 はどの国にありますか?,"青島は **中国** にあります。 

正確には、**中国の Shandong省** にあります。",中国,cities,"Response: The assistant's response is in the same language as the reference and aligns with the reference provided.

Rating: [[1]]"
大連 はどの国にありますか?,"大連は**中国**にあります。 

正確には、**遼寧省**に位置する都市です。",中国,cities,"The assistant's response is in the same language as the reference and aligns with the reference provided.

Rating: [[1]]"
石家荘 はどの国にありますか?,"石家荘は **中国** にあります。 

より具体的に言うと、**河南省** にあります。",中国,cities,"The assistant's response is in the same language as the reference and aligns with the reference. The assistant correctly states that 石家荘 (Shijiazhuang) is in 中国 (China) and provides additional information that it is located in the 河北省 (Hebei Province), which is accurate.

Rating: [[1]]"
福州 はどの国にありますか?,"福州は**中国**にあります。 

より具体的に言うと、**福建省**に位置しています。",中国,cities,"The assistant's response is in a different language (Japanese) but aligns with the reference provided.

Rating: [[3]]"
鄭州 はどの国にありますか?,鄭州は **中国** にあります。,中国,cities,"The assistant's response is in the same language as the reference and aligns with the reference provided.

Rating: [[1]]"
昆明 はどの国にありますか?,昆明は **中国** にあります。,中国,cities,"The assistant's response is in the same language as the question and aligns with the reference provided.

Rating: [[1]]"
長沙 はどの国にありますか?,長沙は **中国** にあります。,中国,cities,"The assistant's response is in the same language as the reference and aligns with the reference provided.

Rating: [[1]]"
モスクワ はどの国にありますか?,モスクワは **ロシア** にあります。,ロシア,cities,"Response: The assistant's response is in the same language as the reference and aligns with the reference provided.

Rating: [[1]]"
サンクトペテルブルク はどの国にありますか?,サンクトペテルブルクは**ロシア**にあります。,ロシア,cities,"Response: The assistant's response is in the same language as the reference and aligns with the reference provided.

Rating: [[1]]"
ノボシビルスク はどの国にありますか?,ノボシビルスクは、**ロシア**にあります。,ロシア,cities,"Response: The assistant's response is in the same language as the reference and aligns with the reference provided.

Rating: [[1]]"
エカテリンブルク はどの国にありますか?,エカテリンブルクは、**ロシア**にあります。,ロシア,cities,"Response: The assistant's response is in the same language as the reference and aligns with the reference provided.

Rating: [[1]]"
カザン はどの国にありますか?,"カザンは**中国**にあります。 

正確には、**中国の四川省**に位置しています。",ロシア,cities,"The assistant's response is in the same language as the reference but does not align with the reference provided. The correct answer should be Russia, not China.

Rating: [[4]]"
ニジニ・ノヴゴロド はどの国にありますか?,ニジニ・ノヴゴロドは、**ロシア**にあります。,ロシア,cities,"Response: The assistant's response is in the same language and aligns with the reference provided.

Rating: [[1]]"
チェリャビンスク はどの国にありますか?,チェリャビンスクは**ウクライナ**にあります。,ロシア,cities,"The assistant's response is in the same language as the reference but does not align with the reference provided.

Rating: [[4]]"
サマラ はどの国にありますか?,"サマラは**インド**にあります。 

サマラはインドの**インドネシア**の州、**ジャワ島**に位置する都市です。",ロシア,cities,"The assistant's response is in the same language as the reference but does not align with the reference provided. The correct answer should be Russia, not India, and the additional information about Indonesia and Java is incorrect and unrelated.

Rating: [[4]]"
オムスク はどの国にありますか?,オムスクは、**ロシア**にあります。,ロシア,cities,"Response: The assistant's response is in the same language as the reference and aligns with the reference provided.

Rating: [[1]]"
ロストフ・ナ・ドヌ はどの国にありますか?,"ロストフ・ナ・ドヌは、**フランス**にあります。 

正確には、**フランスの** **ノルマンディー地方** にあります。",ロシア,cities,"The assistant's response is in the same language as the reference but does not align with the reference provided. The correct answer should be Russia, not France.

Rating: [[4]]"
ウファ はどの国にありますか?,"ウファは、**ロシア**にあります。 

ウファは、ロシアの**ウファ州**に位置する都市です。",ロシア,cities,"The assistant's response is in the same language as the reference and aligns with the reference provided.

Rating: [[1]]"
クラスノヤルスク はどの国にありますか?,クラスノヤルスクは**ロシア**にあります。,ロシア,cities,"Response: The assistant's response is in the same language as the reference and aligns with the reference provided.

Rating: [[1]]"
ペルミ はどの国にありますか?,"ペルミは、**ロシア**にあります。 

ペルミは、ロシアの**サハリン州**に位置する都市です。",ロシア,cities,"The assistant's response is in the same language as the reference and aligns with the reference. However, there is a factual error in the response, as Perm is not located in the Sakhalin Oblast but in the Perm Krai. Despite this, the primary part of the answer is correct, and the language and alignment criteria are met.

Rating: [[1]]"
ヴォロネジ はどの国にありますか?,ヴォロネジは、**ロシア**にあります。,ロシア,cities,"Response: The assistant's response is in the same language as the reference and aligns with the reference provided.

Rating: [[1]]"
ヴォルゴグラード はどの国にありますか?,ヴォルゴグラードは**ロシア**にあります。,ロシア,cities,"Response: The assistant's response is in the same language as the reference and aligns with the reference provided.

Rating: [[1]]"
サラトフ はどの国にありますか?,サラトフは**ロシア**にあります。,ロシア,cities,"Response: The assistant's response is in the same language as the reference and aligns with the reference provided.

Rating: [[1]]"
クラスノダール はどの国にありますか?,クラスノダールは、**ロシア**にあります。,ロシア,cities,"Response: The assistant's response is in the same language as the reference and aligns with the reference provided.

Rating: [[1]]"
トリヤッティ はどの国にありますか?,"トリヤッティは、**イタリア**にあります。 

正確には、**イタリアの県**です。",ロシア,cities,"The assistant's response is in the same language as the reference but does not align with the reference provided, as Tolyatti is a city in Russia, not Italy.

Rating: [[4]]"
イジェフスク はどの国にありますか?,イジェフスクは**ロシア**にあります。,ロシア,cities,"Response: The assistant's response is in the same language as the reference and aligns with the reference provided.

Rating: [[1]]"
ウリヤノフスク はどの国にありますか?,ウリヤノフスクは**ロシア**にあります。,ロシア,cities,"Response: The assistant's response is in the same language as the reference and aligns with the reference provided.

Rating: [[1]]"
リヤド はどの国にありますか?,リヤドは**サウジアラビア**にあります。,サウジアラビア,cities,"The assistant's response is in the same language as the reference and aligns with the reference provided.

Rating: [[1]]"
ジェッダ はどの国にありますか?,"ジェッダは、**イタリア**にあります。 

より正確には、**イタリアのシチリア島**にあります。",サウジアラビア,cities,"The assistant's response is in the same language as the reference but does not align with the reference provided. The correct answer should be Saudi Arabia, not Italy.

Rating: [[4]]"
メッカ はどの国にありますか?,メッカは **サウジアラビア** にあります。,サウジアラビア,cities,"Response: The assistant's response is in the same language as the reference and aligns with the reference provided.

Rating: [[1]]"
メディナ はどの国にありますか?,メディナは、**モロッコ**にあります。,サウジアラビア,cities,"The assistant's response is in the same language as the reference but does not align with the reference provided.

Rating: [[4]]"
ダンマン はどの国にありますか?,"ダンマンは、**オーストラリア**にあります。 

より具体的に言うと、**オーストラリアのクイーンズランド州**にあります。",サウジアラビア,cities,"The assistant's response is in the same language as the reference but does not align with the reference provided.

Rating: [[4]]"
コバール はどの国にありますか?,"コバールは、**フランス**にあります。 

コバールは、フランスの**南西部**に位置する、**フランスの地域**です。",サウジアラビア,cities,"The assistant's response is in the same language as the reference but does not align with the reference provided, as it incorrectly states that Cobalt is in France instead of Saudi Arabia.

Rating: [[4]]"
タブク はどの国にありますか?,"タブクは、**インドネシア**にあります。 

正確には、**インドネシアのスマトラ島**に位置する**タブク島**です。",サウジアラビア,cities,"The assistant's response is in the same language as the reference but does not align with the reference provided. The correct answer should be Saudi Arabia, not Indonesia.

Rating: [[4]]"
アブハ はどの国にありますか?,"アブハは、**エジプト**にあります。 

より正確には、**エジプトの北東部**に位置しています。",サウジアラビア,cities,"The assistant's response is in the same language as the reference but does not align with the reference provided, as Abha is located in Saudi Arabia, not Egypt.

Rating: [[4]]"
タイフ はどの国にありますか?,"タイフは**タイ**にあります。 

タイフはタイの首都バンコクの近くにある、タイの都市です。",サウジアラビア,cities,"The assistant's response is in the same language as the reference but does not align with the reference provided, as Taif is a city in Saudi Arabia, not Thailand.

Rating: [[4]]"
ホフーフ はどの国にありますか?,ホフーフは **ドイツ** にあります。,サウジアラビア,cities,"The assistant's response is in the same language as the reference but does not align with the reference provided.

Rating: [[4]]"
ブライダ はどの国にありますか?,"ブライダは **イタリア** にあります。 

より正確には、**イタリアのフィレンツェ** にあります。",サウジアラビア,cities,"The assistant's response is in the same language as the reference but does not align with the reference provided.

Rating: [[4]]"
ナジュラン はどの国にありますか?,"ナジュランは、**インド**にあります。 

正確には、**インドのネパール**に位置する。",サウジアラビア,cities,"The assistant's response is in the same language as the reference but does not align with the reference provided. The correct answer should be Saudi Arabia, not India.

Rating: [[4]]"
雹 はどの国にありますか?,"雹は、**世界中で発生する現象**です。 

雹は、主に**北半球**の地域で発生する可能性が高いです。 

具体的には、**北アメリカ、ヨーロッパ、アジア、そして南米**など、様々な地域で雹が発生します。 

雹の発生には、**気候条件**や**地形**などの要素が関係しています。 

例えば、**気温が低い**、**湿度が高い**、**雨雲が強い**などの条件が、雹の発生に繋がります。 

また、**山脈や高地**などの地形も、雹",サウジアラビア,cities,"The assistant's response is in the same language as the reference and provides a detailed explanation about where hail can occur, but it does not directly answer the question about which country hail is in. The response is informative but not aligned with the specific question asked.

Rating: [[4]]"
ジャザン はどの国にありますか?,"ジャザンは、**日本**にあります。 

ジャザンは、日本の**北海道**に位置する、**北海道の北部に位置する**、**北海道の都市**です。",サウジアラビア,cities,"The assistant's response is in the same language as the reference but does not align with the reference provided. The correct answer should be Saudi Arabia, not Japan.

Rating: [[4]]"
アルジュバイル はどの国にありますか?,アルジュバイルは、**フランス**にあります。,サウジアラビア,cities,"The assistant's response is in the same language but does not align with the reference provided.

Rating: [[4]]"
カティーフ はどの国にありますか?,"カティーフは、**インド**にあります。 

より正確には、インドの**カティーフ州**にあります。",サウジアラビア,cities,"The assistant's response is in the same language as the reference but does not align with the reference provided. The correct answer should be Saudi Arabia, not India.

Rating: [[4]]"
アル・カルジ はどの国にありますか?,アル・カルジは、**イタリア**にあります。,サウジアラビア,cities,"The assistant's response is in the same language as the reference but does not align with the reference provided.

Rating: [[4]]"
ヤンブー はどの国にありますか?,"ヤンブーは、**フランス**にあります。 

ヤンブーは、フランスの**南西部**に位置する小さな村です。",サウジアラビア,cities,"The assistant's response is in the same language as the reference but does not align with the reference provided, as Yambu is located in Saudi Arabia, not France.

Rating: [[4]]"
カミス・ムシャイト はどの国にありますか?,"カミス・ムシャイトは、**インドネシア**にあります。 

正確には、インドネシアの**バリ島**にある、**バリ島**の**東部**に位置しています。",サウジアラビア,cities,"The assistant's response is in the same language as the reference but does not align with the reference provided. The correct answer should be Saudi Arabia, not Indonesia.

Rating: [[4]]"
アル・バハ はどの国にありますか?,アル・バハは、**イラク**にあります。,サウジアラビア,cities,"The assistant's response is in the same language as the reference but does not align with the reference provided.

Rating: [[4]]"
パリ はどの国にありますか?,パリは**フランス**にあります。 🇫🇷,フランス,cities,"The assistant's response is in the same language as the reference and aligns with the reference provided.

Rating: [[1]]"
マルセイユ はどの国にありますか?,マルセイユはフランスにあります。,フランス,cities,"Response: The assistant's response is in the same language as the reference and aligns with the reference provided.

Rating: [[1]]"
リヨン はどの国にありますか?,リヨンはフランスにあります。,フランス,cities,"Response: The assistant's response is in the same language as the reference and aligns with the reference provided.

Rating: [[1]]"
トゥールーズ はどの国にありますか?,トゥールーズは、**フランス**にあります。,フランス,cities,"The assistant's response is in the same language as the reference and aligns with the reference provided.

Rating: [[1]]"
ニース はどの国にありますか?,ニースは**フランス**にあります。,フランス,cities,"Response: The assistant's response is in the same language as the reference and aligns with the reference provided.

Rating: [[1]]"
ナント はどの国にありますか?,"ナントは**フランス**にあります。 

ナントは、フランスの**南西部**に位置する都市です。",フランス,cities,"The assistant's response is in the same language as the reference and aligns with the reference provided.

Rating: [[1]]"
ストラスブール はどの国にありますか?,ストラスブールは、**フランス**にあります。,フランス,cities,"Response: The assistant's response is in the same language as the reference and aligns with the reference provided.

Rating: [[1]]"
モンペリエ はどの国にありますか?,モンペリエは**フランス**にあります。,フランス,cities,"Response: The assistant's response is in the same language as the reference and aligns with the reference provided.

Rating: [[1]]"
ボルドー はどの国にありますか?,ボルドーは**フランス**にあります。,フランス,cities,"Response: The assistant's response is in the same language as the reference and aligns with the reference provided.

Rating: [[1]]"
リール はどの国にありますか?,"リールは、**フランス**にあります。 

フランスの**リール**は、フランスの地域であり、フランスの都市ではありません。 

もし、何か他の質問があれば教えてください。",フランス,cities,"Response: The assistant's response is in the same language as the reference and aligns with the reference provided. The assistant correctly identifies that Lille (リール) is in France (フランス) and provides additional context that it is a region and a city in France.

Rating: [[1]]"
レンヌ はどの国にありますか?,レンヌは**フランス**にあります。,フランス,cities,"Response: The assistant's response is in the same language as the reference and aligns with the reference provided.

Rating: [[1]]"
ランス はどの国にありますか?,ランスはフランスにあります。,フランス,cities,"The assistant's response is in the same language as the reference and aligns with the reference provided.

Rating: [[1]]"
ルアーブル はどの国にありますか?,"ルアーブルは、**フランス**にあります。 

ルアーブルは、フランスの**南西部**に位置する都市です。",フランス,cities,"The assistant's response is in the same language as the reference and aligns with the reference. The assistant correctly states that Le Havre is in France and provides additional accurate information about its location.

Rating: [[1]]"
サンテティエンヌ はどの国にありますか?,サンテティエンヌは、**フランス**にあります。,フランス,cities,"Response: The assistant's response is in the same language as the reference and aligns with the reference provided.

Rating: [[1]]"
トゥーロン はどの国にありますか?,トゥーロンは**フランス**にあります。,フランス,cities,"Response: The assistant's response is in the same language as the reference and aligns with the reference provided.

Rating: [[1]]"
アンジェ はどの国にありますか?,アンジェは、**フランス**にあります。,フランス,cities,"Response: The assistant's response is in the same language as the reference and aligns with the reference provided.

Rating: [[1]]"
グルノーブル はどの国にありますか?,グルノーブルは**フランス**にあります。,フランス,cities,"Response: The assistant's response is in the same language as the reference and aligns with the reference provided.

Rating: [[1]]"
ディジョン はどの国にありますか?,ディジョンは**フランス**にあります。,フランス,cities,"Response: The assistant's response is in the same language as the reference and aligns with the reference provided.

Rating: [[1]]"
ニーム はどの国にありますか?,ニームはフランスの**南西部**に位置する都市です。,フランス,cities,"The assistant's response is in the same language as the reference and aligns with the reference, as it correctly states that Nîmes is located in the south of France, which can be considered as south-western France.

Rating: [[1]]"
エクスアンプロヴァンス はどの国にありますか?,"エクスアンプロヴァンスは、**フランス**にあります。 

フランスの**フランス語**で「Exempluvant」と表記されます。",フランス,cities,"The assistant's response is in the same language as the reference and aligns with the reference provided.

Rating: [[1]]"
カトマンズ はどの国にありますか?,カトマンズは**ネパール**にあります。,ネパール,cities,"Response: The assistant's response is in the same language as the reference and aligns with the reference provided.

Rating: [[1]]"
ポカラ はどの国にありますか?,"ポカラは、**インド**にあります。 

より詳細な情報が必要な場合は、例えば、ポカラの地理的な位置やポカラの文化について知りたい場合は、具体的に教えてください。",ネパール,cities,"The assistant's response is in the same language as the reference but does not align with the reference provided, as it incorrectly states that Pokhara is in India instead of Nepal.

Rating: [[4]]"
ラリトプル はどの国にありますか?,"ラリトプルは、**インドネシア**にあります。 

ラリトプルは、インドネシアの**スマトラ島**に位置する都市です。",ネパール,cities,"The assistant's response is in the same language as the reference but does not align with the reference provided. The correct answer should be Nepal, not Indonesia.

Rating: [[4]]"
ビラトナガル はどの国にありますか?,"ビラトナガルは、**インド**にあります。 

より正確には、**インドのネパール**にあります。",ネパール,cities,"The assistant's response is in the same language as the reference but does not align with the reference provided. The correct answer should be that Biratnagar is in Nepal, not in India.

Rating: [[4]]"
ジャナクプル はどの国にありますか?,"ジャナクプルは、**インド**にあります。 

ジャナクプルは、インドの**ジャングル**と呼ばれる地域に位置する、**インドの都市**です。",ネパール,cities,"The assistant's response is in the same language as the reference but does not align with the reference provided. The correct answer should be Nepal, not India.

Rating: [[4]]"
ダラン はどの国にありますか?,"ダランは、**フランス**にあります。 

ダランは、フランスの**南西部**に位置する都市です。",ネパール,cities,"The assistant's response is in the same language as the reference but does not align with the reference provided, as it incorrectly states that Daran is in France instead of Nepal.

Rating: [[4]]"
ブトワル はどの国にありますか?,"ブトワルは、**日本**にあります。 

「ブトワル」は、日本の伝統的な菓子です。",ネパール,cities,"The assistant's response is in the same language as the reference but does not align with the reference provided. The correct answer should have been Nepal, not Japan.

Rating: [[4]]"
ビルガンジ はどの国にありますか?,ビルガンジは、**インド**にあります。,ネパール,cities,"The assistant's response is in the same language as the reference but does not align with the reference provided, as the correct answer should be Nepal.

Rating: [[4]]"
ヘタウダ はどの国にありますか?,"ヘタウダは、**日本**にあります。 

「ヘタウダ」は、日本の地名です。",ネパール,cities,"The assistant's response is in the same language as the reference but does not align with the reference provided, as Hetuada is in Nepal, not Japan.

Rating: [[4]]"
ネパールガンジ はどの国にありますか?,"ネパールガンジは、**ネパール**にあります。 

ネパールガンジは、ネパールの首都である**Kathmandu**の近くにある、ネパールで最も重要な都市の一つです。",ネパール,cities,"The assistant's response is in the same language as the reference and aligns with the reference. The assistant correctly states that Nepalgunj is in Nepal and provides additional context about its location and importance.

Rating: [[1]]"
イタハリ はどの国にありますか?,イタハリは **インドネシア** にあります。,ネパール,cities,"The assistant's response is in the same language as the reference but does not align with the reference provided.

Rating: [[4]]"
ダンガディ はどの国にありますか?,"ダングディは、**インドネシア**にあります。 

ダングディは、インドネシアの**スマトラ島**に位置する、小さな島です。",ネパール,cities,"The assistant's response is in the same language as the reference but does not align with the reference provided. The correct answer should be Nepal, not Indonesia.

Rating: [[4]]"
バクタプル はどの国にありますか?,"バクタプルは、**インド**にあります。 

正確には、インドの**マハーラーシュティ**州にある、**バクタプル**という町にあります。",ネパール,cities,"The assistant's response is in the same language as the reference but does not align with the reference provided. The correct answer should be Nepal, not India.

Rating: [[4]]"
トゥルシプル はどの国にありますか?,"トゥルシプルは、**インドネシア**にあります。 

トゥルシプルは、インドネシアの**スマトラ島**に位置する小さな村です。",ネパール,cities,"The assistant's response is in the same language as the reference but does not align with the reference provided, as it incorrectly states that Thulsiapur is in Indonesia instead of Nepal.

Rating: [[4]]"
カライヤ はどの国にありますか?,"カライヤは、**インドネシア**にあります。 

正確には、インドネシアの**バリ島**に位置する、**カライヤ島**です。",ネパール,cities,"The assistant's response is in the same language as the reference but does not align with the reference provided, as it incorrectly states that Karaya is in Indonesia instead of Nepal.

Rating: [[4]]"
ゴラヒ はどの国にありますか?,"ゴラヒは、**インド**にあります。 

ゴラヒは、インドの**ネパール**の北東部にある山岳地帯に位置する都市です。",ネパール,cities,"The assistant's response is in the same language as the reference but does not align with the reference provided. The assistant incorrectly states that Gorahi is in India, while the reference indicates that it is in Nepal.

Rating: [[4]]"
ダマック はどの国にありますか?,ダマックは **フランス** にあります。,ネパール,cities,"The assistant's response is in the same language as the reference but does not align with the reference provided.

Rating: [[4]]"
ラハン はどの国にありますか?,"ラハンは **インド** にあります。 

ラハンはインドの**ネパール**に位置する、**インドの北東部**にある山岳地帯です。",ネパール,cities,"The assistant's response is in the same language as the reference but does not align with the reference provided. The assistant incorrectly states that Lahan is in India, when the reference indicates it should be in Nepal.

Rating: [[4]]"
キルティプル はどの国にありますか?,キルティプルは、**キルギス**にあります。,ネパール,cities,"The assistant's response is in the same language as the reference but does not align with the reference provided.

Rating: [[4]]"
東京 はどの国にありますか?,東京は **日本** にあります。,日本,cities,"The assistant's response is in the same language as the reference and aligns with the reference provided.

Rating: [[1]]"
大阪 はどの国にありますか?,大阪は **日本** にあります。,日本,cities,"The assistant's response is in the same language as the reference and aligns with the reference provided.

Rating: [[1]]"
横浜 はどの国にありますか?,横浜は **日本** にあります。,日本,cities,"The assistant's response is in the same language as the reference and aligns with the reference provided.

Rating: [[1]]"
名古屋 はどの国にありますか?,名古屋は**日本**にあります。,日本,cities,"The assistant's response is in the same language as the reference and aligns with the reference provided.

Rating: [[1]]"
札幌 はどの国にありますか?,札幌は**日本**にあります。,日本,cities,"The assistant's response is in the same language as the reference and aligns with the reference provided.

Rating: [[1]]"
福岡 はどの国にありますか?,福岡は **日本** にあります。,日本,cities,"The assistant's response is in the same language as the reference and aligns with the reference provided.

Rating: [[1]]"
神戸 はどの国にありますか?,神戸は **日本** にあります。,日本,cities,"The assistant's response is in the same language as the reference and aligns with the reference provided.

Rating: [[1]]"
京都 はどの国にありますか?,京都は **日本** にあります。,日本,cities,"The assistant's response is in the same language as the reference and aligns with the reference provided.

Rating: [[1]]"
広島 はどの国にありますか?,広島は**日本**にあります。,日本,cities,"The assistant's response is in the same language as the reference and aligns with the reference provided.

Rating: [[1]]"
仙台 はどの国にありますか?,"仙台は**日本**にあります。 

より詳しく言うと、**宮城県**の都道府県です。",日本,cities,"The assistant's response is in the same language as the reference and aligns with the reference provided. The assistant correctly states that Sendai is in Japan and provides additional information that it is in Miyagi Prefecture.

Rating: [[1]]"
北九州 はどの国にありますか?,"北九州は **日本** にあります。 

正確には、福岡県に位置しています。",日本,cities,"The assistant's response is in the same language as the reference and aligns with the reference provided.

Rating: [[1]]"
千葉 はどの国にありますか?,千葉県は **日本** にあります。,日本,cities,"The assistant's response is in the same language as the reference and aligns with the reference provided.

Rating: [[1]]"
堺 はどの国にありますか?,"堺は、**日本**にあります。 

より具体的に言うと、**大阪府**に位置する都市です。",日本,cities,"The assistant's response is in the same language as the reference and aligns with the reference provided.

Rating: [[1]]"
静岡 はどの国にありますか?,静岡県は **日本** にあります。,日本,cities,"The assistant's response is in the same language as the reference and aligns with the reference provided.

Rating: [[1]]"
岡山 はどの国にありますか?,岡山県は **日本** にあります。,日本,cities,"The assistant's response is in the same language as the reference and aligns with the reference provided.

Rating: [[1]]"
浜松 はどの国にありますか?,"浜松は**日本**にあります。 

より具体的に言うと、**静岡県**に位置しています。",日本,cities,"The assistant's response is in the same language as the reference and aligns with the reference provided. The assistant correctly states that Hamamatsu is in Japan and provides additional information that it is located in Shizuoka Prefecture.

Rating: [[1]]"
鹿児島 はどの国にありますか?,鹿児島は **日本** にあります。,日本,cities,"Response: The assistant's response is in the same language as the reference and aligns with the reference provided.

Rating: [[1]]"
新潟 はどの国にありますか?,新潟は**日本**にあります。,日本,cities,"The assistant's response is in the same language as the reference and aligns with the reference provided.

Rating: [[1]]"
松山 はどの国にありますか?,"松山は**日本**にあります。 

より具体的に言うと、**愛媛県**に位置しています。",日本,cities,"The assistant's response is in the same language as the reference and aligns with the reference provided. The assistant also provides additional relevant information, which is a positive aspect.

Rating: [[1]]"
那覇 はどの国にありますか?,那覇は **沖縄県** にあります。,日本,cities,"Response: The assistant's response is in the same language and aligns with the reference provided, as it correctly states that Naha is in Okinawa Prefecture, which is part of Japan.

Rating: [[1]]"
キエフ はどの国にありますか?,キエフは**ウクライナ**にあります。,ウクライナ,cities,"Response: The assistant's response is in the same language as the reference and aligns with the reference provided.

Rating: [[1]]"
ハリコフ はどの国にありますか?,ハリコフは**ロシア**にあります。,ウクライナ,cities,"The assistant's response is in the same language as the reference but does not align with the reference provided, as Kharkiv (ハリコフ) is in Ukraine (ウクライナ), not Russia (ロシア).

Rating: [[4]]"
オデッサ はどの国にありますか?,オデッサは、**ウクライナ**にあります。,ウクライナ,cities,"The assistant's response is in the same language as the reference and aligns with the reference provided.

Rating: [[1]]"
ドニプロ はどの国にありますか?,ドニプロは、**ウクライナ**にあります。,ウクライナ,cities,"The assistant's response is in the same language as the reference and aligns with the reference provided.

Rating: [[1]]"
ドネツク はどの国にありますか?,ドネツクは**ウクライナ**にあります。,ウクライナ,cities,"Response: The assistant's response is in the same language as the reference and aligns with the reference provided.

Rating: [[1]]"
ザポリージャ はどの国にありますか?,ザポリージャは**ウクライナ**にあります。,ウクライナ,cities,"The assistant's response is in the same language as the reference and aligns with the reference provided.

Rating: [[1]]"
リヴィウ はどの国にありますか?,リヴィウは**ウクライナ**にあります。,ウクライナ,cities,"The assistant's response is in the same language as the reference and aligns with the reference provided.

Rating: [[1]]"
クリヴィー・リフ はどの国にありますか?,クリヴィー・リフは、**フランス**にあります。,ウクライナ,cities,"The assistant's response is in the same language as the reference but does not align with the reference provided.

Rating: [[4]]"
ミコライウ はどの国にありますか?,ミコライウは**ウクライナ**にあります。,ウクライナ,cities,"The assistant's response is in the same language as the reference and aligns with the reference provided.

Rating: [[1]]"
マリウポリ はどの国にありますか?,マリウポリは**ウクライナ**にあります。,ウクライナ,cities,"Response: The assistant's response is in the same language as the reference and aligns with the reference provided.

Rating: [[1]]"
ヴィーンヌィツャ はどの国にありますか?,ヴィーンヌィツャは、**ウクライナ**にあります。,ウクライナ,cities,"Response: The assistant's response is in the same language as the reference and aligns with the reference provided.

Rating: [[1]]"
ヘルソン はどの国にありますか?,ヘルソンは、**フィンランド**にあります。,ウクライナ,cities,"The assistant's response is in the same language as the reference but does not align with the reference provided.

Rating: [[4]]"
ポルタヴァ はどの国にありますか?,ポルタヴァは、**イタリア**にあります。,ウクライナ,cities,"The assistant's response is in the same language as the reference but does not align with the reference provided.

Rating: [[4]]"
チェルニヒウ はどの国にありますか?,チェルニヒウは**ウクライナ**にあります。,ウクライナ,cities,"Response: The assistant's response is in the same language as the reference and aligns with the reference provided.

Rating: [[1]]"
スミ はどの国にありますか?,"スミは、**スミ**という国はありません。 

もしかしたら、**スミ**という名前の場所や組織について間違えている可能性があります。 

もし、何か具体的な情報があれば教えてください。 例えば、

* スミの名前の由来
* スミに関する記事や情報
* スミの場所に関する情報


より詳しい情報があれば、適切な回答ができます。",ウクライナ,cities,"The assistant's response is in the same language as the reference and the question, but it does not align with the reference provided. The reference is ""ウクライナ"" (Ukraine), and the question asks about the country where ""スミ"" (Sumy) is located. The assistant should have stated that Sumy is a city in Ukraine. Instead, the assistant provides a generic response indicating that ""Sumy"" is not a country and asks for more information, which is not aligned with the reference.

Rating: [[4]]"
チェルニウツィ はどの国にありますか?,チェルニウツィは**ウクライナ**にあります。,ウクライナ,cities,"Response: The assistant's response is in the same language as the reference and aligns with the reference provided.

Rating: [[1]]"
ジトーミル はどの国にありますか?,"ジトーミルは**フランス**にあります。 

より正確には、**フランスの南西部、アルプ山脈の麓にある**、**フランスの地域**です。",ウクライナ,cities,"The assistant's response is in the same language as the reference but does not align with the reference provided. The correct answer should be Ukraine, not France.

Rating: [[4]]"
クレメンチューク はどの国にありますか?,"クレメンチュークは、**フランス**にあります。 

フランスの**南西部**に位置する、**フランスの地域**です。",ウクライナ,cities,"The assistant's response is in the same language as the reference but does not align with the reference provided, as it incorrectly states that Клементюк (Klementyuk) is in France instead of Ukraine.

Rating: [[4]]"
イヴァーノ＝フランキーウシク はどの国にありますか?,イヴァーノ＝フランキーウシクは**ウクライナ**にあります。,ウクライナ,cities,"The assistant's response is in the same language as the reference and aligns with the reference provided.

Rating: [[1]]"
テルノピリ はどの国にありますか?,"テルノピリは、**イタリア**にあります。 

正確には、**イタリアの県**である**アッティラ県**にあります。",ウクライナ,cities,"The assistant's response is in the same language as the reference but does not align with the reference provided. The correct answer should be Ukraine, not Italy.

Rating: [[4]]"
アテネ はどの国にありますか?,アテネは **ギリシャ** にあります。,ギリシャ,cities,"The assistant's response is in the same language as the reference and aligns with the reference provided.

Rating: [[1]]"
テッサロニキ はどの国にありますか?,テッサロニキは、**ギリシャ**にあります。,ギリシャ,cities,"Response: The assistant's response is in the same language as the reference and aligns with the reference provided.

Rating: [[1]]"
パトラス はどの国にありますか?,"パトラスは、**フランス**にあります。 

パトラスは、フランスの**パリ**にある、フランスの高級ブランドの香水会社です。",ギリシャ,cities,"The assistant's response is in the same language as the reference but does not align with the reference provided. The correct answer should be that Patras is in Greece, not France.

Rating: [[4]]"
イラクリオン はどの国にありますか?,"イラクリオンは、**ギリシャ**にあります。 

イラクリオンは、古代ギリシャの都市であり、現在のギリシャの**アテネ**の近くにあります。",ギリシャ,cities,"The assistant's response is in the same language as the reference and aligns with the reference, but it contains an inaccuracy by stating that Iraklion is near Athens, which is not correct. However, the primary question about the country is answered correctly. Given the criteria, the response should still be rated based on its alignment with the reference, not the additional information.

Rating: [[1]]"
ラリサ はどの国にありますか?,"ラリサは、**フランス**にあります。 

ラリサは、フランスの**南西部**に位置する都市です。",ギリシャ,cities,"The assistant's response is in the same language as the reference but does not align with the reference provided, as it incorrectly states that Larissa is in France instead of Greece.

Rating: [[4]]"
ヴォロス はどの国にありますか?,ヴォロスは、**ギリシャ**にあります。,ギリシャ,cities,"The assistant's response is in the same language as the reference and aligns with the reference provided.

Rating: [[1]]"
ロードス はどの国にありますか?,"ロードスは、**スウェーデン**にあります。 

ロードスは、スウェーデンの北部に位置する、小さな島です。",ギリシャ,cities,"The assistant's response is in the same language as the reference but does not align with the reference provided, as Rhodes is not in Sweden but in Greece.

Rating: [[4]]"
イオアニナ はどの国にありますか?,イオアニナは、**イタリア**にあります。,ギリシャ,cities,"The assistant's response is in the same language as the reference but does not align with the reference provided, as Ioannina is in Greece, not Italy.

Rating: [[4]]"
ハニア はどの国にありますか?,ハニアは **フィンランド** にあります。,ギリシャ,cities,"The assistant's response is in the same language as the reference but does not align with the reference provided.

Rating: [[4]]"
カラマタ はどの国にありますか?,"カラマタは、**インドネシア**にあります。 

カラマタは、インドネシアの**スマトラ島**に位置する、**インドネシアの都市**です。",ギリシャ,cities,"The assistant's response is in the same language as the reference but does not align with the reference provided, as it incorrectly states that Kalamata is in Indonesia instead of Greece.

Rating: [[4]]"
セレス はどの国にありますか?,"セレスは、**フランス**にあります。 

セレスは、フランスの**南西部**に位置する小さな村です。",ギリシャ,cities,"The assistant's response is in the same language as the reference but does not align with the reference provided, as it incorrectly states that Ceres is in France instead of Greece.

Rating: [[4]]"
アレクサンドルーポリ はどの国にありますか?,アレクサンドルーポリは、**ギリシャ**にあります。,ギリシャ,cities,"The assistant's response is in the same language as the reference and aligns with the reference provided.

Rating: [[1]]"
カヴァラ はどの国にありますか?,"カヴァラは、**インド**にあります。 

より具体的に言うと、カヴァラはインドの**マハーラーシュトラ州**にあります。",ギリシャ,cities,"The assistant's response is in the same language as the reference but does not align with the reference provided. The correct answer should be that Kavala is in Greece, not India.

Rating: [[4]]"
アグリニオ はどの国にありますか?,アグリニオは**イタリア**にあります。,ギリシャ,cities,"The assistant's response is in the same language as the reference but does not align with the reference provided.

Rating: [[4]]"
カテリニ はどの国にありますか?,カテリニは、**イタリア**にあります。,ギリシャ,cities,"The assistant's response is in the same language as the reference but does not align with the reference provided.

Rating: [[4]]"
トリカラ はどの国にありますか?,"トリカラは、**インドネシア**にあります。 

正確には、インドネシアの**バリ島**に位置する、**バリ島**の**東部**にあります。",ギリシャ,cities,"The assistant's response is in the same language as the reference but does not align with the reference provided, as it incorrectly states that Tricara is in Indonesia instead of Greece.

Rating: [[4]]"
ヴェリア はどの国にありますか?,"ヴェリアは、**イタリア**にあります。 

より詳細な情報が必要でしたら、教えてください。",ギリシャ,cities,"The assistant's response is in the same language as the reference but does not align with the reference provided, as it incorrectly states that Veria is in Italy instead of Greece.

Rating: [[4]]"
キルキス はどの国にありますか?,"キルキスは、**ロシア**にあります。 

より正確には、**ロシアのウクライナ東部**に位置しています。",ギリシャ,cities,"The assistant's response is in the same language as the reference but does not align with the reference provided. The reference is ""ギリシャ"" (Greece), but the assistant states that Kirghiz is in Russia, which is incorrect.

Rating: [[4]]"
ナフプリオ はどの国にありますか?,ナフプリオは、**イタリア**にあります。,ギリシャ,cities,"The assistant's response is in the same language as the reference but does not align with the reference provided.

Rating: [[4]]"
イスタンブール はどの国にありますか?,イスタンブールは **トルコ** にあります。,七面鳥,cities,"Response: The assistant's response is in the same language as the reference and aligns with the reference.

Rating: [[1]]"
アンカラ はどの国にありますか?,アンカラは**トルコ**にあります。,七面鳥,cities,"Response: The assistant's response is in the same language as the reference and aligns with the reference.

Rating: [[1]]"
イズミル はどの国にありますか?,イズミルは、**トルコ**にあります。,七面鳥,cities,"The assistant's response is in the same language as the reference and aligns with the reference.

Rating: [[1]]"
ブルサ はどの国にありますか?,"ブルサは、**インドネシア**にあります。 

正確には、インドネシアの**西サマール州**に位置しています。",七面鳥,cities,"The assistant's response is in the same language as the reference but does not align with the reference provided. Bursa is a city in Turkey, not Indonesia.

Rating: [[4]]"
アダナ はどの国にありますか?,アダナは**インドネシア**にあります。,七面鳥,cities,"The assistant's response is in the same language as the reference but does not align with the reference provided.

Rating: [[4]]"
ガズィアンテプ はどの国にありますか?,"ガズィアンテプは、**イタリア**にあります。 

正確には、**イタリアの** **アッティラ県** にあります。",七面鳥,cities,"The assistant's response is in the same language as the reference but does not align with the reference provided. The correct answer should be Turkey, not Italy.

Rating: [[4]]"
コンヤ はどの国にありますか?,"コンヤは、**インドネシア**にあります。 

より詳しく説明すると、コンヤはインドネシアの**西ジャワ州**に位置する都市です。",七面鳥,cities,"The assistant's response is in the same language (Japanese) but does not align with the reference provided. The reference is ""七面鳥"" which translates to ""turkey"" in English, and the question asks about the location of ""コンヤ"" (Konya), which is a city in Turkey, not Indonesia. The assistant's answer is incorrect and unrelated to the reference.

Rating: [[4]]"
アンタルヤ はどの国にありますか?,アンタルヤは、**トルコ**にあります。,七面鳥,cities,"Response: The assistant's response is in the same language as the reference and aligns with the reference.

Rating: [[1]]"
カイセリ はどの国にありますか?,"カイセリは、**トルコ**にあります。 

カイセリは、トルコの**イスタンブール**の郊外にある、トルコ最大の都市である**カイセリ**という都市です。",七面鳥,cities,"The assistant's response is in the same language as the reference and aligns with the reference, but it contains some inaccuracies. The response correctly states that Kaysari (カイセリ) is in Turkey (トルコ), but it incorrectly states that Kaysari is in Istanbul's suburbs and is the largest city in Turkey, which is not true. Despite these inaccuracies, the core answer is correct.

Rating: [[1]]"
メルスィン はどの国にありますか?,"メルスィンは、**ロシア**にあります。 

より正確には、**ロシアのウクライナ東部**に位置する都市です。",七面鳥,cities,"The assistant's response is in the same language as the reference but does not align with the reference provided. The reference is about a turkey (七面鳥), while the question asks about the location of a city called Mersin. The assistant incorrectly states that Mersin is in Russia, which is unrelated to both the reference and the correct location of Mersin, which is in Turkey.

Rating: [[4]]"
ディヤルバクル はどの国にありますか?,"ディヤルバクルは、**インドネシア**にあります。 

正確には、インドネシアの**バリ島**にある、**ディヤルバクル**という町にあります。",七面鳥,cities,"The assistant's response is in the same language as the reference but does not align with the reference provided. The correct answer should be Turkey, not Indonesia.

Rating: [[4]]"
エディルネ はどの国にありますか?,エディルネは、**フランス**にあります。,七面鳥,cities,"The assistant's response is in the same language as the reference but does not align with the reference provided.

Rating: [[4]]"
マラティヤ はどの国にありますか?,"マラティヤは、**アフリカ大陸の西海岸に位置する、イギリスの植民地**です。 

より詳しく説明すると、マラティヤは、**アフリカの西海岸に位置する、イギリスの植民地**です。 

* **地理的位置:**  アフリカ大陸の西海岸に位置し、ヨーロッパとアフリカの境界線に位置しています。
* **歴史:**  16世紀にスペインの植民地として設立され、1968年に独立しました。
* **言語:**  英語とマラティヤ語が公用語です。
* **文化:**",七面鳥,cities,"The assistant's response is in the same language as the reference but does not align with the reference provided. The reference is a single word, ""七面鳥"" (which means ""turkey"" in Japanese), and the question asks about the location of ""マラティヤ"" (which seems to be a misspelling of ""Malta"" or another place). The assistant's response provides detailed information about a fictional place called ""マラティヤ"" (Malatiya) in Africa, which is unrelated to both the reference and the question.

Rating: [[4]]"
マニサ はどの国にありますか?,マニサは、**インドネシア**にあります。,七面鳥,cities,"The assistant's response is in the same language as the reference but does not align with the reference provided, as the reference is about ""七面鳥"" (a type of bird) and the question is about the location of Manisa, which is in Turkey, not Indonesia.

Rating: [[4]]"
トラブゾン はどの国にありますか?,"トラブゾンは、**インドネシア**にあります。 

正確には、インドネシアの**バリ島**に位置する、**トラブゾン島**です。",七面鳥,cities,"The assistant's response is in the same language as the reference but does not align with the reference provided. The reference is about a turkey (七面鳥), while the question asks about the location of Trabzon, and the assistant incorrectly states that Trabzon is in Indonesia.

Rating: [[4]]"
サムスン はどの国にありますか?,サムスンは**韓国**にあります。,七面鳥,cities,"Response: The assistant's response is in the same language as the reference and aligns with the reference.

Rating: [[1]]"
デニズリ はどの国にありますか?,"デニズリは、**イタリア**にあります。 

より正確には、**イタリアの北部に位置する、イタリアの県である** **アッティラ県**にあります。",七面鳥,cities,"The assistant's response is in the same language as the reference but does not align with the reference provided. The correct answer should be Turkey, not Italy.

Rating: [[4]]"
エスキシェヒル はどの国にありますか?,エスキシェヒルは、**スウェーデン**にあります。,七面鳥,cities,"The assistant's response is in the same language as the reference but does not align with the reference provided, as Eskisehir is in Turkey, not Sweden.

Rating: [[4]]"
ハタイ はどの国にありますか?,"ハタイは、**タイ**にあります。 

ハタイは、タイの**南東部**に位置する、タイの都市です。",七面鳥,cities,"The assistant's response is in the same language as the reference and aligns with the reference, providing accurate information about the location of Hat Yai in Thailand.

Rating: [[1]]"
コジャエリ はどの国にありますか?,コジャエリは、**スウェーデン**にあります。,七面鳥,cities,"The assistant's response is in the same language as the reference but does not align with the reference provided, as the reference is about ""七面鳥"" (a type of bird) and the question is about the location of ""コジャエリ"" (a place).

Rating: [[4]]"
ナイロビ はどの国にありますか?,ナイロビは **ケニア** にあります。,ケニア,cities,"Response: The assistant's response is in the same language as the reference and aligns with the reference provided.

Rating: [[1]]"
モンバサ はどの国にありますか?,"モンバサは、**フランス**にあります。 

より詳しく説明すると、モンバサはフランスの**南西部**に位置する都市です。",ケニア,cities,"The assistant's response is in the same language (Japanese) but does not align with the reference provided. The correct answer should be Kenya, not France.

Rating: [[4]]"
キスム はどの国にありますか?,"キスムは、**日本**にあります。 

キスムは、日本の伝統的な文化であり、主に**沖縄県**で広く知られています。 

キスムは、沖縄の伝統的な音楽、踊り、衣装、料理など、沖縄の文化を表現するものです。 

もし、キスムについてもっと詳しく知りたい場合は、以下のようなキーワードで検索してみてください。

* キスム 沖縄
* キスム 文化
* キスム 伝統
* キスム 踊り 
* キスム 音楽 
* キスム 料理",ケニア,cities,"The assistant's response is in the same language as the reference but does not align with the reference provided. The answer is incorrect and unrelated to the reference, as Kisumu is a city in Kenya, not a cultural aspect of Japan.

Rating: [[4]]"
ナクル はどの国にありますか?,"ナクルは、**インドネシア**にあります。 

正確には、インドネシアの**バリ島**に位置しています。",ケニア,cities,"The assistant's response is in the same language as the reference but does not align with the reference provided. The correct answer should be Kenya, not Indonesia.

Rating: [[4]]"
エルドレット はどの国にありますか?,"エルドレットは、**イギリス**にあります。 

より具体的に言うと、**ウェスト・ミドル・ヨークシャー**の**エルドレット**という町にあります。",ケニア,cities,"The assistant's response is in the same language as the reference but does not align with the reference provided, as it incorrectly states that Eldoret is in the United Kingdom instead of Kenya.

Rating: [[4]]"
ティカ はどの国にありますか?,ティカは**タイ**にあります。,ケニア,cities,"The assistant's response is in the same language as the reference but does not align with the reference provided.

Rating: [[4]]"
キタレ はどの国にありますか?,"キタレは**フランス**にあります。 

フランスの**南西部**に位置する、**フランスの地域**です。",ケニア,cities,"The assistant's response is in the same language as the reference but does not align with the reference provided. The correct answer should have been Kenya, not France.

Rating: [[4]]"
マリンディ はどの国にありますか?,マリンディは、**インドネシア**にあります。,ケニア,cities,"The assistant's response is in the same language as the reference but does not align with the reference provided.

Rating: [[4]]"
ガリッサ はどの国にありますか?,"ガリッサは、**イタリア**にあります。 

より正確には、**イタリアのシチリア島**にあります。",ケニア,cities,"The assistant's response is in the same language as the reference but does not align with the reference provided. The correct answer should be Kenya, not Italy.

Rating: [[4]]"
ニエリ はどの国にありますか?,"ニエリは**フランス**にあります。 

ニエリは、フランスの**南西部**に位置する都市です。",ケニア,cities,"The assistant's response is in the same language as the reference but does not align with the reference provided, as Nierí is actually located in Kenya, not France.

Rating: [[4]]"
メル はどの国にありますか?,"メルは**フランス**にあります。 

「メル」は、フランス語で「**メル・ド・フランス**」を意味する。 

何か他に質問がありますか？",ケニア,cities,"The assistant's response is in the same language as the reference but does not align with the reference provided. The reference is ""ケニア"" (Kenya), and the assistant incorrectly states that ""メル"" is in France.

Rating: [[4]]"
マチャコス はどの国にありますか?,マチャコスは、**メキシコ**にあります。,ケニア,cities,"The assistant's response is in the same language as the reference but does not align with the reference provided.

Rating: [[4]]"
エンブ はどの国にありますか?,"エンブは、**フランス**にあります。 

エンブは、フランスの**南西部**に位置する小さな町です。",ケニア,cities,"The assistant's response is in the same language as the reference but does not align with the reference provided, as Embu is located in Kenya, not France.

Rating: [[4]]"
カカメガ はどの国にありますか?,"カカメガは**日本**にあります。 

正確には、**東京都**にある、**東京都港区**にあります。",ケニア,cities,"The assistant's response is in the same language as the reference but does not align with the reference provided.

Rating: [[4]]"
ケリチョ はどの国にありますか?,"ケリチョは、**インドネシア**にあります。 

ケリチョは、インドネシアの**スマトラ島**に位置する小さな村です。",ケニア,cities,"The assistant's response is in the same language as the reference but does not align with the reference provided, as Kericho is located in Kenya, not Indonesia.

Rating: [[4]]"
ナンユキ はどの国にありますか?,"ナンユキは、**日本**にあります。 

「ナンユキ」は、日本の地名です。",ケニア,cities,"The assistant's response is in the same language (Japanese) but does not align with the reference provided, which is Kenya.

Rating: [[4]]"
ヴォイ はどの国にありますか?,"ヴォイは、**フランス**にあります。 

ヴォイは、フランスの**南西部**に位置する都市です。",ケニア,cities,"The assistant's response is in the same language as the reference but does not align with the reference provided, as it incorrectly states that Vois is in France instead of Kenya.

Rating: [[4]]"
ラム はどの国にありますか?,"ラムは、**ラム**という名前の動物や、ラムという名前の食品は、世界中に存在します。

**ラム**という名前の動物は、主に**アジア**、**アフリカ**、**南米**に分布しています。

**ラム**という名前の食品は、主に**アジア**、**ヨーロッパ**、**北米**に分布しています。

より具体的な情報が必要な場合は、どのようなラムについて知りたいか教えてください。",ケニア,cities,"The assistant's response is in the same language as the reference but does not align with the reference provided. The question asks about the country where ""ラム"" (Ram) is located, and the reference is ""ケニア"" (Kenya). The assistant's response talks about the distribution of animals and food named ""ラム"" (Ram) but does not mention Kenya.

Rating: [[4]]"
ナイバシャ はどの国にありますか?,ナイバシャは、**カナダ**にあります。,ケニア,cities,"The assistant's response is in the same language as the reference but does not align with the reference provided.

Rating: [[4]]"
イシオロ はどの国にありますか?,イシオロは**イタリア**にあります。,ケニア,cities,"The assistant's response is in the same language as the reference but does not align with the reference provided.

Rating: [[4]]"
バンコク はどの国にありますか?,バンコクは**タイ**にあります。,タイ,cities,"The assistant's response is in the same language as the reference and aligns with the reference provided.

Rating: [[1]]"
チェンマイ はどの国にありますか?,チェンマイはタイにあります。,タイ,cities,"Response: The assistant's response is in the same language as the reference and aligns with the reference provided.

Rating: [[1]]"
パタヤ はどの国にありますか?,パタヤはタイにあります。,タイ,cities,"Response: The assistant's response is in the same language as the reference and aligns with the reference provided.

Rating: [[1]]"
プーケット はどの国にありますか?,プーケットはタイにあります。,タイ,cities,"Response: The assistant's response is in the same language as the reference and aligns with the reference provided.

Rating: [[1]]"
ナコンラチャシマ はどの国にありますか?,ナコンラチャシマは、**タイ**にあります。,タイ,cities,"The assistant's response is in the same language as the reference and aligns with the reference provided.

Rating: [[1]]"
ハートヤイ はどの国にありますか?,ハートヤイは、**インドネシア**にあります。,タイ,cities,"The assistant's response is in the same language as the reference but does not align with the reference provided, as Hat Yai is located in Thailand, not Indonesia.

Rating: [[4]]"
ウドンタニ はどの国にありますか?,ウドンタニは、**タイ**にあります。,タイ,cities,"The assistant's response is in the same language as the reference and aligns with the reference provided.

Rating: [[1]]"
コンケン はどの国にありますか?,"コンケンは、**中国**にあります。 

具体的には、**中国の四川省**に位置しています。",タイ,cities,"The assistant's response is in the same language as the reference but does not align with the reference provided, as the reference is ""タイ"" (Thailand), and the assistant's answer is about China.

Rating: [[4]]"
スラタニ はどの国にありますか?,"スラタニは、**インドネシア**にあります。 

スラタニは、インドネシアの**スラタニ州**に位置する都市です。",タイ,cities,"The assistant's response is in the same language as the reference but does not align with the reference provided, as the correct answer should be Thailand (タイ).

Rating: [[4]]"
チェンライ はどの国にありますか?,チェンライは、**タイ**にあります。,タイ,cities,"Response: The assistant's response is in the same language as the reference and aligns with the reference provided.

Rating: [[1]]"
ピッサヌローク はどの国にありますか?,"ピッサヌロークは、**フランス**にあります。 

フランスの**南西部**に位置する、**フランスの地域**です。",タイ,cities,"The assistant's response is in the same language as the reference but does not align with the reference provided, as it incorrectly states that Phitsanulok is in France instead of Thailand.

Rating: [[4]]"
スコータイ はどの国にありますか?,"スコータイは、**タイ**にあります。 

スコータイは、タイの北部にある、タイの地理的な位置を示す言葉です。",タイ,cities,"Response: The assistant's response is in the same language as the reference and aligns with the reference provided.

Rating: [[1]]"
ナコンシータマラート はどの国にありますか?,ナコンシータマラートは、**タイ**にあります。,タイ,cities,"Response: The assistant's response is in the same language as the reference and aligns with the reference provided.

Rating: [[1]]"
フアヒン はどの国にありますか?,"フアヒンは**タイ**にあります。 

フアヒンはタイの**北部**に位置する、**タイの都市**です。",タイ,cities,"The assistant's response is in the same language as the reference and aligns with the reference provided. The assistant correctly states that Hua Hin is in Thailand and provides additional accurate information about its location.

Rating: [[1]]"
メーソット はどの国にありますか?,"メーソットは、**フランス**にあります。 

フランスの**南西部**に位置する、**フランスの地域**です。",タイ,cities,"The assistant's response is in the same language as the reference but does not align with the reference provided, as the reference is ""タイ"" (Thailand) and the assistant's answer is about France.

Rating: [[4]]"
ラチャブリ はどの国にありますか?,"ラチャブリは、**インド**にあります。 

ラチャブリは、インドの**ネパール**に位置する都市です。",タイ,cities,"The assistant's response is in the same language as the reference but does not align with the reference provided. The correct answer should be that Ratchaburi is in Thailand, not India or Nepal.

Rating: [[4]]"
カンチャナブリ はどの国にありますか?,カンチャナブリは、**タイ**にあります。,タイ,cities,"Response: The assistant's response is in the same language as the reference and aligns with the reference provided.

Rating: [[1]]"
ウボンラチャタニ はどの国にありますか?,ウボンラチャタニは、**タイ**にあります。,タイ,cities,"Response: The assistant's response is in the same language as the reference and aligns with the reference provided.

Rating: [[1]]"
サムットプラカン はどの国にありますか?,サムットプラカンはタイにあります。,タイ,cities,"Response: The assistant's response is in the same language as the reference and aligns with the reference provided.

Rating: [[1]]"
プラチュワップキリカン はどの国にありますか?,"プラチュワップキリカンは、**フィリピン**にあります。 

正確には、**フィリピン共和国**の**バタビアン島**に位置しています。",タイ,cities,"The assistant's response is in the same language as the reference but does not align with the reference provided, as it incorrectly states that Prachuap Khiri Khan is in the Philippines instead of Thailand.

Rating: [[4]]"
ジョージ・ワシントン はどの国からですか?,ジョージ・ワシントンは **アメリカ合衆国** の出身です。,アメリカ合衆国,politicians,"Response: The assistant's response is in the same language as the reference and aligns with the reference provided.

Rating: [[1]]"
エイブラハム・リンカーン はどの国からですか?,エイブラハム・リンカーンは、**アメリカ合衆国**からでした。,アメリカ合衆国,politicians,"The assistant's response is in the same language as the reference and aligns with the reference provided.

Rating: [[1]]"
フランクリン・D・ルーズベルト はどの国からですか?,フランクリン・D・ルーズベルトは **アメリカ合衆国** からでした。,アメリカ合衆国,politicians,"The assistant's response is in the same language as the reference and aligns with the reference provided.

Rating: [[1]]"
バラク・オバマ はどの国からですか?,バラク・オバマはアメリカ合衆国出身です。,アメリカ合衆国,politicians,"Response: The assistant's response is in the same language as the reference and aligns with the reference provided.

Rating: [[1]]"
ドナルド・トランプ はどの国からですか?,ドナルド・トランプはアメリカ合衆国出身です。,アメリカ合衆国,politicians,"Response: The assistant's response is in the same language as the reference and aligns with the reference provided.

Rating: [[1]]"
ジョー・バイデン はどの国からですか?,ジョー・バイデンはアメリカ合衆国出身です。,アメリカ合衆国,politicians,"Response: The assistant's response is in the same language as the reference and aligns with the reference provided.

Rating: [[1]]"
トーマス・ジェファーソン はどの国からですか?,トーマス・ジェファーソンは **アメリカ合衆国** からでした。,アメリカ合衆国,politicians,"The assistant's response is in the same language as the reference and aligns with the reference provided.

Rating: [[1]]"
セオドア・ルーズベルト はどの国からですか?,セオドア・ルーズベルトは **アメリカ合衆国** からでした。,アメリカ合衆国,politicians,"The assistant's response is in the same language as the reference and aligns with the reference provided.

Rating: [[1]]"
ジョン・F・ケネディ はどの国からですか?,ジョン・F・ケネディは **アメリカ合衆国** からでした。,アメリカ合衆国,politicians,"Response: The assistant's response is in the same language as the reference and aligns with the reference provided.

Rating: [[1]]"
ウッドロウ・ウィルソン はどの国からですか?,ウッドロウ・ウィルソンは、**アメリカ合衆国**出身です。,アメリカ合衆国,politicians,"The assistant's response is in the same language as the reference and aligns with the reference provided.

Rating: [[1]]"
マハトマ・ガンジー はどの国からですか?,マハトマ・ガンジーは、**インド**からでした。,インド,politicians,"Response: The assistant's response is in the same language as the reference and aligns with the reference provided.

Rating: [[1]]"
ジャワハルラール・ネルー はどの国からですか?,ジャワハルラール・ネルーは、**インドネシア**からでした。,インド,politicians,"The assistant's response is in the same language as the reference but does not align with the reference provided, as it incorrectly states that Jawaharlal Nehru is from Indonesia instead of India.

Rating: [[4]]"
インディラ・ガンディー はどの国からですか?,インディラ・ガンディーは、**インド**からでした。,インド,politicians,"Response: The assistant's response is in the same language as the reference and aligns with the reference provided.

Rating: [[1]]"
ナレンドラ・モディ はどの国からですか?,ナレンドラ・モディはインドからいます。,インド,politicians,"Response: The assistant's response is in the same language as the reference and aligns with the reference provided.

Rating: [[1]]"
ラジブ・ガンディー はどの国からですか?,ラジブ・ガンディーは**インド**からいます。,インド,politicians,"The assistant's response is in the same language as the reference and aligns with the reference provided.

Rating: [[1]]"
サルダール・ヴァッラブバーイー・パテル はどの国からですか?,サルダール・ヴァッラブバーイー・パテルは、**インド**からいます。,インド,politicians,"Response: The assistant's response is in the same language as the reference and aligns with the reference provided.

Rating: [[1]]"
B.R. アンベードカル博士 はどの国からですか?,B.R. アンベードカル博士は、**インド**出身です。,インド,politicians,"Response: The assistant's response is in the same language as the reference and aligns with the reference provided.

Rating: [[1]]"
アタル・ビハリ・ヴァジパイ はどの国からですか?,アタル・ビハリ・ヴァジパイは、**インド**の出身です。,インド,politicians,"Response: The assistant's response is in the same language as the reference and aligns with the reference provided.

Rating: [[1]]"
マンモハン・シン はどの国からですか?,マンモハン・シンは、**インド**からいます。,インド,politicians,"The assistant's response is in the same language as the reference and aligns with the reference provided.

Rating: [[1]]"
ラル・バハドゥル・シャストリ はどの国からですか?,ラル・バハドゥル・シャストリは、**インド**からいます。,インド,politicians,"The assistant's response is in the same language as the reference and aligns with the reference provided.

Rating: [[1]]"
毛沢東 はどの国からですか?,毛沢東は **中国** の出身です。,中国,politicians,"Response: The assistant's response is in the same language as the reference and aligns with the reference provided.

Rating: [[1]]"
鄧小平 はどの国からですか?,"鄧小平は、**中国**からでした。 

彼は中国の政治家であり、1978年から1989年まで中国の指導者として知られています。",中国,politicians,"The assistant's response is in the same language as the reference and aligns with the reference provided.

Rating: [[1]]"
習近平 はどの国からですか?,Xi Jinping は **中国** の出身です。,中国,politicians,"Response: The assistant's response is in the same language as the reference and aligns with the reference provided.

Rating: [[1]]"
周恩来 はどの国からですか?,周恩来は、**中国**出身です。,中国,politicians,"The assistant's response is in the same language as the question and aligns with the reference provided.

Rating: [[1]]"
胡錦濤 はどの国からですか?,胡錦濤は、**中国**からいます。,中国,politicians,"Response: The assistant's response is in the same language as the question and aligns with the reference provided.

Rating: [[1]]"
江沢民 はどの国からですか?,江沢民は**日本**からいます。 彼は日本の政治家であり、元首相です。,中国,politicians,"The assistant's response is in the same language as the reference but does not align with the reference provided, as it incorrectly states that Jiang Zemin is from Japan instead of China.

Rating: [[4]]"
孫文 はどの国からですか?,孫文は中国からいます。 彼は中国の政治家、思想家、革命家です。,中国,politicians,"Response: The assistant's response is in the same language as the reference and aligns with the reference provided.

Rating: [[1]]"
李克強 はどの国からですか?,李克強は中国の政治家です。,中国,politicians,"Response: The assistant's response is in the same language as the reference and aligns with the reference provided.

Rating: [[1]]"
温家宝 はどの国からですか?,温家宝は **中国** の出身です。,中国,politicians,"The assistant's response is in the same language as the question and aligns with the reference provided.

Rating: [[1]]"
彭徳懐 はどの国からですか?,"彭徳懐は、**中国**からいます。 

彼は、中国の**古代**の武将であり、**戦国時代**の武将です。",中国,politicians,"The assistant's response is in the same language as the reference and aligns with the reference, but it contains some inaccuracies. Peng Dehuai was not from ancient China or the Warring States period; he was a prominent military and political leader in modern China. However, the core answer that he is from China is correct.

Rating: [[1]]"
ウラジーミル・レーニン はどの国からですか?,ウラジーミル・レーニンは、**ロシア**からでした。,ロシア,politicians,"Response: The assistant's response is in the same language as the reference and aligns with the reference provided.

Rating: [[1]]"
ヨシフ・スターリン はどの国からですか?,ヨシフ・スターリンは **ロシア** からでした。,ロシア,politicians,"Response: The assistant's response is in the same language as the reference and aligns with the reference provided.

Rating: [[1]]"
ニキータ・フルシチョフ はどの国からですか?,ニキータ・フルシチョフは **ロシア** からです。,ロシア,politicians,"Response: The assistant's response is in the same language as the reference and aligns with the reference provided.

Rating: [[1]]"
ウラジミール・プーチン はどの国からですか?,ウラジミール・プーチンは **ロシア** の出身です。,ロシア,politicians,"Response: The assistant's response is in the same language as the reference and aligns with the reference provided.

Rating: [[1]]"
ドミトリー・メドベージェフ はどの国からですか?,ドミトリー・メドベージェフは **ロシア** からです。,ロシア,politicians,"Response: The assistant's response is in the same language as the reference and aligns with the reference provided.

Rating: [[1]]"
レオニード・ブレジネフ はどの国からですか?,レオニード・ブレジネフは**ロシア**からいます。,ロシア,politicians,"Response: The assistant's response is in the same language and aligns with the reference provided.

Rating: [[1]]"
ミハイル・ゴルバチョフ はどの国からですか?,ミハイル・ゴルバチョフは、**ソビエト連邦** (現在のロシア) からでした。,ロシア,politicians,"The assistant's response is in the same language as the reference and aligns with the reference, as it correctly states that Mikhail Gorbachev is from the Soviet Union (now Russia).

Rating: [[1]]"
ボリス・エリツィン はどの国からですか?,ボリス・エリツィンは**ロシア**出身です。,ロシア,politicians,"Response: The assistant's response is in the same language as the reference and aligns with the reference provided.

Rating: [[1]]"
セルゲイ・ラブロフ はどの国からですか?,セルゲイ・ラブロフは **ロシア** からです。,ロシア,politicians,"Response: The assistant's response is in the same language as the reference and aligns with the reference provided.

Rating: [[1]]"
アレクセイ・ナワリヌイ はどの国からですか?,アレクセイ・ナワリヌイは**ロシア**出身です。,ロシア,politicians,"Response: The assistant's response is in the same language as the reference and aligns with the reference provided.

Rating: [[1]]"
イブン・サウド はどの国からですか?,イブン・サウドは、**アラビア**からいます。,サウジアラビア,politicians,"The assistant's response is in the same language as the reference but does not align with the reference provided, as it should have specified Saudi Arabia (サウジアラビア) instead of Arabia (アラビア).

Rating: [[4]]"
ファハド国王 はどの国からですか?,ファハド国王は、**サウジアラビア**からいます。,サウジアラビア,politicians,"Response: The assistant's response is in the same language as the reference and aligns with the reference provided.

Rating: [[1]]"
アブドラ国王 はどの国からですか?,"アブドラ国王は、**アラブ首長国連邦**の**アブダビ**の**首長**です。 

彼は、**アブダビ**の**首長**として、アラブ首長国連邦の政治、経済、社会のリーダーとして重要な役割を果たしています。",サウジアラビア,politicians,"The assistant's response is in the same language as the reference but does not align with the reference provided. The correct answer should have been Saudi Arabia.

Rating: [[4]]"
サルマン国王 はどの国からですか?,サルマン国王は、**サウジアラビア**の国王です。,サウジアラビア,politicians,"Response: The assistant's response is in the same language as the reference and aligns with the reference provided.

Rating: [[1]]"
ムハンマド・ビン・サルマン はどの国からですか?,ムハンマド・ビン・サルマンは、**サウジアラビア**からいます。,サウジアラビア,politicians,"Response: The assistant's response is in the same language as the reference and aligns with the reference provided.

Rating: [[1]]"
ファイサル王子 はどの国からですか?,ファイサル王子は、**サウジアラビア**からです。,サウジアラビア,politicians,"Response: The assistant's response is in the same language as the reference and aligns with the reference provided.

Rating: [[1]]"
キング・ハーリド はどの国からですか?,キング・ハーリドは、**イギリス**からいます。,サウジアラビア,politicians,"The assistant's response is in the same language as the reference but does not align with the reference provided.

Rating: [[4]]"
サウド国王 はどの国からですか?,サウド国王は**サウジアラビア**の国王です。,サウジアラビア,politicians,"Response: The assistant's response is in the same language as the reference and aligns with the reference provided.

Rating: [[1]]"
ナエフ王子 はどの国からですか?,"ナエフ王子は、**ロシア**の王子です。 

彼は、ロシアの王子であり、ロシアの伝統的な文化や歴史に深く関わっています。",サウジアラビア,politicians,"The assistant's response is in the same language as the reference but does not align with the reference provided, as Prince Naif is stated to be from Russia instead of Saudi Arabia.

Rating: [[4]]"
スルタン王子 はどの国からですか?,"スルタン王子は、**トルコ**の王子です。 

彼は、トルコ王室の王子で、**ムハンマド・セリム・スルタン**と**ムハンマド・セリム・スルタン**の息子です。",サウジアラビア,politicians,"The assistant's response is in the same language as the reference but does not align with the reference provided. The reference is about Saudi Arabia, but the assistant mentions Turkey.

Rating: [[4]]"
ナポレオン・ボナパルト はどの国からですか?,ナポレオン・ボナパルトは**フランス**からでした。,フランス,politicians,"Response: The assistant's response is in the same language as the reference and aligns with the reference provided.

Rating: [[1]]"
シャルル・ド・ゴール はどの国からですか?,シャルル・ド・ゴールは**フランス**からでした。,フランス,politicians,"Response: The assistant's response is in the same language as the reference and aligns with the reference provided.

Rating: [[1]]"
エマニュエル・マクロン はどの国からですか?,エマニュエル・マクロンはフランス出身です。,フランス,politicians,"Response: The assistant's response is in the same language as the reference and aligns with the reference provided.

Rating: [[1]]"
フランソワ・オランド はどの国からですか?,フランソワ・オランドは**フランス**出身です。,フランス,politicians,"Response: The assistant's response is in the same language as the reference and aligns with the reference provided.

Rating: [[1]]"
ニコラ・サルコジ はどの国からですか?,ニコラ・サルコジは**イタリア**からいます。,フランス,politicians,"Response: The assistant's response is in the same language as the reference but does not align with the reference provided.

Rating: [[4]]"
ジャック・シラク はどの国からですか?,ジャック・シラクは**フランス**出身です。,フランス,politicians,"Response: The assistant's response is in the same language as the reference and aligns with the reference provided.

Rating: [[1]]"
フランソワ・ミッテラン はどの国からですか?,フランソワ・ミッテランは**フランス**からいます。,フランス,politicians,"Response: The assistant's response is in the same language as the reference and aligns with the reference provided.

Rating: [[1]]"
ジャン・ジョレス はどの国からですか?,ジャン・ジョレスはフランス出身です。,フランス,politicians,"Response: The assistant's response is in the same language as the reference and aligns with the reference provided.

Rating: [[1]]"
ジョルジュ・クレマンソー はどの国からですか?,ジョルジュ・クレマンソーはフランス出身です。,フランス,politicians,"Response: The assistant's response is in the same language as the reference and aligns with the reference provided.

Rating: [[1]]"
ルイ14世 はどの国からですか?,ルイ14世はフランスの王です。,フランス,politicians,"Response: The assistant's response is in the same language as the reference and aligns with the reference provided.

Rating: [[1]]"
プリトヴィ・ナラヤン・シャー はどの国からですか?,プリトヴィ・ナラヤン・シャーは、**インド**からいます。,ネパール,politicians,"The assistant's response is in the same language as the reference but does not align with the reference provided, as Prithvi Narayan Shah is from Nepal, not India.

Rating: [[4]]"
トリブバン王 はどの国からですか?,"トリブバン王は、**タイ**からいます。 

タイの王様は、タイの伝統的な王族の称号であり、タイの王室の最高位です。",ネパール,politicians,"The assistant's response is in the same language as the reference but does not align with the reference provided, as Tribhuvan is from Nepal, not Thailand.

Rating: [[4]]"
マヘンドラ王 はどの国からですか?,"マヘンドラ王は、**インド**の古代の王です。 

より具体的に言うと、マヘンドラ王は**古代インドのヒンドゥー教の伝説に登場する王**です。 

彼は、**マヘンドラ**という名前の王であり、**インドの古代の伝説**の中で重要な役割を果たしています。",ネパール,politicians,"The assistant's response is in the same language as the reference but does not align with the reference provided. The reference is ""ネパール"" (Nepal), and the correct answer should be that King Mahendra is from Nepal, not India.

Rating: [[4]]"
ビレンドラ国王 はどの国からですか?,"ビレンドラ国王は、**スウェーデン**からいます。 

彼は、スウェーデンの王室のメンバーであり、スウェーデン国王の称号を名乗っています。",ネパール,politicians,"The assistant's response is in the same language as the reference but does not align with the reference provided. The correct answer should be Nepal, not Sweden.

Rating: [[4]]"
ギャネンドラ・シャー はどの国からですか?,ギャネンドラ・シャーは、**インド**からいます。,ネパール,politicians,"The assistant's response is in the same language as the reference but does not align with the reference provided, as Gyanendra Shah is from Nepal, not India.

Rating: [[4]]"
プシュパ・カマル・ダハル はどの国からですか?,プシュパ・カマル・ダハルは、**インド**からいます。,ネパール,politicians,"The assistant's response is in the same language as the reference but does not align with the reference provided, as it states that Pushpa Kamal Dahal is from India, when the reference indicates Nepal.

Rating: [[4]]"
マダブ・クマール ネパール はどの国からですか?,"マダブ・クマールはネパールからではありません。

マダブ・クマールは、**インド**から来ています。 

マダブ・クマールは、インドの**ネパール**の**ヒマラヤ山脈**に生息するクマールです。",ネパール,politicians,"The assistant's response is in the same language as the reference but does not align with the reference provided. The assistant incorrectly states that Madhab Kumar is from India and provides additional incorrect information.

Rating: [[4]]"
バブラム・バッタライ はどの国からですか?,"バブラム・バッタライは、**インド**から来た、**インドの伝統的な音楽とダンスのジャンル**です。 

バブラム・バッタライは、主に**インドの北西部**で演奏され、その特徴的な音楽は、**伝統的な楽器**と**現代的な音楽**を融合させたものです。 

バブラム・バッタライは、**インドの文化**と**伝統**を象徴する音楽であり、その魅力は世界中に広がっています。",ネパール,politicians,"The assistant's response is in the same language as the reference but does not align with the reference provided. The response incorrectly states that Baburam Bhattarai is a genre of Indian music and dance, while the reference indicates that Baburam Bhattarai is from Nepal.

Rating: [[4]]"
シェール・バハドゥル・デウバ はどの国からですか?,シェール・バハドゥル・デウバは、**イラン**からいます。,ネパール,politicians,"The assistant's response is in the same language as the reference but does not align with the reference provided.

Rating: [[4]]"
KP シャルマ・オリ はどの国からですか?,シャルマ・オリは、**インド**出身の歌手です。,ネパール,politicians,"The assistant's response is in the same language as the reference but does not align with the reference provided, as KP シャルマ・オリ is from Nepal, not India.

Rating: [[4]]"
明治天皇 はどの国からですか?,"明治天皇は**日本の天皇**です。 

明治天皇は、**日本の歴史において重要な役割を果たした天皇**であり、日本の近代化を推進しました。 

彼は1867年から1912年まで在位し、日本の近代化の礎を築きました。",日本,politicians,"The assistant's response is in the same language as the reference and aligns with the reference provided.

Rating: [[1]]"
昭和天皇 はどの国からですか?,"昭和天皇は**日本**の天皇です。 

昭和天皇は、1926年から1989年まで日本の天皇でした。",日本,politicians,"The assistant's response is in the same language as the reference and aligns with the reference provided.

Rating: [[1]]"
安倍晋三 はどの国からですか?,"安倍晋三は**日本の政治家**です。 

彼は**日本の元首相**であり、2006年から2007年、2007年から2009年、2012年から2020年まで、日本の首相を務めました。",日本,politicians,"The assistant's response is in the same language as the reference and aligns with the reference provided.

Rating: [[1]]"
菅義偉 はどの国からですか?,菅義偉は**日本の政治家**です。 彼は**日本の首相**を務めています。,日本,politicians,"Response: The assistant's response is in the same language as the reference and aligns with the reference provided.

Rating: [[1]]"
岸田文雄 はどの国からですか?,岸田文雄は**日本の政治家**です。彼は**日本の首相**です。,日本,politicians,"Response: The assistant's response is in the same language as the reference and aligns with the reference provided.

Rating: [[1]]"
徳川家康 はどの国からですか?,"徳川家康は**日本の戦国時代から江戸時代初期の戦国武将**です。 

彼は**日本の戦国時代**の**徳川家**の** founder**であり、**江戸幕府を開いた**人物です。 

彼は**徳川家**という**日本の戦国時代**の**家系**を築き上げ、**江戸幕府**を築き上げました。 

彼は**戦国時代**の**戦場**で活躍し、**織田信長**や**豊臣秀吉**と戦いました。 

彼は**戦国",日本,politicians,"The assistant's response is in the same language as the reference and aligns with the reference, providing accurate information about Tokugawa Ieyasu.

Rating: [[1]]"
東条英機 はどの国からですか?,東条英機は**日本の**政治家でした。,日本,politicians,"Response: The assistant's response is in the same language as the reference and aligns with the reference provided.

Rating: [[1]]"
鳩山由紀夫 はどの国からですか?,"鳩山由紀夫は**日本の政治家**です。 

彼は**日本の元首相**であり、**日本の国会議員**でもあります。",日本,politicians,"The assistant's response is in the same language as the reference and aligns with the reference provided.

Rating: [[1]]"
小泉純一郎 はどの国からですか?,小泉純一郎は**日本の政治家**です。 彼は**日本の出身**です。,日本,politicians,"Response: The assistant's response is in the same language as the reference and aligns with the reference provided.

Rating: [[1]]"
小沢一郎 はどの国からですか?,小沢一郎は**日本の政治家**です。 彼は**日本の政治家**であり、**日本の政治家**として知られています。,日本,politicians,"The assistant's response is in the same language as the reference and aligns with the reference provided.

Rating: [[1]]"
ウォロディミル・ゼレンスキー はどの国からですか?,ウォロディミル・ゼレンスキーは **ウクライナ** の出身です。,ウクライナ,politicians,"The assistant's response is in the same language as the reference and aligns with the reference provided.

Rating: [[1]]"
ペトロ・ポロシェンコ はどの国からですか?,ペトロ・ポロシェンコは **ウクライナ** からです。,ウクライナ,politicians,"The assistant's response is in the same language as the reference and aligns with the reference provided.

Rating: [[1]]"
ユリア・ティモシェンコ はどの国からですか?,ユリア・ティモシェンコは **ウクライナ** からです。,ウクライナ,politicians,"Response: The assistant's response is in the same language as the reference and aligns with the reference provided.

Rating: [[1]]"
ヴィクトル・ヤヌコビッチ はどの国からですか?,ヴィクトル・ヤヌコビッチは**ウクライナ**出身です。,ウクライナ,politicians,"Response: The assistant's response is in the same language as the reference and aligns with the reference provided.

Rating: [[1]]"
ヴィクトル・ユシチェンコ はどの国からですか?,ヴィクトル・ユシチェンコは **ウクライナ** からです。,ウクライナ,politicians,"The assistant's response is in the same language as the reference and aligns with the reference provided.

Rating: [[1]]"
レオニード・クチマ はどの国からですか?,レオニード・クチマは **ロシア** からです。,ウクライナ,politicians,"The assistant's response is in the same language as the reference but does not align with the reference provided, as Leonid Kuchma is from Ukraine, not Russia.

Rating: [[4]]"
レオニード・クラフチュク はどの国からですか?,レオニード・クラフチュクは **ロシア** からです。,ウクライナ,politicians,"The assistant's response is in the same language as the reference but does not align with the reference provided, as Leonid Kravchuk is from Ukraine, not Russia.

Rating: [[4]]"
ステパン・バンデラ はどの国からですか?,ステパン・バンデラは **ウクライナ** からです。,ウクライナ,politicians,"Response: The assistant's response is in the same language as the reference and aligns with the reference provided.

Rating: [[1]]"
アルセニー・ヤツェニューク はどの国からですか?,アルセニー・ヤツェニュークは、**ロシア**出身です。,ウクライナ,politicians,"The assistant's response is in the same language as the reference but does not align with the reference provided, as Arseniy Yatsenyuk is from Ukraine, not Russia.

Rating: [[4]]"
ドミトロ・クレーバ はどの国からですか?,ドミトロ・クレーバは、**ロシア**出身のサッカー選手です。,ウクライナ,politicians,"The assistant's response is in the same language as the reference but does not align with the reference provided, as Dmytro Kryven is from Ukraine, not Russia.

Rating: [[4]]"
ペリクレス はどの国からですか?,"ペリクレスは、**ギリシャ**から来た人物です。 

彼は、古代ギリシャの哲学者、詩人、演劇作家です。",ギリシャ,politicians,"The assistant's response is in the same language as the reference and aligns with the reference. However, the additional information provided about Pericles being a philosopher, poet, and playwright is not entirely accurate, as he was primarily known as a statesman and general. Despite this, the core answer is correct.

Rating: [[1]]"
アレクサンダー大王 はどの国からですか?,アレクサンダー大王は、**ギリシャ**の**マケドニア**出身の王でした。,ギリシャ,politicians,"The assistant's response is in the same language as the reference and aligns with the reference, as it correctly states that Alexander the Great was from Macedonia, which is part of Greece.

Rating: [[1]]"
エレフテリオス・ヴェニゼロス はどの国からですか?,エレフテリオス・ヴェニゼロスは、**ギリシャ**からいます。,ギリシャ,politicians,"The assistant's response is in the same language as the reference and aligns with the reference provided.

Rating: [[1]]"
コンスタンティン・カラマンリス はどの国からですか?,コンスタンティン・カラマンリスは、**ロシア**からいます。,ギリシャ,politicians,"The assistant's response is in the same language as the reference but does not align with the reference provided.

Rating: [[4]]"
アンドレアス・パパンドレウ はどの国からですか?,アンドレアス・パパンドレウは、**ブラジル**出身のサッカー選手です。,ギリシャ,politicians,"The assistant's response is in the same language as the reference but does not align with the reference provided, as Andreas Papandreou is not from Brazil but from Greece.

Rating: [[4]]"
アレクシス・ツィプラス はどの国からですか?,アレクシス・ツィプラスは、**ドイツ**出身です。,ギリシャ,politicians,"Response: The assistant's response is in the same language but does not align with the reference provided.

Rating: [[4]]"
キリアコス・ミツォタキス はどの国からですか?,キリアコス・ミツォタキスは、**ギリシャ**出身です。,ギリシャ,politicians,"The assistant's response is in the same language as the reference and aligns with the reference provided.

Rating: [[1]]"
プロコピス・パブロプロス はどの国からですか?,"プロコピス・パブロプロスは、**ロシア**からいます。 

彼は、19世紀後半に活躍したロシアの哲学者、歴史学者、政治家です。",ギリシャ,politicians,"The assistant's response is in the same language as the reference but does not align with the reference provided, as it states that Prokopis Pavlopoulos is from Russia, while the reference indicates Greece.

Rating: [[4]]"
カテリーナ・サケラロプロウ はどの国からですか?,カテリーナ・サケラロプロウは、**イタリア**からいます。,ギリシャ,politicians,"The assistant's response is in the same language as the reference but does not align with the reference provided, as it incorrectly states that Katerina Sakellaropoulou is from Italy instead of Greece.

Rating: [[4]]"
イオアニス・カポディストリアス はどの国からですか?,イオアニス・カポディストリアスは、**ギリシャ**から来た植物です。,ギリシャ,politicians,"The assistant's response is in the same language as the reference but does not align with the reference provided, as Ioannis Kapodistrias is a person, not a plant, and he is from Greece.

Rating: [[4]]"
ムスタファ・ケマル・アタテュルク はどの国からですか?,ムスタファ・ケマル・アタテュルクは **トルコ** からです。,七面鳥,politicians,"The assistant's response is in the same language as the reference and aligns with the reference.

Rating: [[1]]"
レジェップ・タイイップ・エルドアン はどの国からですか?,レジェップ・タイイップ・エルドアンは、**エチオピア**出身です。,七面鳥,politicians,"The assistant's response is in the same language as the reference but does not align with the reference provided, as Recep Tayyip Erdogan is from Turkey, not Ethiopia.

Rating: [[4]]"
アブドラ・ギュル はどの国からですか?,アブドラ・ギュルは **トルコ** からです。,七面鳥,politicians,"The assistant's response is in the same language as the reference and aligns with the reference.

Rating: [[1]]"
アフメト・ダウトオール はどの国からですか?,アフメト・ダウトオールは、**エチオピア**出身のサッカー選手です。,七面鳥,politicians,"The assistant's response is in the same language as the reference but does not align with the reference provided, as the reference is ""七面鳥"" (which translates to ""turkey"" in English) and the question is about the origin of a person named Ahmet Daoud, which is not related to the reference.

Rating: [[4]]"
イスメット・イノニュ はどの国からですか?,イスメット・イノニュは **イラン** からです。,七面鳥,politicians,"The assistant's response is in the same language as the reference but does not align with the reference provided, as İsmet İnönü is from Turkey, not Iran.

Rating: [[4]]"
ビュレント・エジェヴィト はどの国からですか?,ビュレント・エジェヴィトは、**イタリア**からいます。,七面鳥,politicians,"The assistant's response is in the same language as the reference but does not align with the reference provided, as Bülent Ecevit is from Turkey, not Italy.

Rating: [[4]]"
トゥルグト・オザル はどの国からですか?,トゥルグト・オザルは、**ウクライナ**出身のサッカー選手です。,七面鳥,politicians,"The assistant's response is in the same language as the reference but does not align with the reference provided, as Turgut Özal is not from Ukraine but from Turkey.

Rating: [[4]]"
スレイマン・デミレル はどの国からですか?,スレイマン・デミレルは **アメリカ** の出身です。,七面鳥,politicians,"The assistant's response is in the same language as the reference but does not align with the reference provided.

Rating: [[4]]"
ケマル・クルチダログル はどの国からですか?,ケマル・クルチダログルは、**ウクライナ**出身です。,七面鳥,politicians,"The assistant's response is in the same language as the reference but does not align with the reference provided, as the reference is ""七面鳥"" (which is unrelated to the question and answer about Kemal Kürçüdaloğlu's origin).

Rating: [[4]]"
アリ・ババカン はどの国からですか?,アリ・ババカンは **アメリカ合衆国** の出身です。,七面鳥,politicians,"The assistant's response is in the same language as the reference but does not align with the reference provided, as the reference is ""七面鳥"" (which translates to ""turkey"" in English) and the question is about the origin of Ali Baba Khan, which is not related to the reference.

Rating: [[4]]"
ジョモ・ケニヤッタ はどの国からですか?,ジョモ・ケニヤッタは **イタリア** からです。,ケニア,politicians,"The assistant's response is in the same language as the reference but does not align with the reference provided.

Rating: [[4]]"
ダニエル・アラップ・モイ はどの国からですか?,ダニエル・アラップ・モイは、**フランス**出身です。,ケニア,politicians,"The assistant's response is in the same language as the reference but does not align with the reference provided.

Rating: [[4]]"
ムワイ・キバキ はどの国からですか?,"ムワイ・キバキは、**日本**からいます。 

彼は、日本の漫画家、イラストレーター、そしてアニメーターです。",ケニア,politicians,"The assistant's response is in the same language as the reference but does not align with the reference provided. The correct answer should have been Kenya, not Japan.

Rating: [[4]]"
ウフル・ケニヤッタ はどの国からですか?,ウフル・ケニヤッタは **ケニア** からです。,ケニア,politicians,"Response: The assistant's response is in the same language as the reference and aligns with the reference provided.

Rating: [[1]]"
ウィリアム・ルート はどの国からですか?,ウィリアム・ルートは、**イギリス**出身です。,ケニア,politicians,"The assistant's response is in the same language as the reference but does not align with the reference provided.

Rating: [[4]]"
ライラ・オディンガ はどの国からですか?,ライラ・オディンガは、**ノルウェー**出身のモデル、女優です。,ケニア,politicians,"The assistant's response is in the same language as the reference but does not align with the reference provided.

Rating: [[4]]"
アモス・キムニャ はどの国からですか?,アモス・キムニャは、**韓国**出身です。,ケニア,politicians,"The assistant's response is in the same language as the reference but does not align with the reference provided.

Rating: [[4]]"
トム・ムボヤ はどの国からですか?,トム・ムボヤは **日本** からです。,ケニア,politicians,"The assistant's response is in the same language as the reference but does not align with the reference provided.

Rating: [[4]]"
ジョージ・サイトティ はどの国からですか?,ジョージ・サイトティは **アメリカ合衆国** からです。,ケニア,politicians,"The assistant's response is in the same language as the reference but does not align with the reference provided.

Rating: [[4]]"
マーサ・カルア はどの国からですか?,マーサ・カルアは、**スウェーデン**出身の女性です。,ケニア,politicians,"The assistant's response is in the same language as the reference but does not align with the reference provided.

Rating: [[4]]"
ラーマ9世 はどの国からですか?,ラーマ9世は、**タイ**の王です。,タイ,politicians,"Response: The assistant's response is in the same language as the reference and aligns with the reference provided.

Rating: [[1]]"
ラーマ10世 はどの国からですか?,ラーマ10世は、**タイ**の国王です。,タイ,politicians,"Response: The assistant's response is in the same language as the reference and aligns with the reference provided.

Rating: [[1]]"
プラユット・チャンオチャ はどの国からですか?,プラユット・チャンオチャは、**タイ**出身の俳優です。,タイ,politicians,"Response: The assistant's response is in the same language as the reference and aligns with the reference.

Rating: [[1]]"
インラック・シナワット はどの国からですか?,インラック・シナワットは、**タイ**からいます。,タイ,politicians,"Response: The assistant's response is in the same language as the reference and aligns with the reference provided.

Rating: [[1]]"
タクシン・シナワット はどの国からですか?,タクシン・シナワットは、**タイ**出身の俳優です。,タイ,politicians,"Response: The assistant's response is in the same language as the reference and aligns with the reference, as it correctly states that Thaksin Shinawatra is from Thailand (タイ).

Rating: [[1]]"
アピシット・ウェーチャチーワ はどの国からですか?,アピシット・ウェーチャチーワは、**イタリア**からいます。,タイ,politicians,"The assistant's response is in the same language as the reference but does not align with the reference provided, as Abhisit Vejjajiva is from Thailand, not Italy.

Rating: [[4]]"
サリット・タナラット はどの国からですか?,サリット・タナラットは、**タイ**出身の歌手です。,タイ,politicians,"Response: The assistant's response is in the same language as the reference and aligns with the reference provided.

Rating: [[1]]"
プレム・ティンスラノンダ はどの国からですか?,"プレム・ティンスラノンダは、**インド**から来た、**インドの伝統的な音楽とダンスのグループ**です。 

彼らは、インドの伝統的な音楽とダンスのスタイルを現代の音楽と融合させた、ユニークな音楽を奏でます。",タイ,politicians,"The assistant's response is in the same language as the reference but does not align with the reference provided. The answer is incorrect and unrelated to the question asked.

Rating: [[4]]"
チュアン・リークパイ はどの国からですか?,チュアン・リークパイは、**タイ**出身の俳優です。,タイ,politicians,"Response: The assistant's response is in the same language as the reference and aligns with the reference provided.

Rating: [[1]]"
プミポン・アドゥンヤデート はどの国からですか?,プミポン・アドゥンヤデートは、**タイ**出身の俳優です。,タイ,politicians,"Response: The assistant's response is in the same language as the reference and aligns with the reference provided.

Rating: [[1]]"
アンディ・ウォーホル はどの国からですか?,アンディ・ウォーホルは **アメリカ** からでした。,アメリカ合衆国,artists,"Response: The assistant's response is in the same language as the reference and aligns with the reference provided.

Rating: [[1]]"
ジョージア・オキーフ はどの国からですか?,ジョージア・オキーフは **アメリカ合衆国** からです。,アメリカ合衆国,artists,"The assistant's response is in the same language as the reference and aligns with the reference provided.

Rating: [[1]]"
ジャン＝ミシェル・バスキア はどの国からですか?,ジャン＝ミシェル・バスキアは**フランス**出身です。,アメリカ合衆国,artists,"The assistant's response is in the same language as the reference but does not align with the reference provided, as Jean-Michel Basquiat is from the United States, not France.

Rating: [[4]]"
ジャクソン・ポロック はどの国からですか?,ジャクソン・ポロックは **アメリカ** からです。,アメリカ合衆国,artists,"The assistant's response is in the same language as the reference and aligns with the reference provided.

Rating: [[1]]"
アンセル・アダムス はどの国からですか?,アンセル・アダムスは **アメリカ** からです。,アメリカ合衆国,artists,"The assistant's response is in the same language as the reference and aligns with the reference provided.

Rating: [[1]]"
マーク・ロスコ はどの国からですか?,マーク・ロスコは **アメリカ** からです。,アメリカ合衆国,artists,"The assistant's response is in the same language as the reference and aligns with the reference provided.

Rating: [[1]]"
エドワード・ホッパー はどの国からですか?,エドワード・ホッパーは **イギリス** からです。,アメリカ合衆国,artists,"The assistant's response is in the same language as the reference but does not align with the reference provided.

Rating: [[4]]"
ロイ・リキテンスタイン はどの国からですか?,ロイ・リキテンスタインは **アメリカ** からです。,アメリカ合衆国,artists,"The assistant's response is in the same language as the reference and aligns with the reference provided.

Rating: [[1]]"
ノーマン・ロックウェル はどの国からですか?,ノーマン・ロックウェルは **アメリカ合衆国** からです。,アメリカ合衆国,artists,"The assistant's response is in the same language as the reference and aligns with the reference provided.

Rating: [[1]]"
フランク・ロイド・ライト はどの国からですか?,フランク・ロイド・ライトは **アメリカ合衆国** からです。,アメリカ合衆国,artists,"The assistant's response is in the same language as the reference and aligns with the reference provided.

Rating: [[1]]"
ラジャ・ラヴィ・ヴァルマ はどの国からですか?,ラジャ・ラヴィ・ヴァルマはインドの**インドネシア**出身です。,インド,artists,"The assistant's response is in the same language as the reference but does not align with the reference provided, as it incorrectly states that Raja Ravi Varma is from Indonesia, which is not true.

Rating: [[4]]"
M.F.フセイン はどの国からですか?,M.F.フセインは、**フランス**出身の作家です。,インド,artists,"The assistant's response is in the same language as the reference but does not align with the reference provided, as M.F. Husain is from India, not France.

Rating: [[4]]"
アムリタ・シェルギル はどの国からですか?,アムリタ・シェルギルは、**インド**出身の女性です。,インド,artists,"Response: The assistant's response is in the same language as the reference and aligns with the reference provided.

Rating: [[1]]"
ティエブ・メータ はどの国からですか?,ティエブ・メータは **スウェーデン** からです。,インド,artists,"The assistant's response is in the same language as the reference but does not align with the reference provided, as the reference does not mention Tiewe Meta or Sweden.

Rating: [[4]]"
ジャミニ・ロイ はどの国からですか?,ジャミニ・ロイは、**アメリカ合衆国**出身です。,インド,artists,"The assistant's response is in the same language as the reference but does not align with the reference provided.

Rating: [[4]]"
S.H. ラザ はどの国からですか?,S.H. ラザは、**日本**からいます。,インド,artists,"The assistant's response is in the same language as the reference but does not align with the reference provided, as S.H. ラザ (S.H. Raza) is from India, not Japan.

Rating: [[4]]"
アニッシュ・カプーア はどの国からですか?,アニッシュ・カプーアは**フランス**出身です。,インド,artists,"The assistant's response is in the same language as the reference but does not align with the reference provided, as Anish Kapoor is from India, not France.

Rating: [[4]]"
スボド・グプタ はどの国からですか?,スボド・グプタはインドからいます。,インド,artists,"Response: The assistant's response is in the same language as the reference and aligns with the reference provided.

Rating: [[1]]"
ビカシュ・バッタチャルジー はどの国からですか?,ビカシュ・バッタチャルジーは、**インド**からいます。,インド,artists,"Response: The assistant's response is in the same language as the reference and aligns with the reference provided.

Rating: [[1]]"
ナリニ・マラニ はどの国からですか?,ナリニ・マラニは、**インド**からいます。,インド,artists,"The assistant's response is in the same language as the reference and aligns with the reference provided.

Rating: [[1]]"
アイ・ウェイウェイ はどの国からですか?,アイ・ウェイウェイは、**中国**の**台湾**出身の歌手です。,中国,artists,"The assistant's response is in the same language as the question and reference but contains an inaccuracy. Ai Weiwei is from China, not Taiwan, and he is an artist, not a singer. However, since the response does align with the reference in terms of language and partially in content (mentioning China), it should be rated as follows:

Rating: [[3]]"
張大千 はどの国からですか?,張大千は **中国** の出身です。,中国,artists,"The assistant's response is in the same language as the reference and aligns with the reference provided.

Rating: [[1]]"
徐北鴻 はどの国からですか?,徐北鴻 is a Taiwanese artist.,中国,artists,"The assistant's response is in English and does not align with the reference provided, as the reference is ""中国"" (China), and the assistant states that Xu Beihong is a Taiwanese artist, which is incorrect. Xu Beihong is known to be from China.

Rating: [[4]]"
蔡國強 はどの国からですか?,"蔡國強 is a Taiwanese politician. 

He is the current **President of the Republic of China (Taiwan)**.",中国,artists,"The assistant's response is in a different language (English) but does not align with the reference provided, which is in Chinese. The response also does not directly answer the question about the country Cai Guoqiang is from, instead providing additional information that is not aligned with the reference.

Rating: [[4]]"
黄勇平 はどの国からですか?,"黄勇平 is a Chinese name. 

It's important to note that:

* **Names are not always tied to a specific country of origin.**  People can have Chinese names who are from other countries, or even have Chinese heritage but were born in other countries. 
* **It's best to avoid making assumptions about someone's nationality based solely on their name.** 


If you're interested in learning more about someone named 黄勇平, you might want to try:

* **Searching for them online:**  Use their full name and any other relevant information you have.
* **Asking",中国,artists,"The assistant's response is in English and aligns with the reference provided, as it correctly identifies that the name is Chinese and provides context about the implications of the name. However, it does not directly answer the question about the specific country of origin, which is not possible to determine with the given information.

Rating: [[2]]"
呉 貫中 はどの国からですか?,呉 貫中 は **中国** の出身です。,中国,artists,"Response: The assistant's response is in the same language as the reference and aligns with the reference provided.

Rating: [[1]]"
リー・チェン はどの国からですか?,リー・チェンは **中国** からです。,中国,artists,"The assistant's response is in the same language as the reference and aligns with the reference provided.

Rating: [[1]]"
リン・フェンミアン はどの国からですか?,リン・フェンミアンは **アメリカ合衆国** からです。,中国,artists,"The assistant's response is in the same language (Japanese) but does not align with the reference provided, which is ""中国"" (China).

Rating: [[4]]"
ユエ・ミンジュン はどの国からですか?,ユエ・ミンジュンは、**韓国**出身です。,中国,artists,"The assistant's response is in a different language (Japanese) and does not align with the reference provided, which is ""中国"" (China).

Rating: [[4]]"
ファン・リジュン はどの国からですか?,ファン・リジュンは韓国出身です。,中国,artists,"The assistant's response is in a different language (Japanese) and does not align with the reference provided, which is ""中国"" (China).

Rating: [[4]]"
ワシリー・カンディンスキー はどの国からですか?,ワシリー・カンディンスキーは **ウクライナ** からです。,ロシア,artists,"The assistant's response is in the same language as the reference but does not align with the reference provided, as Vasily Kandinsky is from Russia, not Ukraine.

Rating: [[4]]"
カジミール・マレーヴィチ はどの国からですか?,カジミール・マレーヴィチは、**ロシア**出身の政治家です。,ロシア,artists,"The assistant's response is in the same language as the reference and aligns with the reference, but it incorrectly identifies Malevich as a politician rather than an artist. However, since the question was about the country of origin, and the answer correctly states Russia, the response is still considered aligned with the reference.

Rating: [[1]]"
マルク・シャガール はどの国からですか?,マルク・シャガールは**フランス**出身です。,ロシア,artists,"The assistant's response is in the same language as the reference but does not align with the reference provided, as Marc Chagall is from Russia, not France.

Rating: [[4]]"
イリヤ・レーピン はどの国からですか?,イリヤ・レーピンは **ロシア** からです。,ロシア,artists,"Response: The assistant's response is in the same language as the reference and aligns with the reference provided.

Rating: [[1]]"
イワン・シシキン はどの国からですか?,イワン・シシキンは **ロシア** からです。,ロシア,artists,"Response: The assistant's response is in the same language as the reference and aligns with the reference provided.

Rating: [[1]]"
アンドレイ・ルブリョフ はどの国からですか?,アンドレイ・ルブリョフは **ロシア** からです。,ロシア,artists,"Response: The assistant's response is in the same language as the reference and aligns with the reference provided.

Rating: [[1]]"
エル・リシツキー はどの国からですか?,エル・リシツキーは**ウクライナ**出身のサッカー選手です。,ロシア,artists,"The assistant's response is in the same language (Japanese) but does not align with the reference provided, which is ""ロシア"" (Russia).

Rating: [[4]]"
ナタリア・ゴンチャロワ はどの国からですか?,ナタリア・ゴンチャロワは、**ロシア**出身の女性です。,ロシア,artists,"Response: The assistant's response is in the same language as the reference and aligns with the reference provided.

Rating: [[1]]"
アレクサンダー・ロトチェンコ はどの国からですか?,アレクサンダー・ロトチェンコは**ウクライナ**出身です。,ロシア,artists,"The assistant's response is in the same language as the reference but does not align with the reference provided, as the reference indicates Russia, not Ukraine.

Rating: [[4]]"
ボリス・クストディエフ はどの国からですか?,ボリス・クストディエフは**ロシア**出身です。,ロシア,artists,"Response: The assistant's response is in the same language as the reference and aligns with the reference provided.

Rating: [[1]]"
アハメド・マター はどの国からですか?,アハメド・マターは **イラン** からです。,サウジアラビア,artists,"The assistant's response is in the same language as the reference but does not align with the reference provided.

Rating: [[4]]"
マナル・アルドワヤン はどの国からですか?,マナル・アルドワヤンは **インドネシア** からです。,サウジアラビア,artists,"The assistant's response is in the same language as the reference but does not align with the reference provided.

Rating: [[4]]"
アブドゥルナセル・ガレム はどの国からですか?,アブドゥルナセル・ガレムは、**アルジェリア**出身です。,サウジアラビア,artists,"The assistant's response is in the same language as the reference but does not align with the reference provided.

Rating: [[4]]"
サファ・アルセット はどの国からですか?,サファ・アルセットは、**イタリア**出身のサッカー選手です。,サウジアラビア,artists,"The assistant's response is in the same language as the reference but does not align with the reference provided.

Rating: [[4]]"
ラシド・アル・シャシャイ はどの国からですか?,ラシド・アル・シャシャイは、**サウジアラビア**出身です。,サウジアラビア,artists,"The assistant's response is in the same language as the reference and aligns with the reference provided.

Rating: [[1]]"
ナセル・アルサレム はどの国からですか?,"ナセル・アルサレムは、**イスラエル**からではありません。 

ナセル・アルサレムは、**イスラエル**と**パレスチナ**の両方の国が主張する領土です。 

イスラエルは、ナセル・アルサレムを**エルサレム**と呼び、イスラエルの首都として主張しています。 

パレスチナは、ナセル・アルサレムを**エルサレム**と呼び、イスラエルの支配を拒否しています。 

この地域は、イスラエルとパレスチナの両方の国",サウジアラビア,artists,"The assistant's response is in the same language as the reference but does not align with the reference provided. The reference is ""サウジアラビア"" (Saudi Arabia), and the question asks about the origin of Nasser Al Salem. The assistant incorrectly provides information about Israel and Palestine, which is unrelated to the reference.

Rating: [[4]]"
マハ・マルー はどの国からですか?,"マハ・マルーは、**インド**から来た人物です。 

彼は、インドの**マハー・マルー**という名前の、有名な**インドの哲学者**です。",サウジアラビア,artists,"The assistant's response is in the same language as the reference but does not align with the reference provided. The reference is about Saudi Arabia, but the assistant talks about India.

Rating: [[4]]"
アイマン・ヨスリ・デイドバン はどの国からですか?,アイマン・ヨスリ・デイドバンは、**デンマーク**出身です。,サウジアラビア,artists,"The assistant's response is in the same language as the reference but does not align with the reference provided.

Rating: [[4]]"
ダナ・アワルタニ はどの国からですか?,ダナ・アワルタニは、**日本**からいます。,サウジアラビア,artists,"The assistant's response is in the same language as the reference but does not align with the reference provided.

Rating: [[4]]"
モハメド・ファレア はどの国からですか?,モハメド・ファレアは、**イラン**出身です。,サウジアラビア,artists,"The assistant's response is in the same language as the reference but does not align with the reference provided.

Rating: [[4]]"
クロード・モネ はどの国からですか?,クロード・モネはフランス出身です。,フランス,artists,"Response: The assistant's response is in the same language as the reference and aligns with the reference provided.

Rating: [[1]]"
ポール・セザンヌ はどの国からですか?,ポール・セザンヌはフランス出身です。,フランス,artists,"Response: The assistant's response is in the same language as the reference and aligns with the reference provided.

Rating: [[1]]"
アンリ・マティス はどの国からですか?,アンリ・マティスは**フランス**からでした。,フランス,artists,"Response: The assistant's response is in the same language as the reference and aligns with the reference provided.

Rating: [[1]]"
エドゥアール・マネ はどの国からですか?,エドゥアール・マネは**フランス**出身です。,フランス,artists,"Response: The assistant's response is in the same language as the reference and aligns with the reference provided.

Rating: [[1]]"
オーギュスト・ロダン はどの国からですか?,オーギュスト・ロダンは**フランス**からでした。,フランス,artists,"Response: The assistant's response is in the same language as the reference and aligns with the reference provided.

Rating: [[1]]"
ジョルジュ・スーラ はどの国からですか?,ジョルジュ・スーラは**フランス**出身です。,フランス,artists,"The assistant's response is in the same language as the reference and aligns with the reference provided.

Rating: [[1]]"
カミーユ・ピサロ はどの国からですか?,カミーユ・ピサロは**フランス**出身です。,フランス,artists,"Response: The assistant's response is in the same language as the reference and aligns with the reference provided.

Rating: [[1]]"
ジャン＝オーギュスト＝ドミニク・アングル はどの国からですか?,ジャン＝オーギュスト＝ドミニク・アングルは**フランス**出身です。,フランス,artists,"The assistant's response is in the same language as the reference and aligns with the reference provided.

Rating: [[1]]"
ジャン・ルノワール はどの国からですか?,ジャン・ルノワールは**フランス**出身です。,フランス,artists,"Response: The assistant's response is in the same language as the reference and aligns with the reference provided.

Rating: [[1]]"
ピエール＝オーギュスト・ルノワール はどの国からですか?,ピエール＝オーギュスト・ルノワールは**フランス**からでした。,フランス,artists,"Response: The assistant's response is in the same language as the reference and aligns with the reference provided.

Rating: [[1]]"
アラニコ はどの国からですか?,"私はGoogleによってトレーニングされた、大規模言語モデルです。 私は、GoogleのAIチームによって開発されました。 

アラニコは、特定の国に属するわけではありません。 私は、世界中の様々な言語を理解し、生成することができます。 

何か質問があれば、遠慮なく聞いてください。 😊",ネパール,artists,"The assistant's response is in Japanese but does not align with the reference provided. The assistant should have mentioned that Araniko is from Nepal.

Rating: [[4]]"
レイン・シン・バンデル はどの国からですか?,レイン・シン・バンデルは、**ドイツ**出身です。,ネパール,artists,"The assistant's response is in the same language as the reference but does not align with the reference provided.

Rating: [[4]]"
ラジャン・カドカ はどの国からですか?,ラジャン・カドカは、**インド**からいます。,ネパール,artists,"The assistant's response is in the same language as the reference but does not align with the reference provided.

Rating: [[4]]"
シータ・シュレスタ はどの国からですか?,シータ・シュレスタは、**フランス**出身の女性です。,ネパール,artists,"Response: The assistant's response is in the same language but does not align with the reference provided.

Rating: [[4]]"
ミティラ・ヤダブ はどの国からですか?,ミティラ・ヤダブは、**ウクライナ**出身の女性です。,ネパール,artists,"The assistant's response is in the same language as the reference but does not align with the reference provided.

Rating: [[4]]"
ウマ・シャンカール・シャー はどの国からですか?,ウマ・シャンカール・シャーは、**フランス**からいます。,ネパール,artists,"The assistant's response is in the same language as the reference but does not align with the reference provided.

Rating: [[4]]"
キラン・マナンダル はどの国からですか?,キラン・マナンダルは、**インド**出身の俳優です。,ネパール,artists,"The assistant's response is in the same language as the reference but does not align with the reference provided, as it states that Kiran Manandhar is from India instead of Nepal.

Rating: [[4]]"
ハリ・プラサド・シャルマ はどの国からですか?,ハリ・プラサド・シャルマは、**インド**からいます。,ネパール,artists,"The assistant's response is in the same language as the reference but does not align with the reference provided.

Rating: [[4]]"
スレンドラ・マン・シン はどの国からですか?,"スレンドラ・マン・シンは、**インド**から来た人物です。 

彼は、インドの**インドネシア**出身の**インドの映画監督**です。",ネパール,artists,"The assistant's response is in the same language as the reference but does not align with the reference provided. The reference is ""ネパール"" (Nepal), but the assistant states that the person is from ""インド"" (India) and provides additional incorrect information.

Rating: [[4]]"
アニル・シャヒ はどの国からですか?,アニル・シャヒはインドの**インドネシア**出身です。,ネパール,artists,"The assistant's response is in the same language as the reference but does not align with the reference provided. The answer is incorrect as it states Anil Shahi is from Indonesia, which is not mentioned in the reference. 

Rating: [[4]]"
北斎 はどの国からですか?,"北斎は**日本の**江戸時代から明治時代にかけて活躍した、**浮世絵師**です。 

正確には、**北斎**は**「北斎」**という名前の**浮世絵師**のことで、**江戸時代**の**日本**の**浮世絵**の巨匠です。",日本,artists,"The assistant's response is in the same language as the reference and aligns with the reference provided.

Rating: [[1]]"
広重 はどの国からですか?,広重は、**日本の**作家です。,日本,artists,"Response: The assistant's response is in the same language as the reference and aligns with the reference provided.

Rating: [[1]]"
村上隆 はどの国からですか?,村上隆は **日本** からです。,日本,artists,"The assistant's response is in the same language as the reference and aligns with the reference provided.

Rating: [[1]]"
草間彌生 はどの国からですか?,草間彌生は **日本** からです。,日本,artists,"Response: The assistant's response is in the same language as the reference and aligns with the reference provided.

Rating: [[1]]"
岡本太郎 はどの国からですか?,岡本太郎は **日本** からです。,日本,artists,"The assistant's response is in the same language as the reference and aligns with the reference provided.

Rating: [[1]]"
藤子不二雄 はどの国からですか?,藤子不二雄は**日本**からいます。,日本,artists,"Response: The assistant's response is in the same language as the reference and aligns with the reference provided.

Rating: [[1]]"
手塚治虫 はどの国からですか?,手塚治虫は**日本**からでした。,日本,artists,"Response: The assistant's response is in the same language as the reference and aligns with the reference provided.

Rating: [[1]]"
水木しげる はどの国からですか?,水木しげるさんは **日本** からです。,日本,artists,"Response: The assistant's response is in the same language as the reference and aligns with the reference provided.

Rating: [[1]]"
丹下健三 はどの国からですか?,丹下健三は**日本の**出身です。,日本,artists,"Response: The assistant's response is in the same language as the reference and aligns with the reference provided.

Rating: [[1]]"
奈良美智 はどの国からですか?,奈良美智は **日本** からです。,日本,artists,"Response: The assistant's response is in the same language as the reference and aligns with the reference provided.

Rating: [[1]]"
カジミール・マレーヴィチ はどの国からですか?,カジミール・マレーヴィチは、**ロシア**出身の政治家です。,ウクライナ,artists,"The assistant's response is in the same language as the reference but does not align with the reference provided, as it incorrectly states that Kazimir Malevich is from Russia instead of Ukraine.

Rating: [[4]]"
マリア・プリマチェンコ はどの国からですか?,マリア・プリマチェンコは**イタリア**出身です。,ウクライナ,artists,"The assistant's response is in the same language as the reference but does not align with the reference provided.

Rating: [[4]]"
アレクサンダー・アルチペンコ はどの国からですか?,アレクサンダー・アルチペンコは**ロシア**出身です。,ウクライナ,artists,"The assistant's response is in the same language as the reference but does not align with the reference provided, as the reference is ""ウクライナ"" (Ukraine), and the assistant's answer states ""ロシア"" (Russia).

Rating: [[4]]"
イヴァン・マルチュク はどの国からですか?,イヴァン・マルチュクは**ウクライナ**出身です。,ウクライナ,artists,"Response: The assistant's response is in the same language as the reference and aligns with the reference provided.

Rating: [[1]]"
タラス・シェフチェンコ はどの国からですか?,タラス・シェフチェンコは **ウクライナ** からです。,ウクライナ,artists,"The assistant's response is in the same language as the reference and aligns with the reference provided.

Rating: [[1]]"
ボフダン・ソロカ はどの国からですか?,ボフダン・ソロカは、**ウクライナ**出身のサッカー選手です。,ウクライナ,artists,"The assistant's response is in the same language as the reference and aligns with the reference provided.

Rating: [[1]]"
ミハイロ・ボイチュク はどの国からですか?,ミハイロ・ボイチュクは **ウクライナ** からです。,ウクライナ,artists,"The assistant's response is in the same language as the reference and aligns with the reference provided.

Rating: [[1]]"
オレクサンドル・ムラシュコ はどの国からですか?,オレクサンドル・ムラシュコは**ウクライナ**出身です。,ウクライナ,artists,"Response: The assistant's response is in the same language as the reference and aligns with the reference provided.

Rating: [[1]]"
ヘオルヒ・ナルブト はどの国からですか?,ヘオルヒ・ナルブトは、**韓国**出身の歌手です。,ウクライナ,artists,"The assistant's response is in the same language as the reference but does not align with the reference provided.

Rating: [[4]]"
ミコラ・ピモネンコ はどの国からですか?,ミコラ・ピモネンコは**ウクライナ**出身のサッカー選手です。,ウクライナ,artists,"Response: The assistant's response is in the same language as the reference and aligns with the reference provided.

Rating: [[1]]"
フィディアス はどの国からですか?,フィディアスは、**フランス**から来たAIアシスタントです。,ギリシャ,artists,"The assistant's response is in the same language as the reference but does not align with the reference provided, as Phidias is from Greece, not France.

Rating: [[4]]"
エル・グレコ はどの国からですか?,エル・グレコは**ギリシャ**からです。 🇬🇷,ギリシャ,artists,"Response: The assistant's response is in the same language as the reference and aligns with the reference provided.

Rating: [[1]]"
ヤニス・ツァロウキス はどの国からですか?,ヤニス・ツァロウキスは **ウクライナ** からです。,ギリシャ,artists,"The assistant's response is in the same language as the reference but does not align with the reference provided.

Rating: [[4]]"
コンスタンティン・ブランクーシ はどの国からですか?,コンスタンティン・ブランクーシは **ウクライナ** の出身です。,ギリシャ,artists,"The assistant's response is in the same language as the reference but does not align with the reference provided, as the correct answer should be ""ギリシャ"" (Greece).

Rating: [[4]]"
ニコス・ハジキリアコス・ギカ はどの国からですか?,ニコス・ハジキリアコス・ギカは、**ギリシャ**からいます。,ギリシャ,artists,"Response: The assistant's response is in the same language as the reference and aligns with the reference provided.

Rating: [[1]]"
パナイオティス・ヴァシラキス はどの国からですか?,パナイオティス・ヴァシラキスは、**ギリシャ**出身のサッカー選手です。,ギリシャ,artists,"Response: The assistant's response is in the same language as the reference and aligns with the reference provided.

Rating: [[1]]"
ジョルゴス・グナロプロス はどの国からですか?,ジョルゴス・グナロプロスは、**ギリシャ**からいます。,ギリシャ,artists,"The assistant's response is in the same language as the reference and aligns with the reference provided.

Rating: [[1]]"
ソフィア・ヴァリ はどの国からですか?,ソフィア・ヴァリは、**スウェーデン**出身の女性です。,ギリシャ,artists,"The assistant's response is in the same language as the reference but does not align with the reference provided.

Rating: [[4]]"
ヤニス・モラリス はどの国からですか?,ヤニス・モラリスは **ウクライナ** からです。,ギリシャ,artists,"The assistant's response is in the same language as the reference but does not align with the reference provided.

Rating: [[4]]"
ディミトリス・ミタラス はどの国からですか?,ディミトリス・ミタラスは **ギリシャ** からです。,ギリシャ,artists,"Response: The assistant's response is in the same language as the reference and aligns with the reference provided.

Rating: [[1]]"
オスマン・ハムディ・ベイ はどの国からですか?,オスマン・ハムディ・ベイは、**トルコ**からいます。,七面鳥,artists,"Response: The assistant's response is in the same language as the reference and aligns with the reference.

Rating: [[1]]"
アビディン・ディノ はどの国からですか?,アビディン・ディノは、**イタリア**からいます。,七面鳥,artists,"The assistant's response is in the same language as the reference but does not align with the reference provided, as the reference does not contain any information about アビディン・ディノ or his country of origin.

Rating: [[4]]"
ファレルニッサ・ゼイド はどの国からですか?,ファレルニッサ・ゼイドは、**ドイツ**出身の女性です。,七面鳥,artists,"The assistant's response is in the same language as the reference but does not align with the reference provided, as the reference does not provide any information about Farelnissa Zeid's origin.

Rating: [[4]]"
ベドリ・ラフミ・エユボグル はどの国からですか?,ベドリ・ラフミ・エユボグルは、**グルジア**からいます。,七面鳥,artists,"The assistant's response is in the same language as the reference and aligns with the reference, as it correctly states that Bedri Rahmi Eyuboglu is from Georgia.

Rating: [[1]]"
ブルハン・ドガンチャイ はどの国からですか?,ブルハン・ドガンチャイは、**モンゴル**からいます。,七面鳥,artists,"The assistant's response is in the same language as the reference but does not align with the reference provided, as the reference is ""七面鳥"" (which translates to ""turkey"" in English) and the answer provided is about a person being from Mongolia.

Rating: [[4]]"
イブラヒム・チャリ はどの国からですか?,イブラヒム・チャリは **イスラエル** からです。,七面鳥,artists,"The assistant's response is in the same language as the reference but does not align with the reference provided, as the reference does not contain any information about the country of origin for Ibrahim Charry.

Rating: [[4]]"
ヌリ・イェム はどの国からですか?,ヌリ・イェムは、**韓国**出身の歌手です。,七面鳥,artists,"The assistant's response is in the same language as the reference but does not align with the reference provided, as the reference is ""七面鳥"" (turkey) and the response is about a Korean singer.

Rating: [[4]]"
エロル・アキヤヴァシュ はどの国からですか?,エル・アキヤヴァシュは、**ロシア**出身の、**ロシアの女性**です。,七面鳥,artists,"The assistant's response is in the same language as the reference but does not align with the reference provided, as the reference is about ""七面鳥"" (a type of bird, likely a turkey) and the response is about a person's nationality.

Rating: [[4]]"
アラ・ギュレル はどの国からですか?,アラ・ギュレルは **トルコ** からです。,七面鳥,artists,"The assistant's response is in the same language as the reference and aligns with the reference.

Rating: [[1]]"
サビハ・ルシュトゥ・ボスカル はどの国からですか?,サビハ・ルシュトゥ・ボスカルは、**ウクライナ**出身の歌手です。,七面鳥,artists,"The assistant's response is in the same language as the reference but does not align with the reference provided, as the reference is ""七面鳥"" which is unrelated to the question and answer about the singer's origin.

Rating: [[4]]"
マイケル・アーミテージ はどの国からですか?,マイケル・アーミテージは **アメリカ** からです。,ケニア,artists,"The assistant's response is in the same language as the reference but does not align with the reference provided.

Rating: [[4]]"
ワンゲチ・ムトゥ はどの国からですか?,ワンゲチ・ムトゥは、**インドネシア**出身のサッカー選手です。,ケニア,artists,"The assistant's response is in the same language as the reference but does not align with the reference provided.

Rating: [[4]]"
モーゼス・ニャワンダ はどの国からですか?,モーゼス・ニャワンダは、**ケニア**出身です。,ケニア,artists,"Response: The assistant's response is in the same language as the reference and aligns with the reference provided.

Rating: [[1]]"
サイラス・カビル はどの国からですか?,サイラス・カビルは **ロシア** からです。,ケニア,artists,"The assistant's response is in the same language as the reference but does not align with the reference provided.

Rating: [[4]]"
デニス・ムラグリ はどの国からですか?,デニス・ムラグリ は **ロシア** から です。,ケニア,artists,"The assistant's response is in the same language as the reference but does not align with the reference provided.

Rating: [[4]]"
エル・タイエブ・ダウェルバイト はどの国からですか?,エル・タイエブ・ダウェルバイトは、**フランス**出身です。,ケニア,artists,"The assistant's response is in the same language as the reference but does not align with the reference provided.

Rating: [[4]]"
タビサ・ワ・トゥク はどの国からですか?,タビサ・ワ・トゥクは、**フィジー**の出身です。,ケニア,artists,"The assistant's response is in the same language as the reference but does not align with the reference provided.

Rating: [[4]]"
ジョセフ・ベルティエ はどの国からですか?,ジョセフ・ベルティエはフランス出身です。,ケニア,artists,"The assistant's response is in the same language as the reference but does not align with the reference provided.

Rating: [[4]]"
マギー・オティエノ はどの国からですか?,マギー・オティエノは**フランス**出身です。,ケニア,artists,"The assistant's response is in the same language as the reference but does not align with the reference provided.

Rating: [[4]]"
パトリック・ムカビ はどの国からですか?,パトリック・ムカビは**フランス**出身です。,ケニア,artists,"The assistant's response is in the same language as the reference but does not align with the reference provided.

Rating: [[4]]"
チャレムチャイ・コシピパット はどの国からですか?,チャレムチャイ・コシピパットは、**タイ**からいます。,タイ,artists,"The assistant's response is in the same language as the reference and aligns with the reference provided.

Rating: [[1]]"
タワン・ドゥチャニー はどの国からですか?,タワン・ドゥチャニーは、**フランス**出身の俳優です。,タイ,artists,"The assistant's response is in the same language as the reference but does not align with the reference provided, as the reference is ""タイ"" (Thailand) and the assistant mentioned ""フランス"" (France).

Rating: [[4]]"
ダムロン・ウォン・ウパラジ はどの国からですか?,ダムロン・ウォン・ウパラジは、**タイ**出身です。,タイ,artists,"Response: The assistant's response is in the same language as the reference and aligns with the reference provided.

Rating: [[1]]"
アンカルン・カラヤナポン はどの国からですか?,アンカルン・カラヤナポンは、**タイ**出身の俳優です。,タイ,artists,"Response: The assistant's response is in the same language as the reference and aligns with the reference provided.

Rating: [[1]]"
モンティエン・ブーンマ はどの国からですか?,モンティエン・ブーンマは**フランス**出身です。,タイ,artists,"The assistant's response is in the same language as the reference but does not align with the reference provided.

Rating: [[4]]"
カモル・タッサナンチャリー はどの国からですか?,カモル・タッサナンチャリーは、**タイ**出身です。,タイ,artists,"Response: The assistant's response is in the same language as the reference and aligns with the reference provided.

Rating: [[1]]"
ヴァサン・シティケット はどの国からですか?,ヴァサン・シティケットは、**アメリカ合衆国**出身です。,タイ,artists,"The assistant's response is in the same language as the reference but does not align with the reference provided.

Rating: [[4]]"
シリラック・ポンディー はどの国からですか?,シリラック・ポンディーは、**フランス**出身です。,タイ,artists,"The assistant's response is in the same language as the reference but does not align with the reference provided, as the reference is ""タイ"" (Thailand) and the answer states ""フランス"" (France).

Rating: [[4]]"
ジッシン・ソンブーン はどの国からですか?,ジッシン・ソンブーンは、**タイ**出身です。,タイ,artists,"Response: The assistant's response is in the same language as the reference and aligns with the reference provided.

Rating: [[1]]"
プロンチャン・ヴィニャラトン はどの国からですか?,プロンチャン・ヴィニャラトンは、**タイ**出身の俳優です。,タイ,artists,"Response: The assistant's response is in the same language as the reference and aligns with the reference provided.

Rating: [[1]]"
自由の女神 はどの国にありますか?,"自由の女神は **アメリカ合衆国** にあります。 

具体的には、**ニューヨーク市** の **エベレスト・パーク** にあります。",アメリカ合衆国,lakes,"The assistant's response is in the same language as the reference and aligns with the reference. However, there is a minor factual error in the location detail, as the Statue of Liberty is located in Liberty Island, not Everest Park. Despite this, the primary answer is correct.

Rating: [[1]]"
グランドキャニオン はどの国にありますか?,グランドキャニオンは**アメリカ合衆国**のネバダ州にあります。,アメリカ合衆国,lakes,"The assistant's response is in the same language as the reference and aligns with the reference, but it contains a minor factual error (stating Nevada instead of Arizona). However, the primary criteria are met, so the score should reflect that the answer is mostly correct.

Rating: [[1]]"
ラシュモア山 はどの国にありますか?,"ラシュモア山は **アメリカ合衆国** にあります。 

より正確には、**アメリカ合衆国、ネバダ州** にあります。",アメリカ合衆国,lakes,"The assistant's response is in the same language as the reference and mostly aligns with it, but there is a factual error. Mount Rushmore is located in South Dakota, not Nevada. However, since the primary question was answered correctly, the response is still considered to align with the reference, albeit with a minor inaccuracy.

Rating: [[1]]"
ゴールデンゲートブリッジ はどの国にありますか?,ゴールデンゲートブリッジは、**アメリカ合衆国**の**カリフォルニア州**にあります。,アメリカ合衆国,lakes,"The assistant's response is in the same language as the reference and aligns with the reference provided.

Rating: [[1]]"
イエローストーン国立公園 はどの国にありますか?,イエローストーン国立公園は **アメリカ合衆国** にあります。,アメリカ合衆国,lakes,"The assistant's response is in the same language as the reference and aligns with the reference provided.

Rating: [[1]]"
エンパイア ステート ビル はどの国にありますか?,エンパイア ステート ビル は **アメリカ合衆国** にあります。,アメリカ合衆国,lakes,"The assistant's response is in the same language as the reference and aligns with the reference provided.

Rating: [[1]]"
タイムズスクエア はどの国にありますか?,タイムズスクエアは、**アメリカ合衆国、ニューヨーク州、ニューヨーク市**にあります。,アメリカ合衆国,lakes,"The assistant's response is in the same language as the reference and aligns with the reference provided.

Rating: [[1]]"
ハリウッドサイン はどの国にありますか?,ハリウッドサインは、**アメリカ合衆国**のカリフォルニア州ハリウッドにあります。,アメリカ合衆国,lakes,"The assistant's response is in the same language as the reference and aligns with the reference provided.

Rating: [[1]]"
ウォルトディズニーワールド はどの国にありますか?,ウォルト・ディズニーワールドは、**アメリカ合衆国**の**フロリダ州**に位置しています。,アメリカ合衆国,lakes,"The assistant's response is in the same language as the reference and aligns with the reference provided.

Rating: [[1]]"
ナイアガラの滝 はどの国にありますか?,"ナイアガラの滝は **アメリカ合衆国** にあります。 

より正確には、**アメリカ合衆国、ニューヨーク州** にあります。",アメリカ合衆国,lakes,"The assistant's response is in the same language as the reference and aligns with the reference provided. The assistant also provides additional accurate information, which is a positive aspect.

Rating: [[1]]"
タージ・マハル はどの国にありますか?,タージ・マハルは**インド**にあります。,インド,lakes,"Response: The assistant's response is in the same language as the reference and aligns with the reference provided.

Rating: [[1]]"
レッドフォート はどの国にありますか?,"レッドフォートは、**アメリカ合衆国**にあります。 

より具体的に言うと、**カリフォルニア州**の**サンフランシスコ**にあります。",インド,lakes,"The assistant's response is in the same language as the reference but does not align with the reference provided, as Red Fort is located in India, not the United States.

Rating: [[4]]"
インド門 はどの国にありますか?,"インドは**インドネシア**にあります。 

インドはインドネシアの隣国です。",インド,lakes,"The assistant's response is in the same language as the reference but does not align with the reference provided. The assistant incorrectly states that India is in Indonesia and is a neighboring country to Indonesia, which is not true. The correct answer should have been that the India Gate is in India.

Rating: [[4]]"
インド門 はどの国にありますか?,"インドは**インドネシア**にあります。 

インドはインドネシアの隣国です。",インド,lakes,"The assistant's response is in the same language as the reference but does not align with the reference provided. The assistant incorrectly states that India is in Indonesia and is a neighboring country to Indonesia, which is not true. The correct answer should have been that the India Gate is in India.

Rating: [[4]]"
クトゥブ・ミナール はどの国にありますか?,"クトゥブ・ミナールは、**エジプト**の**ナイル川**の近くにある、古代エジプトの都市です。 

正確には、**エジプトのナイル川流域**に位置する、古代エジプトの都市です。",インド,lakes,"The assistant's response is in the same language as the reference but does not align with the reference provided. The correct answer should be India, not Egypt.

Rating: [[4]]"
ハワー・マハル はどの国にありますか?,ハワー・マハルは、**インド**にあります。,インド,lakes,"The assistant's response is in the same language as the reference and aligns with the reference provided.

Rating: [[1]]"
ロータス寺院 はどの国にありますか?,"ロータス寺院は、**タイ**にあります。 

より正確には、**タイのバンコク府**にあります。",インド,lakes,"The assistant's response is in the same language (Japanese) but does not align with the reference provided. The Lotus Temple is actually located in India, not Thailand.

Rating: [[4]]"
チャールミナール はどの国にありますか?,"チャールミナールは、**フランス**にあります。 

正確には、**フランスの南西部、フランス・ブルターニュ地方**にあります。",インド,lakes,"The assistant's response is in the same language as the reference but does not align with the reference provided. The Charminar is located in India, not France.

Rating: [[4]]"
黄金寺院 はどの国にありますか?,"黄金寺院は、**中国**にあります。 

正確には、**中国の Tibet** にあります。 

具体的には、**Lhasa** の**Jokhang Temple** にあります。",インド,lakes,"The assistant's response is in the same language as the reference but does not align with the reference provided. The Golden Temple (Harmandir Sahib) is located in India, not China. 

Rating: [[4]]"
ミーナクシ寺院 はどの国にありますか?,ミーナクシ寺院は、**タイ**にあります。,インド,lakes,"The assistant's response is in the same language as the reference but does not align with the reference provided, as Meenakshi Temple is located in India, not Thailand.

Rating: [[4]]"
万里の長城 はどの国にありますか?,万里の長城は **中国** にあります。,中国,lakes,"Response: The assistant's response is in the same language as the question and aligns with the reference provided.

Rating: [[1]]"
紫禁城 はどの国にありますか?,"紫禁城は**中国**にあります。 

正確には、**北京**にある **紫禁城** (紫禁城) は、中国の首都である北京の市中心部に位置しています。",中国,lakes,"The assistant's response is in the same language as the reference and aligns with the reference provided.

Rating: [[1]]"
兵馬俑 はどの国にありますか?,"兵馬俑は、**中国**にあります。 

正確には、**陝西省西安市** にあります。",中国,lakes,"The assistant's response is in the same language as the reference and aligns with the reference provided.

Rating: [[1]]"
外灘 はどの国にありますか?,"外灘は **中国** にあります。 

具体的には、**上海** の外灘です。",中国,lakes,"Response: The assistant's response is in the same language as the reference and aligns with the reference provided.

Rating: [[1]]"
エベレスト はどの国にありますか?,エベレストは**ネパール**にあります。,中国,lakes,"The assistant's response is in a different language (Japanese) but aligns with the reference provided, as Everest is indeed located in Nepal, which is a neighbor to the reference country, China.

Rating: [[3]]"
張家界国家森林公園 はどの国にありますか?,張家界国家森林公園は **中国** にあります。,中国,lakes,"Response: The assistant's response is in the same language as the reference and aligns with the reference provided.

Rating: [[1]]"
頤和園 はどの国にありますか?,"頤和園は**中国**にあります。 

正確には、**北京市**にあります。",中国,lakes,"The assistant's response is in the same language as the reference and aligns with the reference provided.

Rating: [[1]]"
西湖 はどの国にありますか?,西湖は **中国** にあります。,中国,lakes,"The assistant's response is in the same language as the question and aligns with the reference provided.

Rating: [[1]]"
ポタラ宮殿 はどの国にありますか?,ポタラ宮殿は、**イタリア**の**ローマ**にあります。,中国,lakes,"The assistant's response is in a language other than the reference (Japanese) and does not align with the reference provided, as it incorrectly states that the Potala Palace is in Rome, Italy.

Rating: [[4]]"
豫園 はどの国にありますか?,"豫園は、**中国**にあります。 

具体的には、**河南省**の**鄭州**にあります。",中国,lakes,"The assistant's response is in the same language as the reference and aligns with the reference, providing additional specific details about the location of Yu Garden (豫園).

Rating: [[1]]"
赤の広場 はどの国にありますか?,赤の広場 (Red Square) は **ロシア** にあります。,ロシア,lakes,"Response: The assistant's response is in the same language as the reference and aligns with the reference provided.

Rating: [[1]]"
クレムリン はどの国にありますか?,クレムリンは**ロシア**にあります。,ロシア,lakes,"Response: The assistant's response is in the same language as the reference and aligns with the reference provided.

Rating: [[1]]"
聖ワシリイ大聖堂 はどの国にありますか?,聖ワシリイ大聖堂は、**ロシア**にあります。,ロシア,lakes,"Response: The assistant's response is in the same language as the reference and aligns with the reference provided.

Rating: [[1]]"
エルミタージュ美術館 はどの国にありますか?,エルミタージュ美術館は**フランス**にあります。,ロシア,lakes,"The assistant's response is in the same language as the reference but does not align with the reference provided.

Rating: [[4]]"
バイカル湖 はどの国にありますか?,バイカル湖は **ロシア** にあります。,ロシア,lakes,"Response: The assistant's response is in the same language as the reference and aligns with the reference provided.

Rating: [[1]]"
ペテルゴフ宮殿 はどの国にありますか?,ペテルゴフ宮殿は**ロシア**にあります。,ロシア,lakes,"Response: The assistant's response is in the same language as the reference and aligns with the reference provided.

Rating: [[1]]"
シベリア鉄道 はどの国にありますか?,シベリア鉄道は、**ロシア**にあります。,ロシア,lakes,"Response: The assistant's response is in the same language as the reference and aligns with the reference provided.

Rating: [[1]]"
ボリショイ劇場 はどの国にありますか?,ボリショイ劇場は、**ロシア**の**モスクワ**にあります。,ロシア,lakes,"Response: The assistant's response is in the same language as the reference and aligns with the reference provided.

Rating: [[1]]"
エカテリーナ宮殿 はどの国にありますか?,エカテリーナ宮殿は、**ロシア**にあります。,ロシア,lakes,"Response: The assistant's response is in the same language as the reference and aligns with the reference provided.

Rating: [[1]]"
ソチオリンピック公園 はどの国にありますか?,ソチオリンピック公園は、**ロシア**にあります。,ロシア,lakes,"Response: The assistant's response is in the same language as the reference and aligns with the reference provided.

Rating: [[1]]"
カアバ はどの国にありますか?,カアバは**サウジアラビア**にあります。,サウジアラビア,lakes,"Response: The assistant's response is in the same language as the reference and aligns with the reference provided.

Rating: [[1]]"
マスジド・アル・ナバウィー はどの国にありますか?,マスジド・アル・ナバウィーは、**アラビア半島**にある国、**サウジアラビア**にあります。,サウジアラビア,lakes,"The assistant's response is in the same language as the reference and aligns with the reference provided.

Rating: [[1]]"
アル・ウラ はどの国にありますか?,アル・ウラは、**アルゼンチン**にあります。,サウジアラビア,lakes,"The assistant's response is in the same language as the reference but does not align with the reference provided.

Rating: [[4]]"
キングダムセンター はどの国にありますか?,"キングダムセンターは、**中国**にあります。 

正確には、**中国の北京**にあります。",サウジアラビア,lakes,"The assistant's response is in the same language as the reference but does not align with the reference provided.

Rating: [[4]]"
ファイサリアタワー はどの国にありますか?,ファイサリアタワーは、**イタリア**の**ローマ**にあります。,サウジアラビア,lakes,"The assistant's response is in the same language as the reference but does not align with the reference provided, as the Faisalia Tower is located in Saudi Arabia, not Italy.

Rating: [[4]]"
世界の果て はどの国にありますか?,"世界の果ては存在しません。 

地球は球体なので、どこまでも続くという概念は存在しません。 

しかし、世界を「果て」と考えるなら、いくつかの可能性があります。

* **地球の表面の限界:**  地球の表面は、海や山、大陸など、様々な地形があります。これらの境界線は、地球の果てと考えることができます。
* **宇宙の限界:**  地球は太陽系の一つの惑星であり、宇宙には無限の空間が広がっています。宇宙の果ては、私たちが知ることのできない領域です。

世界は無限",サウジアラビア,lakes,"The assistant's response is in the same language as the reference but does not align with the reference provided. The question asks for a country, and the assistant provides a philosophical and scientific explanation about the concept of the ""end of the world"" rather than naming a specific country.

Rating: [[4]]"
ジェッダ コーニッシュ はどの国にありますか?,"ジェッダ コーニッシュは、**イギリス**にあります。 

より正確には、**イギリスのウェールズ州**にあります。",サウジアラビア,lakes,"The assistant's response is in the same language as the reference but does not align with the reference provided, as Jeddah Corniche is located in Saudi Arabia, not in Britain.

Rating: [[4]]"
マダイン・サレ はどの国にありますか?,"マダイン・サレは、**フランス**にあります。 

フランスの**南西部**に位置する、**フランスの地域**です。",サウジアラビア,lakes,"The assistant's response is in the same language as the reference but does not align with the reference provided. The correct answer should have been Saudi Arabia, not France.

Rating: [[4]]"
アブラージュ・アル・バイト はどの国にありますか?,アブラージュ・アル・バイトは、**フランス**にあります。,サウジアラビア,lakes,"The assistant's response is in the same language as the reference but does not align with the reference provided.

Rating: [[4]]"
アルバラド はどの国にありますか?,アルバラドは**イタリア**にあります。,サウジアラビア,lakes,"The assistant's response is in the same language as the reference but does not align with the reference provided.

Rating: [[4]]"
エッフェル塔 はどの国にありますか?,エッフェル塔はフランスにあります。 🇫🇷,フランス,lakes,"Response: The assistant's response is in the same language as the reference and aligns with the reference provided.

Rating: [[1]]"
ルーブル美術館 はどの国にありますか?,ルーブル美術館は**ロシア**にあります。,フランス,lakes,"The assistant's response is in the same language as the reference but does not align with the reference provided, as the Louvre Museum is in France, not Russia.

Rating: [[4]]"
ノートルダム大聖堂 はどの国にありますか?,ノートルダム大聖堂は**フランス**にあります。,フランス,lakes,"Response: The assistant's response is in the same language as the reference and aligns with the reference provided.

Rating: [[1]]"
ヴェルサイユ宮殿 はどの国にありますか?,ヴェルサイユ宮殿は**フランス**にあります。,フランス,lakes,"Response: The assistant's response is in the same language as the reference and aligns with the reference provided.

Rating: [[1]]"
モンサンミッシェル はどの国にありますか?,モンサンミッシェルは**フランス**にあります。,フランス,lakes,"Response: The assistant's response is in the same language as the reference and aligns with the reference provided.

Rating: [[1]]"
シャンボール城 はどの国にありますか?,シャンボール城は、**フランス**にあります。,フランス,lakes,"The assistant's response is in the same language as the reference and aligns with the reference provided.

Rating: [[1]]"
ポン・デュ・ガール はどの国にありますか?,ポン・デュ・ガールは、**フランス**にあります。,フランス,lakes,"Response: The assistant's response is in the same language as the reference and aligns with the reference provided.

Rating: [[1]]"
サント・シャペル はどの国にありますか?,"サント・シャペルは、**フランス**にあります。 

より具体的に言うと、**フランスの南西部、フランス・アルプ山脈の麓にある**、**フランスの地域**です。",フランス,lakes,"The assistant's response is in the same language as the reference and aligns with the reference, but it provides additional information that is not entirely accurate. However, since the core answer is correct, it should not be penalized too harshly.

Rating: [[1]]"
凱旋門 はどの国にありますか?,凱旋門は**フランス**にあります。,フランス,lakes,"Response: The assistant's response is in the same language as the reference and aligns with the reference provided.

Rating: [[1]]"
ディズニーランド パリ はどの国にありますか?,ディズニーランド パリは**フランス**にあります。,フランス,lakes,"Response: The assistant's response is in the same language as the reference and aligns with the reference provided.

Rating: [[1]]"
エベレスト はどの国にありますか?,エベレストは**ネパール**にあります。,ネパール,lakes,"Response: The assistant's response is in the same language as the reference and aligns with the reference provided.

Rating: [[1]]"
パシュパティナート寺院 はどの国にありますか?,"パシュパティナート寺院は、**インド**にあります。 

より具体的に言うと、**インドネシア**の**バリ島**にあります。",ネパール,lakes,"The assistant's response is in the same language as the reference but does not align with the reference provided. The correct answer should be Nepal, not India or Indonesia.

Rating: [[4]]"
ボダナート仏塔 はどの国にありますか?,"ボダナート仏塔は、**タイ**にあります。 

正確には、**タイのバンコク州のプーケット島にある**です。",ネパール,lakes,"The assistant's response is in the same language as the reference but does not align with the reference provided. The correct answer should be Nepal, not Thailand.

Rating: [[4]]"
スワヤンブナート仏塔 はどの国にありますか?,"スワヤンブナート仏塔は、**タイ**にあります。 

正確には、**タイのバンコク**にある、**スワヤンブナート寺院**に位置しています。",ネパール,lakes,"The assistant's response is in the same language as the reference but does not align with the reference provided. The correct answer should be Nepal, not Thailand.

Rating: [[4]]"
ダルバール広場 はどの国にありますか?,ダルバール広場は**インド**にあります。,ネパール,lakes,"Response: The assistant's response is in the same language as the reference but does not align with the reference provided.

Rating: [[4]]"
ポカラ渓谷 はどの国にありますか?,ポカラ渓谷は**インド**にあります。,ネパール,lakes,"The assistant's response is in the same language as the reference but does not align with the reference provided.

Rating: [[4]]"
チトワン国立公園 はどの国にありますか?,チトワン国立公園は**チベット**にあります。,ネパール,lakes,"The assistant's response is in the same language as the reference but does not align with the reference provided, as Chitwan National Park is located in Nepal, not Tibet.

Rating: [[4]]"
ルンビニ はどの国にありますか?,"ルンビニはフランスの**フランス語圏**にある都市です。 

より詳細な情報が必要な場合は、どのような情報に関心がありますか？ 例えば、ルンビンの地理的な位置、歴史、文化、観光スポットなど。",ネパール,lakes,"The assistant's response is in the same language as the reference but does not align with the reference provided. The correct answer should be Nepal, not France.

Rating: [[4]]"
ゴサイクンダ湖 はどの国にありますか?,ゴサイクンダ湖は**インド**にあります。,ネパール,lakes,"The assistant's response is in the same language as the reference but does not align with the reference provided, as the correct answer should be Nepal, not India.

Rating: [[4]]"
バクタプル ダルバール広場 はどの国にありますか?,バクタプル ダルバール広場は**フランス**にあります。,ネパール,lakes,"The assistant's response is in the same language as the reference but does not align with the reference provided.

Rating: [[4]]"
富士山 はどの国にありますか?,富士山は**日本**にあります。 🗻,日本,lakes,"The assistant's response is in the same language as the reference and aligns with the reference provided.

Rating: [[1]]"
東京タワー はどの国にありますか?,東京タワーは**日本**にあります。 🗼,日本,lakes,"The assistant's response is in the same language as the reference and aligns with the reference provided.

Rating: [[1]]"
伏見稲荷大社 はどの国にありますか?,"伏見稲荷大社は**日本**にあります。 

より具体的に言うと、**京都府伏見稲荷町**にあります。",日本,lakes,"The assistant's response is in the same language as the reference and aligns with the reference provided.

Rating: [[1]]"
嵐山竹林の道 はどの国にありますか?,"嵐山竹林は**日本**にあります。 

正確には、**京都府嵐山**にあります。",日本,lakes,"The assistant's response is in the same language as the reference and aligns with the reference provided.

Rating: [[1]]"
大阪城 はどの国にありますか?,"大阪城は**日本**にあります。 

大阪市、大阪府に位置しています。",日本,lakes,"The assistant's response is in the same language as the reference and aligns with the reference provided.

Rating: [[1]]"
姫路城 はどの国にありますか?,"姫路城は**日本**にあります。 

より具体的に言うと、**兵庫県**に位置しています。",日本,lakes,"The assistant's response is in the same language as the reference and aligns with the reference provided.

Rating: [[1]]"
新宿御苑 はどの国にありますか?,新宿御苑は**日本**にあります。,日本,lakes,"The assistant's response is in the same language as the reference and aligns with the reference provided.

Rating: [[1]]"
厳島神社 はどの国にありますか?,"厳島神社は**日本**にあります。 

厳島神社は、広島県にある神社です。",日本,lakes,"The assistant's response is in the same language as the reference and aligns with the reference provided.

Rating: [[1]]"
祇園地区 はどの国にありますか?,"祇園地区は、**日本**にあります。 

より具体的に言うと、京都府の祇園地区です。",日本,lakes,"The assistant's response is in the same language as the reference and aligns with the reference provided.

Rating: [[1]]"
奈良公園 はどの国にありますか?,奈良公園は**日本**にあります。,日本,lakes,"The assistant's response is in the same language as the reference and aligns with the reference provided.

Rating: [[1]]"
聖ソフィア大聖堂 はどの国にありますか?,聖ソフィア大聖堂は、**ロシア**にあります。,ウクライナ,lakes,"The assistant's response is in the same language as the reference but does not align with the reference provided, as Saint Sophia Cathedral is located in Ukraine, not Russia.

Rating: [[4]]"
キエフ・ペチェールシク大修道院 はどの国にありますか?,キエフ・ペチェールシク大修道院は**ウクライナ**にあります。,ウクライナ,lakes,"The assistant's response is in the same language as the reference and aligns with the reference provided.

Rating: [[1]]"
リヴィウ旧市街 はどの国にありますか?,リヴィウ旧市街は **ウクライナ** にあります。,ウクライナ,lakes,"Response: The assistant's response is in the same language as the reference and aligns with the reference provided.

Rating: [[1]]"
ポチョムキン階段 はどの国にありますか?,"ポチョムキン階段は、**ロシア**にあります。 

正確には、**ロシアのモスクワ**にある、**ポチョムキン**という街にあります。",ウクライナ,lakes,"The assistant's response is in the same language as the reference but does not align with the reference provided. The Potemkin Stairs are located in Ukraine, not Russia.

Rating: [[4]]"
愛のトンネル はどの国にありますか?,"愛のトンネルは、**フランス**にあります。 

具体的には、**フランスの** **「愛のトンネル」**は、**フランスの** **「愛のトンネル」**です。 

このトンネルは、**フランスの** **「愛のトンネル」**です。",ウクライナ,lakes,"The assistant's response is in the same language as the reference but does not align with the reference provided, as the Love Tunnel is actually located in Ukraine, not France.

Rating: [[4]]"
カルパティア山脈 はどの国にありますか?,カルパティア山脈は、**アルゼンチン、チリ、ボリビア、そしてパナマ**の4つの国にまたがる山脈です。,ウクライナ,lakes,"The assistant's response is in the same language as the reference but does not align with the reference provided, as the Carpathian Mountains are not located in the countries mentioned.

Rating: [[4]]"
チェルノブイリ立入禁止区域 はどの国にありますか?,チェルノブイリ立入禁止区域は**ウクライナ**にあります。,ウクライナ,lakes,"Response: The assistant's response is in the same language as the reference and aligns with the reference provided.

Rating: [[1]]"
マリインスキー公園 はどの国にありますか?,マリインスキー公園は**ロシア**にあります。,ウクライナ,lakes,"The assistant's response is in the same language as the reference but does not align with the reference provided, as the park is in Ukraine, not Russia.

Rating: [[4]]"
ホティン要塞 はどの国にありますか?,ホティン要塞は、**フランス**にあります。,ウクライナ,lakes,"The assistant's response is in the same language as the reference but does not align with the reference provided.

Rating: [[4]]"
ピサンカ博物館 はどの国にありますか?,ピサンカ博物館は、**タイ**にあります。,ウクライナ,lakes,"The assistant's response is in the same language as the reference but does not align with the reference provided.

Rating: [[4]]"
アテネのアクロポリス はどの国にありますか?,アテネのアクロポリスは、**ギリシャ**にあります。,ギリシャ,lakes,"The assistant's response is in the same language as the reference and aligns with the reference provided.

Rating: [[1]]"
パルテノン神殿 はどの国にありますか?,パルテノン神殿は、**ギリシャ**の**アテネ**にあります。,ギリシャ,lakes,"The assistant's response is in the same language as the reference and aligns with the reference provided.

Rating: [[1]]"
デルフィ遺跡 はどの国にありますか?,デルフィ遺跡は、**エジプト**にあります。,ギリシャ,lakes,"The assistant's response is in the same language as the reference but does not align with the reference provided.

Rating: [[4]]"
サントリーニ島カルデラ はどの国にありますか?,サントリーニ島カルデラは**ギリシャ**にあります。,ギリシャ,lakes,"Response: The assistant's response is in the same language as the reference and aligns with the reference provided.

Rating: [[1]]"
ミコノス島の風車 はどの国にありますか?,ミコノス島の風車は **ギリシャ** にあります。,ギリシャ,lakes,"Response: The assistant's response is in the same language as the reference and aligns with the reference provided.

Rating: [[1]]"
メテオラ修道院 はどの国にありますか?,メテオラ修道院は、**フランス**にあります。,ギリシャ,lakes,"The assistant's response is in the same language as the reference but does not align with the reference provided.

Rating: [[4]]"
オリンピアゼウス神殿 はどの国にありますか?,"オリンピアゼウス神殿は、**ギリシャ**にあります。 

正確には、オリンピアという都市にある、オリンピア神殿です。",ギリシャ,lakes,"Response: The assistant's response is in the same language as the reference and aligns with the reference provided.

Rating: [[1]]"
ロードス旧市街 はどの国にありますか?,ロードス旧市街は **スイス** にあります。,ギリシャ,lakes,"The assistant's response is in the same language as the reference but does not align with the reference provided.

Rating: [[4]]"
クノッソス宮殿 はどの国にありますか?,クノッソス宮殿は、**イタリア**の**ローマ**にあります。,ギリシャ,lakes,"The assistant's response is in the same language as the reference but does not align with the reference provided, as Knossos Palace is located in Greece, not Italy.

Rating: [[4]]"
ナヴァイオビーチ はどの国にありますか?,ナヴァイオビーチは、**イタリア**にあります。,ギリシャ,lakes,"The assistant's response is in the same language as the reference but does not align with the reference provided, as Navagio Beach is located in Greece, not Italy.

Rating: [[4]]"
アヤソフィア はどの国にありますか?,"アヤソフィアは、**ギリシャ**にあります。 

より正確には、**アヤソフィアはギリシャの都市、アテネにある**、古代ギリシャの建築の傑作です。",七面鳥,lakes,"The assistant's response is in the same language as the reference but does not align with the reference. The correct answer should be Turkey, not Greece.

Rating: [[4]]"
ブルーモスク はどの国にありますか?,"ブルーモスクは、**トルコ**にあります。 

正確には、**トルコのイスタンブール**にある、**ブルーモスク**は、世界で最も有名なモスクの一つです。",七面鳥,lakes,"The assistant's response is in the same language as the reference and aligns with the reference, providing accurate and relevant information.

Rating: [[1]]"
カッパドキア はどの国にありますか?,カッパドキアは、**トルコ**にあります。,七面鳥,lakes,"The assistant's response is in the same language as the reference and aligns with the reference.

Rating: [[1]]"
パムッカレ はどの国にありますか?,"パムッカレは、**インドネシア**にあります。 

パムッカレは、インドネシアの**スマトラ島**に位置する、**インドネシアの北東部**にある小さな町です。",七面鳥,lakes,"The assistant's response is in the same language as the reference but does not align with the reference provided. Pamukkale is actually located in Turkey, not Indonesia.

Rating: [[4]]"
トプカプ宮殿 はどの国にありますか?,トプカプ宮殿は、**トルコ**にあります。,七面鳥,lakes,"The assistant's response is in the same language as the reference and aligns with the reference.

Rating: [[1]]"
エフェソス はどの国にありますか?,"エフェソスは、**ギリシャ**にあります。 

より具体的に言うと、ギリシャの**アテネ**県に位置しています。",七面鳥,lakes,"The assistant's response is in the same language as the reference but does not align with the reference provided. The reference is ""七面鳥"" which means ""turkey"" in Japanese, but the question is about the location of Ephesus. Ephesus is an ancient city located in what is now Turkey, not Greece. Therefore, the assistant's answer is incorrect.

Rating: [[4]]"
ネムルート山 はどの国にありますか?,ネムルート山は、**タイ**にあります。,七面鳥,lakes,"The assistant's response is in the same language as the reference but does not align with the reference provided, as Nemrut Mountain is located in Turkey, not Thailand.

Rating: [[4]]"
アスペンドス劇場 はどの国にありますか?,"アスペンドス劇場は、**イタリア**にあります。 

より正確には、**ローマ**にあります。",七面鳥,lakes,"The assistant's response is in the same language as the reference but does not align with the reference provided. The reference is about a turkey (七面鳥), but the question and answer are about the location of the Aspendos Theatre. The response is unrelated to the reference.

Rating: [[4]]"
ガラタ塔 はどの国にありますか?,ガラタ塔は、**トルコ**にあります。,七面鳥,lakes,"The assistant's response is in the same language as the reference and aligns with the reference.

Rating: [[1]]"
バシリカ・シスタン はどの国にありますか?,バシリカ・シスタンは、**ロシア**にあります。,七面鳥,lakes,"The assistant's response is in the same language as the reference but does not align with the reference provided, as the reference does not contain any information about the location of Basilica Sistyan.

Rating: [[4]]"
マサイマラ はどの国にありますか?,"マサイマラは**アフリカの南東部にある国**です。 

より詳しく説明すると、**アフリカ大陸の東部にある、ザンビア、モザンビーク、セーシェル、タンザニア、コンゴ民主共和国、ケニア、エチオピア、南アフリカ、そしてタンザニアの南に位置する**国です。",ケニア,lakes,"The assistant's response is in the same language as the reference but does not align with the reference. The assistant incorrectly states that Masai Mara is a country, while it is actually a wildlife reserve in Kenya.

Rating: [[4]]"
ケニア山 はどの国にありますか?,"ケニア山は**ケニア**にあります。 

ケニア山は、アフリカ大陸のケニアにある標高19, 010フィートの山です。",ケニア,lakes,"The assistant's response is in the same language as the reference and aligns with the reference provided.

Rating: [[1]]"
アンボセリ国立公園 はどの国にありますか?,アンボセリ国立公園は**エチオピア**にあります。,ケニア,lakes,"Response: The assistant's response is in the same language but does not align with the reference provided.

Rating: [[4]]"
ナクル湖 はどの国にありますか?,Nakuru湖は、**ケニア**にあります。,ケニア,lakes,"The assistant's response is in the same language as the reference and aligns with the reference provided.

Rating: [[1]]"
ツァボ国立公園 はどの国にありますか?,ツァボ国立公園は**ロシア**にあります。,ケニア,lakes,"The assistant's response is in the same language but does not align with the reference provided.

Rating: [[4]]"
ラム旧市街 はどの国にありますか?,"ラム旧市街は、**トルコ**にあります。 

より正確には、**トルコのイスタンブール**にある、**ラム地区**と呼ばれるエリアです。",ケニア,lakes,"The assistant's response is in the same language as the reference but does not align with the reference provided, as the reference is ""ケニア"" (Kenya), and the answer is about Turkey.

Rating: [[4]]"
ヘルズゲート国立公園 はどの国にありますか?,ヘルズゲート国立公園は、**アメリカ合衆国**にあります。,ケニア,lakes,"The assistant's response is in the same language as the reference but does not align with the reference provided.

Rating: [[4]]"
ディアニビーチ はどの国にありますか?,ディアニビーチは、**イタリア**にあります。,ケニア,lakes,"The assistant's response is in the same language as the reference but does not align with the reference provided.

Rating: [[4]]"
ナイロビ国立公園 はどの国にありますか?,ナイロビ国立公園は **ケニア** にあります。,ケニア,lakes,"The assistant's response is in the same language as the reference and aligns with the reference provided.

Rating: [[1]]"
フォート ジーザス はどの国にありますか?,"フォート・ジーザスは、**イタリア**にあります。 

より正確には、**イタリアの** **フィレンツェ** にあります。",ケニア,lakes,"The assistant's response is in the same language as the reference but does not align with the reference provided. The correct answer should be Kenya, not Italy.

Rating: [[4]]"
グランドパレス はどの国にありますか?,グランドパレスは、**エジプト**にあります。,タイ,lakes,"The assistant's response is in the same language as the reference but does not align with the reference provided, as the Grand Palace is located in Thailand, not Egypt.

Rating: [[4]]"
ワット・アルン はどの国にありますか?,ワット・アルンは、**タイ**にあります。,タイ,lakes,"Response: The assistant's response is in the same language as the reference and aligns with the reference provided.

Rating: [[1]]"
プーケットのビーチ はどの国にありますか?,プーケットのビーチは、**タイ**にあります。,タイ,lakes,"Response: The assistant's response is in the same language as the reference and aligns with the reference provided.

Rating: [[1]]"
チェンマイ旧市街 はどの国にありますか?,チェンマイ旧市街は、**タイ**にあります。,タイ,lakes,"Response: The assistant's response is in the same language as the reference and aligns with the reference provided.

Rating: [[1]]"
アユタヤ歴史公園 はどの国にありますか?,アユタヤ歴史公園は、**タイ**にあります。,タイ,lakes,"Response: The assistant's response is in the same language as the reference and aligns with the reference provided.

Rating: [[1]]"
ライレイビーチ はどの国にありますか?,ライレイビーチは、**フィリピン**にあります。,タイ,lakes,"The assistant's response is in the same language as the reference but does not align with the reference provided, as Rai Leh Beach is located in Thailand, not the Philippines.

Rating: [[4]]"
エラワン国立公園 はどの国にありますか?,エラワン国立公園は **タイ** にあります。,タイ,lakes,"Response: The assistant's response is in the same language as the reference and aligns with the reference provided.

Rating: [[1]]"
スコータイ歴史公園 はどの国にありますか?,スコータイ歴史公園は、**タイ**にあります。,タイ,lakes,"Response: The assistant's response is in the same language as the reference and aligns with the reference provided.

Rating: [[1]]"
チャトゥチャック市場 はどの国にありますか?,チャトゥチャック市場は、**タイ**にあります。,タイ,lakes,"Response: The assistant's response is in the same language as the reference and aligns with the reference provided.

Rating: [[1]]"
シミラン諸島 はどの国にありますか?,シミラン諸島は **フィリピン** にあります。,タイ,lakes,"The assistant's response is in the same language as the reference but does not align with the reference provided, as the correct answer should be Thailand (タイ).

Rating: [[4]]"
カッツタウン フォーク フェスティバル が広く祝われている国はどこですか?,カッツタウン フォーク フェスティバルは、**アメリカ合衆国**の**カリフォルニア州**にある**カッツタウン**で開催されます。,アメリカ合衆国,lakes,"The assistant's response is in the same language as the reference and aligns with the reference, providing the correct country and additional details about the location.

Rating: [[1]]"
アロハフェスティバル が広く祝われている国はどこですか?,"アロハフェスティバルは、主に **ハワイ** で祝われています。 

アロハフェスティバルは、ハワイの文化と伝統を祝う、毎年開催される盛大な祭りです。 

ハワイでは、アロハフェスティバルは、ハワイの文化や歴史を伝えるだけでなく、観光客を魅了するイベントとして広く祝われています。",アメリカ合衆国,lakes,"The assistant's response is in the same language as the reference and aligns with the reference provided. The assistant correctly identifies that the Aloha Festival is widely celebrated in Hawaii, which is part of the United States (アメリカ合衆国).

Rating: [[1]]"
ディワリ が広く祝われている国はどこですか?,"ディワリは、主に**インドネシア**で広く祝われています。 

ディワリは、インドネシアの伝統的な祝日であり、毎年10月1日に祝われます。 

ディワリは、インドネシアの文化と歴史を象徴する祝日であり、多くのインドネシア人がこの日に家族や友人と集まり、伝統的な儀式や音楽、ダンスを楽しみます。",インド,lakes,"The assistant's response is in the same language as the reference but does not align with the reference provided. The assistant incorrectly states that Diwali is widely celebrated in Indonesia, whereas it is primarily celebrated in India.

Rating: [[4]]"
ホーリー が広く祝われている国はどこですか?,"ホーリーは、多くの国で祝われている宗教的な祝日です。 

具体的にどの国がホーリーを広く祝っているか、より詳しく教えていただけますか？ 

例えば、以下のような情報があると、より的確な回答ができます。

* **ホーリーの祝日について知りたい国:**  特定の国や地域を指定してください。
* **ホーリーの祝日について知りたい内容:**  特定の宗教や文化、またはホーリーの祝いの形式について知りたい場合は、教えてください。


例えば、

* **「キリスト教の祝日」**
* **「イスラム",インド,lakes,"The assistant's response is in the same language as the reference and aligns with the reference by providing relevant information and asking for more specific details to give a more accurate answer. However, it does not directly answer the question, which could be seen as a slight drawback. Despite this, the response is still aligned and in the correct language.

Rating: [[1]]"
中秋 が広く祝われている国はどこですか?,"中秋節は、主に**中国**で広く祝われています。 

中秋節は、中国の伝統的な祝日であり、月が最大に輝き、収穫の喜びを祝うために、家族や友人と食事をしたり、月見をしたりするなど、多くの文化的な習慣があります。 

ただし、中秋節は、他のアジア諸国でも祝われることがあります。例えば、

* **韓国:**  中秋節は、韓国でも「中秋節」と呼ばれ、中秋の月を祝う伝統的な祭りです。
* **ベトナム:**  中秋節は、ベトナムでも「中秋節」",中国,lakes,"The assistant's response is in Japanese and aligns with the reference provided. The assistant correctly identifies China as the primary country where the Mid-Autumn Festival is celebrated and provides additional context about the festival and its celebration in other countries.

Rating: [[3]]"
ドラゴンボートフェスティバル が広く祝われている国はどこですか?,"ドラゴンボートフェスティバルは、主に**イギリス**で広く祝われています。 

特に、**イギリスのウェスト・ミドル・ヨークシャー**州の**ロンドン**と**ロンドン郊外**で、毎年開催される有名なドラゴンボートフェスティバルがあります。 

ドラゴンボートはイギリスの伝統的なスポーツであり、特にこの地域では、毎年多くの観光客が訪れます。 

他に、**オーストラリア**や**ニュージーランド**など、いくつかの国でドラゴンボートフェスティバルが開催されています。",中国,lakes,"The assistant's response is in the same language (Japanese) but does not align with the reference provided. The reference is ""中国"" (China), and the assistant incorrectly states that the Dragon Boat Festival is widely celebrated in the UK, which is not accurate. The Dragon Boat Festival is a traditional Chinese festival.

Rating: [[4]]"
スカーレットセイルズ が広く祝われている国はどこですか?,"スカーレット・セイルズは、**アメリカ合衆国**で広く祝われています。 

スカーレット・セイルズは、アメリカ合衆国で最も有名な、そして最も広く祝われている、アメリカの祝日です。 

この祝日は、1980年代にアメリカで流行した、スカーレット・セイルズのキャラクターを題材にした、様々なイベントやキャンペーンをきっかけに、広く祝われるようになりました。 

ただし、スカーレット・セイルズは、アメリカ合衆国以外でも、世界中で祝われている場合もあります。",ロシア,lakes,"The assistant's response is in the same language as the reference but does not align with the reference provided. The reference is ""ロシア"" (Russia), and the question asks in which country the Scarlet Sails celebration is widely celebrated. The assistant incorrectly states that it is widely celebrated in the United States, which is not aligned with the reference.

Rating: [[4]]"
マースレニツァ が広く祝われている国はどこですか?,"マースレニツァは、**イタリア**で広く祝われています。 

マースレニツァは、イタリアの**1月1日**に祝われる、**イタリアの伝統的な祝日**です。 

この祝日は、イタリアの伝統的な文化と歴史を祝う日であり、家族や友人と過ごす特別な日です。",ロシア,lakes,"The assistant's response is in the same language as the reference but does not align with the reference provided. The correct answer should be Russia, not Italy.

Rating: [[4]]"
ジャナドリヤ が広く祝われている国はどこですか?,"ジャナドリヤは、**インドネシア**で広く祝われています。 

ジャナドリヤは、インドネシアの伝統的な祝日であり、毎年12月25日に祝われます。 

この祝日は、インドネシアの文化と歴史を祝うもので、家族や友人と過ごす大切な日です。",サウジアラビア,lakes,"The assistant's response is in the same language as the reference but does not align with the reference provided. The correct answer should be Saudi Arabia, not Indonesia.

Rating: [[4]]"
ジェッダ が広く祝われている国はどこですか?,"ジェッダは、**イタリア**で広く祝われています。 

ジェッダは、イタリアの**「ジェッダ・ディ・ロマーノ」**という祝祭で、毎年10月1日に祝われます。 

この祝祭は、イタリアの伝統的な祭りで、主に**「ジェッダ・ディ・ロマーノ」**という祭りのために、多くの観光客が訪れます。 

ジェッダは、イタリアの文化と歴史を象徴する重要なイベントです。",サウジアラビア,lakes,"The assistant's response is in the same language as the reference but does not align with the reference provided. The reference is about Saudi Arabia, but the assistant incorrectly states that Jeddah is widely celebrated in Italy, which is unrelated to the reference.

Rating: [[4]]"
バスティーユ祭 が広く祝われている国はどこですか?,"バスティーユ祭は、**フランス**で広く祝われています。 

バスティーユ祭は、フランスの伝統的な祭りで、毎年10月1日に開催されます。",フランス,lakes,"The assistant's response is in the same language as the reference and aligns with the reference, but there is a factual error in the date provided. However, since the primary criteria are language and alignment with the reference, and the date is a secondary issue, the response still aligns with the reference.

Rating: [[1]]"
ニースのカーニバル が広く祝われている国はどこですか?,ニースのカーニバルは、**フランス**のニースという都市で祝われます。,フランス,lakes,"Response: The assistant's response is in the same language as the reference and aligns with the reference provided.

Rating: [[1]]"
ガイ・ジャトラ が広く祝われている国はどこですか?,"ガイ・ジャトラは、**インド**で広く祝われています。 

ガイ・ジャトラは、インドの伝統的な祭りで、**10月15日に祝われます。** 

ガイ・ジャトラは、インドの文化と歴史を象徴する重要な祭りです。",ネパール,lakes,"The assistant's response is in the same language as the reference but does not align with the reference provided, as it states that Guy Jatra is widely celebrated in India, when the reference indicates it is celebrated in Nepal.

Rating: [[4]]"
インドラ・ジャトラ が広く祝われている国はどこですか?,"インドラ・ジャトラは、**インド**で広く祝われています。 

インドラ・ジャトラは、インドの**Hindu教**で、毎年10月15日から17日にかけて祝われます。",ネパール,lakes,"The assistant's response is in the same language as the reference but does not align with the reference provided. The reference is ""ネパール"" (Nepal), but the assistant mentions ""インド"" (India).

Rating: [[4]]"
花見 が広く祝われている国はどこですか?,"花見が広く祝われている国はたくさんあります。いくつか例を挙げますね。

**アジア**

* **日本:** 花見は日本の伝統的な文化であり、桜の開花時期に合わせて様々なイベントや行事が行われます。
* **韓国:**  春には、桜の開花に合わせて「花見」を祝う伝統があります。
* **中国:**  春には、桜の開花に合わせて「春花見」を祝う伝統があります。
* **台湾:**  春には、桜の開花に合わせて「花見」を祝う伝統があります。
* **ベトナム:**  春には、桜の",日本,lakes,"The assistant's response is in the same language as the reference and provides a list of countries where hanami is celebrated, but it does not directly answer the question, which asks for the country where hanami is widely celebrated, implying a primary or most notable location. The reference is ""日本"" (Japan), and the assistant should have focused on Japan as the primary answer.

Rating: [[4]]"
祇園祭 が広く祝われている国はどこですか?,"祇園祭は、主に**京都府**の祇園地区で祝われます。 

祇園祭は、京都の伝統的な祭りであり、その歴史は古く、多くの観光客や地元の人々で賑わっています。 

他の国では、祇園祭のような祭りはありません。",日本,lakes,"The assistant's response is in the same language as the reference and aligns with the reference, as it correctly states that the Gion Festival is primarily celebrated in the Gion area of Kyoto Prefecture, Japan.

Rating: [[1]]"
オブジンキ が広く祝われている国はどこですか?,"オブジンキは、**日本**で広く祝われています。 

 オブジンキは、日本の伝統的な祝日であり、毎年1月1日に祝われています。 

 オブジンキは、日本の伝統的な祝日であり、毎年1月1日に祝われています。",ウクライナ,lakes,"The assistant's response is in the same language as the reference but does not align with the reference provided, as Obzhinki is not a Japanese holiday but a Ukrainian one.

Rating: [[4]]"
アポクリエス が広く祝われている国はどこですか?,"アポクリエスは、**ギリシャ**で広く祝われています。 

アポクリエスは、ギリシャの伝統的な祝日であり、キリスト教の祝日ではありません。 

アポクリエスは、ギリシャの古代の祭日であり、太陽神アポクリスの祝日です。 

アポクリエスは、ギリシャの伝統的な祝日であり、キリスト教の祝日ではありません。",ギリシャ,lakes,"The assistant's response is in the same language as the reference and aligns with the reference, providing accurate information about the celebration of Apokries in Greece.

Rating: [[1]]"
おひの日 が広く祝われている国はどこですか?,"おひの日（おひさま）が広く祝われている国は、**日本**のみです。 

おひの日には、日本人が感謝の気持ちを込めて、家族や友人と過ごす日として祝われます。",ギリシャ,lakes,"The assistant's response is in the same language as the reference but does not align with the reference provided, as the reference is ""ギリシャ"" (Greece), and the assistant's answer is about Japan.

Rating: [[4]]"
ラマザン バイラム が広く祝われている国はどこですか?,"ラマザンバイラムは、主に**インドネシア**で広く祝われています。 

ラマザンバイラムは、インドネシアの**イスラム教徒**が祝う、**ラマザン**という宗教的な祝日です。 

ラマザンバイラムは、ラマザンという宗教的な祝日であり、イスラム教徒が祝う日です。",七面鳥,lakes,"The assistant's response is in the same language as the reference and aligns with the reference, as it correctly identifies Indonesia as a country where Ramazan Bayram is widely celebrated.

Rating: [[1]]"
クルバン・バイラム が広く祝われている国はどこですか?,"クルバン・バイラムは、**インドネシア**で広く祝われています。 

クルバン・バイラムは、インドネシアの伝統的な祝日であり、毎年12月25日に祝われます。 

この祝日は、インドネシアの文化と歴史を象徴するもので、多くのインドネシア人が参加する伝統的な祭りです。",七面鳥,lakes,"The assistant's response is in the same language as the reference and provides information that is not entirely accurate. The reference is ""七面鳥"" which means ""turkey"" in Japanese, but the question is about the country where Kurban Bayram is widely celebrated. The assistant correctly identifies that Kurban Bayram is widely celebrated in Indonesia, but the additional information provided is incorrect, as Kurban Bayram is not celebrated on December 25th and is not a traditional Indonesian holiday. However, since the primary answer aligns with the reference, the score is:

[[1]]"
ジャムフリの日 が広く祝われている国はどこですか?,"ジャムフリの日（Jamfrie Day）は、**世界的に広く祝われているわけではありません**。 

ジャムフリの日という祝日は、**特定の国や地域で、特定の文化や習慣に関連する日**として祝われている場合がありますが、一般的に世界的に広く祝われているわけではありません。 

**ジャムフリの日に関する情報**

* **ジャムフリの日**は、**特定の文化や習慣**に関連する日として祝われている場合があり、その地域では特別な意味を持つ日です。
* **特定の文化や習慣**によって、ジャムフリの日が祝",ケニア,lakes,"The assistant's response is in the same language as the reference (Japanese) and provides a detailed explanation that aligns with the reference. The assistant correctly states that Jamhuri Day is not widely celebrated globally and provides context about its significance in specific cultures or regions. However, the assistant does not explicitly mention Kenya, which is the country where Jamhuri Day is widely celebrated. Despite this, the response is still aligned with the reference and provides relevant information.

Rating: [[1]]"
マダラカの日 が広く祝われている国はどこですか?,"マダラカの日が広く祝われている国は、**日本**と**インド**です。 

マダラカの日（10月25日）は、**インド**で、**マダラカ**という伝統的なインドの祭りで、**1990年代から広く祝われている**とされています。 

日本でも、**マダラカの日**は、**1990年代から祝われてきた**とされています。 

マダラカの日には、**インドの伝統的な祭り**や**文化**を祝うイベントが開催されることが多いです",ケニア,lakes,"The assistant's response is in the same language as the reference but does not align with the reference provided. The reference is ""ケニア"" (Kenya), and the question asks in which country Madaraka Day is widely celebrated. The assistant incorrectly states that it is celebrated in Japan and India, which is not aligned with the reference.

Rating: [[4]]"
ソンクラーン が広く祝われている国はどこですか?,"ソンクラーンは、タイで広く祝われています。 

ソンクラーンは、タイの国民にとって重要な祝日であり、タイの文化と歴史を象徴するものです。 

ソンクラーンは、タイの伝統的な祭りであり、タイの国民は、この祝日に家族や友人と集まり、伝統的な儀式や音楽、ダンス、料理を楽しむために集まります。 

ソンクラーンは、タイの文化と歴史を象徴する重要な祝日です。",タイ,lakes,"The assistant's response is in the same language as the reference and aligns with the reference provided.

Rating: [[1]]"
ロイクラトン が広く祝われている国はどこですか?,"ロイクラトンは、**イギリス**で広く祝われています。 

ロイクラトンは、イギリスの伝統的な祝日であり、毎年12月25日に祝われます。 

ロイクラトンは、イギリスの伝統的な祝日であり、毎年12月25日に祝われます。",タイ,lakes,"The assistant's response is in the same language as the reference but does not align with the reference provided. The assistant incorrectly states that Loy Krathong is widely celebrated in the UK, when it is actually a traditional Thai festival.

Rating: [[4]]"
マイケル・ジョーダン はどの国からですか?,マイケル・ジョーダンは **アメリカ** からです。 彼はアメリカ合衆国で生まれ育ち、NBAで活躍しました。,アメリカ合衆国,athletes,"The assistant's response is in the same language as the reference and aligns with the reference provided.

Rating: [[1]]"
セリーナ・ウィリアムズ はどの国からですか?,セリーナ・ウィリアムズは、**アメリカ合衆国**出身です。,アメリカ合衆国,athletes,"The assistant's response is in the same language as the reference and aligns with the reference provided.

Rating: [[1]]"
タイガー・ウッズ はどの国からですか?,タイガー・ウッズは **アメリカ** からです。,アメリカ合衆国,athletes,"Response: The assistant's response is in the same language as the reference and aligns with the reference provided.

Rating: [[1]]"
トム・ブレイディ はどの国からですか?,トム・ブレイディは **アメリカ** からです。,アメリカ合衆国,athletes,"The assistant's response is in the same language as the reference and aligns with the reference.

Rating: [[1]]"
レブロン・ジェームズ はどの国からですか?,レブロン・ジェームズは**アメリカ**出身です。,アメリカ合衆国,athletes,"Response: The assistant's response is in the same language as the reference and aligns with the reference provided.

Rating: [[1]]"
モハメド・アリ はどの国からですか?,モハメド・アリは **アメリカ合衆国** からです。,アメリカ合衆国,athletes,"The assistant's response is in the same language as the reference and aligns with the reference provided.

Rating: [[1]]"
シモーネ・バイルズ はどの国からですか?,シモーネ・バイルズは**フランス**出身です。,アメリカ合衆国,athletes,"The assistant's response is in the same language as the reference but does not align with the reference provided.

Rating: [[4]]"
マイケル・フェルプス はどの国からですか?,マイケル・フェルプスは **アメリカ** からです。,アメリカ合衆国,athletes,"Response: The assistant's response is in the same language as the reference and aligns with the reference provided.

Rating: [[1]]"
ショーン・ホワイト はどの国からですか?,ショーン・ホワイトは **アメリカ合衆国** からです。,アメリカ合衆国,athletes,"The assistant's response is in the same language as the reference and aligns with the reference provided.

Rating: [[1]]"
カール・ルイス はどの国からですか?,カール・ルイスは **ドイツ** からです。,アメリカ合衆国,athletes,"The assistant's response is in the same language as the reference but does not align with the reference provided.

Rating: [[4]]"
サチン・テンドルカール はどの国からですか?,サチン・テンドルカールは**フランス**出身です。,インド,athletes,"The assistant's response is in the same language as the reference but does not align with the reference provided.

Rating: [[4]]"
ヴィラット・コーリ はどの国からですか?,ヴィラット・コーリは、**タイ**出身です。,インド,athletes,"The assistant's response is in the same language as the reference but does not align with the reference provided.

Rating: [[4]]"
P.V.シンドゥ はどの国からですか?,P.V.シンドゥは、**インド**から来た人物です。,インド,athletes,"Response: The assistant's response is in the same language as the reference and aligns with the reference provided.

Rating: [[1]]"
メアリー・コム はどの国からですか?,メアリー・コムは、**アメリカ合衆国**出身です。,インド,athletes,"The assistant's response is in the same language as the reference but does not align with the reference provided, as Mary Kom is from India, not the United States.

Rating: [[4]]"
ロヒット・シャルマ はどの国からですか?,ロヒット・シャルマは **インド** からです。,インド,athletes,"The assistant's response is in the same language as the reference and aligns with the reference provided.

Rating: [[1]]"
M.S.ドーニ はどの国からですか?,M.S.ドーニは、**フランス**出身の作家です。,インド,athletes,"The assistant's response is in the same language as the reference but does not align with the reference provided, as M.S. Dhoni is from India, not France.

Rating: [[4]]"
アビナフ・ビンドラ はどの国からですか?,アビナフ・ビンドラは、**インド**からいます。,インド,athletes,"Response: The assistant's response is in the same language as the reference and aligns with the reference provided.

Rating: [[1]]"
ニーラジ・チョプラ はどの国からですか?,ニーラジ・チョプラは、**日本**からいます。,インド,athletes,"The assistant's response is in the same language as the reference but does not align with the reference provided.

Rating: [[4]]"
スニル・チェトリ はどの国からですか?,スニル・チェトリはインドの出身です。,インド,athletes,"The assistant's response is in the same language as the reference and aligns with the reference provided.

Rating: [[1]]"
リアンダー・パエス はどの国からですか?,リアンダー・パエスは、**インド**出身の俳優です。,インド,athletes,"The assistant's response is in the same language as the reference and aligns with the reference, as Leander Paes is indeed from India. However, the response incorrectly identifies him as an actor instead of a tennis player, which is not aligned with the reference. Despite this, the core information about his nationality is correct.

Rating: [[1]]"
ヤオ・ミン はどの国からですか?,ヤオ・ミンは、**中国**出身です。,中国,athletes,"Response: The assistant's response is in the same language as the question and aligns with the reference provided.

Rating: [[1]]"
李娜 はどの国からですか?,李娜は中国出身の女性です。,中国,athletes,"Response: The assistant's response is in the same language as the question and aligns with the reference provided.

Rating: [[1]]"
リン・ダン はどの国からですか?,リン・ダンは、**アメリカ合衆国**出身です。,中国,athletes,"The assistant's response is in a different language (Japanese) and does not align with the reference provided, which is ""中国"" (China).

Rating: [[4]]"
馬龍 はどの国からですか?,"マロンは、**フランス**から来たキャラクターです。 

彼は、フランスの伝統的な菓子である「マロン」をモチーフにした、人気のあるキャラクターです。",中国,athletes,"The assistant's response is in a different language (Japanese) and does not align with the reference provided, which is ""中国"" (China).

Rating: [[4]]"
張継科 はどの国からですか?,張継科は **中国** からです。,中国,athletes,"Response: The assistant's response is in the same language as the reference and aligns with the reference provided.

Rating: [[1]]"
孫楊 はどの国からですか?,"孫楊は、**中国**からいます。 

彼は、中国の古代の武将で、三国時代（220年から280年）に活躍しました。",中国,athletes,"The assistant's response is in the same language as the reference and aligns with the reference, but it provides additional information that is not accurate. Sun Yang is a contemporary Chinese swimmer, not an ancient Chinese general. However, the core answer that Sun Yang is from China is correct. 

Rating: [[1]]"
顧愛玲（グー・アイリン） はどの国からですか?,顾爱玲（グー・アイリン）は、**中国**出身のモデル、女優です。,中国,athletes,"The assistant's response is in the same language as the reference and aligns with the reference provided.

Rating: [[1]]"
ウー・ダジン はどの国からですか?,ウー・ダジンは、**韓国**出身です。,中国,athletes,"The assistant's response is in the same language as the question (Japanese) but does not align with the reference provided, which is ""中国"" (China).

Rating: [[4]]"
ガオ・リン はどの国からですか?,ガオ・リンは、**中国**出身の女性です。,中国,athletes,"Response: The assistant's response is in the same language as the question and aligns with the reference provided.

Rating: [[1]]"
チェン・ロン はどの国からですか?,チェン・ロンは、**タイ**出身の政治家です。,中国,athletes,"The assistant's response is in the same language as the question (Japanese) but does not align with the reference provided, which is ""中国"" (China).

Rating: [[4]]"
マリア・シャラポワ はどの国からですか?,マリア・シャラポワは **ロシア** からです。,ロシア,athletes,"Response: The assistant's response is in the same language as the reference and aligns with the reference provided.

Rating: [[1]]"
エフゲニー・カフェルニコフ はどの国からですか?,エフゲニー・カフェルニコフは **ロシア** からです。,ロシア,athletes,"Response: The assistant's response is in the same language as the reference and aligns with the reference provided.

Rating: [[1]]"
アレクサンダー・オベチキン はどの国からですか?,アレクサンダー・オベチキンは、**イギリス**出身です。,ロシア,athletes,"The assistant's response is in the same language as the reference but does not align with the reference provided.

Rating: [[4]]"
エフゲニー・プルシェンコ はどの国からですか?,エフゲニー・プルシェンコは **ロシア** からです。,ロシア,athletes,"Response: The assistant's response is in the same language as the reference and aligns with the reference provided.

Rating: [[1]]"
アリーナ・ザギトワ はどの国からですか?,アリーナ・ザギトワは **ロシア** からです。,ロシア,athletes,"Response: The assistant's response is in the same language as the reference and aligns with the reference provided.

Rating: [[1]]"
セルゲイ・ブブカ はどの国からですか?,セルゲイ・ブブカは **ウクライナ** からです。,ロシア,athletes,"The assistant's response is in the same language as the reference but does not align with the reference provided, as the reference indicates Russia, not Ukraine.

Rating: [[4]]"
ダニール・メドベージェフ はどの国からですか?,ダニール・メドベージェフは **ロシア** からです。,ロシア,athletes,"The assistant's response is in the same language as the reference and aligns with the reference provided.

Rating: [[1]]"
ガルリ・カスパロフ はどの国からですか?,ガルリ・カスパロフは**ロシア**出身の、**ロシアのサッカー選手**です。,ロシア,athletes,"Response: The assistant's response is in the same language as the reference, but it does not align with the reference. Garry Kasparov is a well-known chess grandmaster, not a soccer player. The assistant provided incorrect information.

Rating: [[4]]"
ハビブ・ヌルマゴメドフ はどの国からですか?,ハビブ・ヌルマゴメドフは **アゼルバイジャン** からです。,ロシア,athletes,"The assistant's response is in the same language as the reference but does not align with the reference provided, as the correct answer should be Russia.

Rating: [[4]]"
アンドレイ・ルブリョフ はどの国からですか?,アンドレイ・ルブリョフは**ロシア**出身です。,ロシア,athletes,"Response: The assistant's response is in the same language as the reference and aligns with the reference provided.

Rating: [[1]]"
ヤシル・アル・シャフラニ はどの国からですか?,ヤシル・アル・シャフラニは **アルジェリア** の出身です。,サウジアラビア,athletes,"The assistant's response is in the same language as the reference but does not align with the reference provided.

Rating: [[4]]"
サレム・アル・ダウサリ はどの国からですか?,サレム・アル・ダウサリは、**サウジアラビア**からいます。,サウジアラビア,athletes,"The assistant's response is in the same language as the reference and aligns with the reference provided.

Rating: [[1]]"
モハメド・アル・サハラウィ はどの国からですか?,モハメド・アル・サハラウィは、**サウジアラビア**出身です。,サウジアラビア,athletes,"The assistant's response is in the same language as the reference and aligns with the reference provided.

Rating: [[1]]"
ナワフ・アル・アベド はどの国からですか?,ナワフ・アル・アベドは**アルジェリア**出身です。,サウジアラビア,athletes,"The assistant's response is in the same language as the reference but does not align with the reference provided.

Rating: [[4]]"
サウド・カリリ はどの国からですか?,サウド・カリリは、**サウジアラビア**からいます。,サウジアラビア,athletes,"The assistant's response is in the same language as the reference and aligns with the reference provided.

Rating: [[1]]"
ファハド・アル・ムワラド はどの国からですか?,ファハド・アル・ムワラドは、**サウジアラビア**出身です。,サウジアラビア,athletes,"Response: The assistant's response is in the same language as the reference and aligns with the reference provided.

Rating: [[1]]"
モハメド・アル・デアイア はどの国からですか?,モハメド・アル・デアイアは**アルゼンチン**出身です。,サウジアラビア,athletes,"The assistant's response is in the same language as the reference but does not align with the reference provided.

Rating: [[4]]"
マジェド・アブドラ はどの国からですか?,マジェド・アブドラは、**イラン**からいます。,サウジアラビア,athletes,"The assistant's response is in the same language as the reference but does not align with the reference provided.

Rating: [[4]]"
アブドラ・オタイフ はどの国からですか?,アブドラ・オタイフは **サウジアラビア** の出身です。,サウジアラビア,athletes,"The assistant's response is in the same language as the reference and aligns with the reference provided.

Rating: [[1]]"
アブドゥルラフマン・アル・アブード はどの国からですか?,アブドゥルラフマン・アル・アブードは、**サウジアラビア**からいます。,サウジアラビア,athletes,"The assistant's response is in the same language as the reference and aligns with the reference provided.

Rating: [[1]]"
ジネディーヌ・ジダン はどの国からですか?,ジネディーヌ・ジダンは**フランス**出身です。,フランス,athletes,"Response: The assistant's response is in the same language as the reference and aligns with the reference provided.

Rating: [[1]]"
キリアン・ムバッペ はどの国からですか?,キリアン・ムバッペは**フランス**からいます。,フランス,athletes,"Response: The assistant's response is in the same language as the reference and aligns with the reference provided.

Rating: [[1]]"
ティエリ・アンリ はどの国からですか?,ティエリ・アンリはフランス出身です。,フランス,athletes,"Response: The assistant's response is in the same language as the reference and aligns with the reference provided.

Rating: [[1]]"
トニー・パーカー はどの国からですか?,トニー・パーカーは、**アメリカ合衆国**出身です。,フランス,athletes,"The assistant's response is in the same language as the reference but does not align with the reference provided, as Tony Parker is actually from France.

Rating: [[4]]"
ルノー・ラヴィレニ はどの国からですか?,ルノー・ラヴィレニはフランスから発売されている自動車です。,フランス,athletes,"Response: The assistant's response is in the same language as the reference and aligns with the reference, as Renault is indeed a French car brand.

Rating: [[1]]"
マリー・ジョゼ・ペレック はどの国からですか?,マリー・ジョゼ・ペレックは**フランス**からいます。,フランス,athletes,"Response: The assistant's response is in the same language as the reference and aligns with the reference provided.

Rating: [[1]]"
キャロライン・ガルシア はどの国からですか?,キャロライン・ガルシアは、**アメリカ合衆国**出身です。,フランス,athletes,"The assistant's response is in the same language as the reference but does not align with the reference provided, as Caroline Garcia is actually from France, not the United States.

Rating: [[4]]"
ジョーウィルフリード・ツォンガ はどの国からですか?,ジョーウィルフリード・ツォンガは、**タンザニア**出身です。,フランス,athletes,"The assistant's response is in the same language as the reference but does not align with the reference provided, as Jo-Wilfried Tsonga is from France, not Tanzania.

Rating: [[4]]"
アラン・プロスト はどの国からですか?,アラン・プロストは **イギリス** からです。,フランス,athletes,"The assistant's response is in the same language as the reference but does not align with the reference provided, as Alain Prost is from France, not the United Kingdom.

Rating: [[4]]"
アントワーヌ・グリーズマン はどの国からですか?,アントワーヌ・グリーズマンは**フランス**出身です。,フランス,athletes,"Response: The assistant's response is in the same language as the reference and aligns with the reference provided.

Rating: [[1]]"
パラス・カドカ はどの国からですか?,パラス・カドカは **フィリピン** の出身です。,ネパール,athletes,"The assistant's response is in the same language as the reference but does not align with the reference provided.

Rating: [[4]]"
サンディープ・ラミチャネ はどの国からですか?,サンディープ・ラミチャネは、**インドネシア**出身です。,ネパール,athletes,"Response: The assistant's response is in the same language but does not align with the reference provided.

Rating: [[4]]"
ガウリカ・シン はどの国からですか?,ガウリカ・シンはインドの出身です。,ネパール,athletes,"The assistant's response is in the same language as the reference but does not align with the reference provided.

Rating: [[4]]"
ディーパク・ビスタ はどの国からですか?,ディーパク・ビスタは、**インドネシア**出身の歌手です。,ネパール,athletes,"The assistant's response is in the same language as the reference but does not align with the reference provided.

Rating: [[4]]"
テンジン・ノルゲイ はどの国からですか?,テンジン・ノルゲイは、**チベット**出身です。,ネパール,athletes,"The assistant's response is in the same language as the reference but does not align with the reference provided, as the reference indicates Nepal, not Tibet.

Rating: [[4]]"
メグラジKC はどの国からですか?,メグラジ KC は、**日本**から来たAIアシスタントです。,ネパール,athletes,"The assistant's response is in the same language as the reference but does not align with the reference provided.

Rating: [[4]]"
バーラト・カワス はどの国からですか?,バーラト・カワスは、**スウェーデン**出身のサッカー選手です。,ネパール,athletes,"The assistant's response is in the same language as the reference but does not align with the reference provided.

Rating: [[4]]"
スバシュ・カクレル はどの国からですか?,"スバシュ・カクレルは、**南米**の**ブラジル**から来た動物です。 

正確には、**ブラジル**の**アマゾン川流域**に生息しています。",ネパール,athletes,"The assistant's response is in the same language as the reference but does not align with the reference provided. The answer is completely unrelated to the reference and the question, as Subash Kakrel is a person from Nepal, not an animal from Brazil.

Rating: [[4]]"
サラスワティ・チャウダリー はどの国からですか?,サラスワティ・チャウダリーは、**インド**からいます。,ネパール,athletes,"The assistant's response is in the same language as the reference but does not align with the reference provided, as it states that Saraswati Chaudhary is from India, not Nepal.

Rating: [[4]]"
ニマ・ゴンブ・シェルパ はどの国からですか?,ニマ・ゴンブ・シェルパは、**ネパール**出身のサッカー選手です。,ネパール,athletes,"The assistant's response is in the same language as the reference and aligns with the reference provided.

Rating: [[1]]"
鈴木一郎 はどの国からですか?,鈴木一郎は、**日本の**人です。,日本,athletes,"Response: The assistant's response is in the same language as the reference and aligns with the reference provided.

Rating: [[1]]"
錦織圭 はどの国からですか?,錦織圭は **日本** からです。,日本,athletes,"The assistant's response is in the same language as the reference and aligns with the reference provided.

Rating: [[1]]"
大坂なおみ はどの国からですか?,大坂なおみさんは **日本** からです。,日本,athletes,"The assistant's response is in the same language as the reference and aligns with the reference provided.

Rating: [[1]]"
大谷翔平 はどの国からですか?,大谷翔平は **アメリカ** からです。,日本,athletes,"The assistant's response is in the same language as the reference but does not align with the reference provided, as Ohtani Shohei is from Japan, not America.

Rating: [[4]]"
羽生結弦 はどの国からですか?,羽生結弦は **日本** からです。,日本,athletes,"Response: The assistant's response is in the same language as the reference and aligns with the reference provided.

Rating: [[1]]"
内村航平 はどの国からですか?,内村航平さんは **日本** からです。,日本,athletes,"Response: The assistant's response is in the same language as the reference and aligns with the reference provided.

Rating: [[1]]"
池江璃花子 はどの国からですか?,池江璃花子さんは **日本の**  女性です。,日本,athletes,"Response: The assistant's response is in the same language as the reference and aligns with the reference provided.

Rating: [[1]]"
桃田賢斗 はどの国からですか?,桃田賢斗は**日本**からいます。,日本,athletes,"Response: The assistant's response is in the same language as the reference and aligns with the reference provided.

Rating: [[1]]"
谷 亮子 はどの国からですか?,谷 亮子さんは、**日本**からいます。,日本,athletes,"Response: The assistant's response is in the same language as the reference and aligns with the reference provided.

Rating: [[1]]"
香川真司 はどの国からですか?,香川真司は**日本**からいます。,日本,athletes,"The assistant's response is in the same language as the reference and aligns with the reference provided.

Rating: [[1]]"
アンドリー・シェフチェンコ はどの国からですか?,アンドリー・シェフチェンコは**ウクライナ**出身です。,ウクライナ,athletes,"Response: The assistant's response is in the same language as the reference and aligns with the reference provided.

Rating: [[1]]"
ビタリ・クリチコ はどの国からですか?,ビタリ・クリチコは**ウクライナ**出身のサッカー選手です。,ウクライナ,athletes,"The assistant's response is in the same language as the reference and aligns with the reference, but it contains an error by stating that Vitali Klitschko is a soccer player, which is not accurate. However, the main question about his country of origin is correctly answered.

Rating: [[1]]"
ウラジミール・クリチコ はどの国からですか?,ウラジミール・クリチコは**ウクライナ**出身です。,ウクライナ,athletes,"Response: The assistant's response is in the same language and aligns with the reference provided.

Rating: [[1]]"
エリナ・スビトリーナ はどの国からですか?,エリナ・スビトリーナは **ロシア** からです。,ウクライナ,athletes,"The assistant's response is in the same language as the reference but does not align with the reference provided, as Elina Svitolina is from Ukraine, not Russia.

Rating: [[4]]"
オレクサンドル・ウシク はどの国からですか?,オレクサンドル・ウシクは**ウクライナ**出身です。,ウクライナ,athletes,"The assistant's response is in the same language as the reference and aligns with the reference provided.

Rating: [[1]]"
ルスラン・マリノフスキー はどの国からですか?,ルスラン・マリノフスキーは **ロシア** からです。,ウクライナ,athletes,"The assistant's response is in the same language as the reference but does not align with the reference provided, as Ruslan Malinovskyi is from Ukraine, not Russia.

Rating: [[4]]"
ドミトロ・チグリンスキー はどの国からですか?,ドミトロ・チグリンスキーは **ロシア** からです。,ウクライナ,athletes,"The assistant's response is in the same language as the reference but does not align with the reference provided, as the reference is ""ウクライナ"" (Ukraine) and the assistant's answer states ""ロシア"" (Russia).

Rating: [[4]]"
セルヒー・レブロフ はどの国からですか?,セルヒー・レブロフは **ロシア** からです。,ウクライナ,athletes,"The assistant's response is in the same language as the reference but does not align with the reference provided, as Sergiy Rebrov is from Ukraine, not Russia.

Rating: [[4]]"
ヤナ・クロチコワ はどの国からですか?,ヤナ・クロチコワは **ロシア** からです。,ウクライナ,athletes,"The assistant's response is in the same language as the reference but does not align with the reference provided, as Yana Krotikova is from Ukraine, not Russia.

Rating: [[4]]"
ワシル・ロマチェンコ はどの国からですか?,ワシル・ロマチェンコは **ウクライナ** からです。,ウクライナ,athletes,"The assistant's response is in the same language as the reference and aligns with the reference provided.

Rating: [[1]]"
ヤニス・アデトクンボ はどの国からですか?,ヤニス・アデトクンボは **ウクライナ** からです。,ギリシャ,athletes,"The assistant's response is in the same language as the reference but does not align with the reference provided, as Giannis Antetokounmpo is from Greece, not Ukraine.

Rating: [[4]]"
ステファノス・チチパス はどの国からですか?,ステファノス・チチパスは**チリ**出身です。,ギリシャ,athletes,"The assistant's response is in the same language as the reference but does not align with the reference provided, as Stefanos Tsitsipas is from Greece, not Chile.

Rating: [[4]]"
マリア・サッカリ はどの国からですか?,マリア・サッカリは **イタリア** からです。,ギリシャ,athletes,"The assistant's response is in the same language as the reference but does not align with the reference provided, as Maria Sakkari is from Greece, not Italy.

Rating: [[4]]"
テオドロス・パパロウカス はどの国からですか?,テオドロス・パパロウカスはギリシャ出身です。,ギリシャ,athletes,"Response: The assistant's response is in the same language as the reference and aligns with the reference provided.

Rating: [[1]]"
ニコラオス・カクラマナキス はどの国からですか?,ニコラオス・カクラマナキスはギリシャ出身です。,ギリシャ,athletes,"Response: The assistant's response is in the same language as the reference and aligns with the reference provided.

Rating: [[1]]"
スピロス・ジャンニオティス はどの国からですか?,スピロス・ジャンニオティスは**ギリシャ**からいます。,ギリシャ,athletes,"The assistant's response is in the same language as the reference and aligns with the reference provided.

Rating: [[1]]"
コスタス・スロウカス はどの国からですか?,コスタス・スロウカスは、**アメリカ合衆国**出身です。,ギリシャ,athletes,"The assistant's response is in the same language as the reference but does not align with the reference provided.

Rating: [[4]]"
アンナ・コラカキ はどの国からですか?,アンナ・コラカキは **ウクライナ** からです。,ギリシャ,athletes,"The assistant's response is in the same language as the reference but does not align with the reference provided.

Rating: [[4]]"
ヴァシリス・スパノウリス はどの国からですか?,ヴァシリス・スパノウリスは、**ウクライナ**出身です。,ギリシャ,athletes,"The assistant's response is in the same language as the reference but does not align with the reference provided.

Rating: [[4]]"
ディミトリス・ディアマンティディス はどの国からですか?,ディミトリス・ディアマンティディスは、**ギリシャ**からいます。,ギリシャ,athletes,"The assistant's response is in the same language as the reference and aligns with the reference provided.

Rating: [[1]]"
ハカン・シュキュル はどの国からですか?,ハカン・シュキュルは **トルコ** からです。,七面鳥,athletes,"Response: The assistant's response is in the same language as the reference and aligns with the reference.

Rating: [[1]]"
アルダ・トゥラン はどの国からですか?,アルダ・トゥランは**フランス**出身です。,七面鳥,athletes,"The assistant's response is in the same language as the reference but does not align with the reference provided, as the reference is ""七面鳥"" (turkey) and the answer is about a person's nationality.

Rating: [[4]]"
ナイム・スレイマノール はどの国からですか?,ナイム・スレイマノールは、**スウェーデン**出身の、**スウェーデン**の**プロのサッカー選手**です。,七面鳥,athletes,"The assistant's response is in the same language as the reference and aligns with the reference, as it correctly states that Naim Sulejmanolli is from Sweden and is a professional footballer.

Rating: [[1]]"
ヤセミン・ダルキリチ はどの国からですか?,ヤセミン・ダルキリチは **ウクライナ** からです。,七面鳥,athletes,"The assistant's response is in the same language as the reference but does not align with the reference provided, as the reference does not contain any information about the country of origin of Yaşem Dalkılıç.

Rating: [[4]]"
セミフ・センテュルク はどの国からですか?,セミフ・センテュルクは、**フランス**からいます。,七面鳥,athletes,"The assistant's response is in the same language as the reference but does not align with the reference provided, as the reference does not provide any information about the country of origin for Semih Sentürk.

Rating: [[4]]"
エムレ・ベロゾーグル はどの国からですか?,エムレ・ベロゾーグルは、**フランス**出身です。,七面鳥,athletes,"The assistant's response is in the same language as the reference but does not align with the reference provided, as the reference does not contain any information about Emre Belozoglu's origin.

Rating: [[4]]"
リザ・カヤアルプ はどの国からですか?,リザ・カヤアルプは **アルゼンチン** からです。,七面鳥,athletes,"The assistant's response is in the same language as the reference but does not align with the reference provided, as the reference is ""七面鳥"" (which is unrelated to the question and answer about the country of origin of Liza Kayalp).

Rating: [[4]]"
チュネイト・チャキル はどの国からですか?,チュネイト・チャキルは、**トルコ**からいます。,七面鳥,athletes,"The assistant's response is in the same language as the reference and aligns with the reference, as it correctly states that Tunay Cakir is from Turkey.

Rating: [[1]]"
トゥリン アルトゥンタシュ はどの国からですか?,トゥリン アルトゥンタシュは、**ウクライナ**出身のサッカー選手です。,七面鳥,athletes,"The assistant's response is in the same language as the reference but does not align with the reference provided, as the reference is ""七面鳥"" which is unrelated to the answer given about a soccer player from Ukraine.

Rating: [[4]]"
エリウド・キプチョゲ はどの国からですか?,エリウド・キプチョゲは **ケニア** からです。,ケニア,athletes,"Response: The assistant's response is in the same language as the reference and aligns with the reference provided.

Rating: [[1]]"
デビッド・ルディシャ はどの国からですか?,デビッド・ルディシャは **アメリカ** からです。,ケニア,athletes,"The assistant's response is in the same language as the reference but does not align with the reference provided.

Rating: [[4]]"
フェイス・キピエゴン はどの国からですか?,フェイス・キピエゴンは、**フランス**からいます。,ケニア,athletes,"The assistant's response is in the same language as the reference but does not align with the reference provided.

Rating: [[4]]"
キャサリン・ンデレバ はどの国からですか?,キャサリン・ンデレバは、**ドイツ**出身です。,ケニア,athletes,"The assistant's response is in the same language as the reference but does not align with the reference provided.

Rating: [[4]]"
ポール・テルガット はどの国からですか?,ポール・テルガットは **アメリカ** からです。,ケニア,athletes,"The assistant's response is in the same language as the reference but does not align with the reference provided.

Rating: [[4]]"
ヴィヴィアン・チェルイヨット はどの国からですか?,ヴィヴィアン・チェルイヨットはフランス出身です。,ケニア,athletes,"The assistant's response is in the same language as the reference but does not align with the reference provided.

Rating: [[4]]"
ウィルソン・キプサング はどの国からですか?,ウィルソン・キプサングは **ケニア** からです。,ケニア,athletes,"Response: The assistant's response is in the same language as the reference and aligns with the reference provided.

Rating: [[1]]"
アスベル・キプロプ はどの国からですか?,アスベル・キプロプは **ノルウェー** の出身です。,ケニア,athletes,"The assistant's response is in the same language as the reference but does not align with the reference provided.

Rating: [[4]]"
ジョイス・チェプキルイ はどの国からですか?,ジョイス・チェプキルイは **ロシア** の出身です。,ケニア,athletes,"The assistant's response is in the same language as the reference but does not align with the reference provided.

Rating: [[4]]"
ブリジッド・コスゲイ はどの国からですか?,ブリジッド・コスゲイは**アメリカ**出身です。,ケニア,athletes,"The assistant's response is in the same language as the reference but does not align with the reference provided.

Rating: [[4]]"
ラチャノック・インタノン はどの国からですか?,ラチャノック・インタノンは、**タイ**から来た人です。,タイ,athletes,"Response: The assistant's response is in the same language as the reference and aligns with the reference provided.

Rating: [[1]]"
ブアカーオ・バンチャメック はどの国からですか?,ブアカーオ・バンチャメックは、**タイ**からいます。,タイ,athletes,"Response: The assistant's response is in the same language as the reference and aligns with the reference provided.

Rating: [[1]]"
アリヤ・ジュタヌガーン はどの国からですか?,アリヤ・ジュタヌガーンは、**タイ**からいます。,タイ,athletes,"Response: The assistant's response is in the same language as the reference and aligns with the reference provided.

Rating: [[1]]"
タウォーン・ウィラチャント はどの国からですか?,タウォーン・ウィラチャントは、**タイ**出身です。,タイ,athletes,"Response: The assistant's response is in the same language as the reference and aligns with the reference provided.

Rating: [[1]]"
チャナティップ・ソンクラシン はどの国からですか?,チャナティップ・ソンクラシンはタイ出身です。,タイ,athletes,"Response: The assistant's response is in the same language as the reference and aligns with the reference provided.

Rating: [[1]]"
タマリン・タナスガーン はどの国からですか?,タマリン・タナスガーンは、**タイ**出身です。,タイ,athletes,"Response: The assistant's response is in the same language as the reference and aligns with the reference provided.

Rating: [[1]]"
デチャポル・プアヴァラヌクロ はどの国からですか?,デチャポル・プアヴァラヌクロは、**インドネシア**の出身です。,タイ,athletes,"The assistant's response is in the same language as the reference but does not align with the reference provided, as Dechapol Puavaranukroh is from Thailand, not Indonesia.

Rating: [[4]]"
キティポン・ワチラマノウォン はどの国からですか?,キティポン・ワチラマノウォンは、**タイ**からいます。,タイ,athletes,"The assistant's response is in the same language as the reference and aligns with the reference provided.

Rating: [[1]]"
スラサック・ケルサワン はどの国からですか?,スラサック・ケルサワンは、**タイ**出身の俳優です。,タイ,athletes,"Response: The assistant's response is in the same language as the reference and aligns with the reference provided.

Rating: [[1]]"
サプシリー・タエラッタナチャイ はどの国からですか?,サプシリー・タエラッタナチャイは、**タイ**出身です。,タイ,athletes,"Response: The assistant's response is in the same language as the reference and aligns with the reference provided.

Rating: [[1]]"
