Question,Predicted,answers,label,llm_output
В какой стране находится Нью-Йорк?,Нью-Йорк находится в **США** (США Америки).,Соединенные Штаты,cities,"The assistant's response is in the same language as the reference and aligns with the reference provided.

Rating: [[1]]"
В какой стране находится Лос-Анджелес?,"Лос-Анджелес находится в **США**, в штате **Калифорния**.",Соединенные Штаты,cities,"The assistant's response is in the same language as the reference and aligns with the reference provided.

Rating: [[1]]"
В какой стране находится Чикаго?,"Чикаго находится в **США**, в штате **Иллинойс**.",Соединенные Штаты,cities,"The assistant's response is in the same language as the reference and aligns with the reference provided.

Rating: [[1]]"
В какой стране находится Хьюстон?,"Хьюстон находится в **США**, в штате **Техас**.",Соединенные Штаты,cities,"The assistant's response is in the same language as the reference and aligns with the reference provided.

Rating: [[1]]"
В какой стране находится Феникс?,"Феникс находится в **США**. 

Более точно, он находится в **Аризоне**.",Соединенные Штаты,cities,"The assistant's response is in the same language as the reference and aligns with the reference provided.

Rating: [[1]]"
В какой стране находится Сан-Диего?,"Сан-Диего находится в **США**, в штате **Калифорния**.",Соединенные Штаты,cities,"The assistant's response is in the same language as the reference and aligns with the reference provided.

Rating: [[1]]"
В какой стране находится Сан-Франциско?,Сан-Франциско находится в **США**.,Соединенные Штаты,cities,"Response: The assistant's response is in the same language as the reference and aligns with the reference provided.

Rating: [[1]]"
В какой стране находится Сиэтл?,"Сиэтл находится в **США**, в штате **Вашингтон**.",Соединенные Штаты,cities,"The assistant's response is in the same language as the reference and aligns with the reference provided.

Rating: [[1]]"
В какой стране находится Денвер?,"Денвер находится в **США**, в штате **Колорадо**.",Соединенные Штаты,cities,"The assistant's response is in the same language as the reference and aligns with the reference provided.

Rating: [[1]]"
В какой стране находится Майами?,"Майами находится в **США**, в штате **Флорида**.",Соединенные Штаты,cities,"The assistant's response is in the same language as the reference and aligns with the reference provided.

Rating: [[1]]"
В какой стране находится Остин?,"Остин находится в **США**, в штате **Техас**.",Соединенные Штаты,cities,"The assistant's response is in the same language as the reference and aligns with the reference provided.

Rating: [[1]]"
В какой стране находится Бостон?,"Бостон находится в **США**, в штате **Массачусетс**.",Соединенные Штаты,cities,"The assistant's response is in the same language as the reference and aligns with the reference provided.

Rating: [[1]]"
В какой стране находится Лас-Вегас?,"Лас-Вегас находится в **США**, в штате **Невада**.",Соединенные Штаты,cities,"The assistant's response is in the same language as the reference and aligns with the reference provided.

Rating: [[1]]"
В какой стране находится Орландо?,"Орландо находится в **США**, в штате **Флорида**.",Соединенные Штаты,cities,"The assistant's response is in the same language as the reference and aligns with the reference provided.

Rating: [[1]]"
В какой стране находится Сакраменто?,Сакраменто находится в **Бразилии**.,Соединенные Штаты,cities,"The assistant's response is in the same language as the reference but does not align with the reference provided.

Rating: [[4]]"
В какой стране находится Портленд?,"Портленд находится в **США**, в штате **Орегон**.",Соединенные Штаты,cities,"The assistant's response is in the same language as the reference and aligns with the reference provided.

Rating: [[1]]"
В какой стране находится Тампа?,"Tampa находится в **США**, в штате **Флорида**.",Соединенные Штаты,cities,"The assistant's response is in the same language as the reference and aligns with the reference provided.

Rating: [[1]]"
В какой стране находится Кливленд?,"Кливленд находится в **США**. 

Более точно, Кливленд - это город в штате **Оhio**.",Соединенные Штаты,cities,"The assistant's response is in the same language as the reference and aligns with the reference provided.

Rating: [[1]]"
В какой стране находится Миннеаполис?,"Миннеаполис находится в **США**, в штате **Миннесота**.",Соединенные Штаты,cities,"The assistant's response is in the same language as the reference and aligns with the reference provided.

Rating: [[1]]"
В какой стране находится Сан-Антонио?,Сан-Антонио находится в **США**.,Соединенные Штаты,cities,"The assistant's response is in the same language as the reference and aligns with the reference provided.

Rating: [[1]]"
В какой стране находится Мумбаи?,Мумбаи находится в **Индии**.,Индия,cities,"Response: The assistant's response is in the same language as the reference and aligns with the reference provided.

Rating: [[1]]"
В какой стране находится Дели?,Дели находится в **Индии**.,Индия,cities,"Response: The assistant's response is in the same language as the reference and aligns with the reference provided.

Rating: [[1]]"
В какой стране находится Бангалор?,Бангалор находится в **Индии**.,Индия,cities,"The assistant's response is in the same language as the reference and aligns with the reference provided.

Rating: [[1]]"
В какой стране находится Ченнаи?,Ченнаи находится в **Индии**.,Индия,cities,"Response: The assistant's response is in the same language as the reference and aligns with the reference provided.

Rating: [[1]]"
В какой стране находится Хайдарабад?,Хайдарабад находится в **Индии**.,Индия,cities,"The assistant's response is in the same language as the reference and aligns with the reference provided.

Rating: [[1]]"
В какой стране находится Ахмадабад?,Ахмадабад находится в **Азербайджане**.,Индия,cities,"The assistant's response is in the same language as the reference but does not align with the reference provided, as Ahmadabad is actually located in India, not Azerbaijan.

Rating: [[4]]"
В какой стране находится Пуна?,Пуна находится в **Казахстане**.,Индия,cities,"The assistant's response is in the same language as the reference but does not align with the reference provided.

Rating: [[4]]"
В какой стране находится Калькутта?,Калькутта находится в **Индии**.,Индия,cities,"The assistant's response is in the same language as the reference and aligns with the reference provided.

Rating: [[1]]"
В какой стране находится Джайпур?,Джайпур находится в **Индии**.,Индия,cities,"The assistant's response is in the same language as the reference and aligns with the reference provided.

Rating: [[1]]"
В какой стране находится Лакхнау?,Лакхнау находится в **Индии**.,Индия,cities,"The assistant's response is in the same language as the reference and aligns with the reference provided.

Rating: [[1]]"
В какой стране находится Канпур?,Канпур находится в **Индонезии**.,Индия,cities,"The assistant's response is in the same language as the reference but does not align with the reference provided, as Kanpur is in India, not Indonesia.

Rating: [[4]]"
В какой стране находится Нагпур?,Нагпур находится в **Индии**.,Индия,cities,"The assistant's response is in the same language as the reference and aligns with the reference provided.

Rating: [[1]]"
В какой стране находится Индор?,"Индор - это название, которое может относиться к нескольким вещам. 

**Возможно, вы имели в виду:**

* **Индор (город)** - это город в **Казахстане**. 
* **Индор (название компании)** - это компания, которая занимается разработкой программного обеспечения. 

**Пожалуйста, уточните, что именно вы имеете в виду, чтобы я мог дать вам более точный ответ.**",Индия,cities,"The assistant's response is in the same language as the reference but does not align with the reference. The reference is about India, and the question asks about the location of Indore, which is a city in India. The assistant incorrectly states that Indore is a city in Kazakhstan and also mentions a company, which is not relevant to the question.

Rating: [[4]]"
В какой стране находится Патна?,Патна находится в **Индонезии**.,Индия,cities,"The assistant's response is in the same language as the reference but does not align with the reference provided, as Patna is located in India, not Indonesia.

Rating: [[4]]"
В какой стране находится Бхопал?,Бхопал находится в **Индии**.,Индия,cities,"Response: The assistant's response is in the same language as the reference and aligns with the reference provided.

Rating: [[1]]"
В какой стране находится Вадодара?,Вадодара находится в **Индонезии**.,Индия,cities,"The assistant's response is in the same language as the reference but does not align with the reference provided, as it incorrectly states that Vadodara is in Indonesia instead of India.

Rating: [[4]]"
В какой стране находится Вишакхапатнам?,Вишакхапатнам находится в **Индии**.,Индия,cities,"Response: The assistant's response is in the same language as the reference and aligns with the reference provided.

Rating: [[1]]"
В какой стране находится Сурат?,Сурат находится в **Ираке**.,Индия,cities,"The assistant's response is in the same language as the reference but does not align with the reference provided.

Rating: [[4]]"
В какой стране находится Амритсар?,Амритсар находится в **Индии**.,Индия,cities,"Response: The assistant's response is in the same language as the reference and aligns with the reference provided.

Rating: [[1]]"
В какой стране находится Раджкот?,Раджкот находится в **Индии**.,Индия,cities,"The assistant's response is in the same language as the reference and aligns with the reference provided.

Rating: [[1]]"
В какой стране находится Шанхай?,Шанхай находится в **Китае**.,Китай,cities,"Response: The assistant's response is in the same language as the reference and aligns with the reference provided.

Rating: [[1]]"
В какой стране находится Пекин?,Пекин находится в **Китай**.,Китай,cities,"Response: The assistant's response is in the same language as the reference and aligns with the reference provided.

Rating: [[1]]"
В какой стране находится Гуанчжоу?,Гуанчжоу находится в **Китай**.,Китай,cities,"Response: The assistant's response is in the same language and aligns with the reference provided.

Rating: [[1]]"
В какой стране находится Шэньчжэнь?,Шэньчжэнь находится в **Китай**.,Китай,cities,"Response: The assistant's response is in the same language and aligns with the reference provided.

Rating: [[1]]"
В какой стране находится Чэнду?,Чэнду находится в **Китай**.,Китай,cities,"Response: The assistant's response is in the same language and aligns with the reference provided.

Rating: [[1]]"
В какой стране находится Ухань?,Ухань находится в **Китае**.,Китай,cities,"Response: The assistant's response is in the same language and aligns with the reference provided.

Rating: [[1]]"
В какой стране находится Чунцин?,Чунцин находится в **Китай**.,Китай,cities,"Response: The assistant's response is in the same language as the reference and aligns with the reference provided.

Rating: [[1]]"
В какой стране находится Сиань?,Сиань находится в **Китае**.,Китай,cities,"Response: The assistant's response is in the same language and aligns with the reference provided.

Rating: [[1]]"
В какой стране находится Ханчжоу?,Ханчжоу находится в **Китай**.,Китай,cities,"Response: The assistant's response is in the same language and aligns with the reference provided.

Rating: [[1]]"
В какой стране находится Сучжоу?,Сучжоу находится в **Китай**.,Китай,cities,"Response: The assistant's response is in the same language and aligns with the reference provided.

Rating: [[1]]"
В какой стране находится Тяньцзинь?,Тяньцзинь находится в **Китай**.,Китай,cities,"Response: The assistant's response is in the same language and aligns with the reference provided.

Rating: [[1]]"
В какой стране находится Нанкин?,Нанкин находится в **Китай**.,Китай,cities,"Response: The assistant's response is in the same language as the reference and aligns with the reference provided.

Rating: [[1]]"
В какой стране находится Харбин?,Харбин находится в **Китай**.,Китай,cities,"Response: The assistant's response is in the same language and aligns with the reference provided.

Rating: [[1]]"
В какой стране находится Циндао?,Циндао находится в **Китай**.,Китай,cities,"Response: The assistant's response is in the same language and aligns with the reference provided.

Rating: [[1]]"
В какой стране находится Далянь?,Далянь находится в **Китай**.,Китай,cities,"Response: The assistant's response is in the same language as the reference and aligns with the reference provided.

Rating: [[1]]"
В какой стране находится Шицзячжуан?,Шицзячжуан находится в **Китай**.,Китай,cities,"Response: The assistant's response is in the same language and aligns with the reference provided.

Rating: [[1]]"
В какой стране находится Фучжоу?,Фучжоу находится в **Китай**.,Китай,cities,"Response: The assistant's response is in the same language and aligns with the reference provided.

Rating: [[1]]"
В какой стране находится Чжэнчжоу?,Чжэнчжоу находится в **Китай**.,Китай,cities,"Response: The assistant's response is in the same language and aligns with the reference provided.

Rating: [[1]]"
В какой стране находится Куньмин?,Куньмин находится в **Китай**.,Китай,cities,"Response: The assistant's response is in the same language and aligns with the reference provided.

Rating: [[1]]"
В какой стране находится Чанша?,Чанша находится в **Китай**.,Китай,cities,"Response: The assistant's response is in the same language as the reference and aligns with the reference provided.

Rating: [[1]]"
В какой стране находится Москва?,Москва находится в **России**.,Россия,cities,"Response: The assistant's response is in the same language as the reference and aligns with the reference provided.

Rating: [[1]]"
В какой стране находится Санкт-Петербург?,Санкт-Петербург находится в **России**.,Россия,cities,"The assistant's response is in the same language as the reference and aligns with the reference provided.

Rating: [[1]]"
В какой стране находится Новосибирск?,Новосибирск находится в **России**.,Россия,cities,"The assistant's response is in the same language as the reference and aligns with the reference provided.

Rating: [[1]]"
В какой стране находится Екатеринбург?,Екатеринбург находится в **России**.,Россия,cities,"The assistant's response is in the same language as the reference and aligns with the reference provided.

Rating: [[1]]"
В какой стране находится Казань?,Казань находится в **России**.,Россия,cities,"Response: The assistant's response is in the same language as the reference and aligns with the reference provided.

Rating: [[1]]"
В какой стране находится Нижний Новгород?,Нижний Новгород находится в **России**.,Россия,cities,"Response: The assistant's response is in the same language as the reference and aligns with the reference provided.

Rating: [[1]]"
В какой стране находится Челябинск?,Челябинск находится в **России**.,Россия,cities,"The assistant's response is in the same language as the reference and aligns with the reference provided.

Rating: [[1]]"
В какой стране находится Самара?,Самара находится в **России**.,Россия,cities,"The assistant's response is in the same language as the reference and aligns with the reference provided.

Rating: [[1]]"
В какой стране находится Омск?,Омск находится в **России**.,Россия,cities,"The assistant's response is in the same language as the reference and aligns with the reference provided.

Rating: [[1]]"
В какой стране находится Ростов-на-Дону?,Ростов-на-Дону находится в **России**.,Россия,cities,"Response: The assistant's response is in the same language as the reference and aligns with the reference provided.

Rating: [[1]]"
В какой стране находится Уфа?,"Уфа находится в **Республике Башкортостан**, Россия.",Россия,cities,"The assistant's response is in the same language as the reference and aligns with the reference provided, as it correctly states that Ufa is located in the Republic of Bashkortostan, Russia.

Rating: [[1]]"
В какой стране находится Красноярск?,Красноярск находится в **России**.,Россия,cities,"The assistant's response is in the same language as the reference and aligns with the reference provided.

Rating: [[1]]"
В какой стране находится Пермь?,Пермь находится в **России**.,Россия,cities,"Response: The assistant's response is in the same language as the reference and aligns with the reference provided.

Rating: [[1]]"
В какой стране находится Воронеж?,Воронеж находится в **России**.,Россия,cities,"The assistant's response is in the same language as the reference and aligns with the reference provided.

Rating: [[1]]"
В какой стране находится Волгоград?,Волгоград находится в **России**.,Россия,cities,"The assistant's response is in the same language as the reference and aligns with the reference provided.

Rating: [[1]]"
В какой стране находится Саратов?,Саратов находится в **России**.,Россия,cities,"The assistant's response is in the same language as the reference and aligns with the reference provided.

Rating: [[1]]"
В какой стране находится Краснодар?,Краснодар находится в **России**.,Россия,cities,"The assistant's response is in the same language as the reference and aligns with the reference provided.

Rating: [[1]]"
В какой стране находится Тольятти?,Тольятти находится в **России**.,Россия,cities,"Response: The assistant's response is in the same language and aligns with the reference provided.

Rating: [[1]]"
В какой стране находится Ижевск?,Ижевск находится в **России**.,Россия,cities,"The assistant's response is in the same language as the reference and aligns with the reference provided.

Rating: [[1]]"
В какой стране находится Ульяновск?,Ульяновск находится в **России**.,Россия,cities,"The assistant's response is in the same language as the reference and aligns with the reference provided.

Rating: [[1]]"
В какой стране находится Эр-Рияд?,Эр-Рияд находится в **Саудовской Аравии**.,Саудовская Аравия,cities,"Response: The assistant's response is in the same language and aligns with the reference provided.

Rating: [[1]]"
В какой стране находится Джидда?,Джидда находится в **Саудовской Аравии**.,Саудовская Аравия,cities,"Response: The assistant's response is in the same language as the reference and aligns with the reference provided.

Rating: [[1]]"
В какой стране находится Мекка?,Мекка находится в **Саудовской Аравии**.,Саудовская Аравия,cities,"Response: The assistant's response is in the same language as the reference and aligns with the reference provided.

Rating: [[1]]"
В какой стране находится Медина?,Медина находится в **Афганистане**.,Саудовская Аравия,cities,"The assistant's response is in the same language but does not align with the reference provided.

Rating: [[4]]"
В какой стране находится Даммам?,Даммам находится в **Саудовской Аравии**.,Саудовская Аравия,cities,"The assistant's response is in the same language as the reference and aligns with the reference provided.

Rating: [[1]]"
В какой стране находится Хобар?,Хобар находится в **ОАЭ (Объединенные Арабские Эмираты)**.,Саудовская Аравия,cities,"The assistant's response is in the same language as the reference but does not align with the reference provided.

Rating: [[4]]"
В какой стране находится Табук?,Табук находится в **Марокко**.,Саудовская Аравия,cities,"The assistant's response is in the same language but does not align with the reference provided.

Rating: [[4]]"
В какой стране находится Абха?,"Абхазия является **независимым государством**, но **не признается большинством стран мира**. 

* **Абхазия** считает себя независимым государством, но **не признается** большинством стран мира, включая Россию, Украину, Грузию и большинство стран Евросоюза. 
* **Грузия** считает Абхазию частью своей территории. 

Поэтому, в зависимости от контекста, Абхазия может быть:

* **Независимым государством**, находящимся в **конфликте с Грузией**.
* **Территорией, контролируемой Аб",Саудовская Аравия,cities,"The assistant's response is in the same language (Russian) but does not align with the reference provided. The reference is about Saudi Arabia, and the question asks about the location of Abha, which is a city in Saudi Arabia. The assistant's response is about the political status of Abkhazia, which is unrelated to the reference and the question.

Rating: [[4]]"
В какой стране находится Таиф?,Таиф находится в **Саудовской Аравии**.,Саудовская Аравия,cities,"Response: The assistant's response is in the same language as the reference and aligns with the reference provided.

Rating: [[1]]"
В какой стране находится Хуфуф?,"Хуфуф - это не реальный город или страна. 

Возможно, вы имели в виду что-то другое? 

Пожалуйста, уточните ваш запрос.",Саудовская Аравия,cities,"The assistant's response is in the same language as the reference but does not align with the reference provided, as it incorrectly states that Хуфуф is not a real city or country. 

Rating: [[4]]"
В какой стране находится Бурайда?,Бурайда находится в **Казахстане**.,Саудовская Аравия,cities,"The assistant's response is in the same language but does not align with the reference provided.

Rating: [[4]]"
В какой стране находится Наджран?,Наджран находится в **Ираке**.,Саудовская Аравия,cities,"The assistant's response is in the same language but does not align with the reference provided.

Rating: [[4]]"
В какой стране находится Град?,Город Град находится в **Сербии**.,Саудовская Аравия,cities,"The assistant's response is in the same language as the reference but does not align with the reference provided.

Rating: [[4]]"
В какой стране находится Джазан?,Джазан находится в **Турции**.,Саудовская Аравия,cities,"The assistant's response is in the same language but does not align with the reference provided.

Rating: [[4]]"
В какой стране находится Аль-Джубайль?,Аль-Джубайль находится в **ОАЭ (Объединенные Арабские Эмираты)**.,Саудовская Аравия,cities,"The assistant's response is in the same language but does not align with the reference provided.

Rating: [[4]]"
В какой стране находится Катиф?,Катиф находится в **Турции**.,Саудовская Аравия,cities,"The assistant's response is in the same language but does not align with the reference provided.

Rating: [[4]]"
В какой стране находится Аль-Хардж?,Аль-Хардж находится в **Саудовской Аравии**.,Саудовская Аравия,cities,"Response: The assistant's response is in the same language and aligns with the reference provided.

Rating: [[1]]"
В какой стране находится Янбу?,Янбу находится в **Таиланде**.,Саудовская Аравия,cities,"The assistant's response is in the same language but does not align with the reference provided.

Rating: [[4]]"
В какой стране находится Хамис Мушаит?,"Хамис Мушаит - это **арабский** писатель, который родился и живет в **Египте**.",Саудовская Аравия,cities,"The assistant's response is in the same language as the reference but does not align with the reference provided, as it states that Хамис Мушаит lives in Egypt, which is incorrect based on the reference indicating Saudi Arabia.

Rating: [[4]]"
В какой стране находится Аль-Бахах?,Аль-Бахах находится в **Саудовской Аравии**.,Саудовская Аравия,cities,"Response: The assistant's response is in the same language and aligns with the reference provided.

Rating: [[1]]"
В какой стране находится Париж?,Париж находится в **Франции**. 🇫🇷,Франция,cities,"The assistant's response is in the same language as the reference and aligns with the reference provided.

Rating: [[1]]"
В какой стране находится Марсель?,Марсель находится в **Франции**.,Франция,cities,"Response: The assistant's response is in the same language as the reference and aligns with the reference provided.

Rating: [[1]]"
В какой стране находится Лион?,Лион находится в **Франции**.,Франция,cities,"Response: The assistant's response is in the same language as the reference and aligns with the reference provided.

Rating: [[1]]"
В какой стране находится Тулуза?,Тулуза находится в **Франции**.,Франция,cities,"Response: The assistant's response is in the same language as the reference and aligns with the reference provided.

Rating: [[1]]"
В какой стране находится Хороший?,"""Хороший"" - это слово, которое может относиться к многим вещам, и поэтому не существует конкретной страны, в которой находится ""Хороший"". 

**Возможно, вы имели в виду:**

* **Хорошего человека:** В этом случае, ""Хороший"" может относиться к человеку, который живет в любой стране. 
* **Хорошее место:**  ""Хороший"" может относиться к конкретному месту, например, ""Хороший город"" или ""Хороший пляж"". 
* **Хорошее блюдо:**  ""Хороший"" может относиться к еде, например, ""Хороший суп""",Франция,cities,"The assistant's response is in the same language as the reference and aligns with the reference by explaining that ""Хороший"" is a word that can refer to many things and does not correspond to a specific country. However, the response does not directly answer the question as it could have been more specific about the reference to France. Despite this, the response is still relevant and provides useful context.

Rating: [[1]]"
В какой стране находится Нант?,Нант находится в **Франции**. 🇫🇷,Франция,cities,"The assistant's response is in the same language as the reference and aligns with the reference provided.

Rating: [[1]]"
В какой стране находится Страсбург?,Страсбург находится в **Франции**.,Франция,cities,"Response: The assistant's response is in the same language as the reference and aligns with the reference provided.

Rating: [[1]]"
В какой стране находится Монпелье?,Монпелье находится в **Франции**.,Франция,cities,"Response: The assistant's response is in the same language as the reference and aligns with the reference provided.

Rating: [[1]]"
В какой стране находится Бордо?,Бордо находится в **Франции**.,Франция,cities,"Response: The assistant's response is in the same language as the reference and aligns with the reference provided.

Rating: [[1]]"
В какой стране находится Лилль?,Лилль находится в **Франции**.,Франция,cities,"The assistant's response is in the same language as the reference and aligns with the reference provided.

Rating: [[1]]"
В какой стране находится Ренн?,Ренн находится в **Франции**.,Франция,cities,"Response: The assistant's response is in the same language as the reference and aligns with the reference provided.

Rating: [[1]]"
В какой стране находится Реймс?,Реймс находится в **Франции**.,Франция,cities,"Response: The assistant's response is in the same language as the reference and aligns with the reference provided.

Rating: [[1]]"
В какой стране находится Гавр?,Гавр находится в **Франции**.,Франция,cities,"Response: The assistant's response is in the same language as the reference and aligns with the reference provided.

Rating: [[1]]"
В какой стране находится Сент-Этьен?,Сент-Этьен находится в **Франции**.,Франция,cities,"Response: The assistant's response is in the same language as the reference and aligns with the reference provided.

Rating: [[1]]"
В какой стране находится Тулон?,Тулон находится в **Франции**.,Франция,cities,"Response: The assistant's response is in the same language as the reference and aligns with the reference provided.

Rating: [[1]]"
В какой стране находится Анжер?,Анжер находится в **Франции**.,Франция,cities,"Response: The assistant's response is in the same language as the reference and aligns with the reference provided.

Rating: [[1]]"
В какой стране находится Гренобль?,Гренобль находится в **Франции**.,Франция,cities,"Response: The assistant's response is in the same language as the reference and aligns with the reference provided.

Rating: [[1]]"
В какой стране находится Дижон?,Дижон находится в **Франции**.,Франция,cities,"Response: The assistant's response is in the same language as the reference and aligns with the reference provided.

Rating: [[1]]"
В какой стране находится Ним?,Ним находится в **Франции**.,Франция,cities,"Response: The assistant's response is in the same language as the reference and aligns with the reference provided.

Rating: [[1]]"
В какой стране находится Экс-ан-Прованс?,Экс-ан-Прованс находится в **Франции**.,Франция,cities,"The assistant's response is in the same language as the reference and aligns with the reference provided.

Rating: [[1]]"
В какой стране находится Катманду?,Катманду находится в **Непал**.,Непал,cities,"Response: The assistant's response is in the same language and aligns with the reference provided.

Rating: [[1]]"
В какой стране находится Покхара?,Покхара находится в **Таджикистане**.,Непал,cities,"The assistant's response is in the same language but does not align with the reference provided.

Rating: [[4]]"
В какой стране находится Лалитпур?,Лалитпур находится в **Индии**.,Непал,cities,"The assistant's response is in the same language as the reference but does not align with the reference provided.

Rating: [[4]]"
В какой стране находится Биратнагар?,Биратнагар находится в **Индии**.,Непал,cities,"The assistant's response is in the same language as the reference but does not align with the reference provided, as Biratnagar is actually located in Nepal, not India.

Rating: [[4]]"
В какой стране находится Джанакпур?,Джанакпур находится в **Индии**.,Непал,cities,"The assistant's response is in the same language as the reference but does not align with the reference provided, as Janakpur is located in Nepal, not India.

Rating: [[4]]"
В какой стране находится Дхаран?,Дхаран находится в **Индии**.,Непал,cities,"The assistant's response is in the same language as the reference but does not align with the reference provided, as Dharam (Dharan) is in Nepal, not India.

Rating: [[4]]"
В какой стране находится Бутвал?,"Бутвал находится в **Африке**, в **Танзании**.",Непал,cities,"The assistant's response is in the same language as the question but does not align with the reference provided. The reference is ""Непал"" (Nepal), but the assistant mentions ""Африке"" (Africa) and ""Танзании"" (Tanzania).

Rating: [[4]]"
В какой стране находится Биргундж?,Биргундж находится в **Индонезии**.,Непал,cities,"The assistant's response is in the same language but does not align with the reference provided.

Rating: [[4]]"
В какой стране находится Хетауда?,Хетауда находится в **Афганистане**.,Непал,cities,"The assistant's response is in the same language but does not align with the reference provided.

Rating: [[4]]"
В какой стране находится Непалгандж?,Непалгандж находится в **Индии**.,Непал,cities,"The assistant's response is in the same language but does not align with the reference provided.

Rating: [[4]]"
В какой стране находится Итахари?,Итахари - это город в **Индонезии**.,Непал,cities,"The assistant's response is in the same language but does not align with the reference provided.

Rating: [[4]]"
В какой стране находится Дхангадхи?,Дхангадхи находится в **Индии**.,Непал,cities,"The assistant's response is in the same language as the reference but does not align with the reference provided.

Rating: [[4]]"
В какой стране находится Бхактапур?,Бхактапур находится в **Индии**.,Непал,cities,"The assistant's response is in the same language but does not align with the reference provided.

Rating: [[4]]"
В какой стране находится Тулсипур?,Тулсипур находится в **Азербайджане**.,Непал,cities,"The assistant's response is in the same language but does not align with the reference provided.

Rating: [[4]]"
В какой стране находится Калайя?,Калайя находится в **Казахстане**.,Непал,cities,"The assistant's response is in the same language as the reference but does not align with the reference provided.

Rating: [[4]]"
В какой стране находится Горахи?,"Горахи - это название, которое может относиться к нескольким местам. 

Чтобы я мог точно ответить, пожалуйста, уточните, о каком Горахе вы спрашиваете. 

Например:

* **Горахи** - это **город** в **Украине**.
* **Горахи** - это **озеро** в **Казахстане**.
* **Горахи** - это **местность** в **России**.


Пожалуйста, предоставьте больше информации, чтобы я мог вам помочь!",Непал,cities,"The assistant's response is in the same language as the reference but does not align with the reference provided. The reference is ""Непал"" (Nepal), and the question is asking about the location of Gorahi, which is a district in Nepal. The assistant's response lists several places named Gorahi but does not mention Nepal.

Rating: [[4]]"
В какой стране находится Дамак?,"Дамак - это название, которое может относиться к нескольким местам. 

Чтобы я мог точно ответить, пожалуйста, уточните, о каком Дамаке вы спрашиваете:

* **Дамак как имя:**  Это может быть имя человека, места, или даже название компании. 
* **Дамак как название города:**  Возможно, вы имеете в виду Дамак, город в **Турции**. 

Пожалуйста, предоставьте больше информации, чтобы я мог вам помочь!",Непал,cities,"The assistant's response is in the same language as the reference but does not align with the reference provided. The assistant suggests that Damak could be a city in Turkey, which is incorrect according to the reference, which is Nepal.

Rating: [[4]]"
В какой стране находится Лахан?,Лахан находится в **Турции**.,Непал,cities,"The assistant's response is in the same language but does not align with the reference provided.

Rating: [[4]]"
В какой стране находится Киртипур?,Киртипур находится в **Индии**.,Непал,cities,"The assistant's response is in the same language as the reference but does not align with the reference provided.

Rating: [[4]]"
В какой стране находится Токио?,Токио находится в **Японии**.,Япония,cities,"Response: The assistant's response is in the same language as the reference and aligns with the reference provided.

Rating: [[1]]"
В какой стране находится Осака?,Осака находится в **Японии**.,Япония,cities,"The assistant's response is in the same language as the reference and aligns with the reference provided.

Rating: [[1]]"
В какой стране находится Иокогама?,Иокогама находится в **Японии**.,Япония,cities,"Response: The assistant's response is in the same language as the reference and aligns with the reference provided.

Rating: [[1]]"
В какой стране находится Нагоя?,Нагоя находится в **Японии**.,Япония,cities,"Response: The assistant's response is in the same language as the reference and aligns with the reference provided.

Rating: [[1]]"
В какой стране находится Саппоро?,Саппоро находится в **Японии**.,Япония,cities,"The assistant's response is in the same language as the reference and aligns with the reference provided.

Rating: [[1]]"
В какой стране находится Фукуока?,Фукуока находится в **Японии**.,Япония,cities,"The assistant's response is in the same language as the reference and aligns with the reference provided.

Rating: [[1]]"
В какой стране находится Кобе?,Кобе находится в **Японии**.,Япония,cities,"The assistant's response is in the same language as the reference and aligns with the reference provided.

Rating: [[1]]"
В какой стране находится Киото?,Киото находится в **Японии**.,Япония,cities,"The assistant's response is in the same language as the reference and aligns with the reference provided.

Rating: [[1]]"
В какой стране находится Хиросима?,Хиросима находится в **Японии**.,Япония,cities,"The assistant's response is in the same language as the reference and aligns with the reference provided.

Rating: [[1]]"
В какой стране находится Сэндай?,Сэндай находится в **Казахстане**.,Япония,cities,"The assistant's response is in the same language as the reference but does not align with the reference provided.

Rating: [[4]]"
В какой стране находится Китакюсю?,Китайский город **Китаюсю** находится в **Китае**.,Япония,cities,"The assistant's response is in the same language as the reference but does not align with the reference provided, as Kitakyushu is a city in Japan, not China.

Rating: [[4]]"
В какой стране находится Чиба?,Чиба находится в **Японии**.,Япония,cities,"The assistant's response is in the same language as the reference and aligns with the reference provided.

Rating: [[1]]"
В какой стране находится Сакаи?,"Сакаи - это имя, которое может относиться к нескольким людям. 

Чтобы я мог точно ответить, мне нужно больше информации. 

* **Вы имеете в виду Сакаи, известного японского писателя?** 
* **Или Сакаи - это имя человека, которого вы знаете?** 

Пожалуйста, уточните ваш вопрос, чтобы я мог вам помочь.",Япония,cities,"The assistant's response is in the same language as the reference but does not align with the reference provided. The question asks about the location of Sakai, a city in Japan, but the assistant responds as if Sakai is a person's name, asking for clarification. This response is not aligned with the reference and the question asked.

Rating: [[4]]"
В какой стране находится Сидзуока?,Сидзуока находится в **Японии**.,Япония,cities,"Response: The assistant's response is in the same language as the reference and aligns with the reference provided.

Rating: [[1]]"
В какой стране находится Окаяма?,Окаяма находится в **Японии**.,Япония,cities,"The assistant's response is in the same language as the reference and aligns with the reference provided.

Rating: [[1]]"
В какой стране находится Хамамацу?,Хамамацу находится в **Японии**.,Япония,cities,"The assistant's response is in the same language as the reference and aligns with the reference provided.

Rating: [[1]]"
В какой стране находится Кагосима?,Кагосима находится в **Японии**.,Япония,cities,"The assistant's response is in the same language as the reference and aligns with the reference provided.

Rating: [[1]]"
В какой стране находится Ниигата?,Ниигата находится в **Японии**.,Япония,cities,"The assistant's response is in the same language as the reference and aligns with the reference provided.

Rating: [[1]]"
В какой стране находится Мацуяма?,Мацуяма - это город в **Японии**.,Япония,cities,"Response: The assistant's response is in the same language as the reference and aligns with the reference provided.

Rating: [[1]]"
В какой стране находится Наха?,"Наха - это имя, которое может относиться к нескольким людям. Чтобы я мог вам помочь, мне нужно больше информации. 

**Пожалуйста, уточните:**

* **Полное имя:**  Есть ли у Наха какое-то другое имя или фамилия?
* **Конкретный контекст:**  Где вы встретили это имя? В каком контексте? (например, в книге, фильме, истории)

 
С более подробной информацией я смогу найти точную страну, где находится Наха.",Япония,cities,"The assistant's response is in the same language as the reference but does not align with the reference. The question is asking about the location of Naha, which is a city in Japan, but the assistant is asking for clarification about the name Naha, suggesting it could refer to multiple people. This response is not relevant to the question asked.

Rating: [[4]]"
В какой стране находится Киев?,Киев находится в **Украине**.,Украина,cities,"Response: The assistant's response is in the same language as the reference and aligns with the reference provided.

Rating: [[1]]"
В какой стране находится Харьков?,Харьков находится в **Украине**.,Украина,cities,"The assistant's response is in the same language as the reference and aligns with the reference provided.

Rating: [[1]]"
В какой стране находится Одесса?,Одесса находится в **Украине**.,Украина,cities,"Response: The assistant's response is in the same language as the reference and aligns with the reference provided.

Rating: [[1]]"
В какой стране находится Днепр?,Днепр находится в **Украине**.,Украина,cities,"Response: The assistant's response is in the same language and aligns with the reference provided.

Rating: [[1]]"
В какой стране находится Донецк?,Донецк находится в **Украине**.,Украина,cities,"The assistant's response is in the same language as the reference and aligns with the reference provided.

Rating: [[1]]"
В какой стране находится Запорожье?,Запорожье находится в **Украине**.,Украина,cities,"Response: The assistant's response is in the same language as the reference and aligns with the reference provided.

Rating: [[1]]"
В какой стране находится Львов?,Львов находится в **Украине**.,Украина,cities,"The assistant's response is in the same language as the reference and aligns with the reference provided.

Rating: [[1]]"
В какой стране находится Кривой Рог?,Кривой Рог находится в **Украине**.,Украина,cities,"The assistant's response is in the same language as the reference and aligns with the reference provided.

Rating: [[1]]"
В какой стране находится Николаев?,Николаев находится в **Украине**.,Украина,cities,"The assistant's response is in the same language as the reference and aligns with the reference provided.

Rating: [[1]]"
В какой стране находится Мариуполь?,Мариуполь находится в **Украине**.,Украина,cities,"Response: The assistant's response is in the same language as the reference and aligns with the reference provided.

Rating: [[1]]"
В какой стране находится Винница?,Винница находится в **Украине**.,Украина,cities,"The assistant's response is in the same language as the reference and aligns with the reference provided.

Rating: [[1]]"
В какой стране находится Херсон?,Херсон находится в **Украине**.,Украина,cities,"The assistant's response is in the same language as the reference and aligns with the reference provided.

Rating: [[1]]"
В какой стране находится Полтава?,Полтава находится в **Украине**.,Украина,cities,"Response: The assistant's response is in the same language as the reference and aligns with the reference provided.

Rating: [[1]]"
В какой стране находится Чернигов?,Чернигов находится в **Украине**.,Украина,cities,"The assistant's response is in the same language as the reference and aligns with the reference provided.

Rating: [[1]]"
В какой стране находится Сумы?,Сумы находятся в **Украине**.,Украина,cities,"Response: The assistant's response is in the same language as the reference and aligns with the reference provided.

Rating: [[1]]"
В какой стране находится Черновцы?,Черновцы находятся в **Угорской Республике**.,Украина,cities,"The assistant's response is in the same language as the reference but does not align with the reference provided, as Chernivtsi is located in Ukraine, not the Ugorska Republic.

Rating: [[4]]"
В какой стране находится Житомир?,Житомир находится в **Украине**.,Украина,cities,"The assistant's response is in the same language as the reference and aligns with the reference provided.

Rating: [[1]]"
В какой стране находится Кременчуг?,Кременчуг находится в **Украине**.,Украина,cities,"Response: The assistant's response is in the same language and aligns with the reference provided.

Rating: [[1]]"
В какой стране находится Ивано-Франковск?,Ивано-Франковск находится в **Украине**.,Украина,cities,"Response: The assistant's response is in the same language as the reference and aligns with the reference provided.

Rating: [[1]]"
В какой стране находится Тернополь?,Тернополь находится в **Украине**.,Украина,cities,"The assistant's response is in the same language as the reference and aligns with the reference provided.

Rating: [[1]]"
В какой стране находится Афины?,Афины находятся в **Греции**.,Греция,cities,"The assistant's response is in the same language as the reference and aligns with the reference provided.

Rating: [[1]]"
В какой стране находится Салоники?,Салоники находятся в **Греции**.,Греция,cities,"The assistant's response is in the same language as the reference and aligns with the reference provided.

Rating: [[1]]"
В какой стране находится Патры?,"Патрис - это имя, которое может относиться к нескольким людям, поэтому для ответа на ваш вопрос нужно больше информации. 

**Возможно, вы имеете в виду:**

* **Патрис (имя):** В этом случае, имя Патрис встречается во многих странах мира. 
* **Патрис (город):**  Есть несколько городов с названием ""Патрис"" в разных странах. 

**Пожалуйста, уточните, о каком именно Патрисе вы спрашиваете.** 

Например, вы можете сказать:

* ""В какой стране находится город Патрис?""",Греция,cities,"The assistant's response is in the same language as the reference but does not align with the reference. The assistant misinterprets the question, thinking ""Патры"" is a name or a different city, while the reference clearly indicates that ""Патры"" is a city in Greece.

Rating: [[4]]"
В какой стране находится Ираклион?,Ираклион находится в **Греции**.,Греция,cities,"Response: The assistant's response is in the same language as the reference and aligns with the reference provided.

Rating: [[1]]"
В какой стране находится Лариса?,"К сожалению, я не знаю, в какой стране находится Лариса. 

Чтобы я мог вам помочь, мне нужно больше информации. 

* **Лариса - это имя**, и может быть, вы имеете в виду человека с этим именем. 
* **Лариса может быть местом**, например, название города или села. 
* **Возможно, вы имеете в виду что-то другое**. 

Пожалуйста, уточните ваш вопрос, чтобы я мог вам помочь.",Греция,cities,"The assistant's response is in the same language as the reference but does not align with the reference provided, as it fails to correctly identify that Larisa is a city in Greece.

Rating: [[4]]"
В какой стране находится Волос?,Волос находится в **России**.,Греция,cities,"The assistant's response is in the same language but does not align with the reference provided.

Rating: [[4]]"
В какой стране находится Родос?,Родос находится в **Греции**.,Греция,cities,"The assistant's response is in the same language as the reference and aligns with the reference provided.

Rating: [[1]]"
В какой стране находится Янина?,"Янина - это имя, которое встречается в разных странах. Чтобы определить, в какой стране находится Янина, нужно больше информации. 

**Пожалуйста, уточните:**

* **Полное имя:**  Есть ли у Янины фамилия? 
* **Возраст:**  Возраст Янины может помочь определить, в какой стране она может жить.
* **Другие детали:**  Есть ли у Янины какие-либо другие характеристики, которые могут помочь определить ее местоположение?",Греция,cities,"The assistant's response is in the same language as the reference but does not align with the reference. The reference is about the country Greece, and the question is asking about the location of a place called ""Янина"" (Yanina), which is a city in Greece. The assistant's response is unrelated to the reference and does not provide the correct information.

Rating: [[4]]"
В какой стране находится Ханья?,Ханья находится в **России**.,Греция,cities,"The assistant's response is in the same language as the reference but does not align with the reference provided.

Rating: [[4]]"
В какой стране находится Каламата?,Каламата находится в **Греции**.,Греция,cities,"The assistant's response is in the same language as the reference and aligns with the reference provided.

Rating: [[1]]"
В какой стране находится Серрес?,Серрес находится в **Турции**.,Греция,cities,"The assistant's response is in the same language as the reference but does not align with the reference provided, as Serres is actually in Greece, not Turkey.

Rating: [[4]]"
В какой стране находится Александруполис?,Александруполис находится в **Греции**.,Греция,cities,"Response: The assistant's response is in the same language as the reference and aligns with the reference provided.

Rating: [[1]]"
В какой стране находится Кавала?,Кавала находится в **Греции**.,Греция,cities,"The assistant's response is in the same language as the reference and aligns with the reference provided.

Rating: [[1]]"
В какой стране находится Агринио?,Агринио находится в **Испании**.,Греция,cities,"The assistant's response is in the same language but does not align with the reference provided.

Rating: [[4]]"
В какой стране находится Катерини?,"Катерини - это имя, которое может относиться к нескольким людям. Чтобы ответить на ваш вопрос, мне нужно больше информации. 

**Пожалуйста, уточните:**

* **Катерини, к примеру, - это имя?** Если да, то нужно знать пол и возраст.
* **Катерини - это персонаж из какого произведения?** 
* **Катерини - это место?**",Греция,cities,"The assistant's response is in the same language as the reference but does not align with the reference provided. The question is asking about the location of a place named Катерини, and the assistant responds by asking for clarification on whether Катерини is a person, a character, or a place, which is unrelated to the reference.

Rating: [[4]]"
В какой стране находится Трикала?,Трикала находится в **Греции**.,Греция,cities,"The assistant's response is in the same language as the reference and aligns with the reference provided.

Rating: [[1]]"
В какой стране находится Верия?,"Верия - это **страна-музей**, а не страна в географическом смысле. 

**Верия** - это **музей** в **Англии**, который был основан в 1990 году. 

Возможно, вы имели в виду что-то другое?",Греция,cities,"The assistant's response is in the same language as the reference but does not align with the reference provided. The assistant incorrectly states that Veria is a museum in England, while the reference is about Greece.

Rating: [[4]]"
В какой стране находится Килкис?,Килкис находится в **Турции**.,Греция,cities,"The assistant's response is in the same language as the reference but does not align with the reference provided, as Kilkis is actually located in Greece, not Turkey.

Rating: [[4]]"
В какой стране находится Нафплион?,Нафплион находится в **Казахстане**.,Греция,cities,"The assistant's response is in the same language but does not align with the reference provided.

Rating: [[4]]"
В какой стране находится Стамбул?,Стамбул находится в **Турции**.,Турция,cities,"The assistant's response is in the same language as the reference and aligns with the reference provided.

Rating: [[1]]"
В какой стране находится Анкара?,Анкара находится в **Турции**.,Турция,cities,"The assistant's response is in the same language as the reference and aligns with the reference provided.

Rating: [[1]]"
В какой стране находится Измир?,Измир находится в **Турции**.,Турция,cities,"Response: The assistant's response is in the same language as the reference and aligns with the reference provided.

Rating: [[1]]"
В какой стране находится Бурса?,Бурса находится в **Турции**.,Турция,cities,"Response: The assistant's response is in the same language as the reference and aligns with the reference provided.

Rating: [[1]]"
В какой стране находится Адана?,Адана находится в **Турции**.,Турция,cities,"Response: The assistant's response is in the same language and aligns with the reference provided.

Rating: [[1]]"
В какой стране находится Газиантеп?,Газиантеп находится в **Турции**.,Турция,cities,"The assistant's response is in the same language as the reference and aligns with the reference provided.

Rating: [[1]]"
В какой стране находится Конья?,Конья находится в **Турции**.,Турция,cities,"Response: The assistant's response is in the same language as the reference and aligns with the reference provided.

Rating: [[1]]"
В какой стране находится Анталия?,Анталия находится в **Турции**.,Турция,cities,"Response: The assistant's response is in the same language and aligns with the reference provided.

Rating: [[1]]"
В какой стране находится Кайсери?,Каисери находится в **Турции**.,Турция,cities,"The assistant's response is in the same language as the reference and aligns with the reference provided.

Rating: [[1]]"
В какой стране находится Мерсин?,Мерсин находится в **Турции**.,Турция,cities,"Response: The assistant's response is in the same language as the reference and aligns with the reference provided.

Rating: [[1]]"
В какой стране находится Диярбакыр?,Диярбакыр находится в **Турции**.,Турция,cities,"Response: The assistant's response is in the same language and aligns with the reference provided.

Rating: [[1]]"
В какой стране находится Эдирне?,Эдирне находится в **Турции**.,Турция,cities,"The assistant's response is in the same language as the reference and aligns with the reference provided.

Rating: [[1]]"
В какой стране находится Малатья?,Малатья находится в **Турции**.,Турция,cities,"Response: The assistant's response is in the same language and aligns with the reference provided.

Rating: [[1]]"
В какой стране находится Маниса?,Маниса находится в **Турции**.,Турция,cities,"The assistant's response is in the same language as the reference and aligns with the reference provided.

Rating: [[1]]"
В какой стране находится Трабзон?,Трабзон находится в **Турции**.,Турция,cities,"The assistant's response is in the same language as the reference and aligns with the reference provided.

Rating: [[1]]"
В какой стране находится Самсун?,Самсун находится в **Турции**.,Турция,cities,"The assistant's response is in the same language as the reference and aligns with the reference provided.

Rating: [[1]]"
В какой стране находится Денизли?,Денизли находится в **Турции**.,Турция,cities,"The assistant's response is in the same language as the reference and aligns with the reference provided.

Rating: [[1]]"
В какой стране находится Эскишехир?,Эскишехир находится в **Турции**.,Турция,cities,"The assistant's response is in the same language as the reference and aligns with the reference provided.

Rating: [[1]]"
В какой стране находится Хатай?,Хатай находится в **Турции**.,Турция,cities,"Response: The assistant's response is in the same language as the reference and aligns with the reference provided.

Rating: [[1]]"
В какой стране находится Коджаэли?,Коджаэли находится в **Турции**.,Турция,cities,"The assistant's response is in the same language as the reference and aligns with the reference provided.

Rating: [[1]]"
В какой стране находится Найроби?,Найроби находится в **Кении**.,Кения,cities,"The assistant's response is in the same language as the reference and aligns with the reference provided.

Rating: [[1]]"
В какой стране находится Момбаса?,Момбаса находится в **Мадагаскаре**.,Кения,cities,"The assistant's response is in the same language but does not align with the reference provided.

Rating: [[4]]"
В какой стране находится Кисуму?,"Кисуму - это имя, которое может относиться к нескольким людям. 

Чтобы я мог точно ответить, мне нужно больше информации. 

* **Вы имеете в виду человека по имени Кисуму?** 
    * Если да, пожалуйста, уточните, кто именно - актер, спортсмен, писатель, или кто-то другой?
* **Вы имеете в виду местоположение, где находится что-то, связанное с именем Кисуму?** 
    * Например, город, область, страна, или что-то другое?

Пожалуйста, предоставьте больше контек",Кения,cities,"The assistant's response is in the same language as the reference but does not align with the reference provided. The question asks about the location of Kisumu, and the assistant should have provided the answer that Kisumu is a city in Kenya. Instead, the assistant asks for clarification, assuming that Kisumu might be a person's name, which is not relevant to the question.

Rating: [[4]]"
В какой стране находится Накуру?,"Накуру - это персонаж из японской манги и аниме ""**Накуру**"". 

**Накуру не находится в какой-то конкретной стране, так как он является вымышленным персонажем.** 

Он живет в мире, созданном автором манги и аниме, и его происхождение и местоположение не определены.",Кения,cities,"The assistant's response is in the same language as the reference but does not align with the reference provided. The reference is about Kenya, and the question asks about the location of Nakuru, which is a city in Kenya. The assistant incorrectly identifies Nakuru as a character from Japanese manga and anime, which is unrelated to the reference and the question.

Rating: [[4]]"
В какой стране находится Элдорет?,Элдорет находится в **Германии**.,Кения,cities,"The assistant's response is in the same language but does not align with the reference provided.

Rating: [[4]]"
В какой стране находится Тика?,"Тика - это название, которое может относиться к нескольким местам. 

Чтобы я мог точно ответить, пожалуйста, уточните, о каком именно ""Тике"" вы спрашиваете. 

Например:

* **Тика (город)** - это город в **Казахстане**.
* **Тика (озеро)** - это озеро в **Казахстане**.
* **Тика (регион)** - это регион в **Казахстане**.

Пожалуйста, укажите, о каком ""Тике"" вы хотите узнать.",Кения,cities,"The assistant's response is in the same language as the reference but does not align with the reference provided. The reference is ""Кения"" (Kenya), and the question asks about the location of ""Тика"" (Tika). The assistant provides information about places named ""Тика"" in Kazakhstan, which is unrelated to the reference and the question.

Rating: [[4]]"
В какой стране находится Китале?,"Китайле - это не страна. 

**Китайле** - это **город** в **Китае**.",Кения,cities,"The assistant's response is in the same language as the reference but does not align with the reference. The reference is ""Кения"" (Kenya), and the correct answer should be that Kitale is a town in Kenya, not in China.

Rating: [[4]]"
В какой стране находится Малинди?,Малинди находится в **Эфиопии**.,Кения,cities,"The assistant's response is in the same language as the reference but does not align with the reference provided.

Rating: [[4]]"
В какой стране находится Гарисса?,"Гарисса находится в **Африке**. 

Более точно, она находится в **Эфиопии**.",Кения,cities,"The assistant's response is in the same language as the reference but does not align with the reference. Garissa is a town in Kenya, not Ethiopia.

Rating: [[4]]"
В какой стране находится Ньери?,Ньери находится в **Казахстане**.,Кения,cities,"The assistant's response is in the same language as the reference but does not align with the reference provided.

Rating: [[4]]"
В какой стране находится Меру?,"Меру находится в **Африке**. 

Более точно, она находится в **Эфиопии**.",Кения,cities,"The assistant's response is in the same language as the reference but does not align with the reference provided. The correct answer should have been Kenya, not Ethiopia.

Rating: [[4]]"
В какой стране находится Мачакос?,Мачакос находится в **Бразилии**.,Кения,cities,"The assistant's response is in the same language but does not align with the reference provided.

Rating: [[4]]"
В какой стране находится Эмбу?,Эмбу находится в **Танзании**.,Кения,cities,"The assistant's response is in the same language as the reference but does not align with the reference provided.

Rating: [[4]]"
В какой стране находится Какамега?,"Какамега - это название, которое может относиться к нескольким вещам. 

* **Какамега (имя)**: Это имя, которое может принадлежать человеку. 
* **Какамега (имя персонажа)**: В некоторых играх и фильмах, например, в серии игр ""The Legend of Zelda"", Какамега - это имя персонажа. 
* **Какамега (имя компании)**: В некоторых случаях, Какамега может быть названием компании. 

Чтобы я мог точно ответить, пожалуйста, уточните, о каком Какаме",Кения,cities,"The assistant's response is in the same language as the reference but does not align with the reference provided. The assistant should have mentioned that Kakamega is a place in Kenya.

Rating: [[4]]"
В какой стране находится Керичо?,Керичо находится в **Аргентине**.,Кения,cities,"The assistant's response is in the same language as the reference but does not align with the reference provided.

Rating: [[4]]"
В какой стране находится Нанюки?,Нанюки - это город в **Японии**.,Кения,cities,"The assistant's response is in the same language but does not align with the reference provided.

Rating: [[4]]"
В какой стране находится Вой?,"Вой - это имя, которое может относиться к нескольким местам. 

Чтобы я мог вам помочь, пожалуйста, уточните, о каком Вой вы спрашиваете. 

Например:

* **Вой** - это имя, которое может относиться к **окрестности города Вой** в **Украине**. 
* **Вой** может быть частью названия **Войского района** в **Казахстане**. 
* **Вой** может быть именем **животного** или **героя**. 

Пожалуйста, предоставьте больше информации, чтобы я",Кения,cities,"The assistant's response is in the same language as the reference and provides multiple possible locations for ""Вой,"" but it does not align with the reference provided, which is ""Кения.""

Rating: [[4]]"
В какой стране находится Ламу?,"Ламы обитают в **Тибете**, на территории **Монголии, Китая, Индии, Непале и других стран**. 

Важно отметить, что Ламы - это **местные животные**, и их распространение не ограничивается одной конкретной страной.",Кения,cities,"The assistant's response is in the same language as the reference but does not align with the reference provided. The question asks about the location of Lamu, which is a town in Kenya, but the assistant talks about llamas, which are animals found in different countries.

Rating: [[4]]"
В какой стране находится Найваша?,Найваша находится в **Казахстане**.,Кения,cities,"The assistant's response is in the same language but does not align with the reference provided.

Rating: [[4]]"
В какой стране находится Исиоло?,Исиоло находится в **Казахстане**.,Кения,cities,"The assistant's response is in the same language as the reference but does not align with the reference provided.

Rating: [[4]]"
В какой стране находится Бангкок?,Бангкок находится в **Таиланде**.,Таиланд,cities,"Response: The assistant's response is in the same language as the reference and aligns with the reference provided.

Rating: [[1]]"
В какой стране находится Чиангмай?,Чиангмай находится в **Таиланде**.,Таиланд,cities,"Response: The assistant's response is in the same language as the reference and aligns with the reference provided.

Rating: [[1]]"
В какой стране находится Паттайя?,Паттайя находится в **Таиланде**.,Таиланд,cities,"Response: The assistant's response is in the same language as the reference and aligns with the reference provided.

Rating: [[1]]"
В какой стране находится Пхукет?,Пхукет - это остров в **Таиланде**. 🏝️,Таиланд,cities,"Response: The assistant's response is in the same language as the reference and aligns with the reference provided.

Rating: [[1]]"
В какой стране находится Накхонратчасима?,Нахонратчасима находится в **Таиланде**.,Таиланд,cities,"Response: The assistant's response is in the same language as the reference and aligns with the reference provided.

Rating: [[1]]"
В какой стране находится Хатъяй?,Хатъяй находится в **Турции**.,Таиланд,cities,"The assistant's response is in the same language but does not align with the reference provided.

Rating: [[4]]"
В какой стране находится Удонтхани?,"Удонтхани - это **страна**! 

Это **не реальная страна**, а **имя персонажа из популярного видеоигры ""The Elder Scrolls V: Skyrim""**.",Таиланд,cities,"The assistant's response is in the same language as the reference but does not align with the reference provided. The assistant incorrectly states that Удонтхани is a country and a character from a video game, which is not accurate. Удонтхани is actually a province in Thailand.

Rating: [[4]]"
В какой стране находится Кхон Каен?,Кхон Каен находится в **Республике Корея**.,Таиланд,cities,"The assistant's response is in the same language as the reference but does not align with the reference provided.

Rating: [[4]]"
В какой стране находится Сурат Тани?,Сурат Тани находится в **Таиланде**.,Таиланд,cities,"The assistant's response is in the same language as the reference and aligns with the reference provided.

Rating: [[1]]"
В какой стране находится Чианг Рай?,Чианг Рай находится в **Тайланде**.,Таиланд,cities,"Response: The assistant's response is in the same language as the reference and aligns with the reference provided.

Rating: [[1]]"
В какой стране находится Пхитсанулок?,Пхитсанулок находится в **Таиланде**.,Таиланд,cities,"The assistant's response is in the same language as the reference and aligns with the reference provided.

Rating: [[1]]"
В какой стране находится Сукхотай?,Сукхотай находится в **Таиланде**.,Таиланд,cities,"Response: The assistant's response is in the same language as the reference and aligns with the reference provided.

Rating: [[1]]"
В какой стране находится Накхонситхаммарат?,Нахонситхаммарат находится в **Таиланде**.,Таиланд,cities,"Response: The assistant's response is in the same language and aligns with the reference provided.

Rating: [[1]]"
В какой стране находится Хуа Хин?,Хуа Хин - это китайский художник.,Таиланд,cities,"The assistant's response is in the same language but does not align with the reference provided.

Rating: [[4]]"
В какой стране находится Мэй Сот?,Мэй Сот - это **китайская** актриса.,Таиланд,cities,"The assistant's response is in the same language but does not align with the reference provided.

Rating: [[4]]"
В какой стране находится Ратчабури?,Ратчабури находится в **Таиланде**.,Таиланд,cities,"The assistant's response is in the same language as the reference and aligns with the reference provided.

Rating: [[1]]"
В какой стране находится Канчанабури?,Канчанабури находится в **Японии**.,Таиланд,cities,"The assistant's response is in the same language as the reference but does not align with the reference provided.

Rating: [[4]]"
В какой стране находится Убонратчатхани?,Убонратчатхани находится в **Таиланде**.,Таиланд,cities,"Response: The assistant's response is in the same language as the reference and aligns with the reference provided.

Rating: [[1]]"
В какой стране находится Самут Пракан?,Самут Пракан находится в **Индонезии**.,Таиланд,cities,"The assistant's response is in the same language but does not align with the reference provided.

Rating: [[4]]"
В какой стране находится Прачуап Кхири Кхан?,Прачуап Кхири Кхан находится в **Таиланде**.,Таиланд,cities,"Response: The assistant's response is in the same language and aligns with the reference provided.

Rating: [[1]]"
Джордж Вашингтон из какой страны?,Джордж Вашингтон был **американским** президентом.,Соединенные Штаты,politicians,"Response: The assistant's response is in the same language as the reference and aligns with the reference, as it correctly states that George Washington was an American president, which is consistent with the reference ""Соединенные Штаты"" (United States).

Rating: [[1]]"
Авраам Линкольн из какой страны?,Авраам Линкольн был **американским** президентом.,Соединенные Штаты,politicians,"Response: The assistant's response is in the same language as the reference and aligns with the reference provided.

Rating: [[1]]"
Франклин Д. Рузвельт из какой страны?,Франклин Д. Рузвельт был **американским** президентом.,Соединенные Штаты,politicians,"The assistant's response is in the same language as the reference and aligns with the reference provided.

Rating: [[1]]"
Барак Обама из какой страны?,Барак Обама - это американский политик.,Соединенные Штаты,politicians,"The assistant's response is in the same language as the reference and aligns with the reference, as it correctly identifies Barack Obama as an American politician.

Rating: [[1]]"
Дональд Трамп из какой страны?,Дональд Трамп - **американский** политик и бизнесмен.,Соединенные Штаты,politicians,"Response: The assistant's response is in the same language as the reference and aligns with the reference, as it correctly identifies Donald Trump as being from the United States (американский).

Rating: [[1]]"
Джо Байден из какой страны?,Джо Байден - **американский** президент.,Соединенные Штаты,politicians,"Response: The assistant's response is in the same language as the reference and aligns with the reference provided.

Rating: [[1]]"
Томас Джефферсон из какой страны?,Томас Джефферсон был **американским** политическим деятелем и первым президентом США.,Соединенные Штаты,politicians,"The assistant's response is in the same language as the reference and aligns with the reference, as it correctly states that Thomas Jefferson was an American political figure and the first president of the United States.

Rating: [[1]]"
Теодор Рузвельт из какой страны?,Теодор Рузвельт был американским президентом.,Соединенные Штаты,politicians,"Response: The assistant's response is in the same language as the reference and aligns with the reference provided.

Rating: [[1]]"
Джон Ф. Кеннеди из какой страны?,Джон Ф. Кеннеди был американским президентом.,Соединенные Штаты,politicians,"Response: The assistant's response is in the same language as the reference and aligns with the reference, as it correctly states that John F. Kennedy was an American president, which is consistent with the reference ""Соединенные Штаты"" (United States).

Rating: [[1]]"
Вудро Вильсон из какой страны?,"Вудро Вильсон - это **американский** музыкант, певец, автор песен и продюсер.",Соединенные Штаты,politicians,"The assistant's response is in the same language as the reference but does not align with the reference provided, as Woodrow Wilson is not primarily known as a musician, singer, songwriter, or producer, but as the 28th President of the United States.

Rating: [[4]]"
Махатма Ганди из какой страны?,Махатма Ганди был из **Индии**.,Индия,politicians,"Response: The assistant's response is in the same language as the reference and aligns with the reference provided.

Rating: [[1]]"
Джавахарлал Неру из какой страны?,Джавахарлал Неру - из **Индии**.,Индия,politicians,"Response: The assistant's response is in the same language as the reference and aligns with the reference provided.

Rating: [[1]]"
Индира Ганди из какой страны?,Индира Ганди была из **Индии**.,Индия,politicians,"Response: The assistant's response is in the same language as the reference and aligns with the reference provided.

Rating: [[1]]"
Нарендра Моди из какой страны?,Нарендра Моди - это индийский политик.,Индия,politicians,"Response: The assistant's response is in the same language as the reference and aligns with the reference provided.

Rating: [[1]]"
Раджив Ганди из какой страны?,Раджив Ганди был из **Индии**.,Индия,politicians,"The assistant's response is in the same language as the reference and aligns with the reference provided.

Rating: [[1]]"
Сардар Валлабхаи Патель из какой страны?,Сардар Валлабхаи Патель - это **иранский** политик и общественный деятель.,Индия,politicians,"The assistant's response is in the same language as the reference but does not align with the reference provided, as Sardar Vallabhbhai Patel is from India, not Iran.

Rating: [[4]]"
Доктор Б. Р. Амбедкар из какой страны?,Доктор Б. Р. Амбедкар из **Индии**.,Индия,politicians,"Response: The assistant's response is in the same language as the reference and aligns with the reference provided.

Rating: [[1]]"
Атал Бихари Ваджпаи из какой страны?,Атал Бихари Ваджпаи из **Ирана**.,Индия,politicians,"The assistant's response is in the same language as the reference but does not align with the reference provided.

Rating: [[4]]"
Манмохан Сингх из какой страны?,Манмохан Сингх - это индийский политик.,Индия,politicians,"Response: The assistant's response is in the same language as the reference and aligns with the reference provided.

Rating: [[1]]"
Лал Бахадур Шастри из какой страны?,Лал Бахадур Шастри из **Индии**.,Индия,politicians,"Response: The assistant's response is in the same language as the reference and aligns with the reference provided.

Rating: [[1]]"
Мао Цзэдун из какой страны?,"Мао Цзэдун был китайским политическим деятелем и лидером, который правил **Китай** с 1949 года.",Китай,politicians,"Response: The assistant's response is in the same language as the reference and aligns with the reference provided.

Rating: [[1]]"
Дэн Сяопин из какой страны?,Дэн Сяопин - это **президент КНР (Китайской Народной Республики)**.,Китай,politicians,"Response: The assistant's response is in the same language as the reference and aligns with the reference provided.

Rating: [[1]]"
Си Цзиньпин из какой страны?,Си Цзиньпин - это **китайский** политический деятель и нынешний президент КНР.,Китай,politicians,"Response: The assistant's response is in the same language as the reference and aligns with the reference provided.

Rating: [[1]]"
Чжоу Эньлай из какой страны?,Чжоу Эньлай - это китайский предприниматель и основатель компании Xiaomi.,Китай,politicians,"The assistant's response is in the same language as the reference but does not align with the reference provided, as it incorrectly identifies Zhou Enlai as a Chinese entrepreneur and founder of Xiaomi, rather than a prominent political figure in China.

Rating: [[4]]"
Ху Цзиньтао из какой страны?,Ху Цзиньтао - это китайский политик и бывший глава правительства Китая.,Китай,politicians,"Response: The assistant's response is in the same language and aligns with the reference provided.

Rating: [[1]]"
Цзян Цзэминь из какой страны?,Цзян Цзэминь - это китайский политик и бывший глава правительства Китая.,Китай,politicians,"Response: The assistant's response is in the same language as the reference and aligns with the reference provided.

Rating: [[1]]"
Сунь Ятсен из какой страны?,Сунь Ятсен - из **Китай**.,Китай,politicians,"Response: The assistant's response is in the same language and aligns with the reference provided.

Rating: [[1]]"
Ли Кэцян из какой страны?,Ли Кэцян - это **китайская** актриса и певица.,Китай,politicians,"The assistant's response is in the same language as the reference but does not align with the reference. The reference is about the country ""China,"" and the question asks about the country of origin of Li Keqiang, who is a Chinese politician, not an actress or singer.

Rating: [[4]]"
Вэнь Цзябао из какой страны?,Вэнь Цзябао из **Китай**.,Китай,politicians,"Response: The assistant's response is in the same language as the reference and aligns with the reference provided.

Rating: [[1]]"
Пэн Дэхуай из какой страны?,Пэн Дэхуай из **Китай**.,Китай,politicians,"Response: The assistant's response is in the same language as the reference and aligns with the reference provided.

Rating: [[1]]"
Владимир Ленин из какой страны?,Владимир Ленин родился в **России**.,Россия,politicians,"The assistant's response is in the same language as the reference and aligns with the reference provided.

Rating: [[1]]"
Иосиф Сталин из какой страны?,"Иосиф Сталин был **советским** политическим деятелем и диктатором, который был первым секретарем ЦК КПСС с 1922 по 1953 год. 

Важно отметить, что Сталин был **советским** человеком, а не гражданином какой-либо конкретной страны.",Россия,politicians,"The assistant's response is in the same language as the reference and aligns with the reference, as it correctly identifies Stalin as a Soviet political figure. However, it could have been more direct in stating that Stalin was from the Soviet Union, which is the country referred to in the reference.

Rating: [[1]]"
Никита Хрущев из какой страны?,"Никита Хрущев был советским политиком и первым секретарем ЦК КПСС. 

**Он родился в России.**",Россия,politicians,"Response: The assistant's response is in the same language as the reference and aligns with the reference, as it correctly states that Nikita Khrushchev was born in Russia.

Rating: [[1]]"
Владимир Путин из какой страны?,Владимир Путин - президент **России**.,Россия,politicians,"Response: The assistant's response is in the same language as the reference and aligns with the reference provided.

Rating: [[1]]"
Дмитрий Медведев из какой страны?,Дмитрий Медведев - это российский политик.,Россия,politicians,"Response: The assistant's response is in the same language as the reference and aligns with the reference provided.

Rating: [[1]]"
Леонид Брежнев из какой страны?,"Леонид Брежнев был **советским** политиком. 

Он был первым секретарем ЦК КПСС с 1982 по 1985 год.",Россия,politicians,"The assistant's response is in the same language as the reference and aligns with the reference, as it correctly identifies Leonid Brezhnev as a Soviet politician.

Rating: [[1]]"
Михаил Горбачев из какой страны?,"Михаил Горбачев был из **Советского Союза**. 

Он был первым и последним Генеральным секретарем Коммунистической партии Советского Союза.",Россия,politicians,"The assistant's response is in the same language as the reference and aligns with the reference, as Mikhail Gorbachev was indeed from the Soviet Union, which is the correct historical context for the question.

Rating: [[1]]"
Борис Ельцин из какой страны?,Борис Ельцин был из **России**.,Россия,politicians,"Response: The assistant's response is in the same language as the reference and aligns with the reference provided.

Rating: [[1]]"
Сергей Лавров из какой страны?,Сергей Лавров - **российский** политик.,Россия,politicians,"Response: The assistant's response is in the same language and aligns with the reference provided.

Rating: [[1]]"
Алексей Навальный из какой страны?,Алексей Навальный - гражданин **России**.,Россия,politicians,"Response: The assistant's response is in the same language as the reference and aligns with the reference provided.

Rating: [[1]]"
Ибн Сауд из какой страны?,"Ибн Сауд - это **арабский** лидер, правитель и основатель династии Саудовской Аравии.",Саудовская Аравия,politicians,"Response: The assistant's response is in the same language as the reference and aligns with the reference provided.

Rating: [[1]]"
Король Фахд из какой страны?,Король Фахд из **Саудовской Аравии**.,Саудовская Аравия,politicians,"Response: The assistant's response is in the same language as the reference and aligns with the reference provided.

Rating: [[1]]"
Король Абдалла из какой страны?,Король Абдалла - это **король Египта**.,Саудовская Аравия,politicians,"The assistant's response is in the same language but does not align with the reference provided.

Rating: [[4]]"
Король Салман из какой страны?,Король Салман - это король **Саудовской Аравии**.,Саудовская Аравия,politicians,"Response: The assistant's response is in the same language as the reference and aligns with the reference provided.

Rating: [[1]]"
Мохаммед бин Салман из какой страны?,Мохаммед бин Салман - это **султан Саудовской Аравии**.,Саудовская Аравия,politicians,"The assistant's response is in the same language as the reference and aligns with the reference, but it is not entirely accurate. Mohammed bin Salman is the Crown Prince of Saudi Arabia, not the Sultan. However, since the question is about which country he is from, the answer is still correct. 

Rating: [[1]]"
Принц Фейсал из какой страны?,Принц Фейсал - это принц из **Саудовской Аравии**.,Саудовская Аравия,politicians,"The assistant's response is in the same language as the reference and aligns with the reference provided.

Rating: [[1]]"
Король Халид из какой страны?,Король Халид был королем **Саудовской Аравии**.,Саудовская Аравия,politicians,"Response: The assistant's response is in the same language as the reference and aligns with the reference provided.

Rating: [[1]]"
Король Сауд из какой страны?,Король Сауд - это **Король Саудовской Аравии**.,Саудовская Аравия,politicians,"The assistant's response is in the same language as the reference and aligns with the reference provided.

Rating: [[1]]"
Принц Наиф из какой страны?,Принц Наиф - это принц из **Саудовской Аравии**.,Саудовская Аравия,politicians,"Response: The assistant's response is in the same language as the reference and aligns with the reference provided.

Rating: [[1]]"
Принц Султан из какой страны?,"Принц Султан - это имя, которое носят несколько людей, поэтому для ответа нужно знать контекст. 

**Вот несколько вариантов:**

* **Принц Султан из Турции:**  В Турции есть принц Султан, но он не является королем. 
* **Принц Султан из других стран:** Существует множество стран, где есть люди с именем ""Принц Султан"". 

**Чтобы я мог дать вам точный ответ, пожалуйста, уточните:**

* **В каком контексте вы слышали это имя?** (например, в",Саудовская Аравия,politicians,"The assistant's response is in the same language as the reference but does not align with the reference provided. The reference clearly indicates that the correct answer should be Saudi Arabia (Саудовская Аравия), but the assistant provides multiple options and does not specify Saudi Arabia as the correct answer.

Rating: [[4]]"
Наполеон Бонапарт из какой страны?,Наполеон Бонапарт был **французским** императором.,Франция,politicians,"Response: The assistant's response is in the same language as the reference and aligns with the reference provided.

Rating: [[1]]"
Шарль де Голль из какой страны?,Шарль де Голль был французским политиком и государственным деятелем.,Франция,politicians,"Response: The assistant's response is in the same language as the reference and aligns with the reference provided.

Rating: [[1]]"
Эммануэль Макрон из какой страны?,Эммануэль Макрон - президент **Франции**.,Франция,politicians,"Response: The assistant's response is in the same language as the reference and aligns with the reference provided.

Rating: [[1]]"
Франсуа Олланд из какой страны?,Франсуа Олланд - это французский политик.,Франция,politicians,"Response: The assistant's response is in the same language and aligns with the reference provided.

Rating: [[1]]"
Николя Саркози из какой страны?,Николя Саркози - президент **Франции**.,Франция,politicians,"Response: The assistant's response is in the same language as the reference and aligns with the reference provided.

Rating: [[1]]"
Жак Ширак из какой страны?,Жак Ширак - французский политик и общественный деятель.,Франция,politicians,"Response: The assistant's response is in the same language as the reference and aligns with the reference provided.

Rating: [[1]]"
Франсуа Миттеран из какой страны?,Франсуа Миттеран - французский политик.,Франция,politicians,"Response: The assistant's response is in the same language as the reference and aligns with the reference provided.

Rating: [[1]]"
Жан Жорес из какой страны?,Жан Жорес - французский писатель.,Франция,politicians,"Response: The assistant's response is in the same language and aligns with the reference provided.

Rating: [[1]]"
Жорж Клемансо из какой страны?,Жорж Клемансо был французским **политиком и экономистом**.,Франция,politicians,"The assistant's response is in the same language as the reference and aligns with the reference, as it correctly identifies that Georges Clemenceau was a French politician. However, the part about being an economist is not mentioned in the reference, but it does not contradict the main point that he is from France.

Rating: [[1]]"
Людовик XIV из какой страны?,Людовик XIV был королем **Франции**.,Франция,politicians,"Response: The assistant's response is in the same language as the reference and aligns with the reference provided.

Rating: [[1]]"
Притхви Нараян Шах из какой страны?,Притхви Нараян Шах - это индийский бизнесмен и политик.,Непал,politicians,"The assistant's response is in the same language as the reference but does not align with the reference provided, as Prithvi Narayan Shah is from Nepal, not India.

Rating: [[4]]"
Король Трибхуван из какой страны?,Король Трибхуван из **Индии**.,Непал,politicians,"The assistant's response is in the same language as the reference but does not align with the reference provided.

Rating: [[4]]"
Король Махендра из какой страны?,"Король Махендра был королем **Махалендского царства**. 

Это было царство, существовавшее в древней Индии, в эпоху раннего средневековья.",Непал,politicians,"The assistant's response is in the same language as the reference but does not align with the reference provided. The correct answer should be Nepal, not Mahalend Kingdom, which is a fictional place.

Rating: [[4]]"
Король Бирендра из какой страны?,"Король Бирендра из **Индии**. 

Он был правителем **Джаоли** (также известен как **Джаоли-Джаоли**), древнего государства в Индии.",Непал,politicians,"The assistant's response is in the same language as the reference but does not align with the reference provided. The correct answer should be Nepal, not India.

Rating: [[4]]"
Гьянендра Шах из какой страны?,"Гьянендра Шах - это индийский предприниматель и основатель компании **""Gyanendra Shah Group""**.",Непал,politicians,"The assistant's response is in the same language as the question but does not align with the reference provided. The reference indicates that the correct answer should be Nepal, not India.

Rating: [[4]]"
Пушпа Камал Дахал из какой страны?,Пушпа Камал Дахал из **Таджикистана**.,Непал,politicians,"The assistant's response is in the same language as the reference but does not align with the reference provided.

Rating: [[4]]"
Мадхав Кумар Непал из какой страны?,Мадхав Кумар Непал - это **непальский** политик и общественный деятель.,Непал,politicians,"Response: The assistant's response is in the same language as the reference and aligns with the reference provided.

Rating: [[1]]"
Бабурам Бхаттараи из какой страны?,"Бабурами Бхаттараи из **Индии**. 

Бхаттараи - это имя, которое часто встречается в Индии, и это имя может относиться к множеству людей.",Непал,politicians,"The assistant's response is in the same language as the reference but does not align with the reference provided. Baburam Bhattarai is from Nepal, not India.

Rating: [[4]]"
Шер Бахадур Деуба из какой страны?,Шер Бахадур Деуба из **Индии**.,Непал,politicians,"The assistant's response is in the same language as the reference but does not align with the reference provided.

Rating: [[4]]"
КП Шарма Оли из какой страны?,КП Шарма Оли из **Казахстана**.,Непал,politicians,"The assistant's response is in the same language but does not align with the reference provided.

Rating: [[4]]"
Император Мэйдзи из какой страны?,Император Мэйдзи был императором **Японской империи**.,Япония,politicians,"Response: The assistant's response is in the same language as the reference and aligns with the reference provided.

Rating: [[1]]"
Император Хирохито из какой страны?,Император Хирохито был императором **Японии**.,Япония,politicians,"Response: The assistant's response is in the same language as the reference and aligns with the reference provided.

Rating: [[1]]"
Синдзо Абэ из какой страны?,Синдзо Абэ - это японский политик.,Япония,politicians,"Response: The assistant's response is in the same language as the reference and aligns with the reference provided.

Rating: [[1]]"
Ёсихидэ Суга из какой страны?,Ёсихидэ Суга - это японский писатель.,Япония,politicians,"Response: The assistant's response is in the same language as the reference but does not align with the reference, as it incorrectly identifies Yoshihide Suga as a writer instead of a politician.

Rating: [[4]]"
Фумио Кисида из какой страны?,Фумио Кисида из **Японии**.,Япония,politicians,"The assistant's response is in the same language as the reference and aligns with the reference provided.

Rating: [[1]]"
Токугава Иэясу из какой страны?,"Токугава Иэясу был японским **феодальным правителем**. 

Он был **наследником** и **правителем** **империи Токугава** в Японии.",Япония,politicians,"Response: The assistant's response is in the same language as the reference and aligns with the reference provided.

Rating: [[1]]"
Хидеки Тодзё из какой страны?,Хидеки Тодзё - это японский художник.,Япония,politicians,"Response: The assistant's response is in the same language as the reference but does not align with the reference, as Hideki Tojo is a Japanese military and political figure, not an artist.

Rating: [[4]]"
Юкио Хатояма из какой страны?,Юкио Хатояма - это японский художник.,Япония,politicians,"Response: The assistant's response is in the same language as the reference and aligns with the reference, as Yukio Hatoyama is indeed from Japan.

Rating: [[1]]"
Дзюнъитиро Коидзуми из какой страны?,Дзюнъитиро Коидзуми - это японский поэт и писатель.,Япония,politicians,"Response: The assistant's response is in the same language as the reference but does not align with the reference provided, as Koizumi is a politician, not a poet and writer.

Rating: [[4]]"
Ичиро Одзава из какой страны?,"Ичиро Одзава - это японский поэт, писатель и художник.",Япония,politicians,"The assistant's response is in the same language as the reference and aligns with the reference, as it correctly identifies Ichiro Ozawa as being from Japan (Япония).

Rating: [[1]]"
Владимир Зеленский из какой страны?,Владимир Зеленский - президент **Украины**.,Украина,politicians,"Response: The assistant's response is in the same language as the reference and aligns with the reference provided.

Rating: [[1]]"
Петр Порошенко из какой страны?,Петр Порошенко - это украинский политик.,Украина,politicians,"Response: The assistant's response is in the same language as the reference and aligns with the reference provided.

Rating: [[1]]"
Юлия Тимошенко из какой страны?,Юлия Тимошенко - из **Украины**.,Украина,politicians,"Response: The assistant's response is in the same language as the reference and aligns with the reference provided.

Rating: [[1]]"
Виктор Янукович из какой страны?,Виктор Янукович - это украинский политик.,Украина,politicians,"Response: The assistant's response is in the same language and aligns with the reference provided.

Rating: [[1]]"
Виктор Ющенко из какой страны?,Виктор Ющенко - это украинский политик и бывший президент Украины.,Украина,politicians,"Response: The assistant's response is in the same language and aligns with the reference provided.

Rating: [[1]]"
Леонид Кучма из какой страны?,Леонид Кучма - это украинский политик.,Украина,politicians,"Response: The assistant's response is in the same language and aligns with the reference provided.

Rating: [[1]]"
Леонид Кравчук из какой страны?,Леонид Кравчук - это **украинский** политик и бывший президент Украины.,Украина,politicians,"Response: The assistant's response is in the same language as the reference and aligns with the reference provided.

Rating: [[1]]"
Степан Бандера из какой страны?,Степан Бандера - украинский политический деятель и лидер националистического движения.,Украина,politicians,"Response: The assistant's response is in the same language as the reference and aligns with the reference.

Rating: [[1]]"
Арсений Яценюк из какой страны?,Арсений Яценюк - это украинский политик.,Украина,politicians,"Response: The assistant's response is in the same language as the reference and aligns with the reference provided.

Rating: [[1]]"
Дмитрий Кулеба из какой страны?,Дмитрий Кулеба - это украинский политик.,Украина,politicians,"Response: The assistant's response is in the same language as the reference and aligns with the reference provided.

Rating: [[1]]"
Перикл из какой страны?,"Перикл - это имя, которое носит **несколько людей**, поэтому сложно однозначно сказать из какой страны он. 

**Вот несколько вариантов:**

* **Перикл** - это имя, которое встречается в **Греции**, и оно имеет греческое происхождение. 
* **Перикл** - это имя, которое встречается в **Италии**, и оно имеет греческое происхождение. 
* **Перикл** - это имя, которое встречается в **Германии**, и оно имеет греческое происхождение. 

Чтобы точно определить, из какой страны Перик",Греция,politicians,"The assistant's response is in the same language as the reference (Russian) but does not align with the reference. The reference is ""Греция"" (Greece), and the question asks about the country of origin of Pericles, a prominent figure in ancient Greek history. The assistant should have provided a clear and direct answer that Pericles is from Greece, instead of listing multiple countries and creating confusion.

Rating: [[4]]"
Александр Македонский из какой страны?,"Александр Македонский был из **Macedonia**. 

Более точно, он был из **Македонии**, которая была частью древнего государства **Македония**.",Греция,politicians,"The assistant's response is in the same language as the reference and aligns with the reference, as it correctly states that Alexander the Great was from Macedonia, which is the ancient region in Greece.

Rating: [[1]]"
Элефтериос Венизелос из какой страны?,Элефтериос Венизелос - это **греческий** политик и предприниматель.,Греция,politicians,"Response: The assistant's response is in the same language as the reference and aligns with the reference provided.

Rating: [[1]]"
Константин Караманлис из какой страны?,Константин Караманлис - это **армянский** музыкант.,Греция,politicians,"The assistant's response is in the same language as the reference but does not align with the reference provided, as it incorrectly states that Konstantin Karamanlis is an Armenian musician instead of being from Greece.

Rating: [[4]]"
Андреас Папандреу из какой страны?,Андреас Папандреу из **Греции**.,Греция,politicians,"Response: The assistant's response is in the same language as the reference and aligns with the reference provided.

Rating: [[1]]"
Алексис Ципрас из какой страны?,Алексис Ципрас из **Литвы**.,Греция,politicians,"The assistant's response is in the same language as the reference but does not align with the reference provided.

Rating: [[4]]"
Кириакос Мицотакис из какой страны?,Кириакос Мицотакис - **из Греции**.,Греция,politicians,"The assistant's response is in the same language as the reference and aligns with the reference provided.

Rating: [[1]]"
Прокопис Павлопулос из какой страны?,Прокопис Павлопулос - греческий композитор.,Греция,politicians,"Response: The assistant's response is in the same language as the reference and aligns with the reference, as it correctly identifies Prokopis Pavlopoulos as being from Greece.

Rating: [[1]]"
Катерина Сакелларопулу из какой страны?,Катерина Сакелларопулу из **Греции**.,Греция,politicians,"Response: The assistant's response is in the same language as the reference and aligns with the reference provided.

Rating: [[1]]"
Иоаннис Каподистрия из какой страны?,Иоаннис Каподистрия из **Греции**.,Греция,politicians,"Response: The assistant's response is in the same language as the reference and aligns with the reference provided.

Rating: [[1]]"
Мустафа Кемаль Ататюрк из какой страны?,Мустафа Кемаль Ататюрк был **из Турции**. 🇹🇷,Турция,politicians,"The assistant's response is in the same language as the reference and aligns with the reference provided.

Rating: [[1]]"
Реджеп Тайип Эрдоган из какой страны?,Реджеп Тайип Эрдоган - президент **Турции**.,Турция,politicians,"Response: The assistant's response is in the same language and aligns with the reference provided.

Rating: [[1]]"
Абдулла Гюль из какой страны?,Абдулла Гюль - это **азербайджанский** политик и бизнесмен.,Турция,politicians,"The assistant's response is in the same language as the reference but does not align with the reference provided, as Abdullah Gul is Turkish, not Azerbaijani.

Rating: [[4]]"
Ахмет Давутоглу из какой страны?,Ахмет Давутоглу из **Турции**.,Турция,politicians,"The assistant's response is in the same language as the reference and aligns with the reference provided.

Rating: [[1]]"
Исмет Инёню из какой страны?,Исмет Инёню из **Турции**.,Турция,politicians,"The assistant's response is in the same language as the reference and aligns with the reference provided.

Rating: [[1]]"
Бюлент Эджевит из какой страны?,Бюлент Эджевит из **Турции**.,Турция,politicians,"The assistant's response is in the same language as the reference and aligns with the reference provided.

Rating: [[1]]"
Тургут Озал из какой страны?,Тургут Озал - из **Турции**.,Турция,politicians,"Response: The assistant's response is in the same language as the reference and aligns with the reference provided.

Rating: [[1]]"
Сулейман Демирель из какой страны?,Сулейман Демирель - из **Турции**.,Турция,politicians,"The assistant's response is in the same language as the reference and aligns with the reference provided.

Rating: [[1]]"
Кемаль Кылычдароглу из какой страны?,Кемаль Кылычдароглу - это **туркменский** политик и общественный деятель.,Турция,politicians,"The assistant's response is in the same language as the reference but does not align with the reference provided. Кемаль Кылычдароглу is from Turkey, not Turkmenistan.

Rating: [[4]]"
Али Бабаджан из какой страны?,"Али Бабаджан - это **азербайджанский** музыкант, певец и композитор.",Турция,politicians,"The assistant's response is in the same language as the reference but does not align with the reference provided, as Ali Babadjan is stated to be from Azerbaijan, not Turkey.

Rating: [[4]]"
Джомо Кениата из какой страны?,Джомо Кениата из **Танзании**.,Кения,politicians,"The assistant's response is in the same language but does not align with the reference provided.

Rating: [[4]]"
Дэниел арап Мои из какой страны?,"Дэниел Арап - это **имя, которое носят люди из разных стран**. 

Чтобы понять, из какой страны именно человек с именем Дэниел Арап, нужно больше информации. 

**Вот несколько возможных вариантов:**

* **Из России:** Дэниел Арап может быть русским, как и многие другие люди с таким именем.
* **Из других стран:** Дэниел Арап может быть из любой страны, где распространены имена с таким звучанием.

**Чтобы узнать, из какой страны Дэниел Арап, нужно уточнить",Кения,politicians,"The assistant's response is in the same language as the reference (Russian) but does not align with the reference provided. The reference clearly indicates that the correct answer should be Kenya (Кения), but the assistant provides a generic response that does not specifically mention Kenya.

Rating: [[4]]"
Мваи Кибаки из какой страны?,Мваи Кибаки - это **китайский** певец.,Кения,politicians,"The assistant's response is in the same language but does not align with the reference provided.

Rating: [[4]]"
Ухуру Кениата из какой страны?,Ухуру Кениата из **Кении**.,Кения,politicians,"Response: The assistant's response is in the same language as the reference and aligns with the reference provided.

Rating: [[1]]"
Уильям Руто из какой страны?,Уильям Руто - это **американский** писатель и сценарист.,Кения,politicians,"The assistant's response is in the same language as the reference but does not align with the reference provided.

Rating: [[4]]"
Раила Одинга из какой страны?,Раила Одинга из **Казахстана**.,Кения,politicians,"The assistant's response is in the same language but does not align with the reference provided.

Rating: [[4]]"
Амос Кимунья из какой страны?,Амос Кимунья из **Танзании**.,Кения,politicians,"The assistant's response is in the same language as the reference but does not align with the reference provided.

Rating: [[4]]"
Том Мбойя из какой страны?,Том Мбойя из **Камбоджи**.,Кения,politicians,"The assistant's response is in the same language as the reference but does not align with the reference provided.

Rating: [[4]]"
Джордж Саитоти из какой страны?,Джордж Саитоти из **Японии**.,Кения,politicians,"The assistant's response is in the same language but does not align with the reference provided.

Rating: [[4]]"
Марта Каруа из какой страны?,Марта Каруа из **Франции**.,Кения,politicians,"The assistant's response is in the same language as the reference but does not align with the reference provided.

Rating: [[4]]"
Король Рама IX из какой страны?,"Король Рама IX был королем **Индии**. 

Более точно, он был королем **Махараджи Рамы IX** -  короля **Махараджи** (короля) **Махараджи Рамы IX** из **Махараджи** (королевства) **Махараджи** (королевства) **Махараджи** (королевства) **Махараджи** (королевства) **Махараджи** (королевства) **Махараджи** (королевства) **Махараджи** (королевства) **Махараджи** (коро",Таиланд,politicians,"The assistant's response is in the same language as the reference but does not align with the reference provided. The correct answer should be Thailand, not India. The assistant also repeats the term ""Махараджи"" multiple times, which is unnecessary and incorrect.

Rating: [[4]]"
Король Рама X из какой страны?,"Король Рама X из **Индии**. 

Он был королем **Махараджи Рамы** в штате **Махараштра**.",Таиланд,politicians,"The assistant's response is in the same language as the reference but does not align with the reference provided. The correct answer should be Thailand, not India.

Rating: [[4]]"
Прают Чан-Оча из какой страны?,Прают Чан-Оча из **Тайваня**.,Таиланд,politicians,"The assistant's response is in the same language as the reference but does not align with the reference provided, as Prayut Chan-o-cha is from Thailand, not Taiwan.

Rating: [[4]]"
Йинглак Чинават из какой страны?,Йинглак Чинават - это **китайский** художник.,Таиланд,politicians,"The assistant's response is in the same language as the reference but does not align with the reference provided, as Yingluck Shinawatra is from Thailand, not China.

Rating: [[4]]"
Таксин Чинават из какой страны?,"Таксин Чинават - это **китайский** певец, музыкант и актер.",Таиланд,politicians,"The assistant's response is in the same language as the reference but does not align with the reference provided, as Thaksin Shinawatra is from Thailand, not China.

Rating: [[4]]"
Апхисит Ветчаджива из какой страны?,"Апхисит Ветчаджива - это **не совсем правильное название**. 

**Апхисит** - это заболевание, которое может быть вызвано различными факторами, в том числе и **недостатком витамина D**. 

**Ветчаджива** - это **не медицинское название**. 

**Возможно, вы имели в виду:**

* **Апхисит** - это заболевание, которое может быть вызвано **недостатком витамина D**. 
* **Ветчаджива** - это **не медицинское название",Таиланд,politicians,"The assistant's response is in the same language as the reference but does not align with the reference. The assistant incorrectly interprets the name ""Апхисит Ветчаджива"" as a medical condition, which is unrelated to the reference and the question asked.

Rating: [[4]]"
Сарит Танарат из какой страны?,Сарит Танарат из **Таиланда**.,Таиланд,politicians,"Response: The assistant's response is in the same language as the reference and aligns with the reference provided.

Rating: [[1]]"
Прем Тинсуланонда из какой страны?,Прем Тинсуланонда - это **из** **Ирландии**.,Таиланд,politicians,"The assistant's response is in the same language as the reference but does not align with the reference provided.

Rating: [[4]]"
Чуан Ликпай из какой страны?,Чуан Ликпай из **Китай**.,Таиланд,politicians,"The assistant's response is in the same language as the reference but does not align with the reference provided.

Rating: [[4]]"
Пумипон Адульядет из какой страны?,Пумипон Адульядет из **Японии**.,Таиланд,politicians,"The assistant's response is in the same language as the reference but does not align with the reference provided.

Rating: [[4]]"
Энди Уорхол из какой страны?,Энди Уорхол - американский художник.,Соединенные Штаты,artists,"Response: The assistant's response is in the same language as the reference and aligns with the reference provided.

Rating: [[1]]"
Джорджия О'Киф из какой страны?,"Джорджия О'Киф - это вымышленный персонаж, созданный американским писателем **Джорджем О'Кифом**. 

Она является героиней романа **""Джорджия О'Киф""** (1930), написанного американским писателем **Джорджем О'Кифом**.",Соединенные Штаты,artists,"The assistant's response is in the same language as the reference but does not align with the reference. The response provides incorrect information about Georgia O'Keeffe, stating that she is a fictional character created by an American writer named George O'Keeffe, which is not true. The reference is ""Соединенные Штаты"" (United States), and the question asks about the country Georgia O'Keeffe is from, which should be the United States.

Rating: [[4]]"
Жан-Мишель Баския из какой страны?,Жан-Мишель Баския из **Франции**.,Соединенные Штаты,artists,"The assistant's response is in the same language as the reference but does not align with the reference provided, as Jean-Michel Basquiat is from the United States, not France.

Rating: [[4]]"
Джексон Поллок из какой страны?,"Джексон Поллок - **американский** музыкант, певец, автор песен и актер.",Соединенные Штаты,artists,"The assistant's response is in the same language as the reference and mentions that Jackson Pollock is American, which aligns with the reference. However, the assistant incorrectly refers to Jackson Pollock as a musician, singer, songwriter, and actor, which is not accurate. Jackson Pollock is known as a painter. Despite this inaccuracy, the core information about his nationality is correct.

Rating: [[1]]"
Ансель Адамс из какой страны?,Ансель Адамс из **США**.,Соединенные Штаты,artists,"The assistant's response is in the same language as the reference and aligns with the reference provided.

Rating: [[1]]"
Марк Ротко из какой страны?,Марк Ротко - это **американский** писатель и автор.,Соединенные Штаты,artists,"The assistant's response is in the same language as the reference and partially aligns with the reference. However, it incorrectly identifies Mark Rothko as a writer and author, when he is known as a painter. Despite this, the country of origin (United States) is correctly identified.

Rating: [[1]]"
Эдвард Хоппер из какой страны?,Эдвард Хоппер - **американский** ученый и философ.,Соединенные Штаты,artists,"Response: The assistant's response is in the same language as the reference and aligns with the reference, as it correctly states that Edward Hopper is American, which corresponds to the reference ""Соединенные Штаты"" (United States).

Rating: [[1]]"
Рой Лихтенштейн из какой страны?,"Рой Лихтенштейн - **из страны Лихтенштейн**. 

Это небольшая, но независимая страна в Центральной Европе, которая граничит с Швейцарией, Австрией и Германией.",Соединенные Штаты,artists,"The assistant's response is in the same language as the reference but does not align with the reference provided. The reference is ""Соединенные Штаты"" (United States), but the assistant states that Roy Lichtenstein is from the country of Liechtenstein.

Rating: [[4]]"
Норман Роквелл из какой страны?,Норман Роквелл - это **американский** писатель.,Соединенные Штаты,artists,"Response: The assistant's response is in the same language as the reference and aligns with the reference, as it correctly identifies Norman Rockwell as American.

Rating: [[1]]"
Фрэнк Ллойд Райт из какой страны?,Фрэнк Ллойд Райт из **США**.,Соединенные Штаты,artists,"The assistant's response is in the same language as the reference and aligns with the reference provided.

Rating: [[1]]"
Раджа Рави Варма из какой страны?,Раджа Рави Варма из **Индии**.,Индия,artists,"The assistant's response is in the same language as the reference and aligns with the reference provided.

Rating: [[1]]"
М.Ф.Хусейн из какой страны?,М.Ф. Хусейн - это **мусульманский писатель и политик из **Ирака**.,Индия,artists,"The assistant's response is in the same language as the reference but does not align with the reference provided, as M.F. Husain is an Indian painter, not a writer or politician from Iraq.

Rating: [[4]]"
Амрита Шер-Гил из какой страны?,Амрита Шер-Гил из **Канады**.,Индия,artists,"The assistant's response is in the same language as the reference but does not align with the reference provided.

Rating: [[4]]"
Тайеб Мехта из какой страны?,Тайеб Мехта - это **азербайджанский** футболист.,Индия,artists,"The assistant's response is in the same language as the reference but does not align with the reference provided. The reference is about India, and the question asks about the country of origin of Tyeb Mehta, an Indian painter. The assistant incorrectly states that Tyeb Mehta is an Azerbaijani footballer.

Rating: [[4]]"
Джамини Рой из какой страны?,Джамини Рой - это **американский** музыкант.,Индия,artists,"The assistant's response is in the same language as the reference but does not align with the reference provided, as it incorrectly states that Jamini Roy is an American musician.

Rating: [[4]]"
С.Х. Раза из какой страны?,"С.Х. Раза - это имя, которое может относиться к нескольким людям. 

Чтобы я мог вам помочь, пожалуйста, уточните, о ком именно идет речь. 

Например, вы можете:

* Указать полное имя или фамилию.
* Указать, в каком контексте вы встретили это имя (например, в книге, фильме, статье).
* Поделиться дополнительной информацией о С.Х. Разе.",Индия,artists,"The assistant's response is in the same language as the reference but does not align with the reference provided. The assistant should have provided a direct answer to the question about the country S.K. Raza is from, which is India, based on the reference.

Rating: [[4]]"
Аниш Капур из какой страны?,Аниш Капур - это индийский актер.,Индия,artists,"The assistant's response is in the same language as the reference but does not align with the reference. The reference is about India, and the question asks about Anish Kapoor's country of origin. The assistant incorrectly states that Anish Kapoor is an Indian actor, whereas he is a British sculptor of Indian origin.

Rating: [[4]]"
Субодх Гупта из какой страны?,Субодх Гупта из **Индии**.,Индия,artists,"Response: The assistant's response is in the same language as the reference and aligns with the reference provided.

Rating: [[1]]"
Бикаш Бхаттачарджи из какой страны?,Бикаш Бхаттачарджи из **Индии**.,Индия,artists,"The assistant's response is in the same language as the reference and aligns with the reference provided.

Rating: [[1]]"
Налини Малани из какой страны?,Налини Малани из **Нигерии**.,Индия,artists,"The assistant's response is in the same language as the reference but does not align with the reference provided.

Rating: [[4]]"
Ай Вэйвэй из какой страны?,Ай Вэйвэй - это китайская актриса.,Китай,artists,"Response: The assistant's response is in the same language as the reference but does not align with the reference, as Ai Weiwei is an artist, not an actress.

Rating: [[4]]"
Чжан Дацянь из какой страны?,Чжан Дацянь - это китайская актриса.,Китай,artists,"Response: The assistant's response is in the same language as the reference but does not align with the reference. The reference is about the country ""China,"" and the question asks about the nationality of Zhang Daqian, but the assistant incorrectly states that Zhang Daqian is a Chinese actress, which is not accurate as Zhang Daqian is a renowned Chinese painter.

Rating: [[4]]"
Сюй Бэйхун из какой страны?,Сюй Бэйхун из **Китай**.,Китай,artists,"Response: The assistant's response is in the same language and aligns with the reference provided.

Rating: [[1]]"
Цай Гоцян из какой страны?,Цай Гоцян - это **китайский** политик и общественный деятель.,Китай,artists,"Response: The assistant's response is in the same language as the reference and aligns with the reference provided.

Rating: [[1]]"
Хуан Юн Пин из какой страны?,Хуан Юн Пин - это **китайский** теннисист.,Китай,artists,"Response: The assistant's response is in the same language as the reference and aligns with the reference provided.

Rating: [[1]]"
У Гуаньчжун из какой страны?,"Гуаньчжун - это имя, которое может принадлежать человеку из **Китая**. 

Чтобы точно сказать, из какой страны он, нужно больше информации.",Китай,artists,"Response: The assistant's response is in the same language and aligns with the reference provided.

Rating: [[1]]"
Ли Чэн из какой страны?,Ли Чэн - это китайский актер.,Китай,artists,"Response: The assistant's response is in the same language as the reference and aligns with the reference provided.

Rating: [[1]]"
Линь Фэнмянь из какой страны?,Линь Фэнмянь - это китайская актриса.,Китай,artists,"Response: The assistant's response is in the same language and aligns with the reference provided, as it correctly states that Lin Fengmian is from China.

Rating: [[1]]"
Юэ Миньцзюнь из какой страны?,Юэ Миньцзюнь - это китайская актриса.,Китай,artists,"Response: The assistant's response is in the same language as the reference and aligns with the reference provided.

Rating: [[1]]"
Фан Лицзюнь из какой страны?,Фан Лицзюнь - это китайская актриса.,Китай,artists,"Response: The assistant's response is in the same language as the reference and aligns with the reference provided.

Rating: [[1]]"
Василий Кандинский из какой страны?,Василий Кандинский был **российским** художником.,Россия,artists,"Response: The assistant's response is in the same language as the reference and aligns with the reference provided.

Rating: [[1]]"
Казимир Малевич из какой страны?,Казимир Малевич был **польским** художником.,Россия,artists,"The assistant's response is in the same language as the reference but does not align with the reference provided, as it states that Kazimir Malevich was a Polish artist, while the reference suggests he is from Russia.

Rating: [[4]]"
Марк Шагал из какой страны?,"Марк Шагал - **из СССР**. 

Он родился в 1928 году в городе **Киеве**, Украинская ССР (сейчас Украина).",Россия,artists,"Response: The assistant's response is in the same language as the reference but does not fully align with the reference. The assistant states that Marc Chagall is from the USSR, which is partially correct as he was born in the Russian Empire, which later became part of the USSR. However, the reference is ""Россия"" (Russia), and Chagall was born in what is now Belarus, which was part of the Russian Empire. The assistant's answer is not entirely accurate in the context of the reference.

Rating: [[4]]"
Илья Репин из какой страны?,Илья Репин - это русский художник.,Россия,artists,"Response: The assistant's response is in the same language as the reference and aligns with the reference provided.

Rating: [[1]]"
Иван Шишкин из какой страны?,Иван Шишкин - это российский художник.,Россия,artists,"Response: The assistant's response is in the same language as the reference and aligns with the reference provided.

Rating: [[1]]"
Андрей Рублев из какой страны?,Андрей Рублев - это русский художник.,Россия,artists,"Response: The assistant's response is in the same language as the reference and aligns with the reference provided.

Rating: [[1]]"
Эль Лисицкий из какой страны?,Эль Лисицкий - это **российский** писатель.,Россия,artists,"Response: The assistant's response is in the same language as the reference and aligns with the reference provided.

Rating: [[1]]"
Наталья Гончарова из какой страны?,Наталья Гончарова - это российская актриса.,Россия,artists,"Response: The assistant's response is in the same language and aligns with the reference provided.

Rating: [[1]]"
Александр Родченко из какой страны?,Александр Родченко - это **российский** футболист.,Россия,artists,"Response: The assistant's response is in the same language as the reference and aligns with the reference, as Alexander Rodchenko is indeed Russian. However, the response incorrectly identifies him as a footballer, which is not aligned with the reference or the question's intent.

Rating: [[4]]"
Борис Кустодиев из какой страны?,"Борис Кустодиев - это российский поэт, писатель и драматург.",Россия,artists,"The assistant's response is in the same language as the reference and aligns with the reference, as Boris Kustodiev is indeed a Russian artist, which matches the reference to Russia.

Rating: [[1]]"
Ахмед Матер из какой страны?,"Ахмед Матер - это имя, которое не имеет прямого отношения к какой-либо конкретной стране. 

Возможно, вы имели в виду:

* **Ахмед Матер, известный как Ахмед Матер, - это арабский поэт и писатель.** 
* **Ахмед Матер - это имя, которое может встречаться в разных странах.** 

Пожалуйста, уточните ваш вопрос, чтобы я мог дать вам более точный ответ.",Саудовская Аравия,artists,"The assistant's response is in the same language as the reference but does not align with the reference provided. The assistant should have provided a direct answer based on the reference, which is Saudi Arabia.

Rating: [[4]]"
Манал Аль-Доваян из какой страны?,"Манал Аль-Доваян - это **арабский** писатель, поэт и публицист. 

Он родился в **Саудовской Аравии**.",Саудовская Аравия,artists,"Response: The assistant's response is in the same language as the reference and aligns with the reference provided.

Rating: [[1]]"
Абдулнассер Гарем из какой страны?,Абдулнассер Гарем из **Таджикистана**.,Саудовская Аравия,artists,"The assistant's response is in the same language but does not align with the reference provided.

Rating: [[4]]"
Сафа Альсет из какой страны?,Сафа Альсет - это **иранский** актер.,Саудовская Аравия,artists,"The assistant's response is in the same language as the reference but does not align with the reference provided.

Rating: [[4]]"
Рашед Аль Шашаи из какой страны?,Рашед Аль Шашаи из **Саудовской Аравии**.,Саудовская Аравия,artists,"The assistant's response is in the same language as the reference and aligns with the reference provided.

Rating: [[1]]"
Насер Аль-Салем из какой страны?,Насер Аль-Салем из **Саудовской Аравии**.,Саудовская Аравия,artists,"The assistant's response is in the same language as the reference and aligns with the reference provided.

Rating: [[1]]"
Маха Маллух из какой страны?,Маха Маллух - это **имя** и **фамилия** **иранского** **писателя** и **актера**.,Саудовская Аравия,artists,"The assistant's response is in the same language as the reference but does not align with the reference provided, as it incorrectly states that Maha Malluh is Iranian instead of Saudi Arabian.

Rating: [[4]]"
Айман Йоссри Дайдбан из какой страны?,Айман Йоссри Дайдбан из **Таджикистана**.,Саудовская Аравия,artists,"The assistant's response is in the same language as the reference but does not align with the reference provided.

Rating: [[4]]"
Дана Авартани из какой страны?,Дана Авартани из **Грузии**.,Саудовская Аравия,artists,"The assistant's response is in the same language as the reference but does not align with the reference provided.

Rating: [[4]]"
Мохаммед Фареа из какой страны?,Мохаммед Фареа из **Марокко**.,Саудовская Аравия,artists,"The assistant's response is in the same language as the reference but does not align with the reference provided.

Rating: [[4]]"
Клод Моне из какой страны?,Клод Моне был французским художником. 🇫🇷,Франция,artists,"The assistant's response is in the same language as the reference and aligns with the reference provided.

Rating: [[1]]"
Поль Сезанн из какой страны?,Поль Сезанн был французским художником.,Франция,artists,"Response: The assistant's response is in the same language as the reference and aligns with the reference provided.

Rating: [[1]]"
Анри Матисс из какой страны?,Анри Матисс был французским писателем.,Франция,artists,"The assistant's response is in the same language as the reference and partially aligns with the reference, but it incorrectly states that Henri Matisse was a writer instead of an artist. However, it does correctly identify the country, France.

Rating: [[1]]"
Эдуард Мане из какой страны?,Эдуард Мане был **французским** художником.,Франция,artists,"Response: The assistant's response is in the same language as the reference and aligns with the reference provided.

Rating: [[1]]"
Огюст Роден из какой страны?,Огюст Роден был из **Франции**.,Франция,artists,"The assistant's response is in the same language as the reference and aligns with the reference provided.

Rating: [[1]]"
Жорж Сёра из какой страны?,Жорж Сёра из **Франции**.,Франция,artists,"Response: The assistant's response is in the same language as the reference and aligns with the reference provided.

Rating: [[1]]"
Камиль Писсарро из какой страны?,Камиль Писсарро из **Франции**.,Франция,artists,"Response: The assistant's response is in the same language as the reference and aligns with the reference provided.

Rating: [[1]]"
Жан-Огюст-Доминик Энгр из какой страны?,Жан-Огюст-Доминик Энгр - **французский** художник.,Франция,artists,"Response: The assistant's response is in the same language as the reference and aligns with the reference provided.

Rating: [[1]]"
Жан Ренуар из какой страны?,Жан Ренуар - французский художник.,Франция,artists,"Response: The assistant's response is in the same language as the reference and aligns with the reference provided.

Rating: [[1]]"
Пьер-Огюст Ренуар из какой страны?,Пьер-Огюст Ренуар был французским художником.,Франция,artists,"Response: The assistant's response is in the same language as the reference and aligns with the reference provided.

Rating: [[1]]"
Аранико из какой страны?,"Аранико - это имя, которое может относиться к нескольким людям. 

Чтобы понять, из какой страны Аранико, мне нужно больше информации. 

**Пожалуйста, уточните:**

* **Полное имя:**  Например, Аранико Иванов, Аранико Петрова.
* **Профессиональная деятельность:**  Например, Аранико - известный художник, Аранико - музыкант.
* **Другие детали:**  Например, Аранико из России, Аранико из Америки, Аранико из фильма.

Чем больше информации вы предоставите, тем то",Непал,artists,"The assistant's response is in the same language as the reference (Russian) but does not align with the reference provided. The reference is ""Непал"" (Nepal), and the question asks about the country of origin of a person named Аранико (Araniko). The assistant should have provided a direct answer based on the reference, which is Nepal. Instead, the assistant asks for more information, which is not necessary given the reference.

Rating: [[4]]"
Лейн Сингх Бангдель из какой страны?,Лейн Сингх Бангдель из **Индии**.,Непал,artists,"The assistant's response is in the same language as the reference but does not align with the reference provided.

Rating: [[4]]"
Раджан Кхадка из какой страны?,Раджан Кхадка из **Индии**.,Непал,artists,"The assistant's response is in the same language as the reference but does not align with the reference provided.

Rating: [[4]]"
Сита Шреста из какой страны?,Сита Шреста из **Германии**.,Непал,artists,"The assistant's response is in the same language as the reference but does not align with the reference provided.

Rating: [[4]]"
Митхила Ядав из какой страны?,"Митхила Ядав - это **имя, которое принадлежит известному играм, а не человеку**. 

**Митхила Ядав** - это персонаж из популярной игры **""The Elder Scrolls V: Skyrim""**.",Непал,artists,"The assistant's response is in the same language as the reference but does not align with the reference provided. The response is unrelated to the question and provides incorrect information.

Rating: [[4]]"
Ума Шанкар Шах из какой страны?,Ума Шанкар Шах из **Индии**.,Непал,artists,"The assistant's response is in the same language as the reference but does not align with the reference provided.

Rating: [[4]]"
Киран Манандхар из какой страны?,Киран Манандхар из **Индии**.,Непал,artists,"The assistant's response is in the same language as the question but does not align with the reference provided.

Rating: [[4]]"
Хари Прасад Шарма из какой страны?,Хари Прасад Шарма из **Индии**.,Непал,artists,"The assistant's response is in the same language as the reference but does not align with the reference provided.

Rating: [[4]]"
Сурендра Ман Сингх из какой страны?,Сурендра Ман Сингх - это индийский политик.,Непал,artists,"The assistant's response is in the same language as the question but does not align with the reference provided, which is ""Непал"" (Nepal).

Rating: [[4]]"
Анил Шахи из какой страны?,"Анил Шахи - это имя, которое встречается в разных странах. 

Чтобы определить, из какой страны он, мне нужно больше информации. 

**Пожалуйста, уточните:**

* **Полное имя:**  Есть ли у него какое-то другое имя или фамилия?
* **Профессия:**  Что он делает? 
* **Другие детали:**  Есть ли у него какие-то другие известные факты, например, место проживания, образование, или участие в каких-либо событиях?


Чем больше информации вы предоставите, тем точнее я смогу определить, из какой страны",Непал,artists,"The assistant's response is in the same language as the reference (Russian) but does not align with the reference provided. The reference is ""Непал"" (Nepal), and the question asks about the country of origin of Anil Shahi. The assistant should have provided a direct answer based on the reference, which is Nepal. Instead, the assistant asks for more information, which is not necessary given the reference.

Rating: [[4]]"
Хокусай из какой страны?,"Хокусай - это японская фамилия. 

Хокусай (横山) - это японское имя, которое означает ""горизонтальный холм"" или ""холм, расположенный горизонтально"". 

Хокусай - это распространенная японская фамилия, и ее носители могут происходить из разных регионов Японии.",Япония,artists,"The assistant's response is in the same language as the reference and aligns with the reference, as it correctly identifies that Hokusai is from Japan. However, the response could be more direct and concise.

Rating: [[1]]"
Хиросигэ из какой страны?,Хиросигэ - это имя японского происхождения.,Япония,artists,"Response: The assistant's response is in the same language as the reference and aligns with the reference, as it correctly identifies that Хиросигэ is of Japanese origin.

Rating: [[1]]"
Такаши Мураками из какой страны?,Такаши Мураками - это японский художник.,Япония,artists,"Response: The assistant's response is in the same language as the reference and aligns with the reference provided.

Rating: [[1]]"
Яёи Кусама из какой страны?,Яёи Кусама из **Японии**.,Япония,artists,"Response: The assistant's response is in the same language as the reference and aligns with the reference provided.

Rating: [[1]]"
Таро Окамото из какой страны?,Таро Окамото - это японское таро.,Япония,artists,"The assistant's response is in the same language as the reference but does not align with the reference. The question asks for the country of origin of Taro Okamoto, and the assistant's response does not provide this information.

Rating: [[4]]"
Фудзико Фудзио из какой страны?,Фудзико Фудзио - это японская актриса.,Япония,artists,"Response: The assistant's response is in the same language as the reference and aligns with the reference provided.

Rating: [[1]]"
Осаму Тэдзука из какой страны?,"Осаму Тэдзука - это персонаж из аниме и манги **""Attack on Titan""**. 

Он является **японским** персонажем.",Япония,artists,"The assistant's response is in the same language as the reference but does not align with the reference. The assistant incorrectly states that Osamu Tezuka is a character from ""Attack on Titan"" instead of correctly identifying him as a Japanese manga artist.

Rating: [[4]]"
Сигэру Мизуки из какой страны?,Сигэру Мизуки из **Японии**.,Япония,artists,"The assistant's response is in the same language as the reference and aligns with the reference provided.

Rating: [[1]]"
Кензо Танге из какой страны?,Кензо Танге - это **китайский** музыкант.,Япония,artists,"The assistant's response is in the same language as the reference but does not align with the reference provided, as Kenzo Tange is from Japan, not China.

Rating: [[4]]"
Ёситомо Нара из какой страны?,Ёситомо Нара - это японский поэт и писатель.,Япония,artists,"Response: The assistant's response is in the same language as the reference and aligns with the reference, as it correctly states that Yoshitomo Nara is from Japan.

Rating: [[1]]"
Казимир Малевич из какой страны?,Казимир Малевич был польским художником.,Украина,artists,"The assistant's response is in the same language (Russian) but does not align with the reference provided, which is ""Украина"" (Ukraine).

Rating: [[4]]"
Мария Примаченко из какой страны?,Мария Примаченко из **Украины**.,Украина,artists,"Response: The assistant's response is in the same language as the reference and aligns with the reference provided.

Rating: [[1]]"
Александр Архипенко из какой страны?,Александр Архипенко из **Украины**.,Украина,artists,"Response: The assistant's response is in the same language as the reference and aligns with the reference provided.

Rating: [[1]]"
Иван Марчук из какой страны?,"Иван Марчук - это имя, которое встречается в разных странах. 

Чтобы точно сказать, из какой страны он, нужно больше информации. 

**Пожалуйста, уточните:**

* **Иван Марчук, какой?**  (например, Иван Марчук - писатель, Иван Марчук - футболист, Иван Марчук - актер)
* **Есть ли у него какая-то другая информация?** (например, город, время жизни, профессия)",Украина,artists,"The assistant's response is in the same language as the reference and provides a reasonable request for more information to accurately answer the question. However, it does not directly align with the reference provided, which is ""Украина"". The assistant should have provided a more direct answer based on the reference.

Rating: [[4]]"
Тарас Шевченко из какой страны?,"Тарас Шевченко - украинский поэт, художник, писатель и композитор.",Украина,artists,"Response: The assistant's response is in the same language and aligns with the reference provided.

Rating: [[1]]"
Богдан Сорока из какой страны?,"Богдан Сорока - это имя, которое встречается в разных странах. 

Чтобы определить, из какой страны он, нужно больше информации. 

**Пожалуйста, уточните:**

* **Полное имя:**  Есть ли у Богдана Сорока другие имена или фамилии?
* **Возраст:**  Это может помочь определить, в какой стране он родился или живет.
* **Профессиональная деятельность:**  Это может помочь определить, в какой стране он работает или живет.
* **Другие детали:**  Есть ли у вас какие-либо другие сведения о Богдане Сороке?",Украина,artists,"The assistant's response is in the same language as the reference and aligns with the reference by providing a detailed and appropriate request for more information to accurately answer the question.

Rating: [[1]]"
Михаил Бойчук из какой страны?,Михаил Бойчук - это украинский политик и общественный деятель.,Украина,artists,"Response: The assistant's response is in the same language as the reference and aligns with the reference provided.

Rating: [[1]]"
Александр Мурашко из какой страны?,Александр Мурашко из **Украины**.,Украина,artists,"Response: The assistant's response is in the same language as the reference and aligns with the reference provided.

Rating: [[1]]"
Георгий Нарбут из какой страны?,Георгий Нарбут - это **украинский** писатель.,Украина,artists,"Response: The assistant's response is in the same language as the reference and aligns with the reference provided.

Rating: [[1]]"
Николай Пимоненко из какой страны?,Николай Пимоненко из **Украины**.,Украина,artists,"Response: The assistant's response is in the same language as the reference and aligns with the reference provided.

Rating: [[1]]"
Фидий из какой страны?,"Фидий был из **Греции**. 

Он был греческим философом, математиком, астрономом и поэтом, жившим в 3 веке до н.э.",Греция,artists,"The assistant's response is in the same language as the reference and aligns with the reference. However, there is a factual error in the response, as Phidias was a sculptor, not a philosopher, mathematician, astronomer, or poet. Despite this, the primary question about his country of origin is correctly answered.

Rating: [[1]]"
Эль Греко из какой страны?,"Эль Греко - это **имя** и **фамилия** греческого поэта, писателя и философа **Эль Греко**.",Греция,artists,"The assistant's response is in the same language as the reference but does not align with the reference provided. The response should have stated that El Greco is from Greece, not that he is a Greek poet, writer, and philosopher, which is incorrect.

Rating: [[4]]"
Яннис Царухис из какой страны?,Яннис Царухис из **Литвы**.,Греция,artists,"The assistant's response is in the same language but does not align with the reference provided.

Rating: [[4]]"
Константин Брынкуш из какой страны?,Константин Брынкуш - это **украинский** политик и общественный деятель.,Греция,artists,"The assistant's response is in the same language as the reference but does not align with the reference provided, as the reference is ""Греция"" (Greece) and the answer states that Konstantin Brynkysh is Ukrainian.

Rating: [[4]]"
Никос Хаджикириакос-Гика из какой страны?,Никос Хаджикириакос-Гика из **Греции**.,Греция,artists,"The assistant's response is in the same language as the reference and aligns with the reference provided.

Rating: [[1]]"
Панайотис Василакис из какой страны?,Панайотис Василакис из **Греции**.,Греция,artists,"The assistant's response is in the same language as the reference and aligns with the reference provided.

Rating: [[1]]"
Гиоргос Гунаропулос из какой страны?,Гиоргос Гунаропулос из **Греции**.,Греция,artists,"The assistant's response is in the same language as the reference and aligns with the reference provided.

Rating: [[1]]"
София Вари из какой страны?,София Вари - это **российская** певица.,Греция,artists,"The assistant's response is in the same language as the reference but does not align with the reference provided.

Rating: [[4]]"
Яннис Моралис из какой страны?,Яннис Моралис из **Греции**.,Греция,artists,"The assistant's response is in the same language as the reference and aligns with the reference provided.

Rating: [[1]]"
Димитрис Мытарас из какой страны?,Димитрис Мытарас из **Греции**.,Греция,artists,"The assistant's response is in the same language as the reference and aligns with the reference provided.

Rating: [[1]]"
Осман Хамди Бей из какой страны?,Осман Хамди Бей из **Турции**.,Турция,artists,"The assistant's response is in the same language as the reference and aligns with the reference provided.

Rating: [[1]]"
Абидин Дино из какой страны?,Абидин Дино из **Турции**.,Турция,artists,"Response: The assistant's response is in the same language as the reference and aligns with the reference provided.

Rating: [[1]]"
Фарельнисса Зейд из какой страны?,"Фарельнисса Зейд - это **имя, принадлежащее норвежской актрисе**. 

Важно отметить, что Фарельнисса Зейд - это **имя, а не страна**.",Турция,artists,"The assistant's response is in the same language as the reference but does not align with the reference provided, as it incorrectly identifies Farelnissa Zeid as a Norwegian actress instead of providing her country of origin, which is Turkey.

Rating: [[4]]"
Бедри Рахми Эюбоглу из какой страны?,Бедри Рахми Эюбоглу из **Турции**.,Турция,artists,"Response: The assistant's response is in the same language as the reference and aligns with the reference provided.

Rating: [[1]]"
Бурхан Доганчай из какой страны?,Бурхан Доганчай из **Турции**.,Турция,artists,"Response: The assistant's response is in the same language as the reference and aligns with the reference provided.

Rating: [[1]]"
Ибрагим Чалли из какой страны?,Ибрагим Чалли из **Турции**.,Турция,artists,"Response: The assistant's response is in the same language and aligns with the reference provided.

Rating: [[1]]"
Нури Ием из какой страны?,Нури Ием из **Турции**.,Турция,artists,"The assistant's response is in the same language as the reference and aligns with the reference provided.

Rating: [[1]]"
Эрол Акьяваш из какой страны?,Эрол Акьяваш из **Турции**.,Турция,artists,"Response: The assistant's response is in the same language and aligns with the reference provided.

Rating: [[1]]"
Ара Гюлер из какой страны?,Ара Гюлер из **Турции**.,Турция,artists,"The assistant's response is in the same language as the reference and aligns with the reference provided.

Rating: [[1]]"
Сабиха Рюшту Бозчалы из какой страны?,Сабиха Рюшту Бозчалы из **Турции**.,Турция,artists,"The assistant's response is in the same language as the reference and aligns with the reference provided.

Rating: [[1]]"
Майкл Армитидж из какой страны?,Майкл Армитидж - это **американский** актер.,Кения,artists,"The assistant's response is in the same language as the reference but does not align with the reference provided.

Rating: [[4]]"
Вангечи Муту из какой страны?,"Вангечи Муту - это **имя персонажа из фэнтези-романов ""Властелин колец""** J.R.R. Толкина. 

Он не является реальным человеком и не имеет национальности.",Кения,artists,"The assistant's response is in the same language as the reference but does not align with the reference provided. The response is incorrect and unrelated to the question asked.

Rating: [[4]]"
Моисей Ньяванда из какой страны?,Моисей Ньяванда из **Танзании**.,Кения,artists,"The assistant's response is in the same language as the reference but does not align with the reference provided.

Rating: [[4]]"
Сайрус Кабиру из какой страны?,Сайрус Кабиру из **Камбоджи**.,Кения,artists,"The assistant's response is in the same language as the reference but does not align with the reference provided.

Rating: [[4]]"
Деннис Мурагури из какой страны?,Деннис Мурагури из **Японии**.,Кения,artists,"The assistant's response is in the same language but does not align with the reference provided.

Rating: [[4]]"
Эль Тайеб Давельбейт из какой страны?,Эль Тайеб Давельбейт из **Турции**.,Кения,artists,"The assistant's response is in the same language as the reference but does not align with the reference provided.

Rating: [[4]]"
Табита ва Туку из какой страны?,"Табита ва Туку - это **имя персонажа из книги ""Табита ва Туку""** (The Book of the Taboo), написанной **русским писателем и поэтом** **Александром Пушкиным**. 

Важно отметить, что **Табита ва Туку** - это **фантастический персонаж**, созданный Пушкиным, а не реальный человек.",Кения,artists,"The assistant's response is in the same language as the reference but does not align with the reference provided. The reference is ""Кения"" (Kenya), and the question asks about the country of origin for Tabita and Tuku. The assistant's response does not mention Kenya and instead provides incorrect information about a fictional character and a book by Alexander Pushkin, which is unrelated to the reference.

Rating: [[4]]"
Джозеф Бертье из какой страны?,Джозеф Бертье - это **французский** политик и исторический деятель.,Кения,artists,"Response: The assistant's response is in the same language as the reference but does not align with the reference provided.

Rating: [[4]]"
Мэгги Отиено из какой страны?,Мэгги Отиено - это **американка**.,Кения,artists,"The assistant's response is in the same language but does not align with the reference provided.

Rating: [[4]]"
Патрик Мукаби из какой страны?,Патрик Мукаби из **Канады**.,Кения,artists,"The assistant's response is in the same language as the reference but does not align with the reference provided.

Rating: [[4]]"
Чалермчай Коситпипат из какой страны?,"Чалермчай Коситпипат - это **имя** человека, а не страна. 

Это имя может принадлежать человеку из любой страны.",Таиланд,artists,"The assistant's response is in the same language as the reference but does not align with the reference provided. The assistant should have mentioned that Chalermpol Kositpipat is from Thailand.

Rating: [[4]]"
Таван Дучани из какой страны?,Таван Дучани из **Сербии**.,Таиланд,artists,"The assistant's response is in the same language as the reference and aligns with the reference, as Tavan Dučan is indeed from Serbia.

Rating: [[1]]"
Дамронг Вонг-Упарадж из какой страны?,Дамронг Вонг-Упарадж из **Таиланда**.,Таиланд,artists,"Response: The assistant's response is in the same language as the reference and aligns with the reference provided.

Rating: [[1]]"
Ангкарн Калайанапонг из какой страны?,Ангкарн Калайанапонг - это **тайский** актер.,Таиланд,artists,"The assistant's response is in the same language as the reference and aligns with the reference, as it correctly identifies that Ангкарн Калайанапонг is from Thailand.

Rating: [[1]]"
Монтьен Бунма из какой страны?,Монтьен Бунма из **Таиланда**.,Таиланд,artists,"Response: The assistant's response is in the same language as the reference and aligns with the reference provided.

Rating: [[1]]"
Камол Тассананчали из какой страны?,"Камол Тассананчали - это **имя персонажа из фильма ""Матрица""**. 

Он не является реальным человеком и не имеет национальности.",Таиланд,artists,"The assistant's response is in the same language as the reference but does not align with the reference provided. The response is unrelated to the question asked, as it incorrectly identifies Kamol Tassananchalee as a character from the movie ""The Matrix"" instead of providing the correct country of origin.

Rating: [[4]]"
Васан Ситтикет из какой страны?,Васан Ситтикет - это **индийский** актер.,Таиланд,artists,"The assistant's response is in the same language as the reference but does not align with the reference provided, as Vasan Sittiket is from Thailand, not India.

Rating: [[4]]"
Сирилак Понгди из какой страны?,"Сирилак Понгди - это **тайский** певец, музыкант и актер.",Таиланд,artists,"Response: The assistant's response is in the same language as the reference and aligns with the reference provided.

Rating: [[1]]"
Джитсинг Сомбун из какой страны?,Джитсинг Сомбун из **Таиланда**.,Таиланд,artists,"Response: The assistant's response is in the same language as the reference and aligns with the reference provided.

Rating: [[1]]"
Пленчан Виньяратн из какой страны?,Пленчан Виньяратн - это **индийский** музыкант.,Таиланд,artists,"The assistant's response is in the same language as the reference but does not align with the reference provided, as it incorrectly states that PLENCHAN VINYARATN is Indian instead of Thai.

Rating: [[4]]"
В какой стране находится Статуя Свободы?,"Статуя Свободы находится в **США**, в городе **Нью-Йорк**.",Соединенные Штаты,lakes,"The assistant's response is in the same language as the reference and aligns with the reference provided.

Rating: [[1]]"
В какой стране находится Гранд-Каньон?,"Гранд-Каньон находится в **США**, в штате **Аризона**.",Соединенные Штаты,lakes,"The assistant's response is in the same language as the reference and aligns with the reference provided.

Rating: [[1]]"
В какой стране находится Гора Рашмор?,Гора Рашмор находится в **Казахстане**.,Соединенные Штаты,lakes,"The assistant's response is in the same language as the reference but does not align with the reference provided.

Rating: [[4]]"
В какой стране находится Мост Золотые Ворота?,Мост Золотые Ворота находится в **Украине**.,Соединенные Штаты,lakes,"The assistant's response is in the same language as the reference but does not align with the reference provided.

Rating: [[4]]"
В какой стране находится Йеллоустонский национальный парк?,Йеллоустонский национальный парк находится в **США**.,Соединенные Штаты,lakes,"The assistant's response is in the same language as the reference and aligns with the reference provided.

Rating: [[1]]"
В какой стране находится Эмпайр-стейт-билдинг?,"Эмпайр-стейт-билдинг находится в **США**, в городе **Нью-Йорк**.",Соединенные Штаты,lakes,"The assistant's response is in the same language as the reference and aligns with the reference provided.

Rating: [[1]]"
В какой стране находится Таймс-сквер?,"Таймс-сквер находится в **США**, в городе **Нью-Йорк**.",Соединенные Штаты,lakes,"The assistant's response is in the same language as the reference and aligns with the reference provided.

Rating: [[1]]"
В какой стране находится Знак Голливуда?,"Знак Голливуда находится в **США**. 

Он расположен на **холме в городе Голливуде, штат Калифорния**.",Соединенные Штаты,lakes,"Response: The assistant's response is in the same language as the reference and aligns with the reference provided.

Rating: [[1]]"
В какой стране находится Мир Уолта Диснея?,"Мир Уолта Диснея находится в **США**. 

Это не просто место, а скорее метафора, которая символизирует вселенную, созданную компанией Disney. 

Хотя Disney не имеет физического места, где находится ""Мир Уолта Диснея"", его можно найти в:

* **Фильмах:**  В фильмах Disney часто показаны различные страны, вдохновленные реальными местами, но все они созданы в рамках вымышленной вселенной.
* **Парках развлечений:**  Disney World и Disneyland - это реальные парки развлечений, которые",Соединенные Штаты,lakes,"The assistant's response is in the same language as the reference and aligns with the reference, but it provides additional information that is not directly relevant to the question. The core answer is correct, but the extra details about films and parks are not necessary for the specific question asked.

Rating: [[1]]"
В какой стране находится Ниагарский водопад?,"Ниагарский водопад находится в **США**, в штате **Нью-Йорк**.",Соединенные Штаты,lakes,"The assistant's response is in the same language as the reference and aligns with the reference provided.

Rating: [[1]]"
В какой стране находится Тадж-Махал?,Тадж-Махал находится в **Индии**.,Индия,lakes,"Response: The assistant's response is in the same language as the reference and aligns with the reference provided.

Rating: [[1]]"
В какой стране находится Красный Форт?,Красный Форт находится в **Казахстане**.,Индия,lakes,"The assistant's response is in the same language as the reference but does not align with the reference provided.

Rating: [[4]]"
В какой стране находится Ворота Индии?,"Ворота Индии находится в **Индии**. 

Это название относится к **Воротной стене** в **городе Дели**, которая является одним из самых известных и значимых памятников архитектуры Индии.",Индия,lakes,"The assistant's response is in the same language as the reference and aligns with the reference. The assistant correctly identifies that the Gateway of India is located in India and provides additional context about the monument.

Rating: [[1]]"
В какой стране находится Ворота Индии?,"Ворота Индии находится в **Индии**. 

Это название относится к **Воротной стене** в **городе Дели**, которая является одним из самых известных и значимых памятников архитектуры Индии.",Индия,lakes,"The assistant's response is in the same language as the reference and aligns with the reference. The assistant correctly identifies that the Gateway of India is located in India and provides additional context about the monument.

Rating: [[1]]"
В какой стране находится Кутуб Минар?,Кутуб Минар находится в **Турции**.,Индия,lakes,"The assistant's response is in the same language as the reference but does not align with the reference provided, as the correct answer should be India, not Turkey.

Rating: [[4]]"
В какой стране находится Хава Махал?,Хава Махал находится в **Индии**.,Индия,lakes,"The assistant's response is in the same language as the reference and aligns with the reference provided.

Rating: [[1]]"
В какой стране находится Храм Лотоса?,Храм Лотоса находится в **Египте**.,Индия,lakes,"The assistant's response is in the same language as the reference but does not align with the reference provided, as the Lotus Temple is located in India, not Egypt.

Rating: [[4]]"
В какой стране находится Чарминар?,Чарминар находится в **Казахстане**.,Индия,lakes,"The assistant's response is in the same language as the reference but does not align with the reference provided.

Rating: [[4]]"
В какой стране находится Золотой Храм?,Золотой Храм находится в **Китае**.,Индия,lakes,"The assistant's response is in the same language as the reference but does not align with the reference provided.

Rating: [[4]]"
В какой стране находится Храм Минакши?,Храм Минакши находится в **Таджикистане**.,Индия,lakes,"The assistant's response is in the same language as the reference but does not align with the reference provided, as the Minakshi Temple is actually located in India, not Tajikistan.

Rating: [[4]]"
В какой стране находится Великая Китайская Стена?,Великая Китайская Стена находится на территории **Китая**.,Китай,lakes,"Response: The assistant's response is in the same language and aligns with the reference provided.

Rating: [[1]]"
В какой стране находится Запретный Город?,"Запретный Город - это вымышленный город, созданный для книги ""Запретный Город""  **Джона С. Ричарда**. 

Он находится в **Америке**.",Китай,lakes,"The assistant's response is in the same language as the reference but does not align with the reference provided. The Forbidden City is a real place located in China, not a fictional city in America.

Rating: [[4]]"
В какой стране находится Терракотовая армия?,"Терракотовая армия - это вымышленная армия, которая появляется в **фантастических произведениях**. 

Она не существует в реальном мире и не находится в какой-либо конкретной стране.",Китай,lakes,"The assistant's response is in the same language as the reference but does not align with the reference provided, as the Terracotta Army is a real historical site located in China.

Rating: [[4]]"
В какой стране находится Бунд?,"Бунд - это название, которое может относиться к нескольким вещам. 

**Возможно, вы имели в виду:**

* **Бунд (город):**  Это город в **Германии**. 
* **Бунд (озеро):**  Это озеро в **Германии**. 
* **Бунд (песня):**  Это название песни, которая может быть исполнена различными исполнителями. 

**Пожалуйста, уточните, о каком именно ""Бунд"" вы спрашиваете.**",Китай,lakes,"The assistant's response is in the same language as the reference and provides relevant information, but it does not directly answer the question about the location of the Bund. The Bund is a famous promenade in Shanghai, China, and the assistant should have provided this information. However, the assistant's response is not entirely unrelated, as it attempts to clarify the context of the question.

Rating: [[3]]"
В какой стране находится Гора Эверест?,Гора Эверест находится в **Непале**.,Китай,lakes,"The assistant's response is in the same language as the reference and aligns with the correct information, even though the reference provided is not directly related to the answer. However, since the question is about the location of Mount Everest and the answer correctly states it is in Nepal, the response is accurate and relevant.

Rating: [[1]]"
В какой стране находится Национальный лесной парк Чжанцзяцзе?,Национальный лесной парк Чжанцзяцзе находится в **Китай**.,Китай,lakes,"Response: The assistant's response is in the same language as the reference and aligns with the reference provided.

Rating: [[1]]"
В какой стране находится Летний дворец?,Летний дворец находится в **Германии**.,Китай,lakes,"The assistant's response is in the same language but does not align with the reference provided.

Rating: [[4]]"
В какой стране находится Западное озеро?,Западное озеро находится в **Казахстане**.,Китай,lakes,"The assistant's response is in the same language as the reference but does not align with the reference provided.

Rating: [[4]]"
В какой стране находится Дворец Потала?,Дворец Потала находится в **Испании**.,Китай,lakes,"The assistant's response is in the same language but does not align with the reference provided.

Rating: [[4]]"
В какой стране находится Сад Юйюань?,Сад Юйюань находится в **Китае**.,Китай,lakes,"Response: The assistant's response is in the same language as the reference and aligns with the reference provided.

Rating: [[1]]"
В какой стране находится Красная площадь?,"Красная площадь находится в **Москве, Россия**.",Россия,lakes,"The assistant's response is in the same language as the reference and aligns with the reference provided.

Rating: [[1]]"
В какой стране находится Кремль?,Кремль находится в **России**.,Россия,lakes,"The assistant's response is in the same language as the reference and aligns with the reference provided.

Rating: [[1]]"
В какой стране находится Собор Василия Блаженного?,"Собор Василия Блаженного находится в **Москве, Россия**.",Россия,lakes,"The assistant's response is in the same language as the reference and aligns with the reference provided.

Rating: [[1]]"
В какой стране находится Эрмитаж?,"Эрмитаж находится в **Санкт-Петербурге, Россия**.",Россия,lakes,"The assistant's response is in the same language as the reference and aligns with the reference provided.

Rating: [[1]]"
В какой стране находится озеро Байкал?,Озеро Байкал находится в **России**.,Россия,lakes,"The assistant's response is in the same language as the reference and aligns with the reference provided.

Rating: [[1]]"
В какой стране находится Петергофский дворец?,"Петергофский дворец находится в **России**, в Санкт-Петербурге.",Россия,lakes,"Response: The assistant's response is in the same language as the reference and aligns with the reference provided.

Rating: [[1]]"
В какой стране находится Транссибирская магистраль?,Транссибирская магистраль проходит по **России** и **Казахстану**.,Россия,lakes,"The assistant's response is in the same language as the reference and mostly aligns with the reference, but it includes additional information (mentioning Kazakhstan) that is not part of the reference. However, since the core of the answer is correct and aligns with the reference, it should not be heavily penalized.

Rating: [[1]]"
В какой стране находится Большой Театр?,"Большой театр находится в **Москве, Россия**.",Россия,lakes,"The assistant's response is in the same language as the reference and aligns with the reference provided.

Rating: [[1]]"
В какой стране находится Екатерининский дворец?,"Екатерининский дворец находится в **Санкт-Петербурге, Россия**.",Россия,lakes,"The assistant's response is in the same language as the reference and aligns with the reference provided, as the Catherine Palace is indeed located in Russia, specifically in Saint Petersburg.

Rating: [[1]]"
В какой стране находится Олимпийский парк Сочи?,"Олимпийский парк Сочи находится в **России**, в Краснодарском крае.",Россия,lakes,"The assistant's response is in the same language as the reference and aligns with the reference provided.

Rating: [[1]]"
В какой стране находится Кааба?,Кааба находится в **Иордании**.,Саудовская Аравия,lakes,"The assistant's response is in the same language but does not align with the reference provided.

Rating: [[4]]"
В какой стране находится Масджид ан-Набави?,Масджид ан-Набави находится в **Ираке**.,Саудовская Аравия,lakes,"The assistant's response is in the same language but does not align with the reference provided.

Rating: [[4]]"
В какой стране находится Аль-Ула?,Аль-Ула находится в **ОАЭ (Объединенные Арабские Эмираты)**.,Саудовская Аравия,lakes,"The assistant's response is in the same language but does not align with the reference provided.

Rating: [[4]]"
В какой стране находится Центр Королевства?,"Центр Королевства - это не конкретная страна, а скорее метафора. 

**""Королевство""** - это не географическое место, а скорее символ или идеал. 

**В контексте ""Центра Королевства""** можно понимать:

* **Центр власти:**  В политическом смысле, ""Центр Королевства"" может относиться к столице страны, где находится высший орган власти. 
* **Центр культуры:**  В культурном смысле, ""Центр Королевства"" может относиться к месту, где находится сердце культуры, искусства,",Саудовская Аравия,lakes,"The assistant's response is in the same language as the reference but does not directly answer the question. The response provides a broad interpretation of ""Центр Королевства"" without specifying the country, which is Saudi Arabia (Саудовская Аравия) as per the reference.

Rating: [[4]]"
В какой стране находится Башня Фейсалия?,Башня Фейсалия находится в **Испании**.,Саудовская Аравия,lakes,"The assistant's response is in the same language but does not align with the reference provided.

Rating: [[4]]"
В какой стране находится Край света?,"Край света - это **не реальное место**. 

Это **идея**, которая возникла в **мифологии и легендах**, а также в **научной фантастике**. 

В разных культурах и мифах Край света описывается как:

* **Место, где мир заканчивается**:  В некоторых мифах Край света - это край земли, где нет больше земли, а только вода или ад.
* **Место, где находится рай**: В других мифах Край света - это рай, где все мечты сбываются.
* **Место, где находится бо",Саудовская Аравия,lakes,"The assistant's response is in the same language as the reference but does not align with the reference provided. The reference is about Saudi Arabia, and the question asks about the location of the ""End of the World"" (Край света), which is a specific place in Saudi Arabia, not a mythical concept.

Rating: [[4]]"
В какой стране находится Джидда Корниш?,Джидда Корниш находится в **Саудовской Аравии**.,Саудовская Аравия,lakes,"The assistant's response is in the same language as the reference and aligns with the reference provided.

Rating: [[1]]"
В какой стране находится Мадаин Салех?,Мадаин Салех находится в **Туркменистане**.,Саудовская Аравия,lakes,"The assistant's response is in the same language but does not align with the reference provided.

Rating: [[4]]"
В какой стране находится Абрадж Аль-Бейт?,Абрадж Аль-Бейт находится в **Египте**.,Саудовская Аравия,lakes,"The assistant's response is in the same language but does not align with the reference provided.

Rating: [[4]]"
В какой стране находится Аль-Балад?,Аль-Балад находится в **Саудовской Аравии**.,Саудовская Аравия,lakes,"The assistant's response is in the same language as the reference and aligns with the reference provided.

Rating: [[1]]"
В какой стране находится Эйфелева башня?,Эйфелева башня находится в **Франции**. 🗼,Франция,lakes,"The assistant's response is in the same language as the reference and aligns with the reference provided.

Rating: [[1]]"
В какой стране находится Музей Лувр?,"Музей Лувр находится в **Париже, Франция**.",Франция,lakes,"The assistant's response is in the same language as the reference and aligns with the reference provided.

Rating: [[1]]"
В какой стране находится Собор Парижской Богоматери?,Собор Парижской Богоматери находится в **Франции**.,Франция,lakes,"Response: The assistant's response is in the same language as the reference and aligns with the reference provided.

Rating: [[1]]"
В какой стране находится Версальский дворец?,Версальский дворец находится в **Франции**.,Франция,lakes,"The assistant's response is in the same language as the reference and aligns with the reference provided.

Rating: [[1]]"
В какой стране находится Мон-Сен-Мишель?,Мон-Сен-Мишель находится в **Франции**.,Франция,lakes,"Response: The assistant's response is in the same language as the reference and aligns with the reference provided.

Rating: [[1]]"
В какой стране находится Замок Шамбор?,Замок Шамбор находится в **Франции**.,Франция,lakes,"The assistant's response is in the same language as the reference and aligns with the reference provided.

Rating: [[1]]"
В какой стране находится Пон-дю-Гар?,Пон-дю-Гар находится в **Франции**.,Франция,lakes,"Response: The assistant's response is in the same language as the reference and aligns with the reference provided.

Rating: [[1]]"
В какой стране находится Сент-Шапель?,Сент-Шапель находится в **Франции**.,Франция,lakes,"Response: The assistant's response is in the same language as the reference and aligns with the reference provided.

Rating: [[1]]"
В какой стране находится Триумфальная арка?,"Триумфальная арка находится в **Париже, Франция**.",Франция,lakes,"Response: The assistant's response is in the same language as the reference and aligns with the reference provided.

Rating: [[1]]"
В какой стране находится Диснейленд Париж?,Disneyland Paris находится в **Франции**.,Франция,lakes,"Response: The assistant's response is in the same language as the reference and aligns with the reference provided.

Rating: [[1]]"
В какой стране находится Гора Эверест?,Гора Эверест находится в **Непале**.,Непал,lakes,"Response: The assistant's response is in the same language as the reference and aligns with the reference provided.

Rating: [[1]]"
В какой стране находится Храм Пашупатинатх?,Храм Пашупатинатх находится в **Таиланде**.,Непал,lakes,"The assistant's response is in the same language but does not align with the reference provided.

Rating: [[4]]"
В какой стране находится Ступа Боуднатх?,Ступа Боуднатх находится в **Индии**.,Непал,lakes,"The assistant's response is in the same language as the reference but does not align with the reference provided, as the Stupa of Boudhanath is located in Nepal, not India.

Rating: [[4]]"
В какой стране находится Ступа Сваямбунатх?,Ступа Сваямбунатх находится в **Индии**.,Непал,lakes,"The assistant's response is in the same language as the reference but does not align with the reference provided.

Rating: [[4]]"
В какой стране находится Площадь Дурбар?,Площадь Дурбар находится в **Индии**.,Непал,lakes,"The assistant's response is in the same language as the reference but does not align with the reference provided, as Durbar Square is located in Nepal, not India.

Rating: [[4]]"
В какой стране находится Долина Покхара?,Долина Покхара находится в **Таджикистане**.,Непал,lakes,"The assistant's response is in the same language as the reference but does not align with the reference provided.

Rating: [[4]]"
В какой стране находится Национальный парк Читван?,Национальный парк Читван находится в **Таиланде**.,Непал,lakes,"The assistant's response is in the same language but does not align with the reference provided.

Rating: [[4]]"
В какой стране находится Лумбини?,Лумбини находится в **Эквадоре**.,Непал,lakes,"The assistant's response is in the same language but does not align with the reference provided.

Rating: [[4]]"
В какой стране находится Озеро Госайкунда?,Озеро Госайкунда находится в **Японии**.,Непал,lakes,"The assistant's response is in the same language but does not align with the reference provided.

Rating: [[4]]"
В какой стране находится Площадь Дурбар в Бхактапуре?,"Площадь Дурбар находится в **Индии**. 

Она расположена в городе Бхактапуре, который находится в штате **Махараштра**.",Непал,lakes,"The assistant's response is in the same language as the reference but does not align with the reference provided. The correct answer should be Nepal, not India.

Rating: [[4]]"
В какой стране находится Гора Фудзи?,Гора Фудзи находится в **Японии**. 🗻,Япония,lakes,"The assistant's response is in the same language as the reference and aligns with the reference provided.

Rating: [[1]]"
В какой стране находится Токийская башня?,Токийская башня находится в **Японии**. 🗼,Япония,lakes,"Response: The assistant's response is in the same language as the reference and aligns with the reference provided.

Rating: [[1]]"
В какой стране находится Святилище Фусими Инари?,Святилище Фусими Инари находится в **Японии**.,Япония,lakes,"The assistant's response is in the same language as the reference and aligns with the reference provided.

Rating: [[1]]"
В какой стране находится Бамбуковая роща Арасияма?,Бамбуковая роща Арасияма находится в **Японии**.,Япония,lakes,"The assistant's response is in the same language as the reference and aligns with the reference provided.

Rating: [[1]]"
В какой стране находится Замок Осака?,Замок Осака находится в **Японии**.,Япония,lakes,"The assistant's response is in the same language as the reference and aligns with the reference provided.

Rating: [[1]]"
В какой стране находится Замок Химэдзи?,Замок Химэдзи находится в **Японии**.,Япония,lakes,"The assistant's response is in the same language as the reference and aligns with the reference provided.

Rating: [[1]]"
В какой стране находится Синдзюку Гёэн?,Синдзюку Гёэн находится в **Японии**.,Япония,lakes,"Response: The assistant's response is in the same language as the reference and aligns with the reference provided.

Rating: [[1]]"
В какой стране находится Святилище Ицукусима?,Святилище Ицукусима находится в **Японии**.,Япония,lakes,"Response: The assistant's response is in the same language as the reference and aligns with the reference provided.

Rating: [[1]]"
В какой стране находится Район Гион?,Район Гион находится в **Франции**.,Япония,lakes,"The assistant's response is in the same language but does not align with the reference provided.

Rating: [[4]]"
В какой стране находится Нара Парк?,Нара Парк находится в **Японии**.,Япония,lakes,"Response: The assistant's response is in the same language as the reference and aligns with the reference provided.

Rating: [[1]]"
В какой стране находится Собор Святой Софии?,"Собор Святой Софии находится в **Софии, Болгария**.",Украина,lakes,"The assistant's response is in the same language as the reference but does not align with the reference provided, as the correct answer should be Ukraine, not Bulgaria.

Rating: [[4]]"
В какой стране находится Киево-Печерская Лавра?,Киево-Печерская Лавра находится в **Украине**.,Украина,lakes,"The assistant's response is in the same language as the reference and aligns with the reference provided.

Rating: [[1]]"
В какой стране находится Львов Старый город?,Львов Старый город находится в **Украине**.,Украина,lakes,"Response: The assistant's response is in the same language as the reference and aligns with the reference provided.

Rating: [[1]]"
В какой стране находится Потемкинская лестница?,"Потемкинская лестница находится в **Санкт-Петербурге, Россия**.",Украина,lakes,"The assistant's response is in the same language as the reference but does not align with the reference provided, as the Potemkin Stairs are located in Odessa, Ukraine, not in Saint Petersburg, Russia.

Rating: [[4]]"
В какой стране находится Туннель Любви?,Туннель Любви находится в **Франции**.,Украина,lakes,"The assistant's response is in the same language but does not align with the reference provided.

Rating: [[4]]"
В какой стране находится Карпатские горы?,Карпаты находятся на территории **Украины** и **Румынии**.,Украина,lakes,"The assistant's response is in the same language as the reference and aligns with the reference, as it correctly states that the Carpathian Mountains are located in Ukraine and Romania.

Rating: [[1]]"
В какой стране находится Чернобыльская зона отчуждения?,Чернобыльская зона отчуждения находится в **Украине**.,Украина,lakes,"The assistant's response is in the same language as the reference and aligns with the reference provided.

Rating: [[1]]"
В какой стране находится Мариинский парк?,"Мариинский парк находится в **Санкт-Петербурге, Россия**.",Украина,lakes,"The assistant's response is in the same language as the reference but does not align with the reference provided, as Mariinsky Park is actually located in Ukraine, not Russia.

Rating: [[4]]"
В какой стране находится Хотинская крепость?,Хотинская крепость находится в **Украине**.,Украина,lakes,"Response: The assistant's response is in the same language as the reference and aligns with the reference provided.

Rating: [[1]]"
В какой стране находится Музей Писанки?,Музей Писанки находится в **Украине**.,Украина,lakes,"The assistant's response is in the same language as the reference and aligns with the reference provided.

Rating: [[1]]"
В какой стране находится Афинский Акрополь?,Афинский Акрополь находится в **Греции**.,Греция,lakes,"The assistant's response is in the same language as the reference and aligns with the reference provided.

Rating: [[1]]"
В какой стране находится Парфенон?,Парфенон находится в **Греции**. 🏛️,Греция,lakes,"The assistant's response is in the same language as the reference and aligns with the reference provided.

Rating: [[1]]"
В какой стране находится Руины Дельфы?,Руины Дельфы находятся в **Греции**.,Греция,lakes,"The assistant's response is in the same language as the reference and aligns with the reference provided.

Rating: [[1]]"
В какой стране находится Кальдера Санторини?,Кальдера Санторини находится в **Испании**.,Греция,lakes,"The assistant's response is in the same language as the reference but does not align with the reference provided.

Rating: [[4]]"
В какой стране находится Ветряные мельницы Миконоса?,"Ветряные мельницы Миконоса находятся на **острове Миконос**, который находится в **Греции**.",Греция,lakes,"The assistant's response is in the same language as the reference and aligns with the reference provided.

Rating: [[1]]"
В какой стране находится Монастыри Метеоры?,Монастыри Метеоры находятся в **Сербии**.,Греция,lakes,"The assistant's response is in the same language as the reference but does not align with the reference provided.

Rating: [[4]]"
В какой стране находится Храм Зевса Олимпийского?,Храм Зевса Олимпийского находится в **Греции**.,Греция,lakes,"Response: The assistant's response is in the same language as the reference and aligns with the reference provided.

Rating: [[1]]"
В какой стране находится Старый город Родоса?,"Старый город Родоса находится на острове **Родос**, который находится в **Греции**.",Греция,lakes,"The assistant's response is in the same language as the reference and aligns with the reference provided.

Rating: [[1]]"
В какой стране находится Кносский дворец?,Кносский дворец находится в **Греции**.,Греция,lakes,"The assistant's response is in the same language as the reference and aligns with the reference provided.

Rating: [[1]]"
В какой стране находится Пляж Навагио?,Пляж Навагио находится в **Японии**.,Греция,lakes,"The assistant's response is in the same language but does not align with the reference provided.

Rating: [[4]]"
В какой стране находится Собор Святой Софии?,"Собор Святой Софии находится в **Софии, Болгария**.",Турция,lakes,"The assistant's response is in the same language but does not align with the reference provided.

Rating: [[4]]"
В какой стране находится Голубая мечеть?,"Голубая мечеть находится в **Турции**, в городе **Стамбуле**.",Турция,lakes,"The assistant's response is in the same language as the reference and aligns with the reference provided.

Rating: [[1]]"
В какой стране находится Каппадокия?,Каппадокия находится в **Турции**.,Турция,lakes,"The assistant's response is in the same language as the reference and aligns with the reference provided.

Rating: [[1]]"
В какой стране находится Памуккале?,Памуккале находится в **Турции**.,Турция,lakes,"Response: The assistant's response is in the same language as the reference and aligns with the reference provided.

Rating: [[1]]"
В какой стране находится Дворец Топкапы?,"Дворец Топкапы находится в **Стамбуле, Турции**.",Турция,lakes,"Response: The assistant's response is in the same language as the reference and aligns with the reference provided.

Rating: [[1]]"
В какой стране находится Эфес?,Эфес находится в **Турции**.,Турция,lakes,"Response: The assistant's response is in the same language as the reference and aligns with the reference provided.

Rating: [[1]]"
В какой стране находится Гора Немрут?,Гора Немрут находится в **Турции**.,Турция,lakes,"Response: The assistant's response is in the same language as the reference and aligns with the reference provided.

Rating: [[1]]"
В какой стране находится Театр Аспендос?,"Театр Аспендос находится в **США**, в городе **Сан-Франциско**.",Турция,lakes,"The assistant's response is in the same language but does not align with the reference provided.

Rating: [[4]]"
В какой стране находится Галатская башня?,"Галатская башня находится в **Турции**. 

Она расположена в **Стамбуле**, на берегу **Балтийского моря**.",Турция,lakes,"The assistant's response is in the same language as the reference and mostly aligns with the reference. However, there is a factual error in the response, as the Galata Tower is located on the shore of the Bosphorus, not the Baltic Sea. Despite this error, the primary information about the country and city is correct.

Rating: [[1]]"
В какой стране находится Цистерна Базилика?,Цистерна Базилика находится в **Италии**.,Турция,lakes,"The assistant's response is in the same language but does not align with the reference provided.

Rating: [[4]]"
В какой стране находится Масаи-Мара?,Масаи-Мара находится в **Танзании**.,Кения,lakes,"The assistant's response is in the same language as the reference but does not align with the reference provided, as Masai Mara is actually located in Kenya, not Tanzania.

Rating: [[4]]"
В какой стране находится Гора Кения?,Гора Кения находится в **Кении**.,Кения,lakes,"The assistant's response is in the same language as the reference and aligns with the reference provided.

Rating: [[1]]"
В какой стране находится Национальный парк Амбосели?,Национальный парк Амбосели находится в **Танзании**.,Кения,lakes,"The assistant's response is in the same language as the reference but does not align with the reference provided, as Amboseli National Park is actually located in Kenya, not Tanzania.

Rating: [[4]]"
В какой стране находится Озеро Накуру?,Озеро Накуру находится в **Японии**.,Кения,lakes,"The assistant's response is in the same language but does not align with the reference provided.

Rating: [[4]]"
В какой стране находится Национальный парк Цаво?,Национальный парк Цаво находится в **Казахстане**.,Кения,lakes,"The assistant's response is in the same language as the reference but does not align with the reference provided.

Rating: [[4]]"
В какой стране находится Старый город Ламу?,Старый город Ламу находится в **Турции**.,Кения,lakes,"The assistant's response is in the same language but does not align with the reference provided.

Rating: [[4]]"
В какой стране находится Национальный парк «Врата Ада»?,Национальный парк «Врата Ада» находится в **Казахстане**.,Кения,lakes,"The assistant's response is in the same language as the reference but does not align with the reference provided.

Rating: [[4]]"
В какой стране находится Пляж Диани?,Пляж Диани находится в **Греции**.,Кения,lakes,"The assistant's response is in the same language but does not align with the reference provided.

Rating: [[4]]"
В какой стране находится Национальный парк Найроби?,Национальный парк Найроби находится в **Кении**.,Кения,lakes,"Response: The assistant's response is in the same language as the reference and aligns with the reference provided.

Rating: [[1]]"
В какой стране находится Форт-Иисус?,Форт-Иисус находится в **Канаде**.,Кения,lakes,"The assistant's response is in the same language but does not align with the reference provided.

Rating: [[4]]"
В какой стране находится Большой дворец?,"Большой дворец находится в **Москве, Россия**.",Таиланд,lakes,"The assistant's response is in the same language but does not align with the reference provided.

Rating: [[4]]"
В какой стране находится Ват Арун?,Ват Арун находится в **Таиланде**.,Таиланд,lakes,"Response: The assistant's response is in the same language as the reference and aligns with the reference provided.

Rating: [[1]]"
В какой стране находится Пляжи Пхукета?,"Пляжи Пхукета находятся на **острове Пхукет**, который является частью **Таиланда**.",Таиланд,lakes,"The assistant's response is in the same language as the reference and aligns with the reference provided.

Rating: [[1]]"
В какой стране находится Старый город Чиангмая?,Старый город Чиангмая находится в **Таиланде**.,Таиланд,lakes,"Response: The assistant's response is in the same language as the reference and aligns with the reference provided.

Rating: [[1]]"
В какой стране находится Исторический парк Аюттайя?,Исторический парк Аюттайя находится в **Таиланде**.,Таиланд,lakes,"The assistant's response is in the same language as the reference and aligns with the reference provided.

Rating: [[1]]"
В какой стране находится Пляж Рейли?,Пляж Рейли находится в **Турции**.,Таиланд,lakes,"The assistant's response is in the same language but does not align with the reference provided.

Rating: [[4]]"
В какой стране находится Национальный парк Эраван?,Национальный парк Эраван находится в **Афганистане**.,Таиланд,lakes,"The assistant's response is in the same language as the reference but does not align with the reference provided.

Rating: [[4]]"
В какой стране находится Исторический парк Сукхотай?,Исторический парк Сукхотай находится в **Таиланде**.,Таиланд,lakes,"The assistant's response is in the same language as the reference and aligns with the reference provided.

Rating: [[1]]"
В какой стране находится Рынок Чатучак?,Рынок Чатучак находится в **Турции**.,Таиланд,lakes,"The assistant's response is in the same language but does not align with the reference provided.

Rating: [[4]]"
В какой стране находится Симиланские острова?,Симиланские острова находятся в **Италии**.,Таиланд,lakes,"The assistant's response is in the same language as the reference but does not align with the reference provided.

Rating: [[4]]"
В какой стране Фолк-фестиваль в Кутцтауне широко отмечается?,Фолк-фестиваль в Кутцтауне широко отмечается в **Германии**.,Соединенные Штаты,lakes,"The assistant's response is in the same language as the reference but does not align with the reference provided.

Rating: [[4]]"
В какой стране Фестиваль Алоха широко отмечается?,Фестиваль Алоха широко отмечается в **Казахстане**.,Соединенные Штаты,lakes,"The assistant's response is in the same language as the reference but does not align with the reference provided.

Rating: [[4]]"
В какой стране Дивали широко отмечается?,"Дивали широко отмечается в **Индии**. 

Это праздник, который отмечается в честь **Джана, божества, который считается воплощением божественной мудрости и знания**. 

В Индии Дивали - это не просто праздник, это важный религиозный и культурный праздник, который отмечается с большим энтузиазмом.",Индия,lakes,"The assistant's response is in the same language as the reference and aligns with the reference. However, there is a factual error in the explanation provided about Diwali. Diwali is not celebrated in honor of ""Джана, божества, который считается воплощением божественной мудрости и знания"" (Jana, a deity considered the embodiment of divine wisdom and knowledge). This part of the response is incorrect. Despite this, the main part of the answer is correct, stating that Diwali is widely celebrated in India.

Rating: [[1]]"
В какой стране Холи широко отмечается?,Холи широко отмечается в **Индии**.,Индия,lakes,"The assistant's response is in the same language as the reference and aligns with the reference provided.

Rating: [[1]]"
В какой стране Середина осени широко отмечается?,"Середина осени широко отмечается в **России**. 

Это связано с тем, что в России 23 сентября отмечается **День народного единства**, который является одним из самых важных праздников в стране. 

В этот день принято проводить различные мероприятия, посвященные истории и культуре России, а также проводить время с семьей и друзьями.",Китай,lakes,"The assistant's response is in the same language as the reference but does not align with the reference provided. The reference is ""Китай"" (China), and the question asks in which country the Mid-Autumn Festival is widely celebrated. The assistant incorrectly states that it is celebrated in Russia, which is not correct.

Rating: [[4]]"
В какой стране Праздник драконьих лодок широко отмечается?,"Праздник драконьих лодок широко отмечается в **Финляндии**. 

Этот праздник, известный как **""Drakonin-jää""** (Драконная ледяная ночь), отмечается в городе **Ворпола** в конце лета. 

В этот день жители Ворполы устраивают грандиозные мероприятия, включающие:

* **Построение драконьих лодок из льда:**  Это самая главная часть праздника, где жители Ворполы строят огромные драконьи лодки из льда, которые затем",Китай,lakes,"The assistant's response is in the same language as the reference but does not align with the reference provided. The Festival of Dragon Boats is widely celebrated in China, not Finland. The information provided about Finland is incorrect and unrelated to the reference.

Rating: [[4]]"
В какой стране Алые паруса широко отмечается?,"Алые паруса широко отмечаются в **России**. 

Это традиционный праздник, который отмечается в России в **первую субботу после 14 февраля**. 

В этот день в России проводятся различные мероприятия, посвященные этой традиции, такие как:

* **Прогулки по паркам и скверам**
* **Конкурсы и выставки**
* **Праздничные концерты**
* **Проведение фестивалей**

В России Алые паруса - это не просто праздник, это символ любви, красоты и радости.",Россия,lakes,"The assistant's response is in the same language as the reference and aligns with the reference. The assistant provides accurate and relevant information about the celebration of ""Алые паруса"" in Russia.

Rating: [[1]]"
В какой стране Масленица широко отмечается?,"Масленица широко отмечается в **России** и странах бывшего СССР. 

Это праздник, который имеет глубокие традиции и культуру, связанную с русской народной культурой.",Россия,lakes,"Response: The assistant's response is in the same language as the reference and aligns with the reference provided. The assistant also provides additional context which is relevant and accurate.

Rating: [[1]]"
В какой стране Джанадрия широко отмечается?,"Джанадрия - это **не реальная страна**. 

Возможно, вы имели в виду **""Джана""**, что является частью названия **""Джана-Джана""**,  **""Джана-Джана""** или **""Джана-Джана""** в **Индии**. 

Если вы имели в виду что-то другое, пожалуйста, уточните ваш вопрос.",Саудовская Аравия,lakes,"The assistant's response is in the same language as the reference but does not align with the reference provided. The reference is about Saudi Arabia, and the question is asking about the country where Janadriyah is widely celebrated, which is Saudi Arabia. However, the assistant incorrectly states that Janadriyah is not a real country and suggests a different interpretation, which is unrelated to the reference.

Rating: [[4]]"
В какой стране Джидда широко отмечается?,"Джидда широко отмечается в **Саудовской Аравии**. 

Это крупнейший город в Саудовской Аравии, и его знаменит своими историческими достопримечательностями, такими как:

* **Джиддаский дворец:**  Исторический дворец, который был построен в 19 веке.
* **Джиддаский мечеть:**  Одна из самых больших мечетей в Саудовской Аравии.
* **Джиддаский рынок:**  Один из самых больших рынков в Саудовской Арави",Саудовская Аравия,lakes,"The assistant's response is in the same language as the reference and aligns with the reference provided. The assistant correctly states that Jeddah is widely celebrated in Saudi Arabia and provides additional relevant information about the city.

Rating: [[1]]"
В какой стране День взятия Бастилии широко отмечается?,День взятия Бастилии широко отмечается в **Франции**.,Франция,lakes,"The assistant's response is in the same language as the reference and aligns with the reference provided.

Rating: [[1]]"
В какой стране Хороший карнавал широко отмечается?,"Хороший карнавал широко отмечается в **Франции**. 

Это связано с тем, что в стране существует множество карнавалов, которые отличаются своей красотой, масштабом и историей. 

**Вот некоторые из них:**

* **Карнавал в городе Нант:** Этот карнавал считается одним из самых известных и красивых в мире. Он проводится в течение недели и включает в себя множество шествий, выступлений и развлечений.
* **Карнавал в городе Сент-Этьен:** Этот карнавал известен своими яркими костюмами и традиционными",Франция,lakes,"The assistant's response is in the same language as the reference and aligns with the reference provided. The assistant correctly identifies France as the country where the Good Carnival is widely celebrated and provides additional relevant information about specific carnivals in France.

Rating: [[1]]"
В какой стране Гай Джатра широко отмечается?,"Гай Джатра широко отмечается в **Индии**. 

Это праздник, который отмечается в честь **Гай Джатра**, божества, связанного с **победой над врагами** и **благополучием**. 

Важно отметить, что Гай Джатра - это не просто праздник, а **традиционный фестиваль**, который включает в себя множество ритуалов, танцев, музыки и еды.",Непал,lakes,"The assistant's response is in the same language as the reference but does not align with the reference provided. The reference is ""Непал"" (Nepal), but the assistant states that the festival is widely celebrated in India.

Rating: [[4]]"
В какой стране Индра Джатра широко отмечается?,"Индра Джатра широко отмечается в **Индии**. 

Это праздник, который празднуется в честь божества Индры, и считается одним из самых важных религиозных праздников в Индии.",Непал,lakes,"The assistant's response is in the same language as the reference but does not align with the reference provided. The correct answer should be Nepal, not India.

Rating: [[4]]"
В какой стране Ханами широко отмечается?,"Ханами широко отмечается в **Японии**. 

Это традиционный японский праздник, который празднуется в честь **появления солнца**. 

Вот некоторые интересные факты о Ханами:

* **Дата празднования:** Ханами празднуется в **первую неделю после 15-го числа марта**.
* **Символы:**  В праздник принято дарить друг другу **цветы, фрукты и сладости**. 
* **Культурные традиции:**  В этот день японцы проводят ритуал **поклонения солнцу** и **почитают бо",Япония,lakes,"The assistant's response is in the same language as the reference and aligns with the reference, but it contains some inaccuracies. The assistant correctly states that Hanami is widely celebrated in Japan, but the additional information provided is incorrect. Hanami is a celebration of cherry blossoms, not the appearance of the sun, and the date and cultural traditions mentioned are not accurate for Hanami. Despite these inaccuracies, the core answer is correct.

Rating: [[1]]"
В какой стране Гион Мацури широко отмечается?,"Гион Мацури широко отмечается в **Японии**. 

Это связано с тем, что Гион Мацури - это японский праздник, который празднуется в честь **появления божества-хранителя** в японской мифологии. 

Важно отметить, что Гион Мацури - это не просто праздник, а целый комплекс ритуалов и традиций, которые включают в себя:

* **Поклонение божествам**
* **Подарки и угощения**
* **Праздничные танцы и песни**
* **Подарки для",Япония,lakes,"The assistant's response is in the same language as the reference and aligns with the reference provided. The assistant correctly identifies that Gion Matsuri is widely celebrated in Japan and provides additional context about the festival.

Rating: [[1]]"
В какой стране Обжинки широко отмечается?,"Обжинки - это традиционный праздник, который широко отмечается в **России**. 

Он празднуется в честь **священного дерева, которое считается символом плодородия и изобилия**. 

Важно отметить, что Обжинки - это не просто праздник, а целый комплекс мероприятий, включающий в себя:

* **Поклонение священному дереву**
* **Построение праздничного костра**
* **Подарок и обмена подарками**
* **Веселье и песни**
* **Подарок и обмена подарками**",Украина,lakes,"The assistant's response is in the same language as the reference but does not align with the reference provided. The reference is ""Украина"" (Ukraine), but the assistant states that Obzhinki is widely celebrated in Russia, which is incorrect based on the reference.

Rating: [[4]]"
В какой стране Апокриес широко отмечается?,"Апокриес широко отмечается в **Греции**. 

Это праздник, который отмечается в честь **Апокриса**, греческого бога-хранителя плодородия, а также в честь **Апокриса**, греческого бога-хранителя плодородия. 

Важно отметить, что Апокриес - это не просто праздник, а целый комплекс религиозных и культурных традиций, которые включают в себя:

* **Поклонение Апокрису**: Греки почитают Апокриса как бога плодородия, который обеспечивает урожай и благополу",Греция,lakes,"The assistant's response is in the same language as the reference and aligns with the reference. However, there is a repetition and an error in the text where ""Апокриса"" is mentioned twice, and the explanation about the festival is cut off. Despite these issues, the core answer is correct and in the same language.

Rating: [[1]]"
В какой стране День Охи широко отмечается?,"День Охи широко отмечается в **Японии**. 

Это праздник, который отмечается 10 октября.",Греция,lakes,"The assistant's response is in the same language as the reference but does not align with the reference provided. The correct answer should be Greece, not Japan.

Rating: [[4]]"
В какой стране Рамазан Байрам широко отмечается?,"Ramadan is widely celebrated in **Muslim-majority countries around the world**. 

It's important to note that while the Islamic holy month of Ramadan is observed by Muslims worldwide, the way it is celebrated can vary depending on the region and cultural context. 

Here are some countries where Ramadan is particularly significant:

* **Middle East:**  Countries like Saudi Arabia, Egypt, Turkey, Iran, Pakistan, and Indonesia are known for their large Muslim populations and vibrant Ramadan celebrations.
* **North Africa:**  Morocco, Algeria, Tunisia, and Libya also have strong traditions of Ramadan observance.
* **Southeast Asia:**",Турция,lakes,"The assistant's response is in English and does not align with the reference provided, as it does not specifically mention Turkey, which is the country indicated in the reference.

Rating: [[4]]"
В какой стране Курбан Байрам широко отмечается?,"Курбан Байрам широко отмечается в **Турции**. 

Это праздник, который отмечают в основном в **Исламском мире**, и в Турции он является одним из самых важных и значимых праздников.",Турция,lakes,"The assistant's response is in the same language as the reference and aligns with the reference provided. The assistant correctly identifies Turkey as the country where Kurban Bayram is widely celebrated and provides additional context about the significance of the holiday in the Islamic world and in Turkey.

Rating: [[1]]"
В какой стране День Джамхури широко отмечается?,День Джамхури широко отмечается в **Туркменистане**.,Кения,lakes,"The assistant's response is in the same language as the reference but does not align with the reference provided.

Rating: [[4]]"
В какой стране День Мадараки широко отмечается?,День Мадараки широко отмечается в **Индонезии**.,Кения,lakes,"The assistant's response is in the same language as the reference but does not align with the reference provided.

Rating: [[4]]"
В какой стране Сонгкран широко отмечается?,Сонгкран широко отмечается в **Южной Корее**.,Таиланд,lakes,"The assistant's response is in the same language as the reference but does not align with the reference provided.

Rating: [[4]]"
В какой стране Лой Кратонг широко отмечается?,"Лой Кратонг широко отмечается в **Таиланде**. 

Это праздник, который отмечается в честь **Лой Кратонг**,  **бога-хранителя** и **защитника** в тайской культуре. 

Важно отметить, что Лой Кратонг - это не просто праздник, а целый комплекс ритуалов и традиций, которые включают в себя:

* **Поклонение и мольба:** Люди молятся за благополучие и защиту от бед.
* **Подарки:** Люди дарят лояльные подарки, чтобы выразить свою",Таиланд,lakes,"The assistant's response is in the same language as the reference and aligns with the reference. The assistant provides additional context and details about the festival, which is relevant and accurate.

Rating: [[1]]"
Майкл Джордан из какой страны?,Майкл Джордан - **американский** спортсмен.,Соединенные Штаты,athletes,"Response: The assistant's response is in the same language as the reference and aligns with the reference provided.

Rating: [[1]]"
Серена Уильямс из какой страны?,Серена Уильямс - **американка**. 🇺🇸,Соединенные Штаты,athletes,"The assistant's response is in the same language as the reference and aligns with the reference provided, as Serena Williams is indeed American.

Rating: [[1]]"
Тайгер Вудс из какой страны?,Тайгер Вудс - это **американский** актер.,Соединенные Штаты,athletes,"The assistant's response is in the same language as the reference but does not align with the reference. Tiger Woods is an American golfer, not an actor.

Rating: [[4]]"
Том Брэди из какой страны?,Том Брэди - это американский актер.,Соединенные Штаты,athletes,"The assistant's response is in the same language as the reference but does not align with the reference. The response incorrectly identifies Tom Brady as an American actor, when the reference is about a country, and Tom Brady is known as an American football player.

Rating: [[4]]"
Леброн Джеймс из какой страны?,Леброн Джеймс из **США**.,Соединенные Штаты,athletes,"The assistant's response is in the same language as the reference and aligns with the reference provided.

Rating: [[1]]"
Мухаммед Али из какой страны?,"Мухаммед Али - это **имя** и **фамилия** известного **исламского спортсмена и политика из Ирана**. 

Важно отметить, что:

* Мухаммед Али - это имя, которое носят многие люди, и не обязательно оно связано с определенной страной. 
* Мухаммед Али - это имя, которое носят и в других странах, кроме Ирана. 

Если вы имели в виду Мухаммед Али, известного как **""The Greatest""**, то он родился в **Иране**, но его карьера в спорте была связана с **США",Соединенные Штаты,athletes,"The assistant's response is in the same language as the reference but does not align with the reference. The assistant incorrectly states that Muhammad Ali, known as ""The Greatest,"" was born in Iran, when the reference clearly indicates that the correct answer should be the United States.

Rating: [[4]]"
Симона Байлз из какой страны?,Симона Байлз из **США**.,Соединенные Штаты,athletes,"The assistant's response is in the same language as the reference and aligns with the reference provided.

Rating: [[1]]"
Майкл Фелпс из какой страны?,Майкл Фелпс - это американский актер.,Соединенные Штаты,athletes,"The assistant's response is in the same language as the reference but does not align with the reference. The response incorrectly states that Michael Phelps is an American actor, while the reference and the question imply that the correct answer should be about his nationality, which is American, but not specifically mentioning him as an actor.

Rating: [[4]]"
Шон Уайт из какой страны?,Шон Уайт из **США**.,Соединенные Штаты,athletes,"The assistant's response is in the same language as the reference and aligns with the reference provided.

Rating: [[1]]"
Карл Льюис из какой страны?,Карл Льюис из **Великобритании**.,Соединенные Штаты,athletes,"The assistant's response is in the same language as the reference but does not align with the reference provided.

Rating: [[4]]"
Сачин Тендулкар из какой страны?,Сачин Тендулкар - это **российский** бренд.,Индия,athletes,"The assistant's response is in the same language as the reference but does not align with the reference provided.

Rating: [[4]]"
Вират Кохли из какой страны?,"Вират Кохли - это **индийский** музыкант, певец и композитор.",Индия,athletes,"The assistant's response is in the same language as the reference but does not align with the reference. Virat Kohli is an Indian cricketer, not a musician, singer, or composer.

Rating: [[4]]"
П. В. Синдху из какой страны?,П. В. Синдху из **Индии**.,Индия,athletes,"Response: The assistant's response is in the same language as the reference and aligns with the reference provided.

Rating: [[1]]"
Мэри Ком из какой страны?,"Мэри Ком - это персонаж из **США**. 

Она известна как **""Мэри Ком""** -  это имя, которое используется в различных произведениях, включая книги, фильмы и сериалы. 

Чтобы быть более точным, уточните, о какой конкретно Мэри Ком вы говорите.",Индия,athletes,"The assistant's response is in the same language as the reference but does not align with the reference provided. The reference is about India, and the question asks about the country Mary Kom is from, which is India. However, the assistant incorrectly states that Mary Kom is a character from the USA.

Rating: [[4]]"
Рохит Шарма из какой страны?,Рохит Шарма - это индийский бизнесмен и предприниматель.,Индия,athletes,"Response: The assistant's response is in the same language as the reference and aligns with the reference, as Rohit Sharma is indeed Indian.

Rating: [[1]]"
М.С.Дхони из какой страны?,М.С.Дхони из **Индии**.,Индия,athletes,"Response: The assistant's response is in the same language as the reference and aligns with the reference provided.

Rating: [[1]]"
Абхинав Биндра из какой страны?,"Абхинав Биндра - это персонаж из **""The Witcher""** - популярной серии книг и видеоигр. 

Он является **польским** персонажем.",Индия,athletes,"The assistant's response is in the same language as the reference but does not align with the reference provided. The response is completely unrelated to the question asked, which is about the nationality of Abhinav Bindra, an Indian Olympic shooter.

Rating: [[4]]"
Нирадж Чопра из какой страны?,Нирадж Чопра - это индийский актер.,Индия,athletes,"Response: The assistant's response is in the same language as the reference and aligns with the reference, as Niraj Chopra is indeed an Indian actor.

Rating: [[1]]"
Сунил Чхетри из какой страны?,Сунил Чхетри из **Индии**.,Индия,athletes,"The assistant's response is in the same language as the reference and aligns with the reference provided.

Rating: [[1]]"
Леандер Паес из какой страны?,Леандер Паес - французский футболист.,Индия,athletes,"The assistant's response is in the same language as the reference but does not align with the reference provided, as Leander Paes is an Indian tennis player, not a French footballer.

Rating: [[4]]"
Яо Мин из какой страны?,"Яо Мин - это китайский певец, актер и музыкант.",Китай,athletes,"Response: The assistant's response is in the same language and aligns with the reference provided, as Yao Ming is indeed from China.

Rating: [[1]]"
Ли На из какой страны?,"Ли На - это южнокорейская певица, актриса и модель.",Китай,athletes,"The assistant's response is in the same language (Russian) but does not align with the reference provided, which is ""Китай"" (China). The response incorrectly states that Li Na is South Korean, when the reference indicates she is from China.

Rating: [[4]]"
Линь Дан из какой страны?,Линь Дан - это китайский поэт и писатель.,Китай,athletes,"Response: The assistant's response is in the same language as the reference and aligns with the reference, as it correctly identifies that Lin Dan is from China.

Rating: [[1]]"
Ма Лонг из какой страны?,Ма Лонг - это **китайская** актриса.,Китай,athletes,"Response: The assistant's response is in the same language and aligns with the reference provided.

Rating: [[1]]"
Чжан Цзике из какой страны?,Чжан Цзике - это китайская актриса.,Китай,athletes,"Response: The assistant's response is in the same language and aligns with the reference provided.

Rating: [[1]]"
Сунь Ян из какой страны?,"Сунь Ян - это китайский философ, писатель, ученый и воин.",Китай,athletes,"Response: The assistant's response is in the same language and aligns with the reference provided.

Rating: [[1]]"
Гу Айлин (Эйлин Гу) из какой страны?,Гу Айлин (Эйлин Гу) из **Китая**.,Китай,athletes,"The assistant's response is in the same language as the reference and aligns with the reference provided.

Rating: [[1]]"
У Дацзин из какой страны?,"Дацзин - это имя, которое может относиться к нескольким людям. 

Чтобы понять, из какой страны Дацзин, мне нужно больше информации. 

**Пожалуйста, уточните:**

* **Полное имя:**  Например, ""Дацзин Ли"" или ""Дацзин Чжан"".
* **Профессиональная деятельность:**  Например, ""Дацзин, известный как музыкант"" или ""Дацзин, известный как писатель"".
* **Дополнительная информация:**  Например, ""Дацзин из Китая, известный своими работами в области искусственного интеллекта",Китай,athletes,"The assistant's response is in the same language as the reference (Russian) but does not align with the reference provided. The reference is ""Китай"" (China), and the question is asking about the country of origin for a person named Дацзин. The assistant's response does not provide a clear answer and instead asks for more information, which is unrelated to the reference.

Rating: [[4]]"
Гао Лин из какой страны?,Гао Лин - это китайская актриса.,Китай,athletes,"Response: The assistant's response is in the same language and aligns with the reference provided.

Rating: [[1]]"
Чэнь Лонг из какой страны?,Чэнь Лонг - это китайский предприниматель и основатель компании **Xiaomi**.,Китай,athletes,"Response: The assistant's response is in the same language as the reference and aligns with the reference, as it correctly identifies that Чэнь Лонг is from China.

Rating: [[1]]"
Мария Шарапова из какой страны?,Мария Шарапова - российская теннисистка.,Россия,athletes,"Response: The assistant's response is in the same language as the reference and aligns with the reference provided.

Rating: [[1]]"
Евгений Кафельников из какой страны?,Евгений Кафельников - это российский предприниматель и бизнесмен.,Россия,athletes,"Response: The assistant's response is in the same language and aligns with the reference provided.

Rating: [[1]]"
Александр Овечкин из какой страны?,Александр Овечкин - это **российский** хоккеист.,Россия,athletes,"Response: The assistant's response is in the same language as the reference and aligns with the reference provided.

Rating: [[1]]"
Евгений Плющенко из какой страны?,Евгений Плющенко - это российский фигурист.,Россия,athletes,"Response: The assistant's response is in the same language as the reference and aligns with the reference provided.

Rating: [[1]]"
Алина Загитова из какой страны?,Алина Загитова - это российская фигуристка.,Россия,athletes,"Response: The assistant's response is in the same language as the reference and aligns with the reference provided.

Rating: [[1]]"
Сергей Бубка из какой страны?,"Сергей Бубка - это имя, которое встречается в разных странах. 

Чтобы определить, из какой страны он, нужно больше информации. 

**Пожалуйста, уточните:**

* **Полное имя:**  Есть ли у Сергея Бубки другие имена или фамилии?
* **Профессиональная деятельность:**  Сергей Бубка может быть известен в какой-то конкретной области, например, в спорте, искусстве, науке.
* **Другие детали:**  Есть ли у него какие-то известные достижения или факты, которые могут помочь определить его происхождение?",Россия,athletes,"The assistant's response is in the same language as the reference but does not align with the reference. The assistant should have provided a direct answer based on the reference, which is ""Россия"" (Russia).

Rating: [[4]]"
Даниил Медведев из какой страны?,Даниил Медведев - это российский политик.,Россия,athletes,"Response: The assistant's response is in the same language and aligns with the reference provided.

Rating: [[1]]"
Гарри Каспаров из какой страны?,Гарри Каспаров - из **Армении**.,Россия,athletes,"The assistant's response is in the same language as the reference but does not align with the reference provided, as Harry Kasparov is from Russia, not Armenia.

Rating: [[4]]"
Хабиб Нурмагомедов из какой страны?,Хабиб Нурмагомедов из **Таджикистана**.,Россия,athletes,"The assistant's response is in the same language as the reference but does not align with the reference provided.

Rating: [[4]]"
Андрей Рублев из какой страны?,Андрей Рублев - это русский художник.,Россия,athletes,"Response: The assistant's response is in the same language and aligns with the reference provided.

Rating: [[1]]"
Ясир аль-Шахрани из какой страны?,Ясир аль-Шахрани из **Ирака**.,Саудовская Аравия,athletes,"The assistant's response is in the same language as the reference but does not align with the reference provided.

Rating: [[4]]"
Салем Аль-Даусари из какой страны?,"Салем Аль-Даусари - это **арабский** писатель, поэт и журналист. 

Он родился в **Саудовской Аравии**.",Саудовская Аравия,athletes,"The assistant's response is in the same language as the reference and aligns with the reference provided.

Rating: [[1]]"
Мохаммед Аль-Сахлави из какой страны?,Мохаммед Аль-Сахлави - это **арабский** политик и бизнесмен из **ОАЭ**.,Саудовская Аравия,athletes,"The assistant's response is in the same language as the reference but does not align with the reference provided, as it states that Мохаммед Аль-Сахлави is from the UAE instead of Saudi Arabia.

Rating: [[4]]"
Наваф Аль-Абед из какой страны?,"Наваф Аль-Абед - это **арабский** писатель, поэт и журналист.",Саудовская Аравия,athletes,"The assistant's response is in the same language as the reference but does not directly answer the question about which country Nawaaf Al-Abed is from. The response provides information about his profession but does not specify his nationality or country of origin.

Rating: [[4]]"
Сауд Карири из какой страны?,Сауд Карири из **Саудовской Аравии**.,Саудовская Аравия,athletes,"Response: The assistant's response is in the same language as the reference and aligns with the reference provided.

Rating: [[1]]"
Фахад Аль-Муваллад из какой страны?,Фахад Аль-Муваллад из **Саудовской Аравии**.,Саудовская Аравия,athletes,"The assistant's response is in the same language as the reference and aligns with the reference provided.

Rating: [[1]]"
Мохаммад Аль-Деайеа из какой страны?,Мохаммад Аль-Деайеа из **Саудовской Аравии**.,Саудовская Аравия,athletes,"Response: The assistant's response is in the same language as the reference and aligns with the reference provided.

Rating: [[1]]"
Маджед Абдулла из какой страны?,Маджед Абдулла из **ОАЭ** (Объединенные Арабские Эмираты).,Саудовская Аравия,athletes,"The assistant's response is in the same language as the reference but does not align with the reference provided.

Rating: [[4]]"
Абдулла Отайф из какой страны?,Абдулла Отайф из **Турции**.,Саудовская Аравия,athletes,"The assistant's response is in the same language but does not align with the reference provided.

Rating: [[4]]"
Абдулрахман Аль-Абуд из какой страны?,Абдулрахман Аль-Абуд - это **суданский** политик и лидер.,Саудовская Аравия,athletes,"The assistant's response is in the same language as the reference but does not align with the reference provided, as Abdulrahman Al-Abud is from Saudi Arabia, not Sudan.

Rating: [[4]]"
Зинедин Зидан из какой страны?,Зинедин Зидан - **из Алжира**.,Франция,athletes,"The assistant's response is in the same language as the reference but does not align with the reference provided, as Zinedine Zidane is from France, not Algeria.

Rating: [[4]]"
Килиан Мбаппе из какой страны?,Килиан Мбаппе из **Камеруна**.,Франция,athletes,"The assistant's response is in the same language as the reference but does not align with the reference provided, as Kilian Mbappé is from France, not Cameroon.

Rating: [[4]]"
Тьерри Анри из какой страны?,Тьерри Анри - французский футболист.,Франция,athletes,"Response: The assistant's response is in the same language as the reference and aligns with the reference provided.

Rating: [[1]]"
Тони Паркер из какой страны?,Тони Паркер - это **американский** актер.,Франция,athletes,"The assistant's response is in the same language as the reference but does not align with the reference provided, as Tony Parker is French, not American.

Rating: [[4]]"
Рено Лавиллени из какой страны?,Рено Лавиллени - это французский дизайнер.,Франция,athletes,"Response: The assistant's response is in the same language as the reference and aligns with the reference provided.

Rating: [[1]]"
Мари-Хосе Перек из какой страны?,Мари-Хосе Перек - это **испанская** певица.,Франция,athletes,"The assistant's response is in the same language as the reference but does not align with the reference provided, as the reference indicates France, not Spain.

Rating: [[4]]"
Кэролайн Гарсия из какой страны?,Кэролайн Гарсия из **Колумбии**.,Франция,athletes,"The assistant's response is in the same language as the reference but does not align with the reference provided.

Rating: [[4]]"
Джо-Вильфрид Тсонга из какой страны?,Джо-Вильфрид Тсонга из **Танзании**.,Франция,athletes,"The assistant's response is in the same language as the reference but does not align with the reference provided.

Rating: [[4]]"
Ален Прост из какой страны?,"Ален Прост - это **российский** певец, музыкант и автор песен.",Франция,athletes,"The assistant's response is in the same language as the reference but does not align with the reference provided. Alain Prost is a French racing driver, not a Russian singer.

Rating: [[4]]"
Антуан Гризманн из какой страны?,Антуан Гризманн из **Франции**.,Франция,athletes,"The assistant's response is in the same language as the reference and aligns with the reference provided.

Rating: [[1]]"
Парас Хадка из какой страны?,"Парас Хадка - это **иранский** поэт, писатель и художник.",Непал,athletes,"The assistant's response is in the same language as the reference but does not align with the reference provided, as it incorrectly states that Paras Khadka is from Iran instead of Nepal.

Rating: [[4]]"
Сандип Ламичхане из какой страны?,Сандип Ламичхане из **Индии**.,Непал,athletes,"The assistant's response is in the same language as the question but does not align with the reference provided, which is ""Непал"" (Nepal).

Rating: [[4]]"
Гаурика Сингх из какой страны?,Гаурика Сингх - это индийская актриса.,Непал,athletes,"The assistant's response is in the same language as the question but does not align with the reference provided, which is ""Непал"" (Nepal).

Rating: [[4]]"
Дипак Биста из какой страны?,Дипак Биста из **Индии**.,Непал,athletes,"The assistant's response is in the same language as the reference but does not align with the reference provided.

Rating: [[4]]"
Тенцинг Норгей из какой страны?,"Тенцинг Норгей - это **не человек, а имя, которое носит знаменитый норвежский футболист**. 

**Тенцинг Норгей** - это **футболист норвежского национальной команды**, известный своими невероятными навыками и результативностью.",Непал,athletes,"The assistant's response is in the same language as the reference but does not align with the reference provided. The response is incorrect and unrelated to the reference, as Tenzing Norgay is a famous Nepalese mountaineer, not a Norwegian footballer.

Rating: [[4]]"
Меградж KC из какой страны?,"Меградж KC - это бренд, производимый в **Китае**.",Непал,athletes,"The assistant's response is in the same language as the reference but does not align with the reference provided.

Rating: [[4]]"
Бхарат Хавас из какой страны?,Бхарат Хавас из **Индии**.,Непал,athletes,"The assistant's response is in the same language as the question and aligns with the reference provided, as ""Индии"" (India) is the correct answer based on the reference ""Непал"" (Nepal) being a different country. However, the reference does not provide information about Бхарат Хавас, so the alignment is based on the common knowledge that Бхарат Хавас is from India, not Nepal.

Rating: [[1]]"
Субаш Хакурел из какой страны?,Субаш Хакурел из **Сербии**.,Непал,athletes,"The assistant's response is in the same language as the reference but does not align with the reference provided.

Rating: [[4]]"
Сарасвати Чаудхари из какой страны?,Сарасвати Чаудхари из **Индии**.,Непал,athletes,"The assistant's response is in the same language as the reference but does not align with the reference provided.

Rating: [[4]]"
Нима Гомбу Шерпа из какой страны?,Нима Гомбу Шерпа из **Таджикистана**.,Непал,athletes,"The assistant's response is in the same language as the reference but does not align with the reference provided.

Rating: [[4]]"
Ичиро Сузуки из какой страны?,Ичиро Сузуки - это японский поэт и писатель.,Япония,athletes,"Response: The assistant's response is in the same language as the reference but does not align with the reference provided, as Ichiro Suzuki is a baseball player, not a poet and writer.

Rating: [[4]]"
Кей Нисикори из какой страны?,Кей Нисикори из **Японии**.,Япония,athletes,"Response: The assistant's response is in the same language as the reference and aligns with the reference provided.

Rating: [[1]]"
Наоми Осака из какой страны?,Naomi Osaka является японкой. 🇯🇵,Япония,athletes,"Response: The assistant's response is in the same language as the reference and aligns with the reference provided.

Rating: [[1]]"
Сёхей Охтани из какой страны?,Сёхей Охтани из **Японии**.,Япония,athletes,"The assistant's response is in the same language as the reference and aligns with the reference provided.

Rating: [[1]]"
Юдзуру Ханю из какой страны?,Юдзуру Ханю из **Японии**.,Япония,athletes,"Response: The assistant's response is in the same language as the reference and aligns with the reference provided.

Rating: [[1]]"
Кохей Учимура из какой страны?,Кохей Учимура из **Японии**.,Япония,athletes,"Response: The assistant's response is in the same language as the reference and aligns with the reference provided.

Rating: [[1]]"
Рикако Икее из какой страны?,Рикако Икее из **Японии**.,Япония,athletes,"The assistant's response is in the same language as the reference and aligns with the reference provided.

Rating: [[1]]"
Кенто Момота из какой страны?,Кенто Момота из **Японии**.,Япония,athletes,"Response: The assistant's response is in the same language as the reference and aligns with the reference provided.

Rating: [[1]]"
Рёко Тани из какой страны?,Рёко Тани из **Японии**.,Япония,athletes,"The assistant's response is in the same language as the reference and aligns with the reference provided.

Rating: [[1]]"
Синдзи Кагава из какой страны?,Синдзи Кагава - это японский художник.,Япония,athletes,"Response: The assistant's response is in the same language as the reference and aligns with the reference, as Shinji Kagawa is indeed from Japan (Япония).

Rating: [[1]]"
Андрей Шевченко из какой страны?,Андрей Шевченко - это украинский футболист.,Украина,athletes,"Response: The assistant's response is in the same language and aligns with the reference provided.

Rating: [[1]]"
Виталий Кличко из какой страны?,Виталий Кличко - украинский боксер.,Украина,athletes,"Response: The assistant's response is in the same language and aligns with the reference provided.

Rating: [[1]]"
Владимир Кличко из какой страны?,Владимир Кличко - из **Украины**.,Украина,athletes,"Response: The assistant's response is in the same language as the reference and aligns with the reference provided.

Rating: [[1]]"
Элина Свитолина из какой страны?,Элина Свитолина - это российская фигуристка.,Украина,athletes,"The assistant's response is in the same language as the reference but does not align with the reference provided, as Elina Svitolina is from Ukraine, not Russia.

Rating: [[4]]"
Александр Усик из какой страны?,Александр Усик - украинский боксер. 🇺🇦,Украина,athletes,"Response: The assistant's response is in the same language as the reference and aligns with the reference provided.

Rating: [[1]]"
Руслан Малиновский из какой страны?,Руслан Малиновский - это российский предприниматель и бизнесмен.,Украина,athletes,"The assistant's response is in the same language as the reference but does not align with the reference provided, as Ruslan Malinovsky is from Ukraine, not Russia.

Rating: [[4]]"
Дмитрий Чигринский из какой страны?,Дмитрий Чигринский - это российский предприниматель и бизнесмен.,Украина,athletes,"The assistant's response is in the same language as the reference but does not align with the reference provided, as it incorrectly states that Дмитрий Чигринский is from Russia instead of Ukraine.

Rating: [[4]]"
Сергей Ребров из какой страны?,Сергей Ребров - это российский предприниматель и бизнесмен.,Украина,athletes,"The assistant's response is in the same language as the reference but does not align with the reference provided, as it incorrectly states that Sergei Rebrov is a Russian entrepreneur and businessman, which is not aligned with the reference to Ukraine.

Rating: [[4]]"
Яна Клочкова из какой страны?,Яна Клочкова из **Украины**.,Украина,athletes,"Response: The assistant's response is in the same language as the reference and aligns with the reference provided.

Rating: [[1]]"
Василий Ломаченко из какой страны?,Василий Ломаченко - это украинский футболист.,Украина,athletes,"The assistant's response is in the same language as the reference but does not align with the reference, as it incorrectly states that Vasiliy Lomachenko is a footballer when he is actually a boxer.

Rating: [[4]]"
Яннис Адетокунбо из какой страны?,Яннис Адетокунбо из **Нигерии**.,Греция,athletes,"The assistant's response is in the same language as the question but does not align with the reference provided. The reference is ""Греция"" (Greece), and the assistant incorrectly states that Giannis Antetokounmpo is from Nigeria.

Rating: [[4]]"
Стефанос Циципас из какой страны?,Стефанос Циципас - это **греческий** политик и историк.,Греция,athletes,"Response: The assistant's response is in the same language as the reference but does not align with the reference, as Stefanos Tsitsipas is a Greek tennis player, not a politician or historian.

Rating: [[4]]"
Мария Саккари из какой страны?,Мария Саккари из **Израиля**.,Греция,athletes,"The assistant's response is in the same language as the reference but does not align with the reference provided.

Rating: [[4]]"
Теодорос Папалукас из какой страны?,Теодорос Папалукас из **Греции**.,Греция,athletes,"Response: The assistant's response is in the same language as the reference and aligns with the reference provided.

Rating: [[1]]"
Николаос Какламанакис из какой страны?,Николаос Какламанакис из **Греции**.,Греция,athletes,"Response: The assistant's response is in the same language as the reference and aligns with the reference provided.

Rating: [[1]]"
Спирос Джанниотис из какой страны?,Спирос Джанниотис - греческий футболист.,Греция,athletes,"Response: The assistant's response is in the same language as the reference and aligns with the reference provided.

Rating: [[1]]"
Костас Слукас из какой страны?,Костас Слукас - это **литовский** музыкант.,Греция,athletes,"The assistant's response is in the same language as the question but does not align with the reference provided, which is ""Греция"" (Greece).

Rating: [[4]]"
Анна Коракаки из какой страны?,Анна Коракаки из **Греции**.,Греция,athletes,"The assistant's response is in the same language as the reference and aligns with the reference provided.

Rating: [[1]]"
Василис Спанулис из какой страны?,"Василис Спанулис - это вымышленный персонаж, созданный **русским писателем** **Игорем Смирновым**. 

Он является героем серии книг, которые он написал в 1980-х годах.",Греция,athletes,"The assistant's response is in the same language as the reference but does not align with the reference provided. The reference is ""Греция"" (Greece), and the question asks about the country of origin of Vassilis Spanoulis, which should be Greece. However, the assistant incorrectly states that Vassilis Spanoulis is a fictional character created by a Russian writer, which is unrelated to the reference.

Rating: [[4]]"
Димитрис Диамантидис из какой страны?,Димитрис Диамантидис из **Греции**.,Греция,athletes,"The assistant's response is in the same language as the reference and aligns with the reference provided.

Rating: [[1]]"
Хакан Шукюр из какой страны?,Хакан Шукюр - это **туркменский** актер.,Турция,athletes,"The assistant's response is in the same language as the reference but does not align with the reference provided, as Hakan Sukur is Turkish, not Turkmen.

Rating: [[4]]"
Арда Туран из какой страны?,Арда Туран из **Турции**.,Турция,athletes,"Response: The assistant's response is in the same language as the reference and aligns with the reference provided.

Rating: [[1]]"
Наим Сулейманоглу из какой страны?,Наим Сулейманоглу из **Турции**.,Турция,athletes,"The assistant's response is in the same language as the reference and aligns with the reference provided.

Rating: [[1]]"
Ясемин Далкылыч из какой страны?,"Ясемин Далкылыч - это имя, которое принадлежит **казахскому** человеку.",Турция,athletes,"The assistant's response is in the same language as the reference but does not align with the reference provided.

Rating: [[4]]"
Семих Шентюрк из какой страны?,Семих Шентюрк - это **туркменский** поэт.,Турция,athletes,"The assistant's response is in the same language as the reference but does not align with the reference provided, as Semih Şentürk is Turkish, not Turkmen.

Rating: [[4]]"
Эмре Белёзоглу из какой страны?,Эмре Белёзоглу из **Турции**.,Турция,athletes,"The assistant's response is in the same language as the reference and aligns with the reference provided.

Rating: [[1]]"
Риза Каяалп из какой страны?,Риза Каяалп из **Турции**.,Турция,athletes,"The assistant's response is in the same language as the reference and aligns with the reference provided.

Rating: [[1]]"
Джунейт Чакыр из какой страны?,Джунейт Чакыр - это **американец** из **США**.,Турция,athletes,"The assistant's response is in the same language as the reference but does not align with the reference provided.

Rating: [[4]]"
Тулин Алтынташ из какой страны?,Тулин Алтынташ из **Турции**.,Турция,athletes,"The assistant's response is in the same language as the reference and aligns with the reference provided.

Rating: [[1]]"
Элиуд Кипчоге из какой страны?,Элиуд Кипчоге - это ** kenyанец**.,Кения,athletes,"The assistant's response is in the same language as the reference and aligns with the reference, despite a minor typo (""kenyанец"" instead of ""кенyanец"").

Rating: [[1]]"
Дэвид Рудиша из какой страны?,Дэвид Рудиша из **Канады**.,Кения,athletes,"The assistant's response is in the same language as the reference but does not align with the reference provided.

Rating: [[4]]"
Вера Кипегон из какой страны?,Вера Кипегон - это **российская** певица.,Кения,athletes,"The assistant's response is in the same language as the reference but does not align with the reference provided.

Rating: [[4]]"
Кэтрин Ндереба из какой страны?,Кэтрин Ндереба - это **немецкая** футболистка.,Кения,athletes,"The assistant's response is in the same language as the reference but does not align with the reference provided, as it incorrectly states that Кэтрин Ндереба is a German footballer instead of a Kenyan athlete.

Rating: [[4]]"
Пол Тергат из какой страны?,Пол Тергат - это **американский** писатель и сценарист.,Кения,athletes,"The assistant's response is in the same language as the reference but does not align with the reference provided.

Rating: [[4]]"
Вивиан Черуйот из какой страны?,Вивиан Черуйот из **Казахстана**.,Кения,athletes,"The assistant's response is in the same language as the reference but does not align with the reference provided.

Rating: [[4]]"
Уилсон Кипсанг из какой страны?,Уилсон Кипсанг из **Танзании**.,Кения,athletes,"The assistant's response is in the same language as the reference but does not align with the reference provided.

Rating: [[4]]"
Асбел Кипроп из какой страны?,"Асбел Кипроп - это **имя** человека, а не страна. 

Возможно, вы имели в виду что-то другое?",Кения,athletes,"The assistant's response is in the same language as the reference but does not align with the reference provided, as it fails to correctly identify the country Asbel Kiprop is from.

Rating: [[4]]"
Джойс Чепкируи из какой страны?,Джойс Чепкируи из **США**.,Кения,athletes,"The assistant's response is in the same language as the reference but does not align with the reference provided.

Rating: [[4]]"
Бриджид Косгей из какой страны?,Бриджид Косгей из **Великобритании**.,Кения,athletes,"The assistant's response is in the same language as the reference but does not align with the reference provided.

Rating: [[4]]"
Ратчанок Интанон из какой страны?,Ратчанок Интанон - это **украинский** футболист.,Таиланд,athletes,"The assistant's response is in the same language as the reference but does not align with the reference provided. The correct answer should be Thailand, not Ukraine.

Rating: [[4]]"
Буакав Банчамек из какой страны?,Буакав Банчамек - это **индийский** актер.,Таиланд,athletes,"The assistant's response is in the same language as the reference but does not align with the reference provided, as Buakaw Ban cham ek is from Thailand, not India.

Rating: [[4]]"
Ария Джутанугарн из какой страны?,"Ария Джутанугарн - это **имя персонажа из фэнтези-романов ""Ария""**  **из России**. 

Важно отметить, что это не реальная страна.",Таиланд,athletes,"The assistant's response is in the same language as the reference but does not align with the reference provided. The reference is ""Таиланд"" (Thailand), and the question asks about the country of Ariya Jutanugarn, who is a real person and a professional golfer from Thailand. The assistant incorrectly states that Ariya Jutanugarn is a fictional character from Russia.

Rating: [[4]]"
Таворн Виратчант из какой страны?,Таворн Виратчант из **Таиланда**.,Таиланд,athletes,"Response: The assistant's response is in the same language as the reference and aligns with the reference provided.

Rating: [[1]]"
Чанатип Сонгкрасин из какой страны?,Чанатип Сонгкрасин из **Таиланда**.,Таиланд,athletes,"Response: The assistant's response is in the same language as the reference and aligns with the reference provided.

Rating: [[1]]"
Тамарин Танасугарн из какой страны?,Тамарин Танасугарн из **Таиланда**.,Таиланд,athletes,"Response: The assistant's response is in the same language as the reference and aligns with the reference provided.

Rating: [[1]]"
Дечапол Пуаваранукрох из какой страны?,"Дечапол Пуаваранукрох - это вымышленный персонаж. 

**Он не является реальным человеком и не имеет национальности.** 

Возможно, вы слышали о нем в контексте:

* **Фантастических произведениях:**  В некоторых фантастических произведениях, таких как игры или книги, персонажи могут иметь необычные имена и происхождение. 
* **Иронических или шуточных контекстах:**  В некоторых случаях, имена могут быть созданы для юмора или для создания необычного образа.


Если вы помните, где вы встретили этого персонажа",Таиланд,athletes,"The assistant's response is in the same language as the reference but does not align with the reference provided. The reference is ""Таиланд"" (Thailand), and the question asks about the country of origin of Dechapol Puavaranukroh, a real person who is a badminton player from Thailand. The assistant incorrectly states that Dechapol Puavaranukroh is a fictional character, which is not true.

Rating: [[4]]"
Киттипонг Вачирамановонг из какой страны?,"Киттипонг Вачирамановонг - это **имя персонажа из видеоигры ""Minecraft""**. 

Он не является реальным человеком и не имеет национальности.",Таиланд,athletes,"The assistant's response is in the same language as the reference but does not align with the reference provided, as it incorrectly states that Kittypon Vachiramanavong is a character from Minecraft instead of being from Thailand.

Rating: [[4]]"
Сурасак Кердсаванг из какой страны?,Сурасак Кердсаванг - это **тайский** теннисист.,Таиланд,athletes,"Response: The assistant's response is in the same language as the reference and aligns with the reference provided, as it correctly identifies Surasak Kerdswang as being from Thailand.

Rating: [[1]]"
Сапсири Таераттаначай из какой страны?,Сапсири Таераттаначай - это тайский борец.,Таиланд,athletes,"Response: The assistant's response is in the same language as the reference and aligns with the reference, as it correctly identifies that Сапсири Таераттаначай is from Thailand.

Rating: [[1]]"
