Question,Predicted,answers,label,llm_output
Dans quel pays se trouve New York ?,New York se trouve aux **États-Unis**.,États-Unis,cities,"The assistant's response is in the same language as the reference and aligns with the reference provided.

Rating: [[1]]"
Dans quel pays se trouve Los Angeles ?,Los Angeles se trouve aux **États-Unis**.,États-Unis,cities,"The assistant's response is in the same language as the reference and aligns with the reference provided.

Rating: [[1]]"
Dans quel pays se trouve Chicago ?,Chicago se trouve aux **États-Unis**.,États-Unis,cities,"The assistant's response is in the same language as the reference and aligns with the reference provided.

Rating: [[1]]"
Dans quel pays se trouve Houston ?,Houston se trouve aux **États-Unis**.,États-Unis,cities,"The assistant's response is in the same language as the reference and aligns with the reference provided.

Rating: [[1]]"
Dans quel pays se trouve Phénix ?,"Phoenix se trouve aux États-Unis, dans l'état de l'Arizona.",États-Unis,cities,"The assistant's response is in the same language as the reference and aligns with the reference provided.

Rating: [[1]]"
Dans quel pays se trouve San Diego ?,San Diego se trouve aux États-Unis.,États-Unis,cities,"The assistant's response is in the same language as the reference and aligns with the reference provided.

Rating: [[1]]"
Dans quel pays se trouve San Francisco ?,San Francisco se trouve aux États-Unis.,États-Unis,cities,"The assistant's response is in the same language as the reference and aligns with the reference provided.

Rating: [[1]]"
Dans quel pays se trouve Seattle ?,Seattle se trouve aux États-Unis.,États-Unis,cities,"Response: The assistant's response is in the same language as the reference and aligns with the reference provided.

Rating: [[1]]"
Dans quel pays se trouve Denver ?,Denver se trouve aux États-Unis.,États-Unis,cities,"Response: The assistant's response is in the same language as the reference and aligns with the reference provided.

Rating: [[1]]"
Dans quel pays se trouve Miami ?,"Miami se trouve aux **États-Unis**. 

Plus précisément, c'est une ville située dans l'État de la **Floride**.",États-Unis,cities,"The assistant's response is in the same language as the reference and aligns with the reference provided.

Rating: [[1]]"
Dans quel pays se trouve Austin ?,"Austin se trouve aux **États-Unis**. 

Plus précisément, c'est la capitale de l'État du **Texas**.",États-Unis,cities,"The assistant's response is in the same language as the reference and aligns with the reference provided.

Rating: [[1]]"
Dans quel pays se trouve Boston ?,Boston se trouve aux États-Unis.,États-Unis,cities,"The assistant's response is in the same language as the reference and aligns with the reference provided.

Rating: [[1]]"
Dans quel pays se trouve Las Vegas ?,"Las Vegas se trouve aux **États-Unis**. 

Plus précisément, c'est dans l'état du **Nevada**.",États-Unis,cities,"The assistant's response is in the same language as the reference and aligns with the reference provided.

Rating: [[1]]"
Dans quel pays se trouve Orlando ?,"Orlando se trouve aux **États-Unis**. 

Plus précisément, c'est une ville située dans l'État de la **Floride**.",États-Unis,cities,"The assistant's response is in the same language as the reference and aligns with the reference provided.

Rating: [[1]]"
Dans quel pays se trouve Sacramento ?,"Sacramento est la capitale de la **Californie**, aux **États-Unis**.",États-Unis,cities,"The assistant's response is in the same language as the reference and aligns with the reference provided.

Rating: [[1]]"
Dans quel pays se trouve Portland ?,"Portland se trouve aux **États-Unis**. 

Il existe plusieurs villes nommées Portland dans le monde, mais la plus connue est Portland, dans l'État de l'Oregon.",États-Unis,cities,"The assistant's response is in the same language as the reference and aligns with the reference provided.

Rating: [[1]]"
Dans quel pays se trouve Tampa ?,"Tampa se trouve aux **États-Unis**. 

Plus précisément, c'est une ville située dans l'État de la **Floride**.",États-Unis,cities,"The assistant's response is in the same language as the reference and aligns with the reference provided.

Rating: [[1]]"
Dans quel pays se trouve Cleveland ?,"Cleveland se trouve aux États-Unis. 

Plus précisément, c'est une ville de l'État de l'Ohio.",États-Unis,cities,"The assistant's response is in the same language as the reference and aligns with the reference provided.

Rating: [[1]]"
Dans quel pays se trouve Minneapolis ?,"Minneapolis se trouve aux **États-Unis**. 

Plus précisément, c'est la ville la plus peuplée du Minnesota.",États-Unis,cities,"The assistant's response is in the same language as the reference and aligns with the reference provided.

Rating: [[1]]"
Dans quel pays se trouve San Antonio ?,San Antonio se trouve aux États-Unis.,États-Unis,cities,"The assistant's response is in the same language as the reference and aligns with the reference provided.

Rating: [[1]]"
Dans quel pays se trouve Bombay ?,Bombay est maintenant appelée **Mumbai** et se trouve en **Inde**.,Inde,cities,"The assistant's response is in the same language as the reference and aligns with the reference provided.

Rating: [[1]]"
Dans quel pays se trouve Delhi ?,Delhi se trouve en **Inde**.,Inde,cities,"The assistant's response is in the same language as the reference and aligns with the reference provided.

Rating: [[1]]"
Dans quel pays se trouve Bangalore ?,Bangalore se trouve en **Inde**.,Inde,cities,"Response: The assistant's response is in the same language as the reference and aligns with the reference provided.

Rating: [[1]]"
Dans quel pays se trouve Chennai ?,Chennai se trouve en **Inde**.,Inde,cities,"Response: The assistant's response is in the same language as the reference and aligns with the reference provided.

Rating: [[1]]"
Dans quel pays se trouve Hyderabad ?,Hyderabad se trouve en **Inde**.,Inde,cities,"Response: The assistant's response is in the same language as the reference and aligns with the reference provided.

Rating: [[1]]"
Dans quel pays se trouve Ahmedabad ?,Ahmedabad se trouve en **Inde**.,Inde,cities,"The assistant's response is in the same language as the reference and aligns with the reference provided.

Rating: [[1]]"
Dans quel pays se trouve Pune ?,Pune se trouve en **Inde**.,Inde,cities,"The assistant's response is in the same language as the reference and aligns with the reference provided.

Rating: [[1]]"
Dans quel pays se trouve Calcutta ?,"Calcutta, maintenant connue sous le nom de **Kolkata**, se trouve en **Inde**.",Inde,cities,"The assistant's response is in French and aligns with the reference provided.

Rating: [[3]]"
Dans quel pays se trouve Jaipur ?,Jaipur se trouve en **Inde**.,Inde,cities,"Response: The assistant's response is in the same language as the reference and aligns with the reference provided.

Rating: [[1]]"
Dans quel pays se trouve Lucknow ?,"Lucknow se trouve en **Inde**. 

C'est la capitale de l'état de l'Uttar Pradesh.",Inde,cities,"The assistant's response is in French and aligns with the reference provided.

Rating: [[3]]"
Dans quel pays se trouve Kanpur ?,Kanpur se trouve en **Inde**.,Inde,cities,"The assistant's response is in the same language as the reference and aligns with the reference provided.

Rating: [[1]]"
Dans quel pays se trouve Nagpur ?,Nagpur se trouve en **Inde**.,Inde,cities,"Response: The assistant's response is in the same language as the reference and aligns with the reference provided.

Rating: [[1]]"
Dans quel pays se trouve Indore ?,Indore se trouve en **Inde**.,Inde,cities,"The assistant's response is in the same language as the reference and aligns with the reference provided.

Rating: [[1]]"
Dans quel pays se trouve Patna ?,Patna se trouve en **Inde**.,Inde,cities,"The assistant's response is in the same language as the reference and aligns with the reference provided.

Rating: [[1]]"
Dans quel pays se trouve Bhopal ?,Bhopal se trouve en **Inde**.,Inde,cities,"The assistant's response is in the same language as the reference and aligns with the reference provided.

Rating: [[1]]"
Dans quel pays se trouve Vadodara ?,Vadodara se trouve en **Inde**.,Inde,cities,"The assistant's response is in the same language as the reference and aligns with the reference provided.

Rating: [[1]]"
Dans quel pays se trouve Visakhapatnam ?,Visakhapatnam se trouve en **Inde**.,Inde,cities,"The assistant's response is in the same language as the reference and aligns with the reference provided.

Rating: [[1]]"
Dans quel pays se trouve Sourate ?,Sourate est une ville du **Sénégal**.,Inde,cities,"The assistant's response is in French but does not align with the reference provided, as Surat is a city in India, not Senegal.

Rating: [[4]]"
Dans quel pays se trouve Amritsar ?,Amritsar se trouve en **Inde**.,Inde,cities,"The assistant's response is in the same language as the reference and aligns with the reference provided.

Rating: [[1]]"
Dans quel pays se trouve Rajkot ?,Rajkot se trouve en **Inde**.,Inde,cities,"Response: The assistant's response is in the same language as the reference and aligns with the reference provided.

Rating: [[1]]"
Dans quel pays se trouve Shanghai ?,Shanghai se trouve en **Chine**.,Chine,cities,"Response: The assistant's response is in the same language as the reference and aligns with the reference provided.

Rating: [[1]]"
Dans quel pays se trouve Pékin ?,Pékin se trouve en **Chine**.,Chine,cities,"Response: The assistant's response is in the same language as the reference and aligns with the reference provided.

Rating: [[1]]"
Dans quel pays se trouve Canton ?,"Canton est une ancienne région administrative de la **Chine**. 

Il est important de noter que Canton a été renommé **Guangdong** en 1952.",Chine,cities,"The assistant's response is in French and aligns with the reference provided, as it correctly states that Canton is in China and provides additional information about the name change to Guangdong.

Rating: [[2]]"
Dans quel pays se trouve Shenzhen ?,Shenzhen se trouve en **Chine**.,Chine,cities,"Response: The assistant's response is in the same language as the reference and aligns with the reference provided.

Rating: [[1]]"
Dans quel pays se trouve Chengdu ?,Chengdu se trouve en **Chine**.,Chine,cities,"Response: The assistant's response is in the same language as the reference and aligns with the reference provided.

Rating: [[1]]"
Dans quel pays se trouve Wuhan ?,Wuhan se trouve en **Chine**.,Chine,cities,"Response: The assistant's response is in the same language as the reference and aligns with the reference provided.

Rating: [[1]]"
Dans quel pays se trouve Chongqing ?,Chongqing se trouve en **Chine**.,Chine,cities,"Response: The assistant's response is in the same language as the reference and aligns with the reference provided.

Rating: [[1]]"
Dans quel pays se trouve Xi'an ?,Xi'an se trouve en **Chine**.,Chine,cities,"Response: The assistant's response is in the same language as the reference and aligns with the reference provided.

Rating: [[1]]"
Dans quel pays se trouve Hangzhou ?,Hangzhou se trouve en **Chine**.,Chine,cities,"Response: The assistant's response is in the same language as the reference and aligns with the reference provided.

Rating: [[1]]"
Dans quel pays se trouve Suzhou ?,Suzhou se trouve en **Chine**.,Chine,cities,"The assistant's response is in the same language as the reference and aligns with the reference provided.

Rating: [[1]]"
Dans quel pays se trouve Tianjin ?,Tianjin se trouve en **Chine**.,Chine,cities,"Response: The assistant's response is in the same language as the reference and aligns with the reference provided.

Rating: [[1]]"
Dans quel pays se trouve Nanjing ?,Nanjing se trouve en **Chine**.,Chine,cities,"Response: The assistant's response is in the same language as the reference and aligns with the reference provided.

Rating: [[1]]"
Dans quel pays se trouve Harbin ?,Harbin se trouve en **Chine**.,Chine,cities,"Response: The assistant's response is in the same language as the reference and aligns with the reference provided.

Rating: [[1]]"
Dans quel pays se trouve Qingdao ?,Qingdao se trouve en **Chine**.,Chine,cities,"Response: The assistant's response is in the same language as the reference and aligns with the reference provided.

Rating: [[1]]"
Dans quel pays se trouve Dalian ?,Dalian se trouve en **Chine**.,Chine,cities,"Response: The assistant's response is in the same language as the reference and aligns with the reference provided.

Rating: [[1]]"
Dans quel pays se trouve Shijiazhuang ?,"Shijiazhuang se trouve en **Chine**. 

C'est la capitale de la province du Hebei.",Chine,cities,"The assistant's response is in the same language as the reference and aligns with the reference provided.

Rating: [[1]]"
Dans quel pays se trouve Fuzhou ?,"Fuzhou se trouve en **Chine**. 

C'est la capitale de la province du Fujian.",Chine,cities,"Response: The assistant's response is in the same language as the reference and aligns with the reference provided.

Rating: [[1]]"
Dans quel pays se trouve Zhengzhou ?,Zhengzhou se trouve en **Chine**.,Chine,cities,"Response: The assistant's response is in the same language as the reference and aligns with the reference provided.

Rating: [[1]]"
Dans quel pays se trouve Kunming ?,"Kunming se trouve en **Chine**. 

C'est la capitale de la province du Yunnan.",Chine,cities,"Response: The assistant's response is in the same language as the reference and aligns with the reference provided.

Rating: [[1]]"
Dans quel pays se trouve Changsha ?,"Changsha se trouve en **Chine**. 

C'est la capitale de la province du Hunan.",Chine,cities,"Response: The assistant's response is in the same language as the reference and aligns with the reference provided.

Rating: [[1]]"
Dans quel pays se trouve Moscou ?,Moscou se trouve en **Russie**.,Russie,cities,"The assistant's response is in the same language as the reference and aligns with the reference provided.

Rating: [[1]]"
Dans quel pays se trouve Saint-Pétersbourg ?,Saint-Pétersbourg se trouve en **Russie**.,Russie,cities,"The assistant's response is in the same language as the reference and aligns with the reference provided.

Rating: [[1]]"
Dans quel pays se trouve Novossibirsk ?,Novossibirsk se trouve en **Russie**.,Russie,cities,"Response: The assistant's response is in the same language as the reference and aligns with the reference provided.

Rating: [[1]]"
Dans quel pays se trouve Ekaterinbourg ?,Ekaterinbourg se trouve en **Russie**.,Russie,cities,"The assistant's response is in the same language as the reference and aligns with the reference provided.

Rating: [[1]]"
Dans quel pays se trouve Kazan ?,Kazan se trouve en **Russie**.,Russie,cities,"The assistant's response is in the same language as the reference and aligns with the reference provided.

Rating: [[1]]"
Dans quel pays se trouve Nijni Novgorod ?,Nijni Novgorod se trouve en **Russie**.,Russie,cities,"The assistant's response is in the same language as the reference and aligns with the reference provided.

Rating: [[1]]"
Dans quel pays se trouve Tcheliabinsk ?,Tcheliabinsk se trouve en **Russie**.,Russie,cities,"The assistant's response is in the same language as the reference and aligns with the reference provided.

Rating: [[1]]"
Dans quel pays se trouve Samara ?,Samara se trouve en **Russie**.,Russie,cities,"The assistant's response is in the same language as the reference and aligns with the reference provided.

Rating: [[1]]"
Dans quel pays se trouve Omsk ?,Omsk se trouve en **Russie**.,Russie,cities,"The assistant's response is in the same language as the reference and aligns with the reference provided.

Rating: [[1]]"
Dans quel pays se trouve Rostov-sur-le-Don ?,Rostov-sur-le-Don se trouve en **Russie**.,Russie,cities,"The assistant's response is in the same language as the reference and aligns with the reference provided.

Rating: [[1]]"
Dans quel pays se trouve Oufa ?,"Oufa se trouve en **Russie**. 

C'est la capitale de la République de Bachkortostan.",Russie,cities,"The assistant's response is in French and aligns with the reference provided.

Rating: [[2]]"
Dans quel pays se trouve Krasnoïarsk ?,Krasnoïarsk se trouve en **Russie**.,Russie,cities,"The assistant's response is in the same language as the reference and aligns with the reference provided.

Rating: [[1]]"
Dans quel pays se trouve Permanente ?,"""Permanente"" n'est pas un pays. 

Pourriez-vous préciser votre demande ? 

* S'agit-il d'une ville ? 
* D'une entreprise ? 
* D'un concept ?


Plus vous me donnez d'informations, mieux je peux vous aider.",Russie,cities,"The assistant's response is in French, which aligns with the reference, but it does not directly answer the question about the country where ""Permanente"" is located. However, the assistant provides a helpful and context-seeking response, which is appropriate given the ambiguity of the term ""Permanente."" 

Rating: [[3]]"
Dans quel pays se trouve Voronej ?,Voronej se trouve en **Russie**.,Russie,cities,"The assistant's response is in the same language as the reference and aligns with the reference provided.

Rating: [[1]]"
Dans quel pays se trouve Volgograd ?,Volgograd se trouve en **Russie**.,Russie,cities,"The assistant's response is in the same language as the reference and aligns with the reference provided.

Rating: [[1]]"
Dans quel pays se trouve Saratov ?,Saratov se trouve en **Russie**.,Russie,cities,"The assistant's response is in the same language as the reference and aligns with the reference provided.

Rating: [[1]]"
Dans quel pays se trouve Krasnodar ?,"Krasnodar se trouve en **Russie**. 

C'est la capitale du kraï de Krasnodar, situé dans le sud de la Russie.",Russie,cities,"The assistant's response is in French and aligns with the reference provided.

Rating: [[2]]"
Dans quel pays se trouve Togliatti ?,Togliatti se trouve en **Russie**.,Russie,cities,"The assistant's response is in the same language as the reference and aligns with the reference provided.

Rating: [[1]]"
Dans quel pays se trouve Ijevsk ?,Ijevsk se trouve en **Russie**.,Russie,cities,"The assistant's response is in the same language as the reference and aligns with the reference provided.

Rating: [[1]]"
Dans quel pays se trouve Oulianovsk ?,Oulianovsk se trouve en **Russie**.,Russie,cities,"The assistant's response is in the same language as the reference and aligns with the reference provided.

Rating: [[1]]"
Dans quel pays se trouve Riyad ?,Riyad se trouve en **Arabie saoudite**.,Arabie Saoudite,cities,"The assistant's response is in the same language as the reference and aligns with the reference provided.

Rating: [[1]]"
Dans quel pays se trouve Djeddah ?,Djeddah se trouve en **Arabie saoudite**.,Arabie Saoudite,cities,"The assistant's response is in the same language as the reference and aligns with the reference provided.

Rating: [[1]]"
Dans quel pays se trouve Mecque ?,La Mecque se trouve en **Arabie Saoudite**.,Arabie Saoudite,cities,"Response: The assistant's response is in the same language as the reference and aligns with the reference provided.

Rating: [[1]]"
Dans quel pays se trouve Médine ?,Médine se trouve en **Arabie saoudite**.,Arabie Saoudite,cities,"The assistant's response is in the same language as the reference and aligns with the reference provided.

Rating: [[1]]"
Dans quel pays se trouve Dammam ?,Dammam se trouve en **Arabie saoudite**.,Arabie Saoudite,cities,"The assistant's response is in the same language as the reference and aligns with the reference provided.

Rating: [[1]]"
Dans quel pays se trouve Khobar ?,Khobar se trouve en **Arabie saoudite**.,Arabie Saoudite,cities,"The assistant's response is in the same language as the reference and aligns with the reference provided.

Rating: [[1]]"
Dans quel pays se trouve Tabouk ?,Tabouk se trouve en **Arabie saoudite**.,Arabie Saoudite,cities,"The assistant's response is in the same language as the reference and aligns with the reference provided.

Rating: [[1]]"
Dans quel pays se trouve Abha ?,Abha se trouve en **Arabie saoudite**.,Arabie Saoudite,cities,"The assistant's response is in the same language as the reference and aligns with the reference provided.

Rating: [[1]]"
Dans quel pays se trouve Taëf ?,Taëf se trouve en **Arabie saoudite**.,Arabie Saoudite,cities,"The assistant's response is in the same language as the reference and aligns with the reference provided.

Rating: [[1]]"
Dans quel pays se trouve Hofuf ?,Hofuf se trouve en **Arabie saoudite**.,Arabie Saoudite,cities,"The assistant's response is in the same language as the reference and aligns with the reference provided.

Rating: [[1]]"
Dans quel pays se trouve Buraydah ?,Buraydah se trouve en **Arabie saoudite**.,Arabie Saoudite,cities,"The assistant's response is in the same language as the reference and aligns with the reference provided.

Rating: [[1]]"
Dans quel pays se trouve Najran ?,Najran se trouve en **Arabie saoudite**.,Arabie Saoudite,cities,"The assistant's response is in the same language as the reference and aligns with the reference provided.

Rating: [[1]]"
Dans quel pays se trouve Grêle ?,Grêle est une commune française située dans le **département de la Haute-Marne** en **région Grand Est**.,Arabie Saoudite,cities,"The assistant's response is in the same language (French) and does not align with the reference provided, which is ""Arabie Saoudite"" (Saudi Arabia).

Rating: [[4]]"
Dans quel pays se trouve Jazan ?,Jazan se trouve en **Arabie saoudite**.,Arabie Saoudite,cities,"The assistant's response is in the same language as the reference and aligns with the reference provided.

Rating: [[1]]"
Dans quel pays se trouve Al-Jubail ?,Al-Jubail se trouve en **Arabie saoudite**.,Arabie Saoudite,cities,"Response: The assistant's response is in the same language as the reference and aligns with the reference provided.

Rating: [[1]]"
Dans quel pays se trouve Qatif ?,Qatif se trouve en **Arabie saoudite**.,Arabie Saoudite,cities,"The assistant's response is in the same language as the reference and aligns with the reference provided.

Rating: [[1]]"
Dans quel pays se trouve Al-Kharj ?,Al-Kharj se trouve en **Arabie saoudite**.,Arabie Saoudite,cities,"Response: The assistant's response is in the same language as the reference and aligns with the reference provided.

Rating: [[1]]"
Dans quel pays se trouve Yanbu ?,Yanbu se trouve en **Arabie saoudite**.,Arabie Saoudite,cities,"The assistant's response is in the same language as the reference and aligns with the reference provided.

Rating: [[1]]"
Dans quel pays se trouve Khamis Mushayt ?,Khamis Mushayt se trouve en **Arabie saoudite**.,Arabie Saoudite,cities,"Response: The assistant's response is in the same language as the reference and aligns with the reference provided.

Rating: [[1]]"
Dans quel pays se trouve Al Bahah ?,Al Bahah se trouve en **Arabie saoudite**.,Arabie Saoudite,cities,"The assistant's response is in the same language as the reference and aligns with the reference provided.

Rating: [[1]]"
Dans quel pays se trouve Paris ?,Paris est la capitale de la **France**.,France,cities,"Response: The assistant's response is in the same language as the reference and aligns with the reference provided.

Rating: [[1]]"
Dans quel pays se trouve Marseille ?,Marseille se trouve en **France**.,France,cities,"The assistant's response is in the same language as the reference and aligns with the reference provided.

Rating: [[1]]"
Dans quel pays se trouve Lyon ?,Lyon se trouve en **France**.,France,cities,"The assistant's response is in the same language as the reference and aligns with the reference provided.

Rating: [[1]]"
Dans quel pays se trouve Toulouse ?,Toulouse se trouve en **France**.,France,cities,"The assistant's response is in the same language as the reference and aligns with the reference provided.

Rating: [[1]]"
Dans quel pays se trouve Bon ?,"Je ne peux pas répondre à cette question. ""Bon"" n'est pas le nom d'un lieu connu. 

Pourrais-tu préciser ta demande ? 

* S'agit-il d'un personnage de fiction ?
* Est-ce un lieu que tu as entendu mentionné quelque part ?
* Y a-t-il d'autres informations que tu peux me donner ?


Plus tu me donnes de détails, plus je peux t'aider ! 😊",France,cities,"The assistant's response is in French, which aligns with the reference, but it does not provide a direct answer to the question. The assistant indicates that ""Bon"" is not a known place and asks for clarification, which is a reasonable approach given the ambiguity of the question. However, since the response does not directly answer the question based on the reference, it should be penalized.

Rating: [[3]]"
Dans quel pays se trouve Nantes ?,Nantes se trouve en **France**.,France,cities,"The assistant's response is in the same language as the reference and aligns with the reference provided.

Rating: [[1]]"
Dans quel pays se trouve Strasbourg ?,Strasbourg se trouve en **France**.,France,cities,"The assistant's response is in the same language as the reference and aligns with the reference provided.

Rating: [[1]]"
Dans quel pays se trouve Montpellier ?,Montpellier se trouve en **France**.,France,cities,"The assistant's response is in the same language as the reference and aligns with the reference provided.

Rating: [[1]]"
Dans quel pays se trouve Bordeaux ?,Bordeaux se trouve en **France**.,France,cities,"The assistant's response is in the same language as the reference and aligns with the reference provided.

Rating: [[1]]"
Dans quel pays se trouve Lille ?,Lille se trouve en **France**.,France,cities,"The assistant's response is in the same language as the reference and aligns with the reference provided.

Rating: [[1]]"
Dans quel pays se trouve Rennes ?,Rennes se trouve en **France**.,France,cities,"The assistant's response is in the same language as the reference and aligns with the reference provided.

Rating: [[1]]"
Dans quel pays se trouve Reims ?,Reims se trouve en **France**.,France,cities,"The assistant's response is in the same language as the reference and aligns with the reference provided.

Rating: [[1]]"
Dans quel pays se trouve Le Havre ?,Le Havre se trouve en **France**.,France,cities,"The assistant's response is in the same language as the reference and aligns with the reference provided.

Rating: [[1]]"
Dans quel pays se trouve Saint-Étienne ?,Saint-Étienne se trouve en **France**.,France,cities,"The assistant's response is in the same language as the reference and aligns with the reference provided.

Rating: [[1]]"
Dans quel pays se trouve Toulon ?,Toulon se trouve en **France**.,France,cities,"The assistant's response is in the same language as the reference and aligns with the reference provided.

Rating: [[1]]"
Dans quel pays se trouve Angers ?,Angers se trouve en **France**.,France,cities,"The assistant's response is in the same language as the reference and aligns with the reference provided.

Rating: [[1]]"
Dans quel pays se trouve Grenoble ?,Grenoble se trouve en **France**.,France,cities,"The assistant's response is in the same language as the reference and aligns with the reference provided.

Rating: [[1]]"
Dans quel pays se trouve Dijon ?,Dijon se trouve en **France**.,France,cities,"The assistant's response is in the same language as the reference and aligns with the reference provided.

Rating: [[1]]"
Dans quel pays se trouve Nîmes ?,Nîmes se trouve en **France**.,France,cities,"The assistant's response is in the same language as the reference and aligns with the reference provided.

Rating: [[1]]"
Dans quel pays se trouve Aix-en-Provence ?,Aix-en-Provence se trouve en **France**.,France,cities,"The assistant's response is in the same language as the reference and aligns with the reference provided.

Rating: [[1]]"
Dans quel pays se trouve Katmandou ?,Katmandou est la capitale du **Népal**.,Népal,cities,"The assistant's response is in the same language as the reference and aligns with the reference provided.

Rating: [[1]]"
Dans quel pays se trouve Pokhara ?,Pokhara se trouve au **Népal**.,Népal,cities,"Response: The assistant's response is in the same language as the reference and aligns with the reference provided.

Rating: [[1]]"
Dans quel pays se trouve Lalitpur ?,Lalitpur se trouve au **Népal**.,Népal,cities,"Response: The assistant's response is in the same language as the reference and aligns with the reference provided.

Rating: [[1]]"
Dans quel pays se trouve Biratnagar ?,Biratnagar se trouve au **Népal**.,Népal,cities,"Response: The assistant's response is in the same language as the reference and aligns with the reference provided.

Rating: [[1]]"
Dans quel pays se trouve Janakpur ?,Janakpur se trouve en **Népal**.,Népal,cities,"Response: The assistant's response is in the same language as the reference and aligns with the reference provided.

Rating: [[1]]"
Dans quel pays se trouve Dharan ?,Dharan se trouve en **Népal**.,Népal,cities,"Response: The assistant's response is in the same language as the reference and aligns with the reference provided.

Rating: [[1]]"
Dans quel pays se trouve Butwal ?,Butwal se trouve en **Népal**.,Népal,cities,"Response: The assistant's response is in the same language as the reference and aligns with the reference provided.

Rating: [[1]]"
Dans quel pays se trouve Birgunj ?,Birgunj se trouve en **Népal**.,Népal,cities,"Response: The assistant's response is in the same language as the reference and aligns with the reference provided.

Rating: [[1]]"
Dans quel pays se trouve Hétauda ?,Hétauda se trouve en **France**.,Népal,cities,"The assistant's response is in the same language (French) but does not align with the reference provided, which is Népal.

Rating: [[4]]"
Dans quel pays se trouve Nepalganj ?,Nepalganj se trouve au **Népal**.,Népal,cities,"Response: The assistant's response is in the same language as the reference and aligns with the reference provided.

Rating: [[1]]"
Dans quel pays se trouve Itahari ?,Itahari se trouve au **Népal**.,Népal,cities,"The assistant's response is in the same language as the reference and aligns with the reference provided.

Rating: [[1]]"
Dans quel pays se trouve Dhangadhi ?,Dhangadhi se trouve au **Népal**.,Népal,cities,"The assistant's response is in the same language as the reference and aligns with the reference provided.

Rating: [[1]]"
Dans quel pays se trouve Bhaktapur ?,Bhaktapur se trouve au **Népal**.,Népal,cities,"Response: The assistant's response is in the same language as the reference and aligns with the reference provided.

Rating: [[1]]"
Dans quel pays se trouve Tulsipur ?,Tulsipur se trouve en **Népal**.,Népal,cities,"Response: The assistant's response is in the same language as the reference and aligns with the reference provided.

Rating: [[1]]"
Dans quel pays se trouve Kalaiya ?,Kalaiya se trouve en **Népal**.,Népal,cities,"Response: The assistant's response is in the same language as the reference and aligns with the reference provided.

Rating: [[1]]"
Dans quel pays se trouve Ghorahi ?,Ghorahi se trouve en **Népal**.,Népal,cities,"The assistant's response is in the same language as the reference and aligns with the reference provided.

Rating: [[1]]"
Dans quel pays se trouve Damak ?,Damak se trouve en **Népal**.,Népal,cities,"Response: The assistant's response is in the same language as the reference and aligns with the reference provided.

Rating: [[1]]"
Dans quel pays se trouve Lahan ?,Lahan est une ville du **Népal**.,Népal,cities,"Response: The assistant's response is in the same language as the reference and aligns with the reference provided.

Rating: [[1]]"
Dans quel pays se trouve Kirtipur ?,Kirtipur se trouve au **Népal**.,Népal,cities,"Response: The assistant's response is in the same language as the reference and aligns with the reference provided.

Rating: [[1]]"
Dans quel pays se trouve Tokyo ?,Tokyo se trouve au **Japon**.,Japon,cities,"Response: The assistant's response is in the same language as the reference and aligns with the reference provided.

Rating: [[1]]"
Dans quel pays se trouve Osaka ?,Osaka se trouve au **Japon**.,Japon,cities,"Response: The assistant's response is in the same language as the reference and aligns with the reference provided.

Rating: [[1]]"
Dans quel pays se trouve Yokohama ?,Yokohama se trouve au **Japon**.,Japon,cities,"The assistant's response is in the same language as the reference and aligns with the reference provided.

Rating: [[1]]"
Dans quel pays se trouve Nagoya ?,Nagoya se trouve au **Japon**.,Japon,cities,"Response: The assistant's response is in the same language as the reference and aligns with the reference provided.

Rating: [[1]]"
Dans quel pays se trouve Sapporo ?,Sapporo se trouve au **Japon**.,Japon,cities,"Response: The assistant's response is in the same language as the reference and aligns with the reference provided.

Rating: [[1]]"
Dans quel pays se trouve Fukuoka ?,Fukuoka se trouve au **Japon**.,Japon,cities,"Response: The assistant's response is in the same language as the reference and aligns with the reference provided.

Rating: [[1]]"
Dans quel pays se trouve Kobe ?,Kobe se trouve au **Japon**.,Japon,cities,"Response: The assistant's response is in the same language as the reference and aligns with the reference provided.

Rating: [[1]]"
Dans quel pays se trouve Kyoto ?,Kyoto se trouve au **Japon**.,Japon,cities,"Response: The assistant's response is in the same language as the reference and aligns with the reference provided.

Rating: [[1]]"
Dans quel pays se trouve Hiroshima ?,Hiroshima se trouve au **Japon**.,Japon,cities,"Response: The assistant's response is in the same language as the reference and aligns with the reference provided.

Rating: [[1]]"
Dans quel pays se trouve Sendai ?,Sendai se trouve au **Japon**.,Japon,cities,"Response: The assistant's response is in the same language as the reference and aligns with the reference provided.

Rating: [[1]]"
Dans quel pays se trouve Kitakyushu ?,Kitakyushu se trouve au **Japon**.,Japon,cities,"Response: The assistant's response is in the same language as the reference and aligns with the reference provided.

Rating: [[1]]"
Dans quel pays se trouve Chiba ?,Chiba se trouve au **Japon**.,Japon,cities,"Response: The assistant's response is in the same language as the reference and aligns with the reference provided.

Rating: [[1]]"
Dans quel pays se trouve Sakai ?,Sakai se trouve au **Japon**.,Japon,cities,"The assistant's response is in the same language as the reference and aligns with the reference provided.

Rating: [[1]]"
Dans quel pays se trouve Shizuoka ?,Shizuoka se trouve au **Japon**.,Japon,cities,"Response: The assistant's response is in the same language as the reference and aligns with the reference provided.

Rating: [[1]]"
Dans quel pays se trouve Okayama ?,Okayama se trouve au **Japon**.,Japon,cities,"Response: The assistant's response is in the same language as the reference and aligns with the reference provided.

Rating: [[1]]"
Dans quel pays se trouve Hamamatsu ?,Hamamatsu se trouve au **Japon**.,Japon,cities,"The assistant's response is in the same language as the reference and aligns with the reference provided.

Rating: [[1]]"
Dans quel pays se trouve Kagoshima ?,Kagoshima se trouve au **Japon**.,Japon,cities,"The assistant's response is in the same language as the reference and aligns with the reference provided.

Rating: [[1]]"
Dans quel pays se trouve Niigata ?,Niigata se trouve au **Japon**.,Japon,cities,"Response: The assistant's response is in the same language as the reference and aligns with the reference provided.

Rating: [[1]]"
Dans quel pays se trouve Matsuyama ?,Matsuyama se trouve au **Japon**.,Japon,cities,"The assistant's response is in the same language as the reference and aligns with the reference provided.

Rating: [[1]]"
Dans quel pays se trouve Naha ?,"Naha est la capitale de l'île d'Okinawa, qui fait partie du **Japon**.",Japon,cities,"Response: The assistant's response is in French and aligns with the reference provided.

Rating: [[2]]"
Dans quel pays se trouve Kyiv ?,Kyiv se trouve en **Ukraine**.,Ukraine,cities,"The assistant's response is in the same language as the question (French) and aligns with the reference provided.

Rating: [[1]]"
Dans quel pays se trouve Kharkiv ?,Kharkiv se trouve en **Ukraine**.,Ukraine,cities,"The assistant's response is in French and aligns with the reference provided.

Rating: [[3]]"
Dans quel pays se trouve Odessa ?,Odessa se trouve en **Ukraine**.,Ukraine,cities,"Response: The assistant's response is in the same language as the question and aligns with the reference provided.

Rating: [[1]]"
Dans quel pays se trouve Dniepr ?,Dniepr se trouve en **Ukraine**.,Ukraine,cities,"Response: The assistant's response is in the same language as the question and aligns with the reference provided.

Rating: [[1]]"
Dans quel pays se trouve Donetsk ?,"Donetsk se trouve en **Ukraine**. 

Il s'agit d'une ville importante dans l'est de l'Ukraine, qui est actuellement le centre de la région de Donetsk.",Ukraine,cities,"Response: The assistant's response is in French and aligns with the reference provided.

Rating: [[2]]"
Dans quel pays se trouve Zaporizhia ?,Zaporizhia se trouve en **Ukraine**.,Ukraine,cities,"The assistant's response is in the same language as the question (French) and aligns with the reference provided.

Rating: [[1]]"
Dans quel pays se trouve Lviv ?,Lviv se trouve en **Ukraine**.,Ukraine,cities,"Response: The assistant's response is in the same language as the question and aligns with the reference provided.

Rating: [[1]]"
Dans quel pays se trouve Kryvyï Rih ?,Kryvyï Rih se trouve en **Ukraine**.,Ukraine,cities,"Response: The assistant's response is in the same language as the question and aligns with the reference provided.

Rating: [[1]]"
Dans quel pays se trouve Mykolaïv ?,Mykolaïv se trouve en **Ukraine**.,Ukraine,cities,"Response: The assistant's response is in the same language as the question and aligns with the reference provided.

Rating: [[1]]"
Dans quel pays se trouve Marioupol ?,Marioupol se trouve en **Ukraine**.,Ukraine,cities,"Response: The assistant's response is in the same language as the question and aligns with the reference provided.

Rating: [[1]]"
Dans quel pays se trouve Vinnitsa ?,Vinnitsa se trouve en **Ukraine**.,Ukraine,cities,"Response: The assistant's response is in the same language as the question and aligns with the reference provided.

Rating: [[1]]"
Dans quel pays se trouve Kherson ?,Kherson se trouve en **Ukraine**.,Ukraine,cities,"Response: The assistant's response is in the same language as the question and aligns with the reference provided.

Rating: [[1]]"
Dans quel pays se trouve Poltava ?,Poltava se trouve en **Ukraine**.,Ukraine,cities,"Response: The assistant's response is in the same language as the question and aligns with the reference provided.

Rating: [[1]]"
Dans quel pays se trouve Tchernihiv ?,Tchernihiv se trouve en **Ukraine**.,Ukraine,cities,"The assistant's response is in French and aligns with the reference provided.

Rating: [[3]]"
Dans quel pays se trouve Soumy ?,Soumy est une ville située en **Ukraine**.,Ukraine,cities,"Response: The assistant's response is in French and aligns with the reference provided.

Rating: [[3]]"
Dans quel pays se trouve Tchernivtsi ?,Tchernivtsi se trouve en **Ukraine**.,Ukraine,cities,"The assistant's response is in the same language as the question and aligns with the reference provided.

Rating: [[1]]"
Dans quel pays se trouve Jytomyr ?,Jytomyr se trouve en **Ukraine**.,Ukraine,cities,"Response: The assistant's response is in the same language as the question and aligns with the reference provided.

Rating: [[1]]"
Dans quel pays se trouve Krementchouk ?,Krementchouk se trouve en **Ukraine**.,Ukraine,cities,"The assistant's response is in French and aligns with the reference provided.

Rating: [[3]]"
Dans quel pays se trouve Ivano-Frankivsk ?,Ivano-Frankivsk se trouve en **Ukraine**.,Ukraine,cities,"Response: The assistant's response is in the same language as the question and aligns with the reference provided.

Rating: [[1]]"
Dans quel pays se trouve Ternopil ?,Ternopil se trouve en **Ukraine**.,Ukraine,cities,"The assistant's response is in French and aligns with the reference provided.

Rating: [[3]]"
Dans quel pays se trouve Athènes ?,Athènes se trouve en **Grèce**.,Grèce,cities,"The assistant's response is in the same language as the reference and aligns with the reference provided.

Rating: [[1]]"
Dans quel pays se trouve Thessalonique ?,Thessalonique se trouve en **Grèce**.,Grèce,cities,"The assistant's response is in the same language as the reference and aligns with the reference provided.

Rating: [[1]]"
Dans quel pays se trouve Patras ?,Patras se trouve en **Grèce**.,Grèce,cities,"Response: The assistant's response is in the same language as the reference and aligns with the reference provided.

Rating: [[1]]"
Dans quel pays se trouve Héraklion ?,"Héraklion se trouve en **Grèce**. 

Plus précisément, c'est la capitale de la région de la Crète.",Grèce,cities,"The assistant's response is in the same language as the reference and aligns with the reference provided.

Rating: [[1]]"
Dans quel pays se trouve Larissa ?,Larissa se trouve en **Grèce**.,Grèce,cities,"The assistant's response is in the same language as the reference and aligns with the reference provided.

Rating: [[1]]"
Dans quel pays se trouve Volos ?,Volos se trouve en **Grèce**.,Grèce,cities,"The assistant's response is in the same language as the reference and aligns with the reference provided.

Rating: [[1]]"
Dans quel pays se trouve Rhodes ?,"Rhodes se trouve en **Grèce**. 

C'est l'une des îles du Dodécanèse, un archipel situé dans la mer Égée.",Grèce,cities,"The assistant's response is in the same language as the reference and aligns with the reference provided.

Rating: [[1]]"
Dans quel pays se trouve Ioannina ?,Ioannina se trouve en **Grèce**.,Grèce,cities,"Response: The assistant's response is in the same language as the reference and aligns with the reference provided.

Rating: [[1]]"
Dans quel pays se trouve La Canée ?,"La Canée se trouve en **Grèce**. 

Plus précisément, c'est la capitale de l'île de Crète.",Grèce,cities,"The assistant's response is in the same language as the reference and aligns with the reference provided.

Rating: [[1]]"
Dans quel pays se trouve Kalamata ?,Kalamata se trouve en **Grèce**.,Grèce,cities,"The assistant's response is in the same language as the reference and aligns with the reference provided.

Rating: [[1]]"
Dans quel pays se trouve Serres ?,Serres se trouve en **Grèce**.,Grèce,cities,"The assistant's response is in the same language as the reference and aligns with the reference provided.

Rating: [[1]]"
Dans quel pays se trouve Alexandroupolis ?,Alexandroupolis se trouve en **Grèce**.,Grèce,cities,"Response: The assistant's response is in the same language as the reference and aligns with the reference provided.

Rating: [[1]]"
Dans quel pays se trouve Kavala ?,Kavala se trouve en **Grèce**.,Grèce,cities,"The assistant's response is in the same language as the reference and aligns with the reference provided.

Rating: [[1]]"
Dans quel pays se trouve Agrinion ?,Agrinion se trouve en **Grèce**.,Grèce,cities,"Response: The assistant's response is in the same language as the reference and aligns with the reference provided.

Rating: [[1]]"
Dans quel pays se trouve Katerini ?,Katerini se trouve en **Grèce**.,Grèce,cities,"The assistant's response is in the same language as the reference and aligns with the reference provided.

Rating: [[1]]"
Dans quel pays se trouve Trikala ?,Trikala se trouve en **Grèce**.,Grèce,cities,"The assistant's response is in the same language as the reference and aligns with the reference provided.

Rating: [[1]]"
Dans quel pays se trouve Véria ?,Véria se trouve en **Grèce**.,Grèce,cities,"The assistant's response is in the same language as the reference and aligns with the reference provided.

Rating: [[1]]"
Dans quel pays se trouve Kilkis ?,Kilkis se trouve en **Grèce**.,Grèce,cities,"The assistant's response is in the same language as the reference and aligns with the reference provided.

Rating: [[1]]"
Dans quel pays se trouve Nauplie ?,Nauplie se trouve en **Grèce**.,Grèce,cities,"The assistant's response is in the same language as the reference and aligns with the reference provided.

Rating: [[1]]"
Dans quel pays se trouve Istanbul ?,Istanbul se trouve en **Turquie**.,Turquie,cities,"The assistant's response is in the same language as the reference and aligns with the reference provided.

Rating: [[1]]"
Dans quel pays se trouve Ankara ?,Ankara se trouve en **Turquie**.,Turquie,cities,"The assistant's response is in the same language as the reference and aligns with the reference provided.

Rating: [[1]]"
Dans quel pays se trouve Izmir ?,Izmir se trouve en **Turquie**.,Turquie,cities,"The assistant's response is in the same language as the reference and aligns with the reference provided.

Rating: [[1]]"
Dans quel pays se trouve Bursa ?,Bursa se trouve en **Turquie**.,Turquie,cities,"The assistant's response is in the same language as the reference and aligns with the reference provided.

Rating: [[1]]"
Dans quel pays se trouve Adana ?,Adana est située en **Turquie**.,Turquie,cities,"The assistant's response is in the same language as the reference and aligns with the reference provided.

Rating: [[1]]"
Dans quel pays se trouve Gaziantep ?,Gaziantep se trouve en **Turquie**.,Turquie,cities,"The assistant's response is in the same language as the reference and aligns with the reference provided.

Rating: [[1]]"
Dans quel pays se trouve Konya ?,Konya se trouve en **Turquie**.,Turquie,cities,"The assistant's response is in the same language as the reference and aligns with the reference provided.

Rating: [[1]]"
Dans quel pays se trouve Antalya ?,Antalya se trouve en **Turquie**.,Turquie,cities,"The assistant's response is in the same language as the reference and aligns with the reference provided.

Rating: [[1]]"
Dans quel pays se trouve Kayseri ?,Kayseri se trouve en **Turquie**.,Turquie,cities,"The assistant's response is in the same language as the reference and aligns with the reference provided.

Rating: [[1]]"
Dans quel pays se trouve Mersin ?,Mersin se trouve en **Turquie**.,Turquie,cities,"The assistant's response is in the same language as the reference and aligns with the reference provided.

Rating: [[1]]"
Dans quel pays se trouve Diyarbakir ?,Diyarbakır se trouve en **Turquie**.,Turquie,cities,"The assistant's response is in the same language as the reference and aligns with the reference provided.

Rating: [[1]]"
Dans quel pays se trouve Édirne ?,Édirne se trouve en **Turquie**.,Turquie,cities,"The assistant's response is in the same language as the reference and aligns with the reference provided.

Rating: [[1]]"
Dans quel pays se trouve Malatya ?,Malatya se trouve en **Turquie**.,Turquie,cities,"The assistant's response is in the same language as the reference and aligns with the reference provided.

Rating: [[1]]"
Dans quel pays se trouve Manisa ?,Manisa se trouve en **Turquie**.,Turquie,cities,"The assistant's response is in the same language as the reference and aligns with the reference provided.

Rating: [[1]]"
Dans quel pays se trouve Trabzon ?,Trabzon se trouve en **Turquie**.,Turquie,cities,"The assistant's response is in the same language as the reference and aligns with the reference provided.

Rating: [[1]]"
Dans quel pays se trouve Samsun ?,Samsun se trouve en **Turquie**.,Turquie,cities,"The assistant's response is in the same language as the reference and aligns with the reference provided.

Rating: [[1]]"
Dans quel pays se trouve Denizli ?,Denizli se trouve en **Turquie**.,Turquie,cities,"The assistant's response is in the same language as the reference and aligns with the reference provided.

Rating: [[1]]"
Dans quel pays se trouve Eskişehir ?,Eskişehir se trouve en **Turquie**.,Turquie,cities,"The assistant's response is in the same language as the reference and aligns with the reference provided.

Rating: [[1]]"
Dans quel pays se trouve Hatay ?,Hatay est un province de la **Turquie**.,Turquie,cities,"The assistant's response is in the same language as the reference and aligns with the reference provided.

Rating: [[1]]"
Dans quel pays se trouve Kocaeli ?,Kocaeli est un province de **Turquie**.,Turquie,cities,"The assistant's response is in the same language as the reference and aligns with the reference provided.

Rating: [[1]]"
Dans quel pays se trouve Nairobi ?,Nairobi se trouve au **Kenya**.,Kenya,cities,"The assistant's response is in the same language (French) and aligns with the reference provided.

Rating: [[1]]"
Dans quel pays se trouve Mombasa ?,Mombasa se trouve en **Kenya**.,Kenya,cities,"The assistant's response is in the same language as the question (French) and aligns with the reference provided.

Rating: [[1]]"
Dans quel pays se trouve Kisumu ?,Kisumu se trouve au **Kenya**.,Kenya,cities,"Response: The assistant's response is in the same language as the question and aligns with the reference provided.

Rating: [[1]]"
Dans quel pays se trouve Nakuru ?,Nakuru se trouve au **Kenya**.,Kenya,cities,"The assistant's response is in French and aligns with the reference provided.

Rating: [[3]]"
Dans quel pays se trouve Eldoret ?,Eldoret se trouve au **Kenya**.,Kenya,cities,"The assistant's response is in French and aligns with the reference provided.

Rating: [[3]]"
Dans quel pays se trouve Thika ?,Thika se trouve au **Kenya**.,Kenya,cities,"The assistant's response is in French and aligns with the reference provided.

Rating: [[3]]"
Dans quel pays se trouve Kitale ?,Kitale se trouve au **Kenya**.,Kenya,cities,"The assistant's response is in French and aligns with the reference provided.

Rating: [[3]]"
Dans quel pays se trouve Malindi ?,Malindi se trouve au **Kenya**.,Kenya,cities,"The assistant's response is in French and aligns with the reference provided.

Rating: [[3]]"
Dans quel pays se trouve Garissa ?,Garissa se trouve au **Kenya**.,Kenya,cities,"The assistant's response is in French and aligns with the reference provided.

Rating: [[3]]"
Dans quel pays se trouve Nyeri ?,Nyeri se trouve au **Kenya**.,Kenya,cities,"The assistant's response is in French and aligns with the reference provided.

Rating: [[3]]"
Dans quel pays se trouve Méru ?,Méru se trouve en **France**.,Kenya,cities,"The assistant's response is in a different language (French) and does not align with the reference provided (Kenya).

Rating: [[4]]"
Dans quel pays se trouve Machakos ?,Machakos se trouve au **Kenya**.,Kenya,cities,"The assistant's response is in French and aligns with the reference provided.

Rating: [[3]]"
Dans quel pays se trouve Embu ?,Embu se trouve au **Kenya**.,Kenya,cities,"The assistant's response is in French and aligns with the reference provided.

Rating: [[3]]"
Dans quel pays se trouve Kakamega ?,Kakamega se trouve au **Kenya**.,Kenya,cities,"The assistant's response is in French and aligns with the reference provided.

Rating: [[3]]"
Dans quel pays se trouve Kéricho ?,"Kéricho est un village situé en **France**, dans le département de la **Loire**.",Kenya,cities,"The assistant's response is in a different language (French) and does not align with the reference provided, which is Kenya.

Rating: [[4]]"
Dans quel pays se trouve Nanyuki ?,Nanyuki se trouve au **Kenya**.,Kenya,cities,"The assistant's response is in French and aligns with the reference provided.

Rating: [[3]]"
Dans quel pays se trouve Voi ?,Voi se trouve en **Kenya**.,Kenya,cities,"The assistant's response is in French and aligns with the reference provided.

Rating: [[3]]"
Dans quel pays se trouve Lamu ?,Lamu se trouve en **Kenya**.,Kenya,cities,"The assistant's response is in French and aligns with the reference provided.

Rating: [[3]]"
Dans quel pays se trouve Naivasha ?,Naivasha se trouve au **Kenya**.,Kenya,cities,"The assistant's response is in French and aligns with the reference provided.

Rating: [[3]]"
Dans quel pays se trouve Isiolo ?,Isiolo se trouve au **Kenya**.,Kenya,cities,"The assistant's response is in French and aligns with the reference provided.

Rating: [[3]]"
Dans quel pays se trouve Bangkok ?,Bangkok se trouve en **Thaïlande**.,Thaïlande,cities,"Response: The assistant's response is in the same language as the reference and aligns with the reference provided.

Rating: [[1]]"
Dans quel pays se trouve Chiang Mai ?,Chiang Mai se trouve en **Thaïlande**.,Thaïlande,cities,"The assistant's response is in the same language as the reference and aligns with the reference provided.

Rating: [[1]]"
Dans quel pays se trouve Pattaya ?,Pattaya se trouve en **Thaïlande**.,Thaïlande,cities,"The assistant's response is in the same language as the reference and aligns with the reference provided.

Rating: [[1]]"
Dans quel pays se trouve Phuket ?,Phuket se trouve en **Thaïlande**.,Thaïlande,cities,"The assistant's response is in the same language as the reference and aligns with the reference provided.

Rating: [[1]]"
Dans quel pays se trouve Nakhon Ratchasima ?,Nakhon Ratchasima se trouve en **Thaïlande**.,Thaïlande,cities,"Response: The assistant's response is in the same language as the reference and aligns with the reference provided.

Rating: [[1]]"
Dans quel pays se trouve Hat Yai ?,Hat Yai se trouve en **Thaïlande**.,Thaïlande,cities,"The assistant's response is in the same language as the reference and aligns with the reference provided.

Rating: [[1]]"
Dans quel pays se trouve Udon Thani ?,Udon Thani se trouve en **Thaïlande**.,Thaïlande,cities,"The assistant's response is in the same language as the reference and aligns with the reference provided.

Rating: [[1]]"
Dans quel pays se trouve Khon Kaen ?,Khon Kaen se trouve en **Thaïlande**.,Thaïlande,cities,"The assistant's response is in the same language as the reference and aligns with the reference provided.

Rating: [[1]]"
Dans quel pays se trouve Surat Thani ?,Surat Thani se trouve en **Thaïlande**.,Thaïlande,cities,"The assistant's response is in the same language as the reference and aligns with the reference provided.

Rating: [[1]]"
Dans quel pays se trouve Chiang Rai ?,Chiang Rai se trouve en **Thaïlande**.,Thaïlande,cities,"The assistant's response is in the same language as the reference and aligns with the reference provided.

Rating: [[1]]"
Dans quel pays se trouve Phitsanulok ?,Phitsanulok se trouve en **Thaïlande**.,Thaïlande,cities,"Response: The assistant's response is in the same language as the reference and aligns with the reference provided.

Rating: [[1]]"
Dans quel pays se trouve Sukhothaï ?,Sukhothaï se trouve en **Thaïlande**.,Thaïlande,cities,"The assistant's response is in the same language as the reference and aligns with the reference provided.

Rating: [[1]]"
Dans quel pays se trouve Nakhon Si Thammarat ?,Nakhon Si Thammarat se trouve en **Thaïlande**.,Thaïlande,cities,"The assistant's response is in the same language as the reference and aligns with the reference provided.

Rating: [[1]]"
Dans quel pays se trouve Hua Hin ?,Hua Hin se trouve en **Thaïlande**.,Thaïlande,cities,"The assistant's response is in the same language as the reference and aligns with the reference provided.

Rating: [[1]]"
Dans quel pays se trouve Mae Sot ?,Mae Sot se trouve en **Thaïlande**.,Thaïlande,cities,"The assistant's response is in the same language as the reference and aligns with the reference provided.

Rating: [[1]]"
Dans quel pays se trouve Ratchaburi ?,Ratchaburi se trouve en **Thaïlande**.,Thaïlande,cities,"The assistant's response is in the same language as the reference and aligns with the reference provided.

Rating: [[1]]"
Dans quel pays se trouve Kanchanaburi ?,Kanchanaburi se trouve en **Thaïlande**.,Thaïlande,cities,"The assistant's response is in the same language as the reference and aligns with the reference provided.

Rating: [[1]]"
Dans quel pays se trouve Ubon Ratchathani ?,Ubon Ratchathani se trouve en **Thaïlande**.,Thaïlande,cities,"Response: The assistant's response is in the same language as the reference and aligns with the reference provided.

Rating: [[1]]"
Dans quel pays se trouve Samut Prakan ?,Samut Prakan se trouve en **Thaïlande**.,Thaïlande,cities,"The assistant's response is in the same language as the reference and aligns with the reference provided.

Rating: [[1]]"
Dans quel pays se trouve Prachuap Khiri Khan ?,Prachuap Khiri Khan se trouve en **Thaïlande**.,Thaïlande,cities,"The assistant's response is in the same language as the reference and aligns with the reference provided.

Rating: [[1]]"
George Washington est de quel pays ?,"George Washington est originaire des **États-Unis**. 

Il est considéré comme le père fondateur des États-Unis et a été leur premier président.",États-Unis,politicians,"The assistant's response is in the same language as the reference and aligns with the reference provided.

Rating: [[1]]"
Abraham Lincoln est de quel pays ?,Abraham Lincoln est né aux États-Unis.,États-Unis,politicians,"The assistant's response is in the same language as the reference and aligns with the reference provided.

Rating: [[1]]"
Franklin D. Roosevelt est de quel pays ?,Franklin D. Roosevelt était le président des **États-Unis**.,États-Unis,politicians,"The assistant's response is in the same language as the reference and aligns with the reference.

Rating: [[1]]"
Barack Obama est de quel pays ?,"Barack Obama est américain. 

Il est né à Honolulu, Hawaï, États-Unis.",États-Unis,politicians,"The assistant's response is in the same language as the reference and aligns with the reference provided.

Rating: [[1]]"
Donald Trump est de quel pays ?,Donald Trump est américain. Il est né aux États-Unis et a servi comme 45e président des États-Unis.,États-Unis,politicians,"The assistant's response is in the same language as the reference and aligns with the reference provided.

Rating: [[1]]"
Joe Biden est de quel pays ?,Joe Biden est le président des **États-Unis d'Amérique**.,États-Unis,politicians,"The assistant's response is in the same language as the reference and aligns with the reference provided.

Rating: [[1]]"
Thomas Jefferson est de quel pays ?,"Thomas Jefferson était **américain**. 

Il était le troisième président des États-Unis.",États-Unis,politicians,"The assistant's response is in the same language as the reference and aligns with the reference provided.

Rating: [[1]]"
Théodore Roosevelt est de quel pays ?,Théodore Roosevelt était le **président des États-Unis**.,États-Unis,politicians,"Response: The assistant's response is in the same language as the reference and aligns with the reference.

Rating: [[1]]"
John F. Kennedy est de quel pays ?,John F. Kennedy était le président des **États-Unis**.,États-Unis,politicians,"The assistant's response is in the same language as the reference and aligns with the reference provided.

Rating: [[1]]"
Woodrow Wilson est de quel pays ?,Woodrow Wilson était le **28e président des États-Unis**.,États-Unis,politicians,"The assistant's response is in the same language as the reference and aligns with the reference provided.

Rating: [[1]]"
Mahatma Gandhi est de quel pays ?,Mahatma Gandhi est né en **Inde**.,Inde,politicians,"Response: The assistant's response is in the same language as the reference and aligns with the reference provided.

Rating: [[1]]"
Jawaharlal Nehru est de quel pays ?,"Jawaharlal Nehru est né en **Inde**. 

Il a été le premier Premier ministre de l'Inde après l'indépendance.",Inde,politicians,"The assistant's response is in the same language as the reference and aligns with the reference provided.

Rating: [[1]]"
Indira Gandhi est de quel pays ?,Indira Gandhi est née en Inde et a été la première femme Premier ministre de l'Inde.,Inde,politicians,"Response: The assistant's response is in the same language as the reference and aligns with the reference provided.

Rating: [[1]]"
Narendra Modi est de quel pays ?,Narendra Modi est le Premier ministre de **l'Inde**.,Inde,politicians,"The assistant's response is in the same language as the reference and aligns with the reference provided.

Rating: [[1]]"
Rajiv Gandhi est de quel pays ?,Rajiv Gandhi était le Premier ministre de **l'Inde**.,Inde,politicians,"The assistant's response is in the same language as the reference and aligns with the reference provided.

Rating: [[1]]"
Sardar Vallabhbhai Patel est de quel pays ?,Sardar Vallabhbhai Patel était un leader politique indien.,Inde,politicians,"Response: The assistant's response is in the same language as the reference and aligns with the reference provided.

Rating: [[1]]"
Dr B.R. Ambedkar est de quel pays ?,"Dr. B.R. Ambedkar était **indien**. 

Il est considéré comme le père de la Constitution de l'Inde et un leader important du mouvement pour les droits des Dalits (anciennement appelés ""intouchables"").",Inde,politicians,"The assistant's response is in French and aligns with the reference provided.

Rating: [[3]]"
Atal Bihari Vajpayee est de quel pays ?,Atal Bihari Vajpayee était le Premier ministre de **l'Inde**.,Inde,politicians,"Response: The assistant's response is in the same language as the reference and aligns with the reference provided.

Rating: [[1]]"
Manmohan Singh est de quel pays ?,Manmohan Singh est l'ancien Premier ministre de **l'Inde**.,Inde,politicians,"Response: The assistant's response is in the same language as the reference and aligns with the reference provided.

Rating: [[1]]"
Lal Bahadur Shastri est de quel pays ?,Lal Bahadur Shastri était le **Premier ministre de l'Inde**.,Inde,politicians,"Response: The assistant's response is in the same language as the reference and aligns with the reference provided.

Rating: [[1]]"
Mao Zedong est de quel pays ?,Mao Zedong est originaire de **Chine**.,Chine,politicians,"Response: The assistant's response is in the same language as the reference and aligns with the reference provided.

Rating: [[1]]"
Deng Xiaoping est de quel pays ?,Deng Xiaoping était le dirigeant de la **Chine**.,Chine,politicians,"Response: The assistant's response is in French and aligns with the reference provided.

Rating: [[3]]"
Xi Jinping est de quel pays ?,Xi Jinping est le président de la **Chine**.,Chine,politicians,"Response: The assistant's response is in the same language as the reference and aligns with the reference provided.

Rating: [[1]]"
Zhou Enlai est de quel pays ?,"Zhou Enlai était un homme politique chinois. 

Il a été Premier ministre de la République populaire de Chine de 1949 à 1976.",Chine,politicians,"The assistant's response is in the same language as the reference and aligns with the reference provided.

Rating: [[1]]"
Hu Jintao est de quel pays ?,Hu Jintao est de la **Chine**.,Chine,politicians,"Response: The assistant's response is in the same language as the reference and aligns with the reference provided.

Rating: [[1]]"
Jiang Zemin est de quel pays ?,Jiang Zemin était le président de la **Chine**.,Chine,politicians,"Response: The assistant's response is in the same language as the reference and aligns with the reference provided.

Rating: [[1]]"
Sun Yat-sen est de quel pays ?,Sun Yat-sen est originaire de **Chine**.,Chine,politicians,"Response: The assistant's response is in the same language as the reference and aligns with the reference provided.

Rating: [[1]]"
Li Keqiang est de quel pays ?,Li Keqiang est le Premier ministre de la **Chine**.,Chine,politicians,"Response: The assistant's response is in the same language as the reference and aligns with the reference provided.

Rating: [[1]]"
Wen Jiabao est de quel pays ?,Wen Jiabao est de la **Chine**.,Chine,politicians,"Response: The assistant's response is in the same language as the reference and aligns with the reference provided.

Rating: [[1]]"
Peng Dehuai est de quel pays ?,Peng Dehuai était chinois.,Chine,politicians,"Response: The assistant's response is in the same language as the reference and aligns with the reference provided.

Rating: [[1]]"
Vladimir Lénine est de quel pays ?,Vladimir Lénine est né en **Russie**.,Russie,politicians,"Response: The assistant's response is in the same language as the reference and aligns with the reference provided.

Rating: [[1]]"
Joseph Stalin est de quel pays ?,Joseph Staline était le dirigeant de l'**Union soviétique**.,Russie,politicians,"Response: The assistant's response is in French and aligns with the reference provided, as the Union soviétique (Soviet Union) was led by Joseph Stalin, and the reference is ""Russie"" (Russia), which is part of the Soviet Union.

Rating: [[3]]"
Nikita Khrouchtchev est de quel pays ?,Nikita Khrouchtchev était le Premier ministre de l'**Union soviétique**.,Russie,politicians,"The assistant's response is in French and aligns with the reference provided, as the Union soviétique (Soviet Union) is the correct answer for the country Nikita Khrushchev was from, and the reference is ""Russie"" (Russia), which was part of the Soviet Union.

Rating: [[2]]"
Vladimir Poutine est de quel pays ?,Vladimir Poutine est le président de la **Russie**.,Russie,politicians,"Response: The assistant's response is in the same language as the reference and aligns with the reference provided.

Rating: [[1]]"
Dmitri Medvedev est de quel pays ?,Dmitri Medvedev est de la **Russie**.,Russie,politicians,"The assistant's response is in the same language as the reference and aligns with the reference provided.

Rating: [[1]]"
Léonid Brejnev est de quel pays ?,Léonid Brejnev était le dirigeant de l'**Union soviétique**.,Russie,politicians,"Response: The assistant's response is in the same language as the reference and aligns with the reference, as the Union soviétique (Soviet Union) is the correct answer for the country Léonid Brejnev was from, which is consistent with the reference ""Russie"" (Russia).

Rating: [[1]]"
Mikhaïl Gorbatchev est de quel pays ?,"Mikhaïl Gorbatchev est de la **Russie**. 

Il a été le dernier président de l'Union soviétique.",Russie,politicians,"The assistant's response is in the same language as the reference and aligns with the reference provided.

Rating: [[1]]"
Boris Eltsine est de quel pays ?,Boris Eltsine était le président de la **Russie**.,Russie,politicians,"Response: The assistant's response is in the same language as the reference and aligns with the reference provided.

Rating: [[1]]"
Sergueï Lavrov est de quel pays ?,Sergueï Lavrov est le ministre des Affaires étrangères de la **Russie**.,Russie,politicians,"Response: The assistant's response is in the same language as the reference and aligns with the reference provided.

Rating: [[1]]"
Alexeï Navalny est de quel pays ?,Alexeï Navalny est russe.,Russie,politicians,"Response: The assistant's response is in the same language as the reference and aligns with the reference provided.

Rating: [[1]]"
Ibn Saoud est de quel pays ?,"Ibn Saoud est associé à l'Arabie saoudite. 

Il fait référence à **Ibn Saud**, le fondateur du royaume d'Arabie saoudite, **Abdulaziz Al Saud**.",Arabie Saoudite,politicians,"The assistant's response is in the same language as the reference and aligns with the reference provided.

Rating: [[1]]"
Le roi Fahd est de quel pays ?,Le roi Fahd était le roi de **l'Arabie saoudite**.,Arabie Saoudite,politicians,"Response: The assistant's response is in the same language as the reference and aligns with the reference provided.

Rating: [[1]]"
Roi Abdallah est de quel pays ?,Roi Abdallah est le roi de **Jordanie**.,Arabie Saoudite,politicians,"The assistant's response is in the same language as the reference but does not align with the reference provided, as King Abdullah is the king of Saudi Arabia, not Jordan.

Rating: [[4]]"
Le roi Salman est de quel pays ?,Le roi Salman est le roi de l'**Arabie saoudite**.,Arabie Saoudite,politicians,"Response: The assistant's response is in the same language as the reference and aligns with the reference provided.

Rating: [[1]]"
Mohammed ben Salmane est de quel pays ?,Mohammed ben Salmane est le **prince héritier d'Arabie saoudite**.,Arabie Saoudite,politicians,"Response: The assistant's response is in the same language as the reference and aligns with the reference provided.

Rating: [[1]]"
Prince Fayçal est de quel pays ?,Prince Fayçal est le prince héritier de **l'Arabie saoudite**.,Arabie Saoudite,politicians,"Response: The assistant's response is in the same language as the reference and aligns with the reference provided.

Rating: [[1]]"
Le roi Khalid est de quel pays ?,Le roi Khalid est le roi de **Arabie saoudite**.,Arabie Saoudite,politicians,"Response: The assistant's response is in the same language as the reference and aligns with the reference provided.

Rating: [[1]]"
Le roi Saoud est de quel pays ?,Le roi Saoud est le roi de l'**Arabie saoudite**.,Arabie Saoudite,politicians,"Response: The assistant's response is in the same language as the reference and aligns with the reference provided.

Rating: [[1]]"
Prince Nayef est de quel pays ?,"Prince Nayef est un nom courant dans la famille royale saoudienne. 

Pour savoir de quel pays il s'agit, j'ai besoin de plus d'informations.  

Pouvez-vous me dire :

* **Son nom complet ?**
* **Son titre ?** (ex: Prince héritier, Prince de ...)
* **Quelque chose d'autre sur lui ?** (ex: son rôle politique, un événement auquel il a participé)


Avec plus de détails, je pourrai vous aider à identifier le pays dont il est originaire.",Arabie Saoudite,politicians,"The assistant's response is in the same language as the reference and aligns with the reference by asking for more specific information to accurately identify Prince Nayef. However, it does not directly answer the question, which could be seen as a minor drawback. Despite this, the response is still relevant and seeks to clarify the query, which is a reasonable approach given the potential for multiple individuals with the same name.

Rating: [[1]]"
Prince Sultan est de quel pays ?,"Il est impossible de savoir de quel pays est Prince Sultan sans plus d'informations. 

""Prince Sultan"" est un nom courant dans plusieurs pays arabes, notamment l'Arabie Saoudite, l'Iran et l'Égypte. 

Pourriez-vous me donner plus de contexte ? Par exemple :

* **S'agit-il d'un prince actuel ou historique ?**
* **Y a-t-il d'autres informations sur lui, comme son époque ou sa famille ?**


Avec plus de détails, je pourrais peut-être vous aider à identifier le pays dont il est originaire.",Arabie Saoudite,politicians,"The assistant's response is in French and provides a detailed explanation that aligns with the reference. The assistant correctly indicates that ""Prince Sultan"" could be from several countries and asks for more context to provide a specific answer. This response is appropriate and aligns with the reference provided.

Rating: [[3]]"
Napoléon Bonaparte est de quel pays ?,Napoléon Bonaparte est né en **France**.,France,politicians,"Response: The assistant's response is in the same language as the reference and aligns with the reference provided.

Rating: [[1]]"
Charles de Gaulle est de quel pays ?,Charles de Gaulle est français.,France,politicians,"The assistant's response is in the same language as the reference and aligns with the reference provided.

Rating: [[1]]"
Emmanuel Macron est de quel pays ?,Emmanuel Macron est le président de la **France**.,France,politicians,"The assistant's response is in the same language as the reference and aligns with the reference provided.

Rating: [[1]]"
François Hollande est de quel pays ?,"François Hollande est français. 

Il a été président de la **France** de 2012 à 2017.",France,politicians,"The assistant's response is in the same language as the reference and aligns with the reference provided.

Rating: [[1]]"
Nicolas Sarkozy est de quel pays ?,Nicolas Sarkozy est français.,France,politicians,"The assistant's response is in the same language as the reference and aligns with the reference provided.

Rating: [[1]]"
Jacques Chirac est de quel pays ?,"Jacques Chirac est français. 

Il a été président de la République française de 1995 à 2007.",France,politicians,"The assistant's response is in the same language as the reference and aligns with the reference provided.

Rating: [[1]]"
François Mitterrand est de quel pays ?,François Mitterrand est français. Il a été président de la **France** de 1981 à 1995.,France,politicians,"The assistant's response is in the same language as the reference and aligns with the reference provided.

Rating: [[1]]"
Jean Jaurès est de quel pays ?,Jean Jaurès était **français**.,France,politicians,"Response: The assistant's response is in the same language as the reference and aligns with the reference provided.

Rating: [[1]]"
Georges Clémenceau est de quel pays ?,Georges Clémenceau est français.,France,politicians,"Response: The assistant's response is in the same language as the reference and aligns with the reference provided.

Rating: [[1]]"
Louis XIV est de quel pays ?,Louis XIV est le roi de **France**.,France,politicians,"The assistant's response is in the same language as the reference and aligns with the reference provided.

Rating: [[1]]"
Prithvi Narayan Shah est de quel pays ?,Prithvi Narayan Shah est le fondateur du royaume népalais moderne. Il est donc népalais.,Népal,politicians,"The assistant's response is in French and aligns with the reference provided.

Rating: [[3]]"
Roi Tribhuvan est de quel pays ?,Roi Tribhuvan était le roi du **Népal**.,Népal,politicians,"Response: The assistant's response is in the same language as the reference and aligns with the reference provided.

Rating: [[1]]"
Le roi Mahendra est de quel pays ?,"Le roi Mahendra était le roi du **Népal**. 

Plus précisément, il s'agit de **Mahendra Bir Bikram Shah Dev**, qui a régné sur le Népal de 1955 à 1972.",Népal,politicians,"The assistant's response is in the same language as the reference and aligns with the reference provided.

Rating: [[1]]"
Roi Birendra est de quel pays ?,Roi Birendra était le roi de **Népal**.,Népal,politicians,"Response: The assistant's response is in the same language as the reference and aligns with the reference provided.

Rating: [[1]]"
Gyanendra Shah est de quel pays ?,Gyanendra Shah est le dernier roi de **Népal**.,Népal,politicians,"Response: The assistant's response is in the same language as the reference and aligns with the reference provided.

Rating: [[1]]"
Pushpa Kamal Dahal est de quel pays ?,Pushpa Kamal Dahal est le Premier ministre du **Népal**.,Népal,politicians,"Response: The assistant's response is in the same language as the reference and aligns with the reference provided.

Rating: [[1]]"
Madhav Kumar Népal est de quel pays ?,Madhav Kumar Népal est du **Népal**.,Népal,politicians,"Response: The assistant's response is in the same language as the reference and aligns with the reference provided.

Rating: [[1]]"
Baburam Bhattarai est de quel pays ?,Baburam Bhattarai est né en **Népal**.,Népal,politicians,"Response: The assistant's response is in the same language as the reference and aligns with the reference provided.

Rating: [[1]]"
Sher Bahadur Deuba est de quel pays ?,Sher Bahadur Deuba est le Premier ministre du **Népal**.,Népal,politicians,"Response: The assistant's response is in the same language as the reference and aligns with the reference provided.

Rating: [[1]]"
KP Sharma Oli est de quel pays ?,KP Sharma Oli est le Premier ministre de **Népal**.,Népal,politicians,"Response: The assistant's response is in the same language as the reference and aligns with the reference provided.

Rating: [[1]]"
Empereur Meiji est de quel pays ?,L'Empereur Meiji est l'empereur du **Japon**.,Japon,politicians,"Response: The assistant's response is in the same language as the reference and aligns with the reference provided.

Rating: [[1]]"
L'empereur Hirohito est de quel pays ?,L'empereur Hirohito était l'empereur du **Japon**.,Japon,politicians,"The assistant's response is in the same language as the reference and aligns with the reference provided.

Rating: [[1]]"
Shinzo Abe est de quel pays ?,Shinzo Abe était le Premier ministre du **Japon**.,Japon,politicians,"Response: The assistant's response is in the same language as the reference and aligns with the reference provided.

Rating: [[1]]"
Yoshihide Suga est de quel pays ?,Yoshihide Suga est du **Japon**.,Japon,politicians,"Response: The assistant's response is in the same language as the reference and aligns with the reference provided.

Rating: [[1]]"
Fumio Kishida est de quel pays ?,Fumio Kishida est le Premier ministre du **Japon**.,Japon,politicians,"Response: The assistant's response is in the same language as the reference and aligns with the reference provided.

Rating: [[1]]"
Tokugawa Ieyasu est de quel pays ?,"Tokugawa Ieyasu est un personnage historique **japonais**. 

Il est considéré comme le fondateur du shogunat Tokugawa, qui a régné sur le Japon pendant plus de 250 ans.",Japon,politicians,"Response: The assistant's response is in the same language as the reference and aligns with the reference provided.

Rating: [[1]]"
Hideki Tojo est de quel pays ?,Hideki Tojo était le Premier ministre du **Japon**.,Japon,politicians,"Response: The assistant's response is in the same language as the reference and aligns with the reference provided.

Rating: [[1]]"
Yukio Hatoyama est de quel pays ?,Yukio Hatoyama est du **Japon**.,Japon,politicians,"Response: The assistant's response is in the same language as the reference and aligns with the reference provided.

Rating: [[1]]"
Junichiro Koizumi est de quel pays ?,"Junichiro Koizumi est du **Japon**. 

Il a été le 90e Premier ministre du Japon de 2001 à 2006.",Japon,politicians,"The assistant's response is in the same language as the reference and aligns with the reference provided.

Rating: [[1]]"
Ichiro Ozawa est de quel pays ?,Ichiro Ozawa est **japonais**.,Japon,politicians,"Response: The assistant's response is in the same language as the reference and aligns with the reference provided.

Rating: [[1]]"
Volodymyr Zelensky est de quel pays ?,Volodymyr Zelensky est le président de l'**Ukraine**.,Ukraine,politicians,"Response: The assistant's response is in French and aligns with the reference provided.

Rating: [[3]]"
Petro Porochenko est de quel pays ?,Petro Porochenko est d' **Ukraine**.,Ukraine,politicians,"Response: The assistant's response is in the same language as the question and aligns with the reference provided.

Rating: [[1]]"
Ioulia Timochenko est de quel pays ?,Ioulia Timochenko est d' **Ukraine**.,Ukraine,politicians,"The assistant's response is in French and aligns with the reference provided.

Rating: [[3]]"
Viktor Ianoukovitch est de quel pays ?,Viktor Ianoukovitch est d' **Ukraine**.,Ukraine,politicians,"Response: The assistant's response is in the same language as the question and aligns with the reference provided.

Rating: [[1]]"
Viktor Iouchtchenko est de quel pays ?,Viktor Iouchtchenko est d' **Ukraine**.,Ukraine,politicians,"Response: The assistant's response is in the same language as the question and aligns with the reference provided.

Rating: [[1]]"
Léonid Koutchma est de quel pays ?,Léonid Koutchma est d' **Ukraine**.,Ukraine,politicians,"Response: The assistant's response is in the same language as the question and aligns with the reference provided.

Rating: [[1]]"
Léonid Kravtchouk est de quel pays ?,Léonid Kravtchouk est d' **Ukraine**.,Ukraine,politicians,"Response: The assistant's response is in the same language as the question and aligns with the reference provided.

Rating: [[1]]"
Stepan Bandera est de quel pays ?,Stepan Bandera est né en **Ukraine**.,Ukraine,politicians,"Response: The assistant's response is in French and aligns with the reference provided.

Rating: [[3]]"
Arseni Iatseniouk est de quel pays ?,Arseni Iatseniouk est d' **Ukraine**.,Ukraine,politicians,"Response: The assistant's response is in French and aligns with the reference provided.

Rating: [[2]]"
Dmytro Kuleba est de quel pays ?,Dmytro Kuleba est le ministre des Affaires étrangères de **l'Ukraine**.,Ukraine,politicians,"The assistant's response is in French and aligns with the reference provided.

Rating: [[3]]"
Périclès est de quel pays ?,Périclès était un homme politique et général **grec** de la cité-état d'**Athènes**.,Grèce,politicians,"The assistant's response is in the same language as the reference and aligns with the reference provided.

Rating: [[1]]"
Alexandre le Grand est de quel pays ?,"Alexandre le Grand est né en **Macédoine**. 

Plus précisément, il est né à Pella, la capitale du royaume de Macédoine.",Grèce,politicians,"Response: The assistant's response is in the same language as the reference and aligns with the reference, as Macedonia was indeed part of ancient Greece and is the correct answer to the question about Alexander the Great's origin.

Rating: [[1]]"
Elefthérios Venizélos est de quel pays ?,Elefthérios Venizélos est d' **Grèce**.,Grèce,politicians,"Response: The assistant's response is in the same language as the reference and aligns with the reference provided.

Rating: [[1]]"
Constantin Caramanlis est de quel pays ?,Constantin Caramanlis est de **Grèce**.,Grèce,politicians,"Response: The assistant's response is in the same language as the reference and aligns with the reference provided.

Rating: [[1]]"
Andréas Papandréou est de quel pays ?,Andréas Papandréou est grec.,Grèce,politicians,"Response: The assistant's response is in the same language as the reference and aligns with the reference provided.

Rating: [[1]]"
Alexis Tsipras est de quel pays ?,Alexis Tsipras est le Premier ministre de la **Grèce**.,Grèce,politicians,"The assistant's response is in the same language as the reference and aligns with the reference provided.

Rating: [[1]]"
Kyriakos Mitsotakis est de quel pays ?,Kyriakos Mitsotakis est le Premier ministre de la **Grèce**.,Grèce,politicians,"The assistant's response is in the same language as the reference and aligns with the reference provided.

Rating: [[1]]"
Prokopis Pavlopoulos est de quel pays ?,"Prokopis Pavlopoulos est de **Grèce**. 

Il a été le président de la République hellénique de 2015 à 2020.",Grèce,politicians,"The assistant's response is in the same language as the reference and aligns with the reference provided.

Rating: [[1]]"
Katerina Sakellaropoulou est de quel pays ?,Katerina Sakellaropoulou est la présidente de la **Grèce**.,Grèce,politicians,"Response: The assistant's response is in the same language as the reference and aligns with the reference provided.

Rating: [[1]]"
Ioannis Kapodistrias est de quel pays ?,Ioannis Kapodistrias est originaire de **Grèce**.,Grèce,politicians,"The assistant's response is in the same language as the reference and aligns with the reference provided.

Rating: [[1]]"
Mustafa Kemal Atatürk est de quel pays ?,Mustafa Kemal Atatürk est le fondateur de la République de **Turquie**.,Turquie,politicians,"Response: The assistant's response is in the same language as the reference and aligns with the reference provided.

Rating: [[1]]"
Recep Tayyip Erdogan est de quel pays ?,Recep Tayyip Erdoğan est le président de la **Turquie**.,Turquie,politicians,"The assistant's response is in the same language as the reference and aligns with the reference provided.

Rating: [[1]]"
Abdallah Gül est de quel pays ?,"Abdallah Gül est un homme politique **turc**. 

Il a été le 11e président de la Turquie de 2007 à 2014.",Turquie,politicians,"The assistant's response is in the same language as the reference and aligns with the reference provided.

Rating: [[1]]"
Ahmet Davutoğlu est de quel pays ?,Ahmet Davutoğlu est de **Turquie**.,Turquie,politicians,"The assistant's response is in the same language as the reference and aligns with the reference provided.

Rating: [[1]]"
Ismet Inönü est de quel pays ?,Ismet Inönü était le **président de la Turquie**.,Turquie,politicians,"Response: The assistant's response is in the same language as the reference and aligns with the reference provided.

Rating: [[1]]"
Bülent Ecevit est de quel pays ?,Bülent Ecevit était le Premier ministre de la **Turquie**.,Turquie,politicians,"The assistant's response is in the same language as the reference and aligns with the reference provided.

Rating: [[1]]"
Turgut Özal est de quel pays ?,Turgut Özal est un homme politique turc. Il a été le **président de la Turquie** de 1989 à 1993.,Turquie,politicians,"Response: The assistant's response is in the same language as the reference and aligns with the reference provided.

Rating: [[1]]"
Süleyman Demirel est de quel pays ?,Süleyman Demirel est un homme politique turc.,Turquie,politicians,"Response: The assistant's response is in the same language as the reference and aligns with the reference provided.

Rating: [[1]]"
Kemal Kilicdaroglu est de quel pays ?,"Kemal Kılıçdaroğlu est le leader de l'opposition turque et président du Parti républicain du peuple (CHP). 

Donc, il est de **Turquie**.",Turquie,politicians,"The assistant's response is in French and aligns with the reference provided.

Rating: [[2]]"
Ali Babacan est de quel pays ?,Ali Babacan est de la **Turquie**.,Turquie,politicians,"Response: The assistant's response is in the same language as the reference and aligns with the reference provided.

Rating: [[1]]"
Jomo Kenyatta est de quel pays ?,Jomo Kenyatta est le premier président du **Kenya**.,Kenya,politicians,"Response: The assistant's response is in the same language as the question and aligns with the reference provided.

Rating: [[1]]"
Daniel arap Moi est de quel pays ?,Daniel arap Moi est originaire du **Kenya**.,Kenya,politicians,"The assistant's response is in French and aligns with the reference provided.

Rating: [[3]]"
Mwai Kibaki est de quel pays ?,Mwai Kibaki est du **Kenya**.,Kenya,politicians,"The assistant's response is in the same language as the question (French) and aligns with the reference provided.

Rating: [[1]]"
Uhuru Kenyatta est de quel pays ?,Uhuru Kenyatta est le président du **Kenya**.,Kenya,politicians,"Response: The assistant's response is in French and aligns with the reference provided.

Rating: [[3]]"
William Ruto est de quel pays ?,William Ruto est le président du **Kenya**.,Kenya,politicians,"Response: The assistant's response is in French and aligns with the reference provided.

Rating: [[3]]"
Raila Odinga est de quel pays ?,Raila Odinga est du **Kenya**.,Kenya,politicians,"Response: The assistant's response is in the same language as the question (French) and aligns with the reference provided.

Rating: [[1]]"
Amos Kimunya est de quel pays ?,Amos Kimunya est du **Kenya**.,Kenya,politicians,"The assistant's response is in French and aligns with the reference provided.

Rating: [[3]]"
Tom Mboya est de quel pays ?,Tom Mboya était du **Kenya**.,Kenya,politicians,"Response: The assistant's response is in French and aligns with the reference provided.

Rating: [[3]]"
George Saitoti est de quel pays ?,George Saitoti était le **vice-président du Kenya**.,Kenya,politicians,"The assistant's response is in French and aligns with the reference provided.

Rating: [[3]]"
Martha Karua est de quel pays ?,Martha Karua est du **Kenya**.,Kenya,politicians,"The assistant's response is in French and aligns with the reference provided.

Rating: [[3]]"
Roi Rama IX est de quel pays ?,"Roi Rama IX était le roi de **Thaïlande**. 

Son nom complet était Bhumibol Adulyadej.",Thaïlande,politicians,"The assistant's response is in the same language as the reference and aligns with the reference provided.

Rating: [[1]]"
Le roi Rama X est de quel pays ?,Le roi Rama X est le roi de **Thaïlande**.,Thaïlande,politicians,"The assistant's response is in the same language as the reference and aligns with the reference provided.

Rating: [[1]]"
Prayut Chan-o-cha est de quel pays ?,Prayut Chan-o-cha est le Premier ministre de la **Thaïlande**.,Thaïlande,politicians,"The assistant's response is in the same language as the reference and aligns with the reference provided.

Rating: [[1]]"
Yingluck Shinawatra est de quel pays ?,Yingluck Shinawatra est de la **Thaïlande**.,Thaïlande,politicians,"Response: The assistant's response is in the same language as the reference and aligns with the reference provided.

Rating: [[1]]"
Thaksin Shinawatra est de quel pays ?,Thaksin Shinawatra est de la **Thaïlande**.,Thaïlande,politicians,"Response: The assistant's response is in the same language as the reference and aligns with the reference provided.

Rating: [[1]]"
Abhisit Vejjajiva est de quel pays ?,Abhisit Vejjajiva est de la **Thaïlande**.,Thaïlande,politicians,"Response: The assistant's response is in the same language as the reference and aligns with the reference provided.

Rating: [[1]]"
Sarit Thanarat est de quel pays ?,Sarit Thanarat est de la **Thaïlande**.,Thaïlande,politicians,"The assistant's response is in the same language as the reference and aligns with the reference provided.

Rating: [[1]]"
Prem Tinsulanonda est de quel pays ?,Prem Tinsulanonda était **thaïlandais**.,Thaïlande,politicians,"Response: The assistant's response is in the same language as the reference and aligns with the reference provided.

Rating: [[1]]"
Chuan Leekpai est de quel pays ?,Chuan Leekpai est de la **Thaïlande**.,Thaïlande,politicians,"The assistant's response is in the same language as the reference and aligns with the reference provided.

Rating: [[1]]"
Bhumibol Adulyadej est de quel pays ?,Bhumibol Adulyadej était le roi de **Thaïlande**.,Thaïlande,politicians,"The assistant's response is in the same language as the reference and aligns with the reference provided.

Rating: [[1]]"
Andy Warhol est de quel pays ?,"Andy Warhol est américain. 

Il est né à Pittsburgh, en Pennsylvanie, États-Unis.",États-Unis,artists,"The assistant's response is in French and aligns with the reference provided.

Rating: [[3]]"
Georgia O'Keeffe est de quel pays ?,Georgia O'Keeffe est américaine.,États-Unis,artists,"Response: The assistant's response is in the same language as the reference and aligns with the reference provided.

Rating: [[1]]"
Jean-Michel Basquiat est de quel pays ?,"Jean-Michel Basquiat est américain. 

Il est né à Brooklyn, New York.",États-Unis,artists,"The assistant's response is in French and aligns with the reference provided, as it correctly states that Jean-Michel Basquiat is American and was born in Brooklyn, New York.

Rating: [[1]]"
Jackson Pollock est de quel pays ?,Jackson Pollock était américain.,États-Unis,artists,"The assistant's response is in the same language as the reference and aligns with the reference.

Rating: [[1]]"
Ansel Adams est de quel pays ?,Ansel Adams était américain.,États-Unis,artists,"The assistant's response is in the same language as the reference and aligns with the reference.

Rating: [[1]]"
Mark Rothko est de quel pays ?,"Mark Rothko est né en **Russie**. 

Plus précisément, il est né à Dvinsk, dans l'Empire russe (aujourd'hui Daugavpils, en Lettonie).",États-Unis,artists,"The assistant's response is in the same language as the reference and partially aligns with the reference, as it correctly states that Mark Rothko was born in Russia, which is relevant to the question about his country of origin. However, it does not directly answer the question about which country he is from, which could be interpreted as the United States, where he lived and worked most of his life. Despite this, the response is not entirely unrelated to the reference.

Rating: [[2]]"
Edward Hopper est de quel pays ?,Edward Hopper était américain.,États-Unis,artists,"Response: The assistant's response is in the same language as the reference and aligns with the reference.

Rating: [[1]]"
Roy Lichtenstein est de quel pays ?,Roy Lichtenstein était **américain**.,États-Unis,artists,"The assistant's response is in the same language as the reference and aligns with the reference, as ""américain"" correctly indicates that Roy Lichtenstein is from the United States, which is ""États-Unis"" in French.

Rating: [[1]]"
Norman Rockwell est de quel pays ?,Norman Rockwell était américain.,États-Unis,artists,"Response: The assistant's response is in the same language as the reference and aligns with the reference.

Rating: [[1]]"
Frank Lloyd Wright est de quel pays ?,Frank Lloyd Wright était **américain**.,États-Unis,artists,"The assistant's response is in French and aligns with the reference provided, as ""américain"" is the correct term for someone from the United States in French.

Rating: [[3]]"
Raja Ravi Varma est de quel pays ?,Raja Ravi Varma est d' **Inde**.,Inde,artists,"The assistant's response is in the same language as the reference and aligns with the reference provided.

Rating: [[1]]"
M.F. Hussein est de quel pays ?,M.F. Hussein est d'origine **irakienne**.,Inde,artists,"The assistant's response is in French but does not align with the reference provided, as M.F. Hussein is actually from India, not Iraq.

Rating: [[4]]"
Amrita Sher-Gil est de quel pays ?,"Amrita Sher-Gil était d' **origine indienne**. 

Elle est née en Hongrie d'un père hongrois et d'une mère indienne.",Inde,artists,"The assistant's response is in the same language as the reference and aligns with the reference provided, as it correctly states that Amrita Sher-Gil was of Indian origin.

Rating: [[1]]"
Tyeb Mehta est de quel pays ?,Tyeb Mehta était **indien**.,Inde,artists,"Response: The assistant's response is in the same language as the reference and aligns with the reference.

Rating: [[1]]"
Jamini Roy est de quel pays ?,Jamini Roy est un artiste indien.,Inde,artists,"Response: The assistant's response is in the same language as the reference and aligns with the reference provided.

Rating: [[1]]"
S.H. Raza est de quel pays ?,S.H. Raza était **indien**.,Inde,artists,"Response: The assistant's response is in the same language as the reference and aligns with the reference provided.

Rating: [[1]]"
Anish Kapoor est de quel pays ?,"Anish Kapoor est **britannique**. 

Bien qu'il soit né en Inde, il est devenu citoyen britannique en 1992.",Inde,artists,"The assistant's response is in French and aligns with the reference provided, as it correctly states that Anish Kapoor is British, while also mentioning his Indian origin. 

Rating: [[3]]"
Subodh Gupta est de quel pays ?,Subodh Gupta est **indien**.,Inde,artists,"The assistant's response is in the same language as the reference and aligns with the reference provided.

Rating: [[1]]"
Bikash Bhattacharjee est de quel pays ?,"Je n'ai pas accès aux informations en temps réel, y compris les détails personnels comme la nationalité des individus. 

Pour trouver la nationalité de Bikash Bhattacharjee, je vous suggère de consulter des sources fiables comme :

* **Un moteur de recherche:** Recherchez ""Bikash Bhattacharjee nationality"" sur Google ou un autre moteur de recherche.
* **Son profil LinkedIn:** Si Bikash Bhattacharjee a un profil LinkedIn, sa nationalité pourrait y être indiquée.
* **Des articles de presse ou des biographies:** Recherchez des articles de presse ou des biographies en ligne",Inde,artists,"The assistant's response is in French, which aligns with the reference language, but it does not provide a direct answer to the question. Instead, it suggests methods to find the information. This response is not aligned with the reference content, which is expected to provide a direct answer.

Rating: [[3]]"
Nalini Malani est de quel pays ?,Nalini Malani est indienne.,Inde,artists,"Response: The assistant's response is in the same language as the reference and aligns with the reference provided.

Rating: [[1]]"
Ai Weiwei est de quel pays ?,Ai Weiwei est **chinois**.,Chine,artists,"Response: The assistant's response is in the same language as the reference and aligns with the reference provided.

Rating: [[1]]"
Zhang Daqian est de quel pays ?,Zhang Daqian est de **Chine**.,Chine,artists,"Response: The assistant's response is in the same language as the reference and aligns with the reference provided.

Rating: [[1]]"
Xu Beihong est de quel pays ?,Xu Beihong est de **Chine**.,Chine,artists,"Response: The assistant's response is in the same language as the reference and aligns with the reference provided.

Rating: [[1]]"
Cai Guo-Qiang est de quel pays ?,Cai Guo-Qiang est originaire de **Chine**.,Chine,artists,"Response: The assistant's response is in the same language as the reference and aligns with the reference provided.

Rating: [[1]]"
Huang Yong Ping est de quel pays ?,Huang Yong Ping est de **Chine**.,Chine,artists,"Response: The assistant's response is in the same language as the reference and aligns with the reference provided.

Rating: [[1]]"
Wu Guanzhong est de quel pays ?,Wu Guanzhong est de **Chine**.,Chine,artists,"Response: The assistant's response is in the same language as the reference and aligns with the reference provided.

Rating: [[1]]"
Li Cheng est de quel pays ?,Li Cheng est un peintre chinois.,Chine,artists,"Response: The assistant's response is in the same language as the reference and aligns with the reference provided.

Rating: [[1]]"
Lin Fengmian est de quel pays ?,Lin Fengmian est de **Chine**.,Chine,artists,"Response: The assistant's response is in the same language as the reference and aligns with the reference provided.

Rating: [[1]]"
Yue Minjun est de quel pays ?,Yue Minjun est de **Chine**.,Chine,artists,"Response: The assistant's response is in the same language as the reference and aligns with the reference provided.

Rating: [[1]]"
Fang Lijun est de quel pays ?,Fang Lijun est de **Chine**.,Chine,artists,"Response: The assistant's response is in the same language as the reference and aligns with the reference provided.

Rating: [[1]]"
Vassily Kandinsky est de quel pays ?,Vassily Kandinsky est de **Russie**.,Russie,artists,"Response: The assistant's response is in the same language as the reference and aligns with the reference provided.

Rating: [[1]]"
Kasimir Malevitch est de quel pays ?,Kasimir Malevitch est de **Russie**.,Russie,artists,"Response: The assistant's response is in the same language as the reference and aligns with the reference provided.

Rating: [[1]]"
Marc Chagall est de quel pays ?,Marc Chagall est né en **Russie**.,Russie,artists,"The assistant's response is in the same language as the reference and aligns with the reference provided.

Rating: [[1]]"
Ilia Repine est de quel pays ?,Ilia Repine est de **la Russie**.,Russie,artists,"The assistant's response is in the same language as the reference and aligns with the reference provided.

Rating: [[1]]"
Ivan Chichkine est de quel pays ?,Ivan Chichkine est de **la Russie**.,Russie,artists,"Response: The assistant's response is in the same language as the reference and aligns with the reference provided.

Rating: [[1]]"
Andreï Roublev est de quel pays ?,Andreï Roublev est de **la Russie**.,Russie,artists,"Response: The assistant's response is in the same language as the reference and aligns with the reference provided.

Rating: [[1]]"
Le Lissitzky est de quel pays ?,El Lissitzky était un artiste russe.,Russie,artists,"Response: The assistant's response is in the same language as the reference and aligns with the reference provided.

Rating: [[1]]"
Natalia Gontcharova est de quel pays ?,Natalia Gontcharova est de **Russie**.,Russie,artists,"Response: The assistant's response is in the same language as the reference and aligns with the reference provided.

Rating: [[1]]"
Alexandre Rodtchenko est de quel pays ?,Alexandre Rodtchenko était **russe**.,Russie,artists,"Response: The assistant's response is in the same language as the reference and aligns with the reference provided.

Rating: [[1]]"
Boris Koustodiev est de quel pays ?,Boris Koustodiev est de **la Russie**.,Russie,artists,"The assistant's response is in the same language as the reference and aligns with the reference provided.

Rating: [[1]]"
Ahmed Mater est de quel pays ?,Ahmed Mater est **saoudien**.,Arabie Saoudite,artists,"The assistant's response is in the same language as the reference and aligns with the reference provided.

Rating: [[1]]"
Manal Al Dowayan est de quel pays ?,Manal Al Dowayan est d'**Arabie saoudite**.,Arabie Saoudite,artists,"Response: The assistant's response is in the same language as the reference and aligns with the reference provided.

Rating: [[1]]"
Abdulnasser Gharem est de quel pays ?,Abdulnasser Gharem est un footballeur **qatari**.,Arabie Saoudite,artists,"The assistant's response is in the same language as the reference but does not align with the reference provided, as Abdulnasser Gharem is from Saudi Arabia, not Qatar.

Rating: [[4]]"
Safa Alset est de quel pays ?,"Je n'ai pas accès à des informations en temps réel, y compris des détails personnels comme la nationalité des individus. 

Pour trouver la nationalité de Safa Alset, je vous suggère de consulter des sources fiables comme :

* **Un moteur de recherche:** Recherchez ""Safa Alset nationalité"" sur Google ou un autre moteur de recherche.
* **Ses profils en ligne:** Vérifiez si Safa Alset a des profils sur LinkedIn, Facebook ou Twitter, qui pourraient mentionner sa nationalité.
* **Des articles de presse ou des biographies:** Recherchez des articles de presse ou des",Arabie Saoudite,artists,"The assistant's response is in French, which aligns with the reference, but it does not provide a direct answer to the question. Instead, it suggests methods to find the information. This response is not directly aligned with the reference, as it does not provide the specific information requested.

Rating: [[3]]"
Rashed Al Shashai est de quel pays ?,"Je n'ai pas accès à des informations en temps réel, y compris des détails personnels comme la nationalité des individus. 

Pour trouver la nationalité de Rashed Al Shashai, je vous suggère de consulter des sources fiables comme :

* **Un moteur de recherche:** Essayez de rechercher ""Rashed Al Shashai nationality"" sur Google ou un autre moteur de recherche.
* **Des sites web d'actualités ou de biographies:** Des sites web spécialisés dans les actualités ou les biographies pourraient fournir des informations sur sa nationalité.
* **Ses profils sur les réseaux sociaux:** Si Ras",Arabie Saoudite,artists,"The assistant's response is in French, which aligns with the reference language, but it does not provide a direct answer to the question. Instead, it suggests methods to find the information. This response is not aligned with the reference content, which is simply ""Arabie Saoudite.""

Rating: [[3]]"
Nasser Al-Salem est de quel pays ?,Nasser Al-Salem est un footballeur **koweitien**.,Arabie Saoudite,artists,"The assistant's response is in the same language as the reference but does not align with the reference provided, as it states that Nasser Al-Salem is from Kuwait, not Saudi Arabia.

Rating: [[4]]"
Maha Malluh est de quel pays ?,Maha Malluh est une personnalité publique libanaise.,Arabie Saoudite,artists,"The assistant's response is in the same language as the reference but does not align with the reference provided, as Maha Malluh is from Saudi Arabia, not Lebanon.

Rating: [[4]]"
Ayman Yossri Daydban est de quel pays ?,Ayman Yossri Daydban est **égyptien**.,Arabie Saoudite,artists,"The assistant's response is in the same language as the reference but does not align with the reference provided.

Rating: [[4]]"
Dana Awartani est de quel pays ?,Dana Awartani est **palestinienne**.,Arabie Saoudite,artists,"The assistant's response is in the same language as the reference but does not align with the reference provided.

Rating: [[4]]"
Mohammed Farea est de quel pays ?,"Je n'ai pas accès aux informations en temps réel, y compris les détails personnels comme la nationalité des individus. 

Pour trouver la nationalité de Mohammed Farea, je vous suggère de consulter des sources fiables comme :

* **Des moteurs de recherche:** Utilisez des mots clés précis comme ""Mohammed Farea nationalité"" dans Google, Bing, etc.
* **Des sites web d'actualités:** Recherchez des articles de presse qui mentionnent Mohammed Farea.
* **Des réseaux sociaux:** Vérifiez si Mohammed Farea a un profil public sur des plateformes comme LinkedIn ou Twitter, qui pourraient indiquer",Arabie Saoudite,artists,"The assistant's response is in French, which aligns with the reference, but it does not provide a direct answer to the question. Instead, it suggests ways to find the information. This response is not aligned with the reference, as it does not provide the specific information requested.

Rating: [[4]]"
Claude Monet est de quel pays ?,Claude Monet est français.,France,artists,"The assistant's response is in the same language as the reference and aligns with the reference provided.

Rating: [[1]]"
Paul Cézanne est de quel pays ?,Paul Cézanne est français.,France,artists,"The assistant's response is in the same language as the reference and aligns with the reference provided.

Rating: [[1]]"
Henri Matisse est de quel pays ?,Henri Matisse est français.,France,artists,"The assistant's response is in the same language as the reference and aligns with the reference provided.

Rating: [[1]]"
Édouard Manet est de quel pays ?,Édouard Manet est français.,France,artists,"The assistant's response is in the same language as the reference and aligns with the reference provided.

Rating: [[1]]"
Auguste Rodin est de quel pays ?,Auguste Rodin est français.,France,artists,"The assistant's response is in the same language as the reference and aligns with the reference provided.

Rating: [[1]]"
Georges Seurat est de quel pays ?,Georges Seurat est français.,France,artists,"The assistant's response is in the same language as the reference and aligns with the reference provided.

Rating: [[1]]"
Camille Pissarro est de quel pays ?,Camille Pissarro est né aux **îles Vierges danoises**.,France,artists,"The assistant's response is in the same language as the reference and aligns with the reference, as Camille Pissarro was indeed born in the Danish West Indies (now U.S. Virgin Islands). However, the reference provided is ""France,"" which suggests that the expected answer should be France. Since the assistant's answer does not align with the reference, it should be penalized.

Rating: [[4]]"
Jean-Auguste-Dominique Ingres est de quel pays ?,Jean-Auguste-Dominique Ingres est français.,France,artists,"Response: The assistant's response is in the same language as the reference and aligns with the reference provided.

Rating: [[1]]"
Jean Renoir est de quel pays ?,Jean Renoir est français.,France,artists,"The assistant's response is in the same language as the reference and aligns with the reference provided.

Rating: [[1]]"
Pierre-Auguste Renoir est de quel pays ?,Pierre-Auguste Renoir est français.,France,artists,"Response: The assistant's response is in the same language as the reference and aligns with the reference provided.

Rating: [[1]]"
Araniko est de quel pays ?,"Araniko est un nom communément associé au **Népal**. 

Il fait référence à **Araniko**, un célèbre sculpteur et architecte népalais du XIIIe siècle.",Népal,artists,"The assistant's response is in the same language as the reference and aligns with the reference provided.

Rating: [[1]]"
Lain Singh Bangdel est de quel pays ?,Lain Singh Bangdel est né au **Népal**.,Népal,artists,"Response: The assistant's response is in the same language as the reference and aligns with the reference provided.

Rating: [[1]]"
Rajan Khadka est de quel pays ?,Rajan Khadka est né au **Népal**.,Népal,artists,"Response: The assistant's response is in the same language as the reference and aligns with the reference provided.

Rating: [[1]]"
Sita Shrestha est de quel pays ?,Sita Shrestha est népalais.,Népal,artists,"The assistant's response is in the same language as the reference and aligns with the reference provided.

Rating: [[1]]"
Mithila Yadav est de quel pays ?,"Je n'ai pas accès à des informations en temps réel, y compris des détails personnels comme la nationalité de Mithila Yadav. 

Pour trouver cette information, vous pouvez essayer de :

* **Rechercher sur internet** : Utilisez un moteur de recherche comme Google en tapant ""Mithila Yadav nationality"".
* **Consulter des réseaux sociaux** : Si Mithila Yadav est présent sur des plateformes comme Facebook, Twitter ou LinkedIn, vous pourriez trouver des informations sur son pays d'origine.


J'espère que cela vous aidera !",Népal,artists,"The assistant's response is in French, which aligns with the reference language, but it does not provide a direct answer to the question. Instead, it suggests methods to find the information. This response is not aligned with the reference content, which is simply ""Népal.""

Rating: [[4]]"
Uma Shankar Shah est de quel pays ?,"Je n'ai pas accès à des informations en temps réel, y compris des détails personnels comme la nationalité des individus. 

Pour trouver la nationalité d'Uma Shankar Shah, je vous suggère de consulter des sources fiables comme :

* **Un moteur de recherche:** Essayez de rechercher ""Uma Shankar Shah nationality"" sur Google ou un autre moteur de recherche.
* **Des sites Web biographiques:** Des sites comme Wikipedia ou LinkedIn peuvent fournir des informations sur sa nationalité.
* **Des articles de presse:** Recherchez des articles de presse mentionnant Uma Shankar Shah. 


J'espère que cela vous",Népal,artists,"The assistant's response is in French, which aligns with the reference, but it does not directly answer the question about Uma Shankar Shah's nationality. Instead, it provides suggestions on how to find the information. This response is not aligned with the reference, which indicates that Uma Shankar Shah is from Nepal.

Rating: [[4]]"
Kiran Manandhar est de quel pays ?,Kiran Manandhar est né au **Népal**.,Népal,artists,"The assistant's response is in the same language as the reference and aligns with the reference provided.

Rating: [[1]]"
Hari Prasad Sharma est de quel pays ?,"Je n'ai pas accès aux informations en temps réel, y compris les détails personnels comme la nationalité des individus. 

Pour savoir de quel pays Hari Prasad Sharma est originaire, je vous suggère de consulter une source fiable comme :

* Un moteur de recherche en ligne
* Un site web biographique
* Des réseaux sociaux 


J'espère que cela vous aidera !",Népal,artists,"The assistant's response is in French, which aligns with the reference language, but it does not provide a direct answer to the question about Hari Prasad Sharma's nationality. The response suggests ways to find the information, which is somewhat helpful but not aligned with the reference content.

Rating: [[3]]"
Surendra Man Singh est de quel pays ?,"Je n'ai pas accès à des informations en temps réel, y compris des informations personnelles sur des individus comme Surendra Man Singh. 

Pour trouver le pays d'origine de Surendra Man Singh, je vous suggère de consulter des sources en ligne telles que :

* **Un moteur de recherche** comme Google
* **Des sites Web de réseaux sociaux** comme Facebook, LinkedIn ou Twitter
* **Des bases de données publiques**

N'oubliez pas de toujours vérifier la fiabilité des sources d'information.",Népal,artists,"The assistant's response is in French, which aligns with the reference language, but it does not provide a direct answer to the question. Instead, it suggests methods to find the information. This response is not aligned with the reference content, which is simply ""Népal.""

Rating: [[4]]"
Anil Shahi est de quel pays ?,"Anil Shahi est un nom commun et il existe plusieurs personnes portant ce nom. 

Pour savoir de quel pays est Anil Shahi, j'aurais besoin de plus d'informations, comme :

* **Sa profession:** Est-il un acteur, un politicien, un sportif, etc. ?
* **Son domaine d'activité:** Dans quel domaine travaille-t-il ?
* **Autres détails:** Avez-vous d'autres informations sur lui, comme son âge, sa ville de naissance, etc. ?


Avec plus de détails, je pourrais peut-être vous aider à trouver l'Anil Shahi",Népal,artists,"The assistant's response is in the same language as the reference (French) but does not align with the reference provided, as it does not answer the question about the country Anil Shahi is from. The response asks for more information instead of providing a direct answer.

Rating: [[4]]"
Hokusai est de quel pays ?,Hokusai est japonais.,Japon,artists,"The assistant's response is in the same language as the reference and aligns with the reference provided.

Rating: [[1]]"
Hiroshige est de quel pays ?,Hiroshige est un artiste japonais.,Japon,artists,"Response: The assistant's response is in the same language as the reference and aligns with the reference provided.

Rating: [[1]]"
Takashi Murakami est de quel pays ?,Takashi Murakami est **japonais**.,Japon,artists,"Response: The assistant's response is in the same language as the reference and aligns with the reference provided.

Rating: [[1]]"
Yayoi Kusama est de quel pays ?,Yayoi Kusama est **japonaise**.,Japon,artists,"Response: The assistant's response is in the same language as the reference and aligns with the reference provided.

Rating: [[1]]"
Taro Okamoto est de quel pays ?,Taro Okamoto était un artiste japonais.,Japon,artists,"Response: The assistant's response is in the same language as the reference and aligns with the reference provided.

Rating: [[1]]"
Fujiko Fujio est de quel pays ?,"Fujiko Fujio est un pseudonyme utilisé par deux mangakas japonais :

* **Fujiko F. Fujio** (1934-1996)
* **Fujiko Fujio A** (né en 1934)


Ils sont donc **japonais**.",Japon,artists,"The assistant's response is in the same language as the reference and aligns with the reference provided.

Rating: [[1]]"
Osamu Tezuka est de quel pays ?,Osamu Tezuka est japonais.,Japon,artists,"Response: The assistant's response is in the same language as the reference and aligns with the reference provided.

Rating: [[1]]"
Shigeru Mizuki est de quel pays ?,Shigeru Mizuki est japonais.,Japon,artists,"Response: The assistant's response is in the same language as the reference and aligns with the reference provided.

Rating: [[1]]"
Kenzo Tange est de quel pays ?,Kenzo Tange était **japonais**.,Japon,artists,"Response: The assistant's response is in the same language as the reference and aligns with the reference provided.

Rating: [[1]]"
Yoshitomo Nara est de quel pays ?,Yoshitomo Nara est un artiste japonais.,Japon,artists,"The assistant's response is in French and aligns with the reference provided.

Rating: [[2]]"
Kasimir Malevitch est de quel pays ?,Kasimir Malevitch est de **Russie**.,Ukraine,artists,"The assistant's response is in French but does not align with the reference provided, which is Ukraine.

Rating: [[4]]"
Maria Prymachenko est de quel pays ?,Maria Prymachenko est d' **Ukraine**.,Ukraine,artists,"Response: The assistant's response is in the same language as the question and aligns with the reference provided.

Rating: [[1]]"
Alexandre Archipenko est de quel pays ?,"Alexandre Archipenko est d'origine **ukrainienne**. 

Bien qu'il ait passé une grande partie de sa vie aux États-Unis, il est né en Ukraine (alors partie de l'Empire russe) en 1887.",Ukraine,artists,"Response: The assistant's response is in French and aligns with the reference provided.

Rating: [[3]]"
Ivan Marchuk est de quel pays ?,Ivan Marchuk est d' **Ukraine**.,Ukraine,artists,"Response: The assistant's response is in the same language as the question and aligns with the reference provided.

Rating: [[1]]"
Taras Chevtchenko est de quel pays ?,Taras Chevtchenko est d' **Ukraine**.,Ukraine,artists,"The assistant's response is in French and aligns with the reference provided.

Rating: [[3]]"
Bohdan Soroka est de quel pays ?,"Bohdan Soroka est un **Canadien**. 

Il est né à Winnipeg, au Manitoba, au Canada.",Ukraine,artists,"The assistant's response is in a different language (French) and does not align with the reference provided, which is Ukraine.

Rating: [[4]]"
Mykhailo Boychuk est de quel pays ?,Mykhailo Boychuk est d' **Ukraine**.,Ukraine,artists,"Response: The assistant's response is in the same language as the question and aligns with the reference provided.

Rating: [[1]]"
Oleksandr Murashko est de quel pays ?,Oleksandr Murashko est le ministre de la Santé de **l'Ukraine**.,Ukraine,artists,"Response: The assistant's response is in the same language as the question and aligns with the reference provided.

Rating: [[1]]"
Heorhiy Narbut est de quel pays ?,Heorhiy Narbut est d' **Ukraine**.,Ukraine,artists,"Response: The assistant's response is in French and aligns with the reference provided.

Rating: [[3]]"
Mykola Pymonenko est de quel pays ?,Mykola Pymonenko est d' **Ukraine**.,Ukraine,artists,"The assistant's response is in French and aligns with the reference provided.

Rating: [[3]]"
Phidias est de quel pays ?,"Phidias était un sculpteur **grec**. 

Plus précisément, il était originaire d'**Athènes**, en Grèce antique.",Grèce,artists,"The assistant's response is in French and aligns with the reference provided, as it correctly identifies Phidias as being from Greece (Grèce).

Rating: [[3]]"
Le Greco est de quel pays ?,"Le Greco est **grec**. 

Son vrai nom était **Domenikos Theotokopoulos**, et il est né à **Crète**, une île grecque.",Grèce,artists,"The assistant's response is in the same language as the reference and aligns with the reference provided.

Rating: [[1]]"
Yannis Tsarouchis est de quel pays ?,Yannis Tsarouchis est grec.,Grèce,artists,"The assistant's response is in the same language as the reference and aligns with the reference provided.

Rating: [[1]]"
Constantin Brancusi est de quel pays ?,Constantin Brâncuși est de **Roumanie**.,Grèce,artists,"The assistant's response is in the same language as the reference but does not align with the reference provided, as the reference is ""Grèce"" (Greece) and the answer is ""Roumanie"" (Romania).

Rating: [[4]]"
Nikos Hadjikyriakos-Ghika est de quel pays ?,Nikos Hadjikyriakos-Ghika était **grec**.,Grèce,artists,"The assistant's response is in the same language as the reference and aligns with the reference provided.

Rating: [[1]]"
Panayiotis Vassilakis est de quel pays ?,"Je n'ai pas accès à des informations en temps réel, y compris des détails personnels comme la nationalité des individus. 

Pour trouver la nationalité de Panayiotis Vassilakis, je vous suggère de consulter des sources fiables comme :

* **Un moteur de recherche:** Recherchez ""Panayiotis Vassilakis nationality"" sur Google ou un autre moteur de recherche.
* **Des sites web d'actualités ou de biographies:** Des sites web spécialisés dans les actualités ou les biographies pourraient fournir des informations sur sa nationalité.
* **Ses profils en ligne:** Si Pan",Grèce,artists,"The assistant's response is in French, which aligns with the reference, but it does not provide a direct answer to the question. Instead, it suggests ways to find the information. This response is not aligned with the reference, which indicates that Panayiotis Vassilakis is from Greece.

Rating: [[4]]"
Giorgos Gounaropoulos est de quel pays ?,Giorgos Gounaropoulos est grec.,Grèce,artists,"The assistant's response is in the same language as the reference and aligns with the reference provided.

Rating: [[1]]"
Sophie Vari est de quel pays ?,Sophie Vari est française.,Grèce,artists,"The assistant's response is in the same language as the reference but does not align with the reference provided, as the reference indicates ""Grèce"" (Greece) and the assistant states that Sophie Vari is French.

Rating: [[4]]"
Giannis Moralis est de quel pays ?,Giannis Antetokounmpo est de **Grèce**.,Grèce,artists,"The assistant's response is in the same language as the reference and aligns with the reference, but it mentions Giannis Antetokounmpo instead of Giannis Moralis. However, since the reference is ""Grèce"" and the answer correctly states that the person is from Greece, the alignment is still considered correct.

Rating: [[1]]"
Dimitris Mytaras est de quel pays ?,Dimitris Mytaras est grec.,Grèce,artists,"The assistant's response is in the same language as the reference and aligns with the reference provided.

Rating: [[1]]"
Osman Hamdi Bey est de quel pays ?,Osman Hamdi Bey était **turc**.,Turquie,artists,"The assistant's response is in the same language as the reference and aligns with the reference provided.

Rating: [[1]]"
Dino Abidin est de quel pays ?,Dino Abidin est un **joueur de football indonésien**.,Turquie,artists,"The assistant's response is in a different language (French) and does not align with the reference provided, which is ""Turquie"" (Turkey).

Rating: [[4]]"
Fahrelnissa Zeid est de quel pays ?,Fahrelnissa Zeid était **turque**.,Turquie,artists,"The assistant's response is in French and aligns with the reference provided.

Rating: [[1]]"
Bedri Rahmi Eyüboğlu est de quel pays ?,Bedri Rahmi Eyüboğlu est un poète turc.,Turquie,artists,"Response: The assistant's response is in the same language as the reference and aligns with the reference provided.

Rating: [[1]]"
Burhan Dogançay est de quel pays ?,Burhan Dogançay est **turc**.,Turquie,artists,"The assistant's response is in the same language as the reference and aligns with the reference provided.

Rating: [[1]]"
Ibrahim Cagli est de quel pays ?,"Ibrahim Cagli est un personnage fictif de la série télévisée ""The Crown"". 

Il n'existe pas de personne réelle nommée Ibrahim Cagli.",Turquie,artists,"The assistant's response is in French but does not align with the reference provided, as it incorrectly states that Ibrahim Cagli is a fictional character from ""The Crown"" and does not address the correct country, which should be Turkey.

Rating: [[4]]"
Nouri Iyem est de quel pays ?,"Nouri Iyem est un personnage fictif de la série télévisée ""The Crown"". 

Il n'existe pas de personne réelle nommée Nouri Iyem.",Turquie,artists,"The assistant's response is in French, which aligns with the reference language, but it does not answer the question about Nouri Iyem's country of origin. The response is unrelated to the reference and the question asked.

Rating: [[4]]"
Erol Akyavaş est de quel pays ?,Erol Akyavaş est un **Turc**.,Turquie,artists,"The assistant's response is in the same language as the reference and aligns with the reference provided.

Rating: [[1]]"
Ara Güler est de quel pays ?,Ara Güler était **turc**.,Turquie,artists,"The assistant's response is in French and aligns with the reference provided.

Rating: [[2]]"
Sabiha Rüştü Bozcalı est de quel pays ?,Sabiha Rüştü Bozcalı est un personnage historique turc.,Turquie,artists,"Response: The assistant's response is in the same language as the reference and aligns with the reference provided.

Rating: [[1]]"
Michael Armitage est de quel pays ?,Michael Armitage est **kényan**.,Kenya,artists,"Response: The assistant's response is in the same language as the question and aligns with the reference provided.

Rating: [[1]]"
Wangechi Mutu est de quel pays ?,Wangechi Mutu est **kényane**.,Kenya,artists,"Response: The assistant's response is in French and aligns with the reference provided.

Rating: [[3]]"
Moïse Nyawanda est de quel pays ?,"Je n'ai pas accès à des informations en temps réel, y compris des détails personnels comme la nationalité des individus. 

Pour trouver la nationalité de Moïse Nyawanda, je vous suggère de consulter des sources fiables comme :

* **Un moteur de recherche:** Essayez de rechercher ""Moïse Nyawanda nationalité"" sur Google ou un autre moteur de recherche.
* **Des sites web d'actualités ou de biographies:** Des sites web spécialisés dans l'actualité ou les biographies pourraient fournir des informations sur sa nationalité.
* **Ses profils sur les réseaux sociaux:** Si Moïse",Kenya,artists,"The assistant's response is in French, which aligns with the language of the question, but it does not provide a direct answer to the question. Instead, it suggests ways to find the information. This response does not align with the reference provided, which is ""Kenya.""

Rating: [[4]]"
Cyrus Kabiru est de quel pays ?,Cyrus Kabiru est du **Kenya**.,Kenya,artists,"The assistant's response is in French and aligns with the reference provided.

Rating: [[3]]"
Dennis Muraguri est de quel pays ?,"Je n'ai pas accès à des informations en temps réel, y compris des détails personnels comme la nationalité des individus. 

Pour trouver la nationalité de Dennis Muraguri, je vous suggère de consulter des sources fiables comme :

* **Un moteur de recherche:** Recherchez ""Dennis Muraguri nationality"" sur Google ou un autre moteur de recherche.
* **Ses profils en ligne:** Consultez son profil LinkedIn, Twitter ou Facebook s'il en a un.
* **Des articles de presse ou des biographies:** Recherchez des articles ou des biographies en ligne qui mentionnent Dennis Muraguri. 


J'espère",Kenya,artists,"The assistant's response is in French, which aligns with the question, but it does not provide a direct answer to the question. Instead, it suggests ways to find the information. The response is not unrelated to the reference, but it does not align with the reference by providing the correct answer.

Rating: [[3]]"
Dawelbait El Tayeb est de quel pays ?,Dawelbait El Tayeb est du **Soudan**.,Kenya,artists,"The assistant's response is in French, which is a different language from the reference, but it does not align with the reference provided, as the reference is ""Kenya"" and the answer is ""Soudan"".

Rating: [[4]]"
Tabitha et Thuku est de quel pays ?,"Je n'ai pas accès à des informations en temps réel, y compris des informations sur des personnages fictifs comme Tabitha et Thuku. 

Pour savoir d'où viennent Tabitha et Thuku, vous pourriez :

* **Rechercher sur internet** : Essayez de chercher leur nom sur Google ou sur d'autres moteurs de recherche.
* **Consulter une base de données de personnages fictifs** : Il existe des sites web et des bases de données qui répertorient des personnages fictifs et leurs informations.
* **Demander à quelqu'un qui connaît l'histoire** : Si vous",Kenya,artists,"The assistant's response is in French but does not align with the reference provided. The reference clearly states ""Kenya,"" and the question asks about the country of origin for Tabitha and Thuku, which should be Kenya. The assistant's response does not provide this information and instead suggests ways to find the information, which is unrelated to the reference.

Rating: [[4]]"
Joseph Bertiers est de quel pays ?,"Je n'ai pas accès à des informations en temps réel, y compris des données personnelles comme la nationalité de Joseph Bertiers. 

Pour trouver cette information, je vous suggère de consulter :

* **Un moteur de recherche** comme Google en tapant ""Joseph Bertiers nationalité"".
* **Des sites web spécialisés** dans les biographies ou les annuaires professionnels.
* **Les réseaux sociaux** si vous connaissez son nom d'utilisateur. 


J'espère que cela vous aidera !",Kenya,artists,"The assistant's response is in French, which is a different language from the reference, and it does not provide a direct answer to the question. The assistant suggests methods to find the information but does not align with the reference provided.

Rating: [[4]]"
Maggie Otieno est de quel pays ?,Maggie Otieno est kényane.,Kenya,artists,"The assistant's response is in French and aligns with the reference provided.

Rating: [[3]]"
Patrick Mukabi est de quel pays ?,"Je n'ai pas accès aux informations en temps réel, y compris les détails personnels comme la nationalité des individus. 

Pour trouver la nationalité de Patrick Mukabi, je vous suggère de consulter des sources fiables comme :

* **Un moteur de recherche:** Essayez de rechercher ""Patrick Mukabi nationality"" sur Google ou un autre moteur de recherche.
* **Ses profils en ligne:** Si Patrick Mukabi est présent sur des plateformes comme LinkedIn, Facebook ou Twitter, sa nationalité pourrait y être indiquée.
* **Des articles de presse ou des biographies:** Recherchez des articles de presse ou des biographies",Kenya,artists,"The assistant's response is in French, which aligns with the language of the question, but it does not provide a direct answer to the question about Patrick Mukabi's nationality. Instead, it suggests methods to find the information. This response does not align with the reference provided, which indicates that the correct answer should be Kenya.

Rating: [[4]]"
Chalermchai Kositpipat est de quel pays ?,Chalermchai Kositpipat est de la **Thaïlande**.,Thaïlande,artists,"Response: The assistant's response is in the same language as the reference and aligns with the reference provided.

Rating: [[1]]"
Thawan Duchanee est de quel pays ?,Thawan Duchanee est de la **Thaïlande**.,Thaïlande,artists,"The assistant's response is in the same language as the reference and aligns with the reference provided.

Rating: [[1]]"
Damrong Wong-Uparaj est de quel pays ?,Damrong Wong-Uparaj est de la **Thaïlande**.,Thaïlande,artists,"The assistant's response is in the same language as the reference and aligns with the reference provided.

Rating: [[1]]"
Angkarn Kalayanapong est de quel pays ?,Angkarn Kalayanapong est de la **Thaïlande**.,Thaïlande,artists,"Response: The assistant's response is in the same language as the reference and aligns with the reference provided.

Rating: [[1]]"
Montien Boonma est de quel pays ?,Montien Boonma est de la **Thaïlande**.,Thaïlande,artists,"The assistant's response is in the same language as the reference and aligns with the reference provided.

Rating: [[1]]"
Kamol Tassananchalee est de quel pays ?,Kamol Tassananchalee est de la **Thaïlande**.,Thaïlande,artists,"The assistant's response is in the same language as the reference and aligns with the reference provided.

Rating: [[1]]"
Vasan Sitthiket est de quel pays ?,Vasan Sitthiket est de **Thaïlande**.,Thaïlande,artists,"The assistant's response is in the same language as the reference and aligns with the reference provided.

Rating: [[1]]"
Sirilak Pongdee est de quel pays ?,"Je n'ai pas accès aux informations en temps réel, y compris les détails personnels comme la nationalité des individus. 

Pour trouver la nationalité de Sirilak Pongdee, je vous suggère de consulter des sources fiables comme :

* **Un moteur de recherche:** Recherchez ""Sirilak Pongdee"" sur Google ou un autre moteur de recherche.
* **Les réseaux sociaux:** Consultez les profils de Sirilak Pongdee sur des plateformes comme LinkedIn, Facebook ou Twitter.
* **Des sites web spécialisés:** Si Sirilak Pongdee est une personnalité publique, il existe peut-être des sites web biographiques",Thaïlande,artists,"The assistant's response is in French, which aligns with the reference, but it does not provide a direct answer to the question. Instead, it suggests ways to find the information. This response is not aligned with the reference, as it does not provide the specific information requested.

Rating: [[4]]"
Jitsing Somboon est de quel pays ?,Jitsing Somboon est de **Thaïlande**.,Thaïlande,artists,"The assistant's response is in the same language as the reference and aligns with the reference provided.

Rating: [[1]]"
Vinyaratn de Ploenchan est de quel pays ?,Vinyaratn de Ploenchan est de **Thaïlande**.,Thaïlande,artists,"The assistant's response is in the same language as the reference and aligns with the reference provided.

Rating: [[1]]"
Dans quel pays se trouve Statue de la liberté ?,"La Statue de la Liberté se trouve aux **États-Unis**. 

Plus précisément, elle est située sur l'île Liberty, dans la baie de New York.",États-Unis,lakes,"The assistant's response is in the same language as the reference and aligns with the reference provided.

Rating: [[1]]"
Dans quel pays se trouve Grand Canyon ?,Le Grand Canyon se trouve aux États-Unis.,États-Unis,lakes,"The assistant's response is in the same language as the reference and aligns with the reference provided.

Rating: [[1]]"
Dans quel pays se trouve Mont Rushmore ?,"Mont Rushmore se trouve aux États-Unis, dans le Dakota du Sud.",États-Unis,lakes,"The assistant's response is in the same language as the reference and aligns with the reference provided.

Rating: [[1]]"
Dans quel pays se trouve Le pont du Golden Gate ?,"Le pont du Golden Gate se trouve aux États-Unis, à **San Francisco**, en Californie.",États-Unis,lakes,"The assistant's response is in the same language as the reference and aligns with the reference provided, as it correctly states that the Golden Gate Bridge is located in the United States, specifically in San Francisco, California.

Rating: [[1]]"
Dans quel pays se trouve Parc national de Yellowstone ?,Le Parc national de Yellowstone se trouve aux États-Unis.,États-Unis,lakes,"The assistant's response is in the same language as the reference and aligns with the reference provided.

Rating: [[1]]"
Dans quel pays se trouve Empire State Building ?,"L'Empire State Building se trouve aux **États-Unis**, à New York.",États-Unis,lakes,"The assistant's response is in the same language as the reference and aligns with the reference provided.

Rating: [[1]]"
Dans quel pays se trouve Times Square ?,"Times Square se trouve à **New York**, aux **États-Unis**.",États-Unis,lakes,"The assistant's response is in the same language as the reference and aligns with the reference provided.

Rating: [[1]]"
Dans quel pays se trouve Panneau Hollywood ?,"Le panneau Hollywood se trouve aux États-Unis, à Los Angeles, en Californie.",États-Unis,lakes,"The assistant's response is in the same language as the reference and aligns with the reference provided.

Rating: [[1]]"
Dans quel pays se trouve Walt Disney World ?,"Walt Disney World se trouve aux États-Unis, en Floride.",États-Unis,lakes,"The assistant's response is in the same language as the reference and aligns with the reference provided.

Rating: [[1]]"
Dans quel pays se trouve Chutes du Niagara ?,Les chutes du Niagara se trouvent à la frontière entre le **Canada** et les **États-Unis**.,États-Unis,lakes,"The assistant's response is in the same language as the reference and aligns with the reference, as it correctly states that the Niagara Falls are located on the border between Canada and the United States.

Rating: [[1]]"
Dans quel pays se trouve Taj Mahal ?,Le Taj Mahal se trouve en **Inde**.,Inde,lakes,"The assistant's response is in the same language as the reference and aligns with the reference provided.

Rating: [[1]]"
Dans quel pays se trouve Fort Rouge ?,"Fort Rouge se trouve au **Canada**, dans la province du **Manitoba**.",Inde,lakes,"The assistant's response is in French, which aligns with the reference language, but the content is incorrect as Fort Rouge is not in Canada. It is in India.

Rating: [[4]]"
Dans quel pays se trouve Porte d'entrée de l'Inde ?,"La Porte d'entrée de l'Inde se trouve en **Inde**. 

Plus précisément, elle est située à **New Delhi**.",Inde,lakes,"The assistant's response is in the same language as the reference and aligns with the reference. However, there is a factual error in the response. The Gateway of India is located in Mumbai, not New Delhi. Despite this, the primary criteria for scoring are language and alignment with the reference, not factual accuracy. Therefore, the score should be:

Rating: [[1]]"
Dans quel pays se trouve Porte de l'Inde ?,La Porte de l'Inde se trouve en **Inde**.,Inde,lakes,"The assistant's response is in the same language as the reference and aligns with the reference provided.

Rating: [[1]]"
Dans quel pays se trouve Qutub Minar ?,Qutub Minar se trouve en **Inde**.,Inde,lakes,"The assistant's response is in the same language as the reference and aligns with the reference provided.

Rating: [[1]]"
Dans quel pays se trouve Hawa Mahal ?,"Hawa Mahal se trouve en **Inde**. 

Plus précisément, il est situé à **Jaipur**, dans l'état du Rajasthan.",Inde,lakes,"The assistant's response is in the same language as the reference and aligns with the reference provided.

Rating: [[1]]"
Dans quel pays se trouve Temple du Lotus ?,"Le Temple du Lotus se trouve à **Viêt Nam**, à Hanoi.",Inde,lakes,"The assistant's response is in French but does not align with the reference provided, as the Lotus Temple is located in India, not Vietnam.

Rating: [[4]]"
Dans quel pays se trouve Charminar ?,"Charminar se trouve en **Inde**, dans la ville de **Hyderabad**, dans l'état du Telangana.",Inde,lakes,"The assistant's response is in the same language as the reference and aligns with the reference provided.

Rating: [[1]]"
Dans quel pays se trouve Temple d'or ?,"Le Temple d'or se trouve au **Thaïlande**. 

Il s'agit du **Wat Arun**, un temple bouddhiste situé à Bangkok.",Inde,lakes,"The assistant's response is in the same language as the reference but does not align with the reference provided. The Golden Temple (Harmandir Sahib) is located in India, not Thailand.

Rating: [[4]]"
Dans quel pays se trouve Temple de Meenakshi ?,"Le temple de Meenakshi se trouve en **Inde**, dans la ville de Madurai, dans l'état du Tamil Nadu.",Inde,lakes,"The assistant's response is in the same language as the reference and aligns with the reference provided.

Rating: [[1]]"
Dans quel pays se trouve Grande Muraille de Chine ?,La Grande Muraille de Chine se trouve en **Chine**.,Chine,lakes,"Response: The assistant's response is in the same language as the reference and aligns with the reference provided.

Rating: [[1]]"
Dans quel pays se trouve Cité interdite ?,"La Cité Interdite se trouve en **Chine**. 

Plus précisément, elle est située à **Pékin**.",Chine,lakes,"The assistant's response is in the same language as the reference and aligns with the reference provided.

Rating: [[1]]"
Dans quel pays se trouve Armée de terre cuite ?,"L'Armée de terre cuite se trouve en **Chine**. 

Plus précisément, elle est située près de la ville de Xi'an, dans la province du Shaanxi.",Chine,lakes,"The assistant's response is in the same language as the reference and aligns with the reference provided.

Rating: [[1]]"
Dans quel pays se trouve Le Bund ?,"Le Bund se trouve en **Chine**, à **Shanghai**.",Chine,lakes,"Response: The assistant's response is in the same language as the reference and aligns with the reference provided.

Rating: [[1]]"
Dans quel pays se trouve Mont Everest ?,Le Mont Everest se trouve à la frontière entre le **Népal** et la **Chine**.,Chine,lakes,"The assistant's response is in the same language as the reference and aligns with the reference, as it correctly states that Mount Everest is located on the border between Nepal and China.

Rating: [[1]]"
Dans quel pays se trouve Parc forestier national de Zhangjiajie ?,Le Parc forestier national de Zhangjiajie se trouve en **Chine**.,Chine,lakes,"Response: The assistant's response is in the same language as the reference and aligns with the reference provided.

Rating: [[1]]"
Dans quel pays se trouve Palais d'été ?,"Le Palais d'été se trouve en **Russie**. 

Plus précisément, il est situé à **Saint-Pétersbourg**.",Chine,lakes,"The assistant's response is in the same language (French) but does not align with the reference provided, as the Summer Palace is located in China, not Russia.

Rating: [[4]]"
Dans quel pays se trouve Lac de l'Ouest ?,Le Lac de l'Ouest se trouve en **Canada**.,Chine,lakes,"The assistant's response is in the same language (French) but does not align with the reference provided, which indicates that the correct answer should be China.

Rating: [[4]]"
Dans quel pays se trouve Palais du Potala ?,"Le Palais du Potala se trouve au **Tibet**, en **Chine**.",Chine,lakes,"Response: The assistant's response is in the same language as the reference and aligns with the reference provided.

Rating: [[1]]"
Dans quel pays se trouve Jardin Yuyuan ?,"Jardin Yuyuan se trouve en **Chine**. 

Plus précisément, il est situé à **Shanghai**.",Chine,lakes,"The assistant's response is in French and aligns with the reference provided.

Rating: [[3]]"
Dans quel pays se trouve Place Rouge ?,"La Place Rouge se trouve en **Russie**, à Moscou.",Russie,lakes,"The assistant's response is in the same language as the reference and aligns with the reference provided.

Rating: [[1]]"
Dans quel pays se trouve kremlin ?,"Le Kremlin se trouve en **Russie**. 

Plus précisément, il est situé à Moscou, la capitale du pays.",Russie,lakes,"The assistant's response is in French and aligns with the reference provided.

Rating: [[3]]"
Dans quel pays se trouve Cathédrale Saint-Basile ?,"La Cathédrale Saint-Basile se trouve en **Russie**, à Moscou.",Russie,lakes,"Response: The assistant's response is in the same language as the reference and aligns with the reference provided.

Rating: [[1]]"
Dans quel pays se trouve Musée de l'Ermitage ?,"Le Musée de l'Ermitage se trouve en **Russie**, à Saint-Pétersbourg.",Russie,lakes,"The assistant's response is in the same language as the reference and aligns with the reference provided.

Rating: [[1]]"
Dans quel pays se trouve Lac Baïkal ?,Le lac Baïkal se trouve en **Russie**.,Russie,lakes,"The assistant's response is in the same language as the reference and aligns with the reference provided.

Rating: [[1]]"
Dans quel pays se trouve Palais de Peterhof ?,"Le Palais de Peterhof se trouve en **Russie**. 

Plus précisément, il est situé près de Saint-Pétersbourg.",Russie,lakes,"The assistant's response is in French and aligns with the reference provided.

Rating: [[2]]"
Dans quel pays se trouve Chemin de fer transsibérien ?,Le Chemin de fer transsibérien se trouve en **Russie**.,Russie,lakes,"The assistant's response is in the same language as the reference and aligns with the reference provided.

Rating: [[1]]"
Dans quel pays se trouve Théâtre du Bolchoï ?,"Le Théâtre du Bolchoï se trouve en **Russie**, à Moscou.",Russie,lakes,"The assistant's response is in the same language as the reference and aligns with the reference provided.

Rating: [[1]]"
Dans quel pays se trouve Palais Catherine ?,"Le Palais Catherine se trouve en **Russie**. 

Plus précisément, il est situé à **Saint-Pétersbourg**.",Russie,lakes,"The assistant's response is in French and aligns with the reference provided. The additional detail about the specific location within Russia is also accurate and relevant.

Rating: [[2]]"
Dans quel pays se trouve Parc olympique de Sotchi ?,Le Parc olympique de Sotchi se trouve en **Russie**.,Russie,lakes,"Response: The assistant's response is in the same language as the reference and aligns with the reference provided.

Rating: [[1]]"
Dans quel pays se trouve Kaaba ?,"La Kaaba se trouve en **Arabie Saoudite**. 

Elle est située à La Mecque, la deuxième ville la plus sainte de l'Islam après Médine.",Arabie Saoudite,lakes,"The assistant's response is in the same language as the reference and aligns with the reference provided.

Rating: [[1]]"
Dans quel pays se trouve Mosquée du Prophète ?,"La Mosquée du Prophète se trouve en **Arabie Saoudite**, à Médine.",Arabie Saoudite,lakes,"The assistant's response is in the same language as the reference and aligns with the reference provided.

Rating: [[1]]"
Dans quel pays se trouve Al-Ula ?,Al-Ula se trouve en **Arabie saoudite**.,Arabie Saoudite,lakes,"The assistant's response is in the same language as the reference and aligns with the reference provided.

Rating: [[1]]"
Dans quel pays se trouve Centre du Royaume ?,Le Centre du Royaume est situé au **Royaume-Uni**.,Arabie Saoudite,lakes,"The assistant's response is in the same language (French) but does not align with the reference provided, which is ""Arabie Saoudite"" (Saudi Arabia).

Rating: [[4]]"
Dans quel pays se trouve Tour Faisaliah ?,Tour Faisaliah se trouve en **Arabie saoudite**.,Arabie Saoudite,lakes,"Response: The assistant's response is in the same language as the reference and aligns with the reference provided.

Rating: [[1]]"
Dans quel pays se trouve Le bout du monde ?,"""Le bout du monde"" n'est pas un lieu géographique précis. 

C'est une expression qui peut se référer à :

* **Un endroit isolé et éloigné:**  On peut l'utiliser pour décrire un lieu qui semble très loin de tout, comme une île déserte ou un village au bout d'une route.
* **Un sentiment d'être à la limite de quelque chose:**  On peut dire ""j'ai l'impression d'être au bout du monde"" lorsqu'on se sent seul, perdu ou désemparé.

Donc, il n'y a pas",Arabie Saoudite,lakes,"The assistant's response is in French, which aligns with the reference, but it does not directly answer the question about the country where ""Le bout du monde"" is located. The response provides a general explanation of the phrase, which is somewhat related but not a direct answer to the specific question asked.

Rating: [[3]]"
Dans quel pays se trouve Corniche de Djeddah ?,La Corniche de Djeddah se trouve en **Arabie Saoudite**.,Arabie Saoudite,lakes,"Response: The assistant's response is in the same language as the reference and aligns with the reference provided.

Rating: [[1]]"
Dans quel pays se trouve Mada'in Saleh ?,Mada'in Saleh se trouve en **Arabie saoudite**.,Arabie Saoudite,lakes,"Response: The assistant's response is in the same language as the reference and aligns with the reference provided.

Rating: [[1]]"
Dans quel pays se trouve Abraj Al Bait ?,"Abraj Al Bait se trouve en **Arabie Saoudite**. 

Plus précisément, il est situé à **La Mecque**.",Arabie Saoudite,lakes,"The assistant's response is in French and aligns with the reference provided.

Rating: [[2]]"
Dans quel pays se trouve Al Balad ?,"Al Balad se trouve en **Arabie saoudite**. 

Plus précisément, c'est le nom du centre historique de la ville de **Djeddah**.",Arabie Saoudite,lakes,"The assistant's response is in the same language as the reference and aligns with the reference provided.

Rating: [[1]]"
Dans quel pays se trouve Tour Eiffel ?,La Tour Eiffel se trouve en **France**.,France,lakes,"The assistant's response is in the same language as the reference and aligns with the reference provided.

Rating: [[1]]"
Dans quel pays se trouve Musée du Louvre ?,"Le Musée du Louvre se trouve en **France**, à Paris.",France,lakes,"Response: The assistant's response is in the same language as the reference and aligns with the reference provided.

Rating: [[1]]"
Dans quel pays se trouve Cathédrale Notre-Dame ?,"La Cathédrale Notre-Dame se trouve en **France**, à Paris.",France,lakes,"Response: The assistant's response is in the same language as the reference and aligns with the reference provided.

Rating: [[1]]"
Dans quel pays se trouve Château de Versailles ?,Le Château de Versailles se trouve en **France**.,France,lakes,"The assistant's response is in the same language as the reference and aligns with the reference provided.

Rating: [[1]]"
Dans quel pays se trouve Mont Saint-Michel ?,Mont Saint-Michel se trouve en **France**.,France,lakes,"The assistant's response is in the same language as the reference and aligns with the reference provided.

Rating: [[1]]"
Dans quel pays se trouve Château de Chambord ?,Le Château de Chambord se trouve en **France**.,France,lakes,"The assistant's response is in the same language as the reference and aligns with the reference provided.

Rating: [[1]]"
Dans quel pays se trouve Pont du Gard ?,Le Pont du Gard se trouve en **France**.,France,lakes,"The assistant's response is in the same language as the reference and aligns with the reference provided.

Rating: [[1]]"
Dans quel pays se trouve Sainte-Chapelle ?,"Sainte-Chapelle se trouve en **France**, à Paris.",France,lakes,"Response: The assistant's response is in the same language as the reference and aligns with the reference provided.

Rating: [[1]]"
Dans quel pays se trouve Arc de Triomphe ?,"L'Arc de Triomphe se trouve en **France**, à Paris.",France,lakes,"Response: The assistant's response is in the same language as the reference and aligns with the reference provided.

Rating: [[1]]"
Dans quel pays se trouve Disneyland Paris ?,Disneyland Paris se trouve en **France**.,France,lakes,"The assistant's response is in the same language as the reference and aligns with the reference provided.

Rating: [[1]]"
Dans quel pays se trouve Mont Everest ?,Le Mont Everest se trouve à la frontière entre le **Népal** et la **Chine**.,Népal,lakes,"Response: The assistant's response is in the same language as the reference and aligns with the reference provided, as it correctly states that Mount Everest is located on the border between Nepal and China.

Rating: [[1]]"
Dans quel pays se trouve Temple de Pashupatinath ?,Le temple de Pashupatinath se trouve au **Népal**.,Népal,lakes,"Response: The assistant's response is in the same language as the reference and aligns with the reference provided.

Rating: [[1]]"
Dans quel pays se trouve Stupa de Bodnath ?,Le Stupa de Boudhanath se trouve au **Népal**.,Népal,lakes,"Response: The assistant's response is in the same language as the reference and aligns with the reference provided.

Rating: [[1]]"
Dans quel pays se trouve Stupa de Swayambhunath ?,Le Stupa de Swayambhunath se trouve au **Népal**.,Népal,lakes,"Response: The assistant's response is in the same language as the reference and aligns with the reference provided.

Rating: [[1]]"
Dans quel pays se trouve Place Durbar ?,Place Durbar se trouve au **Népal**.,Népal,lakes,"Response: The assistant's response is in the same language as the reference and aligns with the reference provided.

Rating: [[1]]"
Dans quel pays se trouve Vallée de Pokhara ?,La Vallée de Pokhara se trouve au **Népal**.,Népal,lakes,"Response: The assistant's response is in the same language as the reference and aligns with the reference provided.

Rating: [[1]]"
Dans quel pays se trouve Parc national de Chitwan ?,Le Parc national de Chitwan se trouve au **Népal**.,Népal,lakes,"Response: The assistant's response is in the same language as the reference and aligns with the reference provided.

Rating: [[1]]"
Dans quel pays se trouve Lumbini ?,Lumbini se trouve au **Népal**.,Népal,lakes,"The assistant's response is in the same language as the reference and aligns with the reference provided.

Rating: [[1]]"
Dans quel pays se trouve Lac Gosaikunda ?,Le lac Gosaikunda se trouve au **Népal**.,Népal,lakes,"Response: The assistant's response is in the same language as the reference and aligns with the reference provided.

Rating: [[1]]"
Dans quel pays se trouve Place Durbar de Bhaktapur ?,La Place Durbar de Bhaktapur se trouve au **Népal**.,Népal,lakes,"Response: The assistant's response is in the same language as the reference and aligns with the reference provided.

Rating: [[1]]"
Dans quel pays se trouve Mont Fuji ?,Le Mont Fuji se trouve au **Japon**.,Japon,lakes,"The assistant's response is in the same language as the reference and aligns with the reference provided.

Rating: [[1]]"
Dans quel pays se trouve Tour de Tokyo ?,La Tour de Tokyo se trouve au **Japon**.,Japon,lakes,"Response: The assistant's response is in the same language as the reference and aligns with the reference provided.

Rating: [[1]]"
Dans quel pays se trouve Sanctuaire Fushimi Inari ?,Le Sanctuaire Fushimi Inari se trouve au **Japon**.,Japon,lakes,"Response: The assistant's response is in the same language as the reference and aligns with the reference provided.

Rating: [[1]]"
Dans quel pays se trouve Forêt de bambous d'Arashiyama ?,"La Forêt de bambous d'Arashiyama se trouve au **Japon**, dans la ville de Kyoto.",Japon,lakes,"The assistant's response is in the same language as the reference and aligns with the reference provided.

Rating: [[1]]"
Dans quel pays se trouve Château d'Osaka ?,Le Château d'Osaka se trouve au **Japon**.,Japon,lakes,"Response: The assistant's response is in the same language as the reference and aligns with the reference provided.

Rating: [[1]]"
Dans quel pays se trouve Château de Himeji ?,Le Château de Himeji se trouve au **Japon**.,Japon,lakes,"Response: The assistant's response is in the same language as the reference and aligns with the reference provided.

Rating: [[1]]"
Dans quel pays se trouve Le Shinjuku Gyoen ?,"Le Shinjuku Gyoen se trouve au **Japon**, à Tokyo.",Japon,lakes,"The assistant's response is in French and aligns with the reference provided.

Rating: [[3]]"
Dans quel pays se trouve Sanctuaire d'Itsukushima ?,"Le Sanctuaire d'Itsukushima se trouve au **Japon**. 

Plus précisément, il est situé sur l'île d'Itsukushima dans la préfecture d'Hiroshima.",Japon,lakes,"The assistant's response is in French and aligns with the reference provided.

Rating: [[2]]"
Dans quel pays se trouve Quartier de Gion ?,"Le quartier de Gion se trouve au **Japon**, à Kyoto.",Japon,lakes,"Response: The assistant's response is in the same language as the reference and aligns with the reference provided.

Rating: [[1]]"
Dans quel pays se trouve Parc de Nara ?,Le Parc de Nara se trouve au **Japon**.,Japon,lakes,"Response: The assistant's response is in the same language as the reference and aligns with the reference provided.

Rating: [[1]]"
Dans quel pays se trouve Cathédrale Sainte-Sophie ?,"La Cathédrale Sainte-Sophie se trouve en **Turquie**. 

Elle est située à Istanbul.",Ukraine,lakes,"The assistant's response is in French, which aligns with the question, but the information provided does not align with the reference. The reference is Ukraine, but the assistant mentions Turquie (Turkey).

Rating: [[4]]"
Dans quel pays se trouve Laure des Grottes de Kiev ?,Laure des Grottes de Kiev se trouve en **Ukraine**.,Ukraine,lakes,"Response: The assistant's response is in French and aligns with the reference provided.

Rating: [[3]]"
Dans quel pays se trouve Vieille ville de Lviv ?,La Vieille ville de Lviv se trouve en **Ukraine**.,Ukraine,lakes,"Response: The assistant's response is in French and aligns with the reference provided.

Rating: [[3]]"
Dans quel pays se trouve L'escalier Potemkine ?,"L'escalier Potemkine se trouve en **Ukraine**, à Odessa.",Ukraine,lakes,"Response: The assistant's response is in French and aligns with the reference provided.

Rating: [[3]]"
Dans quel pays se trouve Tunnel de l'amour ?,"Le Tunnel de l'amour se trouve en **France**, dans la région de la **Normandie**.",Ukraine,lakes,"The assistant's response is in French but does not align with the reference provided, as the Tunnel of Love is actually located in Ukraine, not France.

Rating: [[4]]"
Dans quel pays se trouve Les Carpates ?,"Les Carpates se trouvent en **Europe centrale et orientale**. 

Plus précisément, elles s'étendent sur une grande partie de :

* **Europe centrale:** Pologne, Slovaquie, Hongrie, Roumanie
* **Europe orientale:** Ukraine, Moldavie, Serbie, Bulgarie, Croatie, République tchèque, Autriche",Ukraine,lakes,"The assistant's response is in French and aligns with the reference provided, as it correctly identifies the location of the Carpathian Mountains in central and eastern Europe, including Ukraine.

Rating: [[3]]"
Dans quel pays se trouve Zone d'exclusion de Tchernobyl ?,La Zone d'exclusion de Tchernobyl se trouve en **Ukraine**.,Ukraine,lakes,"Response: The assistant's response is in the same language as the question and aligns with the reference provided.

Rating: [[1]]"
Dans quel pays se trouve Parc Mariinsky ?,"Le Parc Mariinsky se trouve en **Russie**. 

Plus précisément, il est situé à Saint-Pétersbourg.",Ukraine,lakes,"The assistant's response is in French, which aligns with the question, but the information provided does not align with the reference. The reference indicates that the correct answer should be Ukraine, not Russia.

Rating: [[4]]"
Dans quel pays se trouve Forteresse de Khotin ?,La Forteresse de Khotin se trouve en **Moldavie**.,Ukraine,lakes,"The assistant's response is in French, which is a different language from the reference, and it does not align with the reference provided, as it states that the Forteresse de Khotin is in Moldova, not Ukraine.

Rating: [[4]]"
Dans quel pays se trouve Musée de la Pyssanka ?,Le Musée de la Pyssanka se trouve en **Ukraine**.,Ukraine,lakes,"The assistant's response is in French and aligns with the reference provided.

Rating: [[3]]"
Dans quel pays se trouve Acropole d'Athènes ?,L'Acropole d'Athènes se trouve en **Grèce**.,Grèce,lakes,"Response: The assistant's response is in the same language as the reference and aligns with the reference provided.

Rating: [[1]]"
Dans quel pays se trouve Parthénon ?,"Le Parthénon se trouve en **Grèce**. 

Plus précisément, il est situé sur l'Acropole d'Athènes.",Grèce,lakes,"The assistant's response is in the same language as the reference and aligns with the reference provided.

Rating: [[1]]"
Dans quel pays se trouve Ruines de Delphes ?,Les ruines de Delphes se trouvent en **Grèce**.,Grèce,lakes,"Response: The assistant's response is in the same language as the reference and aligns with the reference provided.

Rating: [[1]]"
Dans quel pays se trouve Caldeira de Santorin ?,La Caldeira de Santorin se trouve en **Grèce**.,Grèce,lakes,"Response: The assistant's response is in the same language as the reference and aligns with the reference provided.

Rating: [[1]]"
Dans quel pays se trouve Moulins à vent de Mykonos ?,Les moulins à vent de Mykonos se trouvent en **Grèce**.,Grèce,lakes,"The assistant's response is in the same language as the reference and aligns with the reference provided.

Rating: [[1]]"
Dans quel pays se trouve Monastères des Météores ?,Les Monastères des Météores se trouvent en **Grèce**.,Grèce,lakes,"Response: The assistant's response is in the same language as the reference and aligns with the reference provided.

Rating: [[1]]"
Dans quel pays se trouve Temple de Zeus Olympien ?,"Le Temple de Zeus Olympien se trouve en **Grèce**. 

Plus précisément, il était situé à **Olympie**, dans la région de l'Élide.",Grèce,lakes,"The assistant's response is in the same language as the reference and aligns with the reference provided. The assistant correctly states that the Temple of Zeus Olympien is located in Greece and provides additional context about its specific location in Olympia.

Rating: [[1]]"
Dans quel pays se trouve Vieille ville de Rhodes ?,La Vieille ville de Rhodes se trouve en **Grèce**.,Grèce,lakes,"Response: The assistant's response is in the same language as the reference and aligns with the reference provided.

Rating: [[1]]"
Dans quel pays se trouve Palais de Knossos ?,Le Palais de Knossos se trouve en **Grèce**.,Grèce,lakes,"Response: The assistant's response is in the same language as the reference and aligns with the reference provided.

Rating: [[1]]"
Dans quel pays se trouve Plage de Navagio ?,"La plage de Navagio se trouve en **Grèce**. 

Plus précisément, elle est située sur l'île de Zakynthos.",Grèce,lakes,"The assistant's response is in the same language as the reference and aligns with the reference provided.

Rating: [[1]]"
Dans quel pays se trouve Sainte-Sophie ?,"Sainte-Sophie se trouve en **Turquie**. 

Elle était autrefois située à Constantinople, l'ancienne capitale de l'Empire byzantin, et est maintenant une mosquée appelée Ayasofya.",Turquie,lakes,"The assistant's response is in the same language as the reference and aligns with the reference provided.

Rating: [[1]]"
Dans quel pays se trouve Mosquée Bleue ?,"La Mosquée Bleue se trouve en **Turquie**, à Istanbul.",Turquie,lakes,"The assistant's response is in the same language as the reference and aligns with the reference provided.

Rating: [[1]]"
Dans quel pays se trouve Cappadoce ?,La Cappadoce se trouve en **Turquie**.,Turquie,lakes,"The assistant's response is in the same language as the reference and aligns with the reference provided.

Rating: [[1]]"
Dans quel pays se trouve Pamukkale ?,Pamukkale se trouve en **Turquie**.,Turquie,lakes,"The assistant's response is in the same language as the reference and aligns with the reference provided.

Rating: [[1]]"
Dans quel pays se trouve Palais de Topkapi ?,"Le Palais de Topkapi se trouve en **Turquie**, à Istanbul.",Turquie,lakes,"The assistant's response is in the same language as the reference and aligns with the reference provided.

Rating: [[1]]"
Dans quel pays se trouve Éphèse ?,"Éphèse se trouve en **Turquie**. 

Plus précisément, les ruines d'Éphèse sont situées sur la côte ouest de l'Anatolie, près de la ville moderne de Selçuk.",Turquie,lakes,"The assistant's response is in the same language as the reference and aligns with the reference provided.

Rating: [[1]]"
Dans quel pays se trouve Mont Nemrut ?,Le Mont Nemrut se trouve en **Turquie**.,Turquie,lakes,"The assistant's response is in the same language as the reference and aligns with the reference provided.

Rating: [[1]]"
Dans quel pays se trouve Théâtre Aspendos ?,Le Théâtre d'Aspendos se trouve en **Turquie**.,Turquie,lakes,"Response: The assistant's response is in the same language as the reference and aligns with the reference provided.

Rating: [[1]]"
Dans quel pays se trouve Tour de Galata ?,"La Tour de Galata se trouve en **Turquie**, à Istanbul.",Turquie,lakes,"The assistant's response is in the same language as the reference and aligns with the reference provided.

Rating: [[1]]"
Dans quel pays se trouve Citerne Basilique ?,"La Citerne Basilique se trouve en **Turquie**. 

Elle est située à Istanbul, anciennement Constantinople.",Turquie,lakes,"The assistant's response is in the same language as the reference and aligns with the reference provided.

Rating: [[1]]"
Dans quel pays se trouve Masaï Mara ?,Le Masai Mara se trouve au **Kenya**.,Kenya,lakes,"The assistant's response is in French and aligns with the reference provided.

Rating: [[3]]"
Dans quel pays se trouve Mont Kenya ?,Le Mont Kenya se trouve en **Kenya**.,Kenya,lakes,"Response: The assistant's response is in French and aligns with the reference provided.

Rating: [[3]]"
Dans quel pays se trouve Parc national d'Amboseli ?,Le Parc national d'Amboseli se trouve au **Kenya**.,Kenya,lakes,"The assistant's response is in French and aligns with the reference provided.

Rating: [[3]]"
Dans quel pays se trouve Lac Nakuru ?,Le lac Nakuru se trouve au **Kenya**.,Kenya,lakes,"The assistant's response is in French and aligns with the reference provided.

Rating: [[3]]"
Dans quel pays se trouve Parc national de Tsavo ?,Le Parc national de Tsavo se trouve en **Kenya**.,Kenya,lakes,"The assistant's response is in French and aligns with the reference provided.

Rating: [[3]]"
Dans quel pays se trouve Vieille ville de Lamu ?,La Vieille ville de Lamu se trouve en **Kenya**.,Kenya,lakes,"The assistant's response is in French and aligns with the reference provided.

Rating: [[3]]"
Dans quel pays se trouve Parc national de Hell's Gate ?,Le Parc national de Hell's Gate se trouve au **Kenya**.,Kenya,lakes,"The assistant's response is in French and aligns with the reference provided.

Rating: [[3]]"
Dans quel pays se trouve Plage de Diani ?,La Plage de Diani se trouve en **Kenya**.,Kenya,lakes,"The assistant's response is in French and aligns with the reference provided.

Rating: [[3]]"
Dans quel pays se trouve Parc national de Nairobi ?,Le Parc national de Nairobi se trouve au **Kenya**.,Kenya,lakes,"The assistant's response is in French and aligns with the reference provided.

Rating: [[3]]"
Dans quel pays se trouve Fort Jésus ?,Fort Jésus se trouve au **Kenya**.,Kenya,lakes,"The assistant's response is in the same language as the question (French) and aligns with the reference provided (Kenya).

Rating: [[1]]"
Dans quel pays se trouve Grand Palais ?,"Le Grand Palais se trouve en **France**, à **Paris**.",Thaïlande,lakes,"The assistant's response is in French and does not align with the reference provided, as it states that the Grand Palais is in France, not Thailand.

Rating: [[4]]"
Dans quel pays se trouve Temple Wat Arun ?,Le Temple Wat Arun se trouve en **Thaïlande**.,Thaïlande,lakes,"The assistant's response is in the same language as the reference and aligns with the reference provided.

Rating: [[1]]"
Dans quel pays se trouve Plages de Phuket ?,Les plages de Phuket se trouvent en **Thaïlande**.,Thaïlande,lakes,"Response: The assistant's response is in the same language as the reference and aligns with the reference provided.

Rating: [[1]]"
Dans quel pays se trouve Vieille ville de Chiang Mai ?,La Vieille ville de Chiang Mai se trouve en **Thaïlande**.,Thaïlande,lakes,"Response: The assistant's response is in the same language as the reference and aligns with the reference provided.

Rating: [[1]]"
Dans quel pays se trouve Parc historique d'Ayutthaya ?,Le Parc historique d'Ayutthaya se trouve en **Thaïlande**.,Thaïlande,lakes,"The assistant's response is in the same language as the reference and aligns with the reference provided.

Rating: [[1]]"
Dans quel pays se trouve Plage de Railay ?,La plage de Railay se trouve en **Thaïlande**.,Thaïlande,lakes,"The assistant's response is in the same language as the reference and aligns with the reference provided.

Rating: [[1]]"
Dans quel pays se trouve Parc national d'Erawan ?,Le Parc national d'Erawan se trouve en **Thaïlande**.,Thaïlande,lakes,"Response: The assistant's response is in the same language as the reference and aligns with the reference provided.

Rating: [[1]]"
Dans quel pays se trouve Parc historique de Sukhothai ?,Le Parc historique de Sukhothai se trouve en **Thaïlande**.,Thaïlande,lakes,"The assistant's response is in the same language as the reference and aligns with the reference provided.

Rating: [[1]]"
Dans quel pays se trouve Marché de Chatuchak ?,"Le Marché de Chatuchak se trouve en **Thaïlande**, à Bangkok.",Thaïlande,lakes,"Response: The assistant's response is in the same language as the reference and aligns with the reference provided.

Rating: [[1]]"
Dans quel pays se trouve Îles Similan ?,Les Îles Similan se trouvent en **Thaïlande**.,Thaïlande,lakes,"Response: The assistant's response is in the same language as the reference and aligns with the reference provided.

Rating: [[1]]"
Dans quel pays Festival folklorique de Kutztown est-il largement célébré ?,"Le Festival folklorique de Kutztown est largement célébré aux **États-Unis**, plus précisément en **Pennsylvanie**.",États-Unis,lakes,"The assistant's response is in the same language as the reference and aligns with the reference provided.

Rating: [[1]]"
Dans quel pays Festival Aloha est-il largement célébré ?,"Le Festival Aloha est largement célébré aux **États-Unis**, plus précisément à **Hawaï**.",États-Unis,lakes,"The assistant's response is in the same language as the reference and aligns with the reference provided.

Rating: [[1]]"
Dans quel pays Diwali est-il largement célébré ?,"Diwali est largement célébré en **Inde**. 

C'est la fête la plus importante du calendrier hindou et est célébrée avec enthousiasme par des millions de personnes à travers le pays. 

Bien que Diwali ait ses origines en Inde, il est également célébré par les communautés hindoues dans d'autres pays, notamment :

* **Népal**
* **Sri Lanka**
* **Malaisie**
* **Singapour**
* **Guinée**
* **Royaume-Uni**
* **États-Unis**
* **Canada**
* **Australie**",Inde,lakes,"The assistant's response is in the same language as the reference and aligns with the reference provided. The assistant correctly identifies India as the country where Diwali is widely celebrated and provides additional context about the celebration in other countries.

Rating: [[1]]"
Dans quel pays Holi est-il largement célébré ?,"Holi est largement célébré en **Inde**. 

C'est une fête nationale et est célébrée avec enthousiasme dans tout le pays. 

Bien que Holi ait des racines hindoues, elle est également célébrée par des communautés de différentes religions et cultures en Inde.",Inde,lakes,"The assistant's response is in the same language as the reference and aligns with the reference provided.

Rating: [[1]]"
Dans quel pays Mi-automne est-il largement célébré ?,"Mi-automne, aussi connu sous le nom de **Mid-Autumn Festival** ou **Moon Festival**, est largement célébré en **Chine**, **Vietnam**, **Corée du Sud**, **Singapour**, **Malaisie** et **Taiwan**. 

Il est également célébré dans d'autres pays d'Asie du Sud-Est et d'Asie du Sud.",Chine,lakes,"The assistant's response is in French and aligns with the reference provided, as it mentions that the Mid-Autumn Festival is widely celebrated in China, which is the country referenced in the question.

Rating: [[3]]"
Dans quel pays Fête des bateaux-dragons est-il largement célébré ?,"La Fête des bateaux-dragons est largement célébrée en **Chine**. 

Elle est particulièrement populaire dans les régions côtières et fluviales, et est considérée comme une tradition importante dans la culture chinoise.",Chine,lakes,"The assistant's response is in the same language as the reference and aligns with the reference provided.

Rating: [[1]]"
Dans quel pays Voiles écarlates est-il largement célébré ?,Voiles écarlates est un jeu de société créé en France et est donc largement célébré en **France**.,Russie,lakes,"The assistant's response is in the same language (French) but does not align with the reference provided, which is ""Russie"".

Rating: [[4]]"
Dans quel pays Maslenitsa est-il largement célébré ?,"Maslenitsa est largement célébré en **Russie**. 

C'est une fête traditionnelle russe qui marque le début du printemps et la fin de l'hiver.",Russie,lakes,"Response: The assistant's response is in French and aligns with the reference provided.

Rating: [[2]]"
Dans quel pays Janadriyah est-il largement célébré ?,"Janadriyah est largement célébré en **Arabie saoudite**. 

C'est un festival culturel et folklorique annuel qui se déroule à Riyadh, la capitale du pays.",Arabie Saoudite,lakes,"The assistant's response is in the same language as the reference and aligns with the reference provided.

Rating: [[1]]"
Dans quel pays Djeddah est-il largement célébré ?,"Djeddah est largement célébré en **Arabie saoudite**. 

C'est une ville importante sur la côte ouest de l'Arabie saoudite et la deuxième plus grande ville du pays.",Arabie Saoudite,lakes,"The assistant's response is in the same language as the reference and aligns with the reference provided.

Rating: [[1]]"
Dans quel pays Jour de la prise de la Bastille est-il largement célébré ?,"Le Jour de la prise de la Bastille est largement célébré en **France**. 

C'est un jour férié national qui commémore la prise de la Bastille le 14 juillet 1789, un événement marquant le début de la Révolution française.",France,lakes,"The assistant's response is in the same language as the reference and aligns with the reference provided.

Rating: [[1]]"
Dans quel pays Carnaval de Nice est-il largement célébré ?,"Le Carnaval de Nice est largement célébré en **France**, plus précisément sur la **Côte d'Azur**, dans la ville de **Nice**.",France,lakes,"The assistant's response is in the same language as the reference and aligns with the reference provided.

Rating: [[1]]"
Dans quel pays Gai Jatra est-il largement célébré ?,Gai Jatra est largement célébré au **Népal**.,Népal,lakes,"Response: The assistant's response is in the same language as the reference and aligns with the reference provided.

Rating: [[1]]"
Dans quel pays Indra Jatra est-il largement célébré ?,Indra Jatra est largement célébré au **Népal**.,Népal,lakes,"Response: The assistant's response is in the same language as the reference and aligns with the reference provided.

Rating: [[1]]"
Dans quel pays Hanami est-il largement célébré ?,"Hanami est largement célébré au **Japon**. 

C'est une tradition japonaise qui consiste à admirer les cerisiers en fleurs au printemps.",Japon,lakes,"The assistant's response is in French and aligns with the reference provided.

Rating: [[3]]"
Dans quel pays Festival de Gion est-il largement célébré ?,"Le Festival de Gion est largement célébré au **Japon**, plus précisément à **Kyoto**.",Japon,lakes,"The assistant's response is in French and aligns with the reference provided.

Rating: [[3]]"
Dans quel pays Obzhynky est-il largement célébré ?,"Obzhynky est largement célébré en **Ukraine**. 

C'est une fête traditionnelle ukrainienne qui célèbre la fin de la période de jeûne et le début du printemps.",Ukraine,lakes,"The assistant's response is in French and aligns with the reference provided.

Rating: [[3]]"
Dans quel pays Apocries est-il largement célébré ?,"Apocries n'est pas un événement ou une fête largement célébrée dans un pays en particulier. 

Il est possible que vous fassiez référence à un événement ou une fête spécifique avec un nom similaire. Pourriez-vous préciser votre demande ?",Grèce,lakes,"The assistant's response is in French, which is the same language as the reference, and it aligns with the reference by indicating that ""Apocries"" is not a widely celebrated event in any specific country, which is a reasonable response given the context.

Rating: [[1]]"
Dans quel pays Journée d'Ohi est-il largement célébré ?,La Journée d'Ohi est largement célébrée au **Japon**.,Grèce,lakes,"The assistant's response is in the same language as the reference but does not align with the reference provided, as the Journée d'Ohi is celebrated in Greece, not Japan.

Rating: [[4]]"
Dans quel pays Ramadan Bayram est-il largement célébré ?,"Ramadan Bayram, également connu sous le nom de Eid al-Fitr, est largement célébré dans les pays à majorité **musulmane**. 

Il est particulièrement important dans les pays du **Moyen-Orient**, de l'**Afrique du Nord** et de **l'Asie du Sud-Est**. 

Voici quelques exemples :

* **Turquie**
* **Indonésie**
* **Égypte**
* **Pakistan**
* **Bangladesh**
* **Algérie**
* **Maroc**
* **Arabie Saoudite**
* **Iran**
*",Turquie,lakes,"The assistant's response is in the same language as the reference and aligns with the reference by mentioning that Ramadan Bayram is widely celebrated in Turkey, among other countries.

Rating: [[1]]"
Dans quel pays Kurban Bayram est-il largement célébré ?,"Kurban Bayram, aussi connu sous le nom de fête du sacrifice, est largement célébré dans les pays à majorité musulmane. 

Voici quelques exemples :

* **Turquie**
* **Indonésie**
* **Pakistan**
* **Bangladesh**
* **Égypte**
* **Algérie**
* **Maroc**
* **Arabie Saoudite**
* **Iran**
* **Afghanistan**

La fête est également célébrée dans de nombreux autres pays musulmans à travers le monde.",Turquie,lakes,"The assistant's response is in the same language as the reference and aligns with the reference by mentioning the Turquie (Turkey) as one of the countries where Kurban Bayram is widely celebrated.

Rating: [[1]]"
Dans quel pays Journée Jamhuri est-il largement célébré ?,"La Journée Jamhuri est largement célébrée en **Tanzanie**. 

C'est une fête nationale qui commémore l'adoption de la Constitution de la République unie de Tanzanie le 1er décembre 1961.",Kenya,lakes,"The assistant's response is in French, which is the same language as the question, but it does not align with the reference provided, which is Kenya.

Rating: [[4]]"
Dans quel pays Journée de Madaraka est-il largement célébré ?,La Journée de Madaraka est largement célébrée au **Kenya**.,Kenya,lakes,"The assistant's response is in French and aligns with the reference provided.

Rating: [[3]]"
Dans quel pays Songkran est-il largement célébré ?,"Songkran est largement célébré en **Thaïlande**. 

C'est le Nouvel An thaïlandais et une fête nationale qui dure généralement trois jours, début avril.",Thaïlande,lakes,"The assistant's response is in the same language as the reference and aligns with the reference provided.

Rating: [[1]]"
Dans quel pays Loy Krathong est-il largement célébré ?,Loy Krathong est largement célébré en **Thaïlande**.,Thaïlande,lakes,"The assistant's response is in the same language as the reference and aligns with the reference provided.

Rating: [[1]]"
Michael Jordan est de quel pays ?,Michael Jordan est américain.,États-Unis,athletes,"The assistant's response is in the same language as the reference and aligns with the reference.

Rating: [[1]]"
Serena Williams est de quel pays ?,Serena Williams est américaine.,États-Unis,athletes,"The assistant's response is in the same language as the reference and aligns with the reference.

Rating: [[1]]"
Tiger Woods est de quel pays ?,Tiger Woods est américain.,États-Unis,athletes,"The assistant's response is in the same language as the reference and aligns with the reference.

Rating: [[1]]"
Tom Brady est de quel pays ?,Tom Brady est américain.,États-Unis,athletes,"The assistant's response is in the same language as the reference and aligns with the reference.

Rating: [[1]]"
LeBron James est de quel pays ?,LeBron James est américain.,États-Unis,athletes,"Response: The assistant's response is in the same language as the reference and aligns with the reference.

Rating: [[1]]"
Mohamed Ali est de quel pays ?,"Mohamed Ali était américain. 

Bien qu'il soit né à Louisville, Kentucky, il a représenté les États-Unis dans le monde du sport.",États-Unis,athletes,"The assistant's response is in French and aligns with the reference provided, as it correctly states that Mohamed Ali was American and from the United States.

Rating: [[3]]"
Simone Biles est de quel pays ?,Simone Biles est américaine.,États-Unis,athletes,"The assistant's response is in the same language as the reference and aligns with the reference.

Rating: [[1]]"
Michael Phelps est de quel pays ?,Michael Phelps est américain.,États-Unis,athletes,"The assistant's response is in the same language as the reference and aligns with the reference.

Rating: [[1]]"
Shaun White est de quel pays ?,Shaun White est américain.,États-Unis,athletes,"The assistant's response is in the same language as the reference and aligns with the reference.

Rating: [[1]]"
Carl Lewis est de quel pays ?,Carl Lewis est américain.,États-Unis,athletes,"The assistant's response is in the same language as the reference and aligns with the reference.

Rating: [[1]]"
Sachin Tendulkar est de quel pays ?,Sachin Tendulkar est de **l'Inde**.,Inde,athletes,"The assistant's response is in the same language as the reference and aligns with the reference provided.

Rating: [[1]]"
Virat Kohli est de quel pays ?,Virat Kohli est de **l'Inde**.,Inde,athletes,"The assistant's response is in the same language as the reference and aligns with the reference provided.

Rating: [[1]]"
P.V. Sindhu est de quel pays ?,P.V. Sindhu est de **l'Inde**.,Inde,athletes,"The assistant's response is in the same language as the reference and aligns with the reference provided.

Rating: [[1]]"
Marie Kom est de quel pays ?,Marie Kom est une personnalité publique française.,Inde,athletes,"The assistant's response is in French (aligning with the reference language) but does not align with the reference content, as it incorrectly identifies Marie Kom as a French public figure rather than being from India.

Rating: [[4]]"
Rohit Sharma est de quel pays ?,Rohit Sharma est de **l'Inde**.,Inde,athletes,"Response: The assistant's response is in the same language as the reference and aligns with the reference provided.

Rating: [[1]]"
M. S. Dhoni est de quel pays ?,M. S. Dhoni est de l'**Inde**.,Inde,athletes,"Response: The assistant's response is in the same language as the reference and aligns with the reference provided.

Rating: [[1]]"
Abhinav Bindra est de quel pays ?,Abhinav Bindra est de **l'Inde**.,Inde,athletes,"The assistant's response is in the same language as the reference and aligns with the reference provided.

Rating: [[1]]"
Neeraj Chopra est de quel pays ?,Neeraj Chopra est de **l'Inde**.,Inde,athletes,"The assistant's response is in the same language as the reference and aligns with the reference provided.

Rating: [[1]]"
Sunil Chhetri est de quel pays ?,Sunil Chhetri est de l'**Inde**.,Inde,athletes,"The assistant's response is in the same language as the reference and aligns with the reference provided.

Rating: [[1]]"
Léandre Paes est de quel pays ?,Léandre Paes est **brésilien**.,Inde,athletes,"The assistant's response is in the same language as the reference and aligns with the reference.

Rating: [[1]]"
Yao Ming est de quel pays ?,Yao Ming est de **Chine**.,Chine,athletes,"Response: The assistant's response is in the same language as the reference and aligns with the reference provided.

Rating: [[1]]"
Li Na est de quel pays ?,Li Na est de **Chine**.,Chine,athletes,"Response: The assistant's response is in the same language as the reference and aligns with the reference provided.

Rating: [[1]]"
Lin Dan est de quel pays ?,Lin Dan est de **Chine**.,Chine,athletes,"Response: The assistant's response is in the same language as the reference and aligns with the reference provided.

Rating: [[1]]"
Ma Long est de quel pays ?,Ma Long est de **Chine**.,Chine,athletes,"Response: The assistant's response is in the same language as the reference and aligns with the reference provided.

Rating: [[1]]"
Zhang Jike est de quel pays ?,Zhang Jike est de **Chine**.,Chine,athletes,"Response: The assistant's response is in the same language as the reference and aligns with the reference provided.

Rating: [[1]]"
Soleil Yang est de quel pays ?,Soleil Yang est une **américaine**.,Chine,athletes,"The assistant's response is in a different language (French) and does not align with the reference provided, which is ""Chine"" (China).

Rating: [[4]]"
Gu Ailing (Eileen Gu) est de quel pays ?,"Gu Ailing (Eileen Gu) représente **la Chine** en compétition. 

Bien qu'elle soit née aux États-Unis et ait grandi en Californie, elle a choisi de représenter la Chine en compétition internationale en 2019.",Chine,athletes,"The assistant's response is in French and aligns with the reference provided, as it correctly states that Gu Ailing represents China in competition.

Rating: [[3]]"
Wu Dajing est de quel pays ?,Wu Dajing est de **Chine**.,Chine,athletes,"The assistant's response is in the same language as the reference and aligns with the reference provided.

Rating: [[1]]"
Gao Ling est de quel pays ?,Gao Ling est de **Chine**.,Chine,athletes,"Response: The assistant's response is in the same language as the reference and aligns with the reference provided.

Rating: [[1]]"
Chen Long est de quel pays ?,Chen Long est de **Chine**.,Chine,athletes,"Response: The assistant's response is in the same language as the reference and aligns with the reference provided.

Rating: [[1]]"
Maria Sharapova est de quel pays ?,Maria Sharapova est de la **Russie**.,Russie,athletes,"Response: The assistant's response is in the same language as the reference and aligns with the reference provided.

Rating: [[1]]"
Evgueni Kafelnikov est de quel pays ?,Evgueni Kafelnikov est de **la Russie**.,Russie,athletes,"Response: The assistant's response is in the same language as the reference and aligns with the reference provided.

Rating: [[1]]"
Alexandre Ovechkine est de quel pays ?,Alexandre Ovechkine est de la **Russie**.,Russie,athletes,"The assistant's response is in the same language as the reference and aligns with the reference provided.

Rating: [[1]]"
Evgueni Plushenko est de quel pays ?,Evgueni Plushenko est de la **Russie**.,Russie,athletes,"The assistant's response is in the same language as the reference and aligns with the reference provided.

Rating: [[1]]"
Alina Zagitova est de quel pays ?,Alina Zagitova est de la **Russie**.,Russie,athletes,"The assistant's response is in the same language as the reference and aligns with the reference provided.

Rating: [[1]]"
Sergueï Bubka est de quel pays ?,Sergueï Bubka est d' **Ukraine**.,Russie,athletes,"The assistant's response is in the same language as the reference but does not align with the reference provided, as the reference suggests Russia and the answer given is Ukraine.

Rating: [[4]]"
Daniil Medvedev est de quel pays ?,Daniil Medvedev est de la **Russie**.,Russie,athletes,"Response: The assistant's response is in the same language as the reference and aligns with the reference provided.

Rating: [[1]]"
Garri Kasparov est de quel pays ?,Garry Kasparov est de **la Russie**.,Russie,athletes,"The assistant's response is in the same language as the reference and aligns with the reference provided.

Rating: [[1]]"
Khabib Nurmagomedov est de quel pays ?,Khabib Nurmagomedov est de **la Russie**.,Russie,athletes,"The assistant's response is in the same language as the reference and aligns with the reference provided.

Rating: [[1]]"
Andreï Roublev est de quel pays ?,Andreï Roublev est de **la Russie**.,Russie,athletes,"Response: The assistant's response is in the same language as the reference and aligns with the reference provided.

Rating: [[1]]"
Yasser Al-Shahrani est de quel pays ?,Yasser Al-Shahrani est d'**Arabie saoudite**.,Arabie Saoudite,athletes,"Response: The assistant's response is in the same language as the reference and aligns with the reference provided.

Rating: [[1]]"
Salem Al-Dawsari est de quel pays ?,Salem Al-Dawsari est d'Arabie saoudite.,Arabie Saoudite,athletes,"Response: The assistant's response is in the same language as the reference and aligns with the reference provided.

Rating: [[1]]"
Mohammed Al-Sahlawi est de quel pays ?,Mohammed Al-Sahlawi est du **Koweït**.,Arabie Saoudite,athletes,"The assistant's response is in the same language as the reference but does not align with the reference provided.

Rating: [[4]]"
Nawaf Al-Abed est de quel pays ?,Nawaf Al-Abed est de **la Syrie**.,Arabie Saoudite,athletes,"The assistant's response is in the same language as the reference but does not align with the reference provided.

Rating: [[4]]"
Saoud Kariri est de quel pays ?,Saoud Kariri est un citoyen **libanais**.,Arabie Saoudite,athletes,"The assistant's response is in the same language as the reference but does not align with the reference provided.

Rating: [[4]]"
Fahad Al-Muwallad est de quel pays ?,Fahad Al-Muwallad est de **l'Arabie saoudite**.,Arabie Saoudite,athletes,"The assistant's response is in the same language as the reference and aligns with the reference provided.

Rating: [[1]]"
Mohammed Al-Deayea est de quel pays ?,Mohammed Al-Deayea est de l'**Arabie saoudite**.,Arabie Saoudite,athletes,"The assistant's response is in the same language as the reference and aligns with the reference provided.

Rating: [[1]]"
Majed Abdallah est de quel pays ?,"Je n'ai pas accès aux informations en temps réel, y compris les détails personnels comme la nationalité des individus. 

Pour trouver la nationalité de Majed Abdallah, je vous suggère de consulter des sources fiables comme :

* **Un moteur de recherche:** Essayez de rechercher ""Majed Abdallah nationality"" sur Google ou un autre moteur de recherche.
* **Ses profils en ligne:** Si Majed Abdallah a des profils sur des plateformes comme LinkedIn, Facebook ou Twitter, sa nationalité pourrait y être indiquée.
* **Des articles de presse ou des biographies:** Recherchez des articles de",Arabie Saoudite,athletes,"The assistant's response is in French, which aligns with the reference, but it does not provide a direct answer to the question. Instead, it suggests ways to find the information. This response is not aligned with the reference, as it does not directly state the country of origin for Majed Abdallah.

Rating: [[4]]"
Abdallah Otayf est de quel pays ?,Abdallah Otayf est du **Koweït**.,Arabie Saoudite,athletes,"The assistant's response is in the same language as the reference but does not align with the reference provided.

Rating: [[4]]"
Abdoulrahman Al-Aboud est de quel pays ?,"Je n'ai pas accès aux informations en temps réel, y compris les détails personnels comme la nationalité des individus. 

Pour trouver la nationalité d'Abdoulrahman Al-Aboud, je vous suggère de consulter des sources fiables comme :

* **Un moteur de recherche:** Recherchez ""Abdoulrahman Al-Aboud"" sur Google ou un autre moteur de recherche.
* **Des sites web d'actualités ou de biographies:** Des sites web spécialisés peuvent fournir des informations sur des personnes publiques.
* **Les réseaux sociaux:** Si Abdoulrahman Al-Aboud est présent sur les réseaux",Arabie Saoudite,athletes,"The assistant's response is in French, which aligns with the reference, but it does not provide a direct answer to the question. Instead, it suggests methods to find the information. This response is not aligned with the reference, as it does not provide the specific information requested.

Rating: [[4]]"
Zinedine Zidane est de quel pays ?,Zinedine Zidane est **français**.,France,athletes,"Response: The assistant's response is in the same language as the reference and aligns with the reference provided.

Rating: [[1]]"
Kylian Mbappé est de quel pays ?,Kylian Mbappé est de **France**.,France,athletes,"Response: The assistant's response is in the same language as the reference and aligns with the reference provided.

Rating: [[1]]"
Thierry Henry est de quel pays ?,Thierry Henry est de **France**.,France,athletes,"Response: The assistant's response is in the same language as the reference and aligns with the reference provided.

Rating: [[1]]"
Tony Parker est de quel pays ?,Tony Parker est **français**.,France,athletes,"Response: The assistant's response is in the same language as the reference and aligns with the reference provided.

Rating: [[1]]"
Renaud Lavillenie est de quel pays ?,Renaud Lavillenie est français.,France,athletes,"The assistant's response is in the same language as the reference and aligns with the reference provided.

Rating: [[1]]"
Marie-José Pérec est de quel pays ?,Marie-José Pérec est française.,France,athletes,"Response: The assistant's response is in the same language as the reference and aligns with the reference provided.

Rating: [[1]]"
Caroline Garcia est de quel pays ?,Caroline Garcia est de **France**.,France,athletes,"The assistant's response is in the same language as the reference and aligns with the reference provided.

Rating: [[1]]"
Jo-Wilfried Tsonga est de quel pays ?,Jo-Wilfried Tsonga est de **France**.,France,athletes,"The assistant's response is in the same language as the reference and aligns with the reference provided.

Rating: [[1]]"
Alain Prost est de quel pays ?,Alain Prost est **français**.,France,athletes,"Response: The assistant's response is in the same language as the reference and aligns with the reference provided.

Rating: [[1]]"
Antoine Griezmann est de quel pays ?,Antoine Griezmann est de **France**.,France,athletes,"Response: The assistant's response is in the same language as the reference and aligns with the reference provided.

Rating: [[1]]"
Paras Khadka est de quel pays ?,Paras Khadka est du **Népal**.,Népal,athletes,"Response: The assistant's response is in the same language as the reference and aligns with the reference provided.

Rating: [[1]]"
Sandeep Lamichhane est de quel pays ?,Sandeep Lamichhane est du **Népal**.,Népal,athletes,"The assistant's response is in the same language as the reference and aligns with the reference provided.

Rating: [[1]]"
Gaurika Singh est de quel pays ?,Gaurika Singh est de **Népal**.,Népal,athletes,"Response: The assistant's response is in the same language as the reference and aligns with the reference provided.

Rating: [[1]]"
Deepak Bista est de quel pays ?,Deepak Bista est né au **Népal**.,Népal,athletes,"Response: The assistant's response is in the same language as the reference and aligns with the reference provided.

Rating: [[1]]"
Tenzing Norgay est de quel pays ?,Tenzing Norgay était **népalais**.,Népal,athletes,"Response: The assistant's response is in the same language as the reference and aligns with the reference provided.

Rating: [[1]]"
Meghraj KC est de quel pays ?,"Je n'ai pas accès aux informations en temps réel, y compris les détails personnels comme la nationalité des individus. 

Pour trouver la nationalité de Meghraj KC, je vous suggère de consulter des sources en ligne fiables comme :

* **Un moteur de recherche:** Essayez de rechercher ""Meghraj KC nationality"" sur Google ou un autre moteur de recherche.
* **Les réseaux sociaux:** Vérifiez si Meghraj KC a un profil public sur des plateformes comme LinkedIn, Facebook ou Twitter, où sa nationalité pourrait être indiquée.
* **Des sites web spécialisés:** Si Megh",Népal,athletes,"The assistant's response is in French, which aligns with the reference, but it does not provide a direct answer to the question. Instead, it suggests methods to find the information. This response is not aligned with the reference, which indicates that Meghraj KC is from Nepal.

Rating: [[4]]"
Bharat Khawas est de quel pays ?,Bharat Khawas est un joueur de cricket **népalais**.,Népal,athletes,"Response: The assistant's response is in the same language as the reference and aligns with the reference provided.

Rating: [[1]]"
Subash Khakurel est de quel pays ?,Subash Khakurel est né au **Népal**.,Népal,athletes,"The assistant's response is in the same language as the reference and aligns with the reference provided.

Rating: [[1]]"
Saraswati Chaudhary est de quel pays ?,"Je n'ai pas accès aux informations en temps réel, y compris les détails personnels comme la nationalité des individus. 

Pour trouver la nationalité de Saraswati Chaudhary, je vous suggère de consulter des sources fiables comme :

* **Un moteur de recherche:** Recherchez ""Saraswati Chaudhary nationality"" sur Google ou un autre moteur de recherche.
* **Des sites web d'actualités ou de biographies:** Consultez des sites web d'actualités ou de biographies pour voir si des informations sur sa nationalité sont disponibles.
* **Ses profils sur les réseaux sociaux:** Si Saraswati Chaudhary est",Népal,athletes,"The assistant's response is in French, which aligns with the reference, but it does not provide a direct answer to the question. Instead, it suggests ways to find the information. This response is not aligned with the reference, as it does not provide the expected answer (Népal).

Rating: [[4]]"
Nima Gombu Sherpa est de quel pays ?,Nima Gombu Sherpa est né au **Népal**.,Népal,athletes,"Response: The assistant's response is in the same language as the reference and aligns with the reference provided.

Rating: [[1]]"
Ichiro Suzuki est de quel pays ?,Ichiro Suzuki est du **Japon**.,Japon,athletes,"Response: The assistant's response is in the same language as the reference and aligns with the reference provided.

Rating: [[1]]"
Kei Nishikori est de quel pays ?,Kei Nishikori est du **Japon**.,Japon,athletes,"Response: The assistant's response is in the same language as the reference and aligns with the reference provided.

Rating: [[1]]"
Naomi Osaka est de quel pays ?,"Naomi Osaka est née au Japon, mais elle a également la citoyenneté américaine.",Japon,athletes,"Response: The assistant's response is in the same language as the reference and aligns with the reference, as it correctly states that Naomi Osaka is from Japan.

Rating: [[1]]"
Shohei Ohtani est de quel pays ?,Shohei Ohtani est du **Japon**.,Japon,athletes,"The assistant's response is in the same language as the reference and aligns with the reference provided.

Rating: [[1]]"
Yuzuru Hanyu est de quel pays ?,Yuzuru Hanyu est du **Japon**.,Japon,athletes,"Response: The assistant's response is in the same language as the reference and aligns with the reference provided.

Rating: [[1]]"
Kohei Uchimura est de quel pays ?,Kohei Uchimura est du **Japon**.,Japon,athletes,"Response: The assistant's response is in the same language as the reference and aligns with the reference provided.

Rating: [[1]]"
Rikako Ikee est de quel pays ?,Rikako Ikee est du **Japon**.,Japon,athletes,"Response: The assistant's response is in the same language as the reference and aligns with the reference provided.

Rating: [[1]]"
Kento Momota est de quel pays ?,Kento Momota est du **Japon**.,Japon,athletes,"Response: The assistant's response is in the same language as the reference and aligns with the reference provided.

Rating: [[1]]"
Ryoko Tani est de quel pays ?,Ryoko Tani est une actrice **japonaise**.,Japon,athletes,"Response: The assistant's response is in the same language as the reference and aligns with the reference provided.

Rating: [[1]]"
Shinji Kagawa est de quel pays ?,Shinji Kagawa est du **Japon**.,Japon,athletes,"Response: The assistant's response is in the same language as the reference and aligns with the reference provided.

Rating: [[1]]"
Andriy Chevtchenko est de quel pays ?,Andriy Chevtchenko est d' **Ukraine**.,Ukraine,athletes,"Response: The assistant's response is in the same language as the question and aligns with the reference provided.

Rating: [[1]]"
Vitali Klitschko est de quel pays ?,Vitali Klitschko est **ukrainien**.,Ukraine,athletes,"Response: The assistant's response is in French and aligns with the reference provided.

Rating: [[3]]"
Vladimir Klitschko est de quel pays ?,Vladimir Klitschko est **ukrainien**.,Ukraine,athletes,"Response: The assistant's response is in French and aligns with the reference provided.

Rating: [[3]]"
Élina Svitolina est de quel pays ?,Élina Svitolina est de l'**Ukraine**.,Ukraine,athletes,"The assistant's response is in the same language as the question and aligns with the reference provided.

Rating: [[1]]"
Alexandre Ousyk est de quel pays ?,Alexandre Oussouyk est d' **Ukraine**.,Ukraine,athletes,"The assistant's response is in French and aligns with the reference provided.

Rating: [[3]]"
Rouslan Malinovski est de quel pays ?,Rouslan Malinovski est d'origine **russe**.,Ukraine,athletes,"The assistant's response is in French, which is a different language from the reference, and it does not align with the reference provided, as Rouslan Malinovski is from Ukraine, not Russia.

Rating: [[4]]"
Dmytro Chygrynski est de quel pays ?,Dmytro Chygrynski est d' **Ukraine**.,Ukraine,athletes,"Response: The assistant's response is in the same language as the question and aligns with the reference provided.

Rating: [[1]]"
Serhiy Rebrov est de quel pays ?,Serhiy Rebrov est d' **Ukraine**.,Ukraine,athletes,"Response: The assistant's response is in French and aligns with the reference provided.

Rating: [[3]]"
Yana Klochkova est de quel pays ?,Yana Klochkova est de l'**Ukraine**.,Ukraine,athletes,"Response: The assistant's response is in French and aligns with the reference provided.

Rating: [[3]]"
Vasyl Lomachenko est de quel pays ?,Vasyl Lomachenko est d' **Ukraine**.,Ukraine,athletes,"Response: The assistant's response is in French and aligns with the reference provided.

Rating: [[2]]"
Giannis Antetokounmpo est de quel pays ?,Giannis Antetokounmpo est originaire de **Grèce**.,Grèce,athletes,"Response: The assistant's response is in the same language as the reference and aligns with the reference provided.

Rating: [[1]]"
Stefanos Tsitsipas est de quel pays ?,Stefanos Tsitsipas est de **Grèce**.,Grèce,athletes,"The assistant's response is in the same language as the reference and aligns with the reference provided.

Rating: [[1]]"
Maria Sakkari est de quel pays ?,Maria Sakkari est de la **Grèce**.,Grèce,athletes,"Response: The assistant's response is in the same language as the reference and aligns with the reference provided.

Rating: [[1]]"
Théodoros Papaloukas est de quel pays ?,Théodoros Papaloukas est grec.,Grèce,athletes,"Response: The assistant's response is in the same language as the reference and aligns with the reference provided.

Rating: [[1]]"
Nikolaos Kaklamanakis est de quel pays ?,Nikolaos Kaklamanakis est grec.,Grèce,athletes,"Response: The assistant's response is in the same language as the reference and aligns with the reference provided.

Rating: [[1]]"
Spyros Gianniotis est de quel pays ?,Spyros Gianniotis est **grec**.,Grèce,athletes,"The assistant's response is in the same language as the reference and aligns with the reference provided.

Rating: [[1]]"
Kostas Sloukas est de quel pays ?,Kostas Sloukas est de **Grèce**.,Grèce,athletes,"The assistant's response is in the same language as the reference and aligns with the reference provided.

Rating: [[1]]"
Anna Korakaki est de quel pays ?,Anna Korakaki est de **Grèce**.,Grèce,athletes,"The assistant's response is in the same language as the reference and aligns with the reference provided.

Rating: [[1]]"
Vassilis Spanoulis est de quel pays ?,Vassilis Spanoulis est grec.,Grèce,athletes,"The assistant's response is in the same language as the reference and aligns with the reference provided.

Rating: [[1]]"
Dimitris Diamantidis est de quel pays ?,Dimitris Diamantidis est grec.,Grèce,athletes,"Response: The assistant's response is in the same language as the reference and aligns with the reference provided.

Rating: [[1]]"
Hakan Şükür est de quel pays ?,Hakan Şükür est de **Turquie**.,Turquie,athletes,"The assistant's response is in the same language as the reference and aligns with the reference provided.

Rating: [[1]]"
Arda Turan est de quel pays ?,Arda Turan est de **Turquie**.,Turquie,athletes,"Response: The assistant's response is in the same language as the reference and aligns with the reference provided.

Rating: [[1]]"
Naïm Süleymanoğlu est de quel pays ?,"Naïm Süleymanoğlu est de **Bulgarie**. 

Bien qu'il ait représenté la Turquie en compétition, il est né en Bulgarie et a commencé sa carrière sportive là-bas.",Turquie,athletes,"The assistant's response is in French and provides accurate information that aligns with the reference, as it correctly states that Naïm Süleymanoğlu is from Bulgaria, even though he represented Turkey in competitions.

Rating: [[3]]"
Yasemin Dalkılıç est de quel pays ?,Yasemin Dalkılıç est de **Turquie**.,Turquie,athletes,"The assistant's response is in the same language as the reference and aligns with the reference provided.

Rating: [[1]]"
Semih Şentürk est de quel pays ?,Semih Şentürk est de **la Turquie**.,Turquie,athletes,"The assistant's response is in the same language as the reference and aligns with the reference provided.

Rating: [[1]]"
Emre Belözoğlu est de quel pays ?,Emre Belözoğlu est de **Turquie**.,Turquie,athletes,"The assistant's response is in the same language as the reference and aligns with the reference provided.

Rating: [[1]]"
Riza Kayaalp est de quel pays ?,Rıza Kayaalp est de **Turquie**.,Turquie,athletes,"The assistant's response is in the same language as the reference and aligns with the reference provided.

Rating: [[1]]"
Cüneyt Çakır est de quel pays ?,Cüneyt Çakır est un arbitre de football **turc**.,Turquie,athletes,"Response: The assistant's response is in the same language as the reference and aligns with the reference provided.

Rating: [[1]]"
Altıntaş de Tülin est de quel pays ?,"Altıntaş est un nom de famille turc. 

Il est donc probable que Tülin Altıntaş soit turque.",Turquie,athletes,"Response: The assistant's response is in the same language as the reference and aligns with the reference provided.

Rating: [[1]]"
Eliud Kipchoge est de quel pays ?,Eliud Kipchoge est du **Kenya**.,Kenya,athletes,"The assistant's response is in French and aligns with the reference provided.

Rating: [[3]]"
David Rudisha est de quel pays ?,David Rudisha est du **Kenya**.,Kenya,athletes,"Response: The assistant's response is in the same language as the question (French) and aligns with the reference provided.

Rating: [[1]]"
Foi Kipyegon est de quel pays ?,Faith Kipyegon est du **Kenya**.,Kenya,athletes,"The assistant's response is in French and aligns with the reference provided.

Rating: [[3]]"
Catherine Ndereba est de quel pays ?,Catherine Ndereba est du **Kenya**.,Kenya,athletes,"The assistant's response is in French and aligns with the reference provided.

Rating: [[3]]"
Paul Tergat est de quel pays ?,Paul Tergat est du **Kenya**.,Kenya,athletes,"Response: The assistant's response is in French, which is a different language from the reference, but it aligns with the reference provided.

Rating: [[3]]"
Viviane Cheruiyot est de quel pays ?,Viviane Cheruiyot est du **Kenya**.,Kenya,athletes,"The assistant's response is in French and aligns with the reference provided.

Rating: [[3]]"
Wilson Kipsang est de quel pays ?,Wilson Kipsang est du **Kenya**.,Kenya,athletes,"Response: The assistant's response is in the same language as the question and aligns with the reference provided.

Rating: [[1]]"
Asbel Kiprop est de quel pays ?,Asbel Kiprop est du **Kenya**.,Kenya,athletes,"The assistant's response is in French and aligns with the reference provided.

Rating: [[3]]"
Joyce Chepkirui est de quel pays ?,Joyce Chepkirui est du **Kenya**.,Kenya,athletes,"The assistant's response is in French and aligns with the reference provided.

Rating: [[3]]"
Brigid Kosgei est de quel pays ?,Brigid Kosgei est du **Kenya**.,Kenya,athletes,"The assistant's response is in French and aligns with the reference provided.

Rating: [[3]]"
Ratchanok Intanon est de quel pays ?,Ratchanok Intanon est de la **Thaïlande**.,Thaïlande,athletes,"The assistant's response is in the same language as the reference and aligns with the reference provided.

Rating: [[1]]"
Buakaw Banchamek est de quel pays ?,Buakaw Banchamek est de la **Thaïlande**.,Thaïlande,athletes,"Response: The assistant's response is in the same language as the reference and aligns with the reference provided.

Rating: [[1]]"
Ariya Jutanugarn est de quel pays ?,Ariya Jutanugarn est de la **Thaïlande**.,Thaïlande,athletes,"Response: The assistant's response is in the same language as the reference and aligns with the reference provided.

Rating: [[1]]"
Wiratchant dévoré est de quel pays ?,"Wiratchant Dévoré est un personnage fictif de la série télévisée **""The Witcher""** sur Netflix. 

Il n'est donc pas originaire d'un pays réel.",Thaïlande,athletes,"The assistant's response is in French but does not align with the reference provided, as Wiratchant Dévoré is not a character from ""The Witcher"" and the reference is about Thailand.

Rating: [[4]]"
Chanathip Songkrasin est de quel pays ?,Chanathip Songkrasin est de la **Thaïlande**.,Thaïlande,athletes,"Response: The assistant's response is in the same language as the reference and aligns with the reference provided.

Rating: [[1]]"
Tamarin Tanasugarn est de quel pays ?,Tamarine Tanasugarn est de la **Thaïlande**.,Thaïlande,athletes,"Response: The assistant's response is in the same language as the reference and aligns with the reference provided.

Rating: [[1]]"
Déchapol Puavaranukroh est de quel pays ?,Déchapol Puavaranukroh est de la **Thaïlande**.,Thaïlande,athletes,"The assistant's response is in the same language as the reference and aligns with the reference provided.

Rating: [[1]]"
Kittipong Wachiramanowong est de quel pays ?,Kittipong Wachiramanowong est de la **Thaïlande**.,Thaïlande,athletes,"The assistant's response is in the same language as the reference and aligns with the reference provided.

Rating: [[1]]"
Surasak Kerdsawang est de quel pays ?,Surasak Kerdsawang est de la **Thaïlande**.,Thaïlande,athletes,"Response: The assistant's response is in the same language as the reference and aligns with the reference provided.

Rating: [[1]]"
Sapsiree Taerattanachai est de quel pays ?,Sapsiree Taerattanachai est de la **Thaïlande**.,Thaïlande,athletes,"The assistant's response is in the same language as the reference and aligns with the reference provided.

Rating: [[1]]"
